Data generated by UniMoG (http://http://bibiserv.cebitec.uni-bielefeld.de/dcj?id=dcj_unimog)

Input:

>simulated_k70_l25_19
 0 1 | 17 16 | 2 3 4 5 6 7 8 9 10 11 12 13 14 | 15 20 21 22 23 24 | 19 18 |
>simulated_k70_l25_20
 0 18 19 20 21 | 17 5 | 2 1 | 15 16 | 8 9 | 6 23 24 | 4 7 | 10 3 | 22 11 12 13 14 |
>simulated_k70_l25_26
 0 23 24 | 17 18 | 2 1 | 15 16 | 19 3 4 5 6 7 | 11 20 21 | 8 9 10 | 22 12 13 14 |
>simulated_k70_l25_28
 0 15 16 17 18 | 19 3 4 5 6 | 11 12 13 | 7 10 | 9 1 | 14 8 | 2 20 21 22 23 24 |
>simulated_k70_l25_32
 0 24 | 19 15 16 17 18 | 11 20 | 7 1 2 | 9 10 | 14 12 13 | 21 4 | 3 22 | 23 6 | 5 8 |
>simulated_k70_l25_36
 0 10 | 19 15 16 | 11 18 | 7 23 24 | 9 12 13 | 14 6 | 2 1 | 17 8 | 22 20 21 | 5 3 4 |
>simulated_k70_l25_44
 0 11 | 4 3 | 2 18 19 20 21 22 23 24 | 17 1 | 10 16 | 15 5 6 7 8 9 | 12 13 14 |
>simulated_k70_l25_49
 0 20 21 22 | 17 1 | 2 16 | 15 10 | 19 12 13 14 | 11 8 | 7 24 | 9 3 4 5 6 | 23 18 |
>simulated_k70_l25_50
 0 18 | 17 8 9 10 | 2 12 13 14 | 15 3 4 5 6 | 19 16 | 11 20 21 | 7 1 | 22 23 24 |
>simulated_k70_l25_52
 0 20 | 19 8 | 11 22 | 7 15 16 17 18 | 9 1 2 3 4 5 6 | 14 10 | 23 12 13 | 21 24 |
>simulated_k70_l25_54
 0 3 | 4 14 15 16 | 2 5 6 7 8 9 10 11 12 | 17 22 23 24 | 21 18 19 20 | 13 1 |
>simulated_k70_l25_57
 0 18 19 20 | 4 1 | 2 5 6 | 17 11 12 13 14 15 16 | 10 8 9 | 21 3 | 7 22 23 24 |
>simulated_k70_l25_58
 0 3 | 4 11 12 13 14 15 16 | 2 22 23 24 | 17 1 | 10 5 6 7 8 9 | 21 18 19 20 |
>simulated_k70_l25_60
 0 3 | 4 9 10 | 2 18 19 20 21 22 23 24 | 17 1 | 11 12 13 14 15 16 | 8 5 6 7 |
>simulated_k70_l25_62
 0 12 13 14 15 16 | 4 18 19 20 21 22 23 24 | 2 1 | 17 5 6 7 | 11 9 10 | 8 3 |
>simulated_k70_l25_64
 0 1 | 4 9 10 | 2 18 19 20 21 | 17 5 6 7 | 11 23 24 | 8 12 13 14 | 15 16 | 22 3 |
>simulated_k70_l25_65
 0 3 | 19 23 24 | 11 12 13 | 7 15 16 | 9 8 | 14 20 21 | 2 18 | 17 1 | 4 5 6 | 22 10 |
>simulated_k70_l25_66
 0 20 21 | 19 8 | 11 3 | 7 1 | 9 23 24 | 14 12 13 | 2 10 | 17 15 16 | 4 5 6 | 22 18 |
>simulated_k70_l25_68
 0 10 | 19 8 | 11 1 | 7 12 13 | 9 3 4 | 14 20 21 22 23 24 | 5 15 16 17 18 | 2 6 |
>simulated_k70_l25_70
 0 4 5 | 8 22 | 12 13 14 15 16 17 | 10 7 | 18 19 20 | 21 24 | 23 9 | 6 1 2 | 3 11 |
>simulated_k70_l25_74
 0 1 | 4 5 6 7 8 9 10 11 12 13 14 15 16 | 2 18 19 20 21 22 23 24 | 17 3 |
>simulated_k70_l25_76
 0 13 14 15 16 17 | 8 1 2 | 12 11 | 10 4 5 | 18 22 | 21 24 | 23 9 | 6 7 | 3 19 20 |
>simulated_k70_l25_80
 0 13 14 15 16 | 4 5 6 7 8 9 | 2 1 | 17 18 19 20 21 22 23 24 | 10 11 | 12 3 |
>simulated_k70_l25_81
 0 18 | 17 8 9 10 | 2 16 | 15 5 6 | 19 3 | 11 1 | 4 20 21 22 | 7 24 | 23 12 13 14 |
>simulated_k70_l25_82
 0 1 | 17 12 13 14 | 2 16 | 15 5 6 7 8 9 10 | 19 3 | 11 18 | 4 20 21 22 23 24 |
>simulated_k70_l25_84
 0 10 | 19 18 | 3 8 | 7 14 15 16 | 11 6 | 5 20 | 21 22 23 24 | 17 1 2 | 13 4 | 9 12 |
>simulated_k70_l25_88
 0 6 | 19 10 | 11 3 4 | 7 22 23 24 | 9 1 | 14 8 | 21 20 | 2 15 16 | 5 12 13 | 17 18 |
>simulated_k70_l25_89
 0 8 | 19 10 | 11 1 2 3 4 5 6 | 7 12 13 | 9 15 16 17 18 | 14 20 21 22 23 24 |
>simulated_k70_l25_90
 0 8 | 19 10 | 11 20 21 22 23 24 | 7 1 2 3 4 5 6 | 9 15 16 17 18 | 14 12 13 |
>simulated_k70_l25_91
 0 9 10 | 4 3 | 2 5 6 7 | 17 18 19 20 21 22 23 24 | 11 12 13 14 15 16 | 8 1 |
>simulated_k70_l25_92
 0 3 | 4 9 10 | 2 20 21 22 23 24 | 17 18 | 11 12 13 14 15 16 | 8 1 | 19 5 6 7 |
>simulated_k70_l25_94
 0 22 23 24 | 19 4 5 6 | 3 14 15 16 17 18 | 7 8 9 10 | 11 1 2 | 13 20 | 21 12 |
>simulated_k70_l25_95
 0 12 13 14 | 17 16 | 2 1 | 15 20 21 | 19 18 | 11 3 | 4 5 6 7 8 9 10 | 22 23 24 |
>simulated_k70_l25_96
 0 23 24 | 17 18 | 2 16 | 15 20 21 | 19 3 | 11 1 | 4 5 6 7 8 9 10 | 22 12 13 14 |
>simulated_k70_l25_98
 0 5 6 7 8 9 | 4 3 | 2 11 | 17 18 19 20 | 10 1 | 12 13 14 15 16 | 21 22 23 24 |
>simulated_k70_l25_99
 0 13 14 15 16 | 4 11 | 2 1 | 17 3 | 10 5 | 12 7 8 9 | 21 22 23 24 | 6 18 19 20 |
>simulated_k70_l25_100
 0 5 6 7 8 9 | 4 1 | 2 13 14 15 16 | 17 3 | 10 18 19 20 | 12 22 23 24 | 21 11 |
>simulated_k70_l25_102
 0 3 | 4 5 6 7 8 9 | 2 18 19 20 21 22 23 24 | 17 1 | 10 11 12 13 14 15 16 |
>simulated_k70_l25_104
 0 3 | 4 18 19 20 21 22 23 24 | 2 1 | 17 5 6 7 8 9 10 11 12 13 14 15 16 |
>simulated_k70_l25_105
 0 23 24 | 19 17 18 | 3 12 13 | 7 20 21 | 11 8 | 16 1 2 | 5 10 | 9 4 | 22 6 | 14 15 |
>simulated_k70_l25_106
 0 23 24 | 19 20 21 | 3 12 13 14 15 | 7 17 18 | 11 8 | 16 4 | 5 10 | 9 1 2 | 22 6 |
>simulated_k70_l25_107
 0 3 | 4 5 6 7 8 9 10 11 12 13 14 15 16 | 2 18 19 20 21 22 23 24 | 17 1 |
>simulated_k70_l25_108
 0 3 | 4 18 19 20 21 22 23 24 | 2 5 6 7 8 9 10 11 12 13 14 15 16 | 17 1 |
>simulated_k70_l25_109
 0 11 | 8 9 | 12 19 20 | 10 4 5 | 18 22 | 21 13 14 15 | 23 24 | 6 1 2 | 3 7 | 16 17 |
>simulated_k70_l25_110
 0 13 14 15 16 17 | 8 9 | 12 4 5 | 10 22 | 18 11 | 21 19 20 | 23 24 | 6 1 2 | 3 7 |
>simulated_k70_l25_111
 0 7 | 4 18 | 2 9 10 | 17 3 | 11 12 | 8 5 | 6 1 | 13 14 15 16 | 19 20 21 22 23 24 |
>simulated_k70_l25_112
 0 18 19 20 21 22 23 24 | 4 7 | 2 9 10 | 17 3 | 11 12 13 14 15 16 | 8 5 | 6 1 |
>simulated_k70_l25_113
 0 15 16 | 19 12 13 | 11 8 | 7 18 | 9 20 | 14 1 | 2 5 6 | 17 3 | 21 22 23 24 | 4 10 |
>simulated_k70_l25_114
 0 15 16 | 19 12 13 | 11 8 | 7 1 | 9 20 | 14 10 | 2 18 | 17 3 | 21 5 6 | 4 22 23 24 |
>simulated_k70_l25_115
 0 9 | 8 13 14 15 | 12 17 | 10 24 | 18 11 | 21 22 | 23 19 20 | 6 7 | 3 1 2 | 16 4 5 |
>simulated_k70_l25_116
 0 11 | 8 13 14 15 | 12 9 | 10 4 5 | 18 24 | 21 22 | 23 19 20 | 6 1 2 | 3 7 | 16 17 |
>simulated_k70_l25_117
 0 18 19 20 21 22 23 24 | 4 5 | 2 11 12 13 14 15 16 | 17 1 | 10 3 | 6 7 8 9 |
>simulated_k70_l25_118
 0 11 12 13 14 15 16 | 4 1 | 2 20 | 17 5 6 7 8 9 | 10 3 | 19 18 | 21 22 23 24 |
>simulated_k70_l25_120
 0 3 | 4 14 15 16 | 2 1 | 17 5 6 7 | 11 12 | 8 18 19 20 21 22 23 24 | 13 9 10 |
>simulated_k70_l25_121
 0 18 19 20 21 22 23 24 | 4 3 | 2 5 6 7 | 17 1 | 11 9 10 | 8 12 13 | 14 15 16 |
>simulated_k70_l25_122
 0 18 19 20 21 22 23 24 | 4 3 | 2 1 | 17 9 10 | 11 15 16 | 8 5 6 7 | 14 12 13 |
>simulated_k70_l25_124
 0 5 6 7 | 4 9 10 | 2 12 13 14 15 16 | 17 1 | 11 21 22 23 24 | 8 18 19 | 20 3 |
>simulated_k70_l25_125
 0 8 9 10 | 19 20 | 3 14 15 16 17 18 | 7 4 5 6 | 11 22 23 24 | 13 1 2 | 21 12 |
>simulated_k70_l25_126
 0 8 9 10 | 19 20 | 3 14 15 16 17 18 | 7 4 5 6 | 11 22 23 24 | 13 1 2 | 21 12 |
>simulated_k70_l25_128
 0 10 | 19 16 17 18 | 3 1 2 | 7 24 | 11 12 13 14 | 15 20 21 22 | 9 8 | 23 4 5 6 |
>simulated_k70_l25_129
 0 5 6 7 8 9 | 4 1 | 2 18 19 20 21 22 23 24 | 17 11 12 13 14 15 16 | 10 3 |
>simulated_k70_l25_130
 0 11 12 13 14 15 16 | 4 3 | 2 5 6 7 8 9 | 17 18 19 20 | 10 1 | 21 22 23 24 |
>simulated_k70_l25_131
 0 5 6 7 | 4 9 10 | 2 3 | 17 1 | 11 12 13 14 15 16 | 8 18 19 20 21 22 23 24 |
>simulated_k70_l25_132
 0 5 6 7 | 4 9 10 | 2 3 | 17 1 | 11 12 13 14 15 16 | 8 18 19 20 21 22 23 24 |
>simulated_k70_l25_133
 0 6 | 19 1 | 11 20 | 7 12 13 | 9 10 | 14 3 4 | 21 8 | 2 15 16 17 18 | 5 22 23 24 |
>simulated_k70_l25_134
 0 6 | 19 1 | 11 20 | 7 12 13 | 9 10 | 14 3 4 | 21 8 | 2 15 16 17 18 | 5 22 23 24 |
>simulated_k70_l25_135
 0 10 | 19 16 | 3 1 2 | 7 24 | 11 12 13 14 | 15 20 21 22 | 9 8 | 23 4 5 6 | 17 18 |
>simulated_k70_l25_136
 0 10 | 19 16 | 3 1 2 | 7 24 | 11 12 13 14 | 15 20 21 22 | 9 8 | 23 4 5 6 | 17 18 |
>simulated_k70_l25_137
 0 12 | 19 1 2 | 3 4 | 7 14 15 16 | 11 18 | 5 22 | 21 6 | 17 10 | 13 8 | 9 20 | 23 24 |
>simulated_k70_l25_138
 0 12 | 19 1 2 | 3 4 | 7 18 | 11 14 15 16 | 5 22 23 24 | 21 6 | 17 10 | 13 8 | 9 20 |
>MST_1
 10 9 8 7 6 5 4 3 | 12 23 24 |
>MST_2
 24 23 22 21 20 19 18 0 3 |
>MST_3
 11 12 13 14 15 16 17 18 0 3 | 4 23 24 |
>MST_4
 2 1 17 18 0 3 | 9 23 24 |
>MST_5
 5 22 | 9 23 24 |
>MST_6
 5 22 | 1 13 | 9 23 24 |
>MST_7
 15 16 | 5 22 | 1 13 | 19 23 24 |
>MST_8
 15 16 | 12 13 8 | 5 22 | 19 23 24 | 4 20 |
>MST_9
 12 13 8 | 10 5 15 16 | 0 20 4 | 19 23 24 |
>MST_10
 10 5 15 16 | 14 20 0 23 24 | 3 12 13 8 |
>MST_11
 15 16 | 10 5 8 | 2 20 0 23 24 | 3 12 13 1 |
>MST_12
 15 16 | 10 5 8 | 2 20 14 12 13 0 23 24 |
>MST_13
 15 16 | 8 5 6 | 2 20 14 12 13 0 23 24 | 10 19 |
>MST_14
 22 23 24 | 8 5 6 | 9 20 15 16 | 10 19 | 7 14 12 13 0 |
>MST_15
 3 14 12 13 0 | 9 20 15 16 | 10 19 8 5 6 | 4 22 23 24 |
>MST_16
 0 5 6 | 9 20 15 16 19 8 | 18 22 23 24 | 17 12 13 14 3 |
>MST_17
 0 5 6 21 12 13 14 3 | 11 22 23 24 | 9 20 15 16 19 8 |
>MST_18
 11 20 21 12 13 14 3 | 0 5 6 | 2 15 16 19 1 | 7 18 22 23 24 |
>MST_19
 11 20 21 12 13 14 3 | 0 5 6 | 2 15 16 19 1 | 7 18 22 23 24 |
>MST_20
 22 23 24 | 17 5 6 0 | 11 20 21 4 18 8 | 1 19 12 13 14 15 16 |
>MST_21
 17 5 6 0 | 11 20 21 22 23 24 | 4 18 8 | 1 19 12 13 14 15 16 |
>MST_22
 17 5 6 1 | 11 20 21 22 23 24 | 3 19 12 13 14 15 16 | 4 18 8 |
>MST_23
 4 9 2 5 6 1 8 18 11 20 21 22 23 24 | 3 19 12 13 14 15 16 |
>MST_24
 2 5 6 1 8 | 4 9 12 13 14 15 16 | 3 19 20 21 22 23 24 | 0 18 11 |
>MST_25
 2 5 6 1 4 9 12 13 14 15 16 | 3 19 20 21 22 23 24 | 0 18 11 |
>MST_26
 2 5 6 1 4 9 12 13 14 15 16 | 3 19 20 21 22 23 24 | 0 18 11 |
>MST_27
 8 9 4 | 2 5 6 1 7 12 13 14 15 16 | 3 19 20 21 22 23 24 | 0 18 11 |
>MST_28
 2 5 6 7 1 8 9 4 | 0 18 19 20 21 22 23 24 | 3 12 13 14 15 16 |
>MST_29
 8 9 4 1 17 5 6 7 12 13 14 15 16 | 2 18 19 20 21 22 23 24 |
>MST_30
 8 9 10 | 17 1 2 18 19 20 21 22 23 24 | 0 5 6 7 12 13 14 15 16 |
>MST_31
 8 9 10 | 17 1 2 18 19 20 21 22 23 24 | 0 5 6 7 12 13 14 15 16 |
>MST_32
 8 9 10 | 4 5 6 7 12 13 14 15 16 | 17 1 2 18 19 20 21 22 23 24 |
>MST_33
 8 9 10 | 4 5 6 7 | 11 12 13 14 15 16 | 17 1 2 18 19 20 21 22 23 24 |
>MST_34
 11 12 13 14 15 16 4 5 6 7 0 | 17 1 2 18 19 20 21 22 23 24 | 3 8 9 10 |
>MST_35
 8 9 10 | 11 12 13 14 15 16 4 5 6 7 3 17 1 2 18 19 20 21 22 23 24 |
>MST_36
 11 12 13 14 15 16 | 0 8 9 10 4 5 6 7 3 17 1 2 18 19 20 21 22 23 24 |
>MST_37
 11 12 13 14 15 16 | 0 8 9 10 4 5 6 7 3 17 1 2 18 19 20 21 22 23 24 |
>MST_38
 11 12 13 14 15 16 | 3 17 18 19 20 21 22 23 24 | 0 8 9 10 4 5 6 7 1 2 |
>MST_39
 11 12 13 14 15 16 | 3 17 18 19 20 21 22 23 24 | 0 8 9 10 4 5 6 7 1 2 |
>MST_40
 1 2 | 11 12 13 14 15 16 | 17 18 19 20 21 22 23 24 | 3 4 5 6 7 8 9 10 |
>MST_41
 1 2 | 11 12 13 14 15 16 | 3 4 5 6 7 8 9 10 17 18 19 20 21 22 23 24 |
>MST_42
 1 2 | 11 12 13 14 15 16 17 18 19 20 21 22 23 24 | 3 4 5 6 7 8 9 10 |
>MST_43
 1 2 | 11 12 13 14 15 16 17 18 19 20 21 22 23 24 | 3 4 5 6 7 8 9 10 |
>MST_44
 1 2 | 11 12 13 14 15 16 17 18 19 20 21 22 23 24 | 3 4 5 6 7 8 9 10 |
>MST_45
 1 2 | 11 12 13 14 15 16 17 18 19 20 21 22 23 24 | 3 4 5 6 7 8 9 10 |
>MST_46
 1 2 | 11 12 13 14 15 16 17 18 19 20 21 22 23 24 | 3 4 5 6 7 8 9 10 0 |
>MST_47
 1 2 3 4 5 6 7 8 9 10 0 11 12 13 14 15 16 17 18 19 20 21 22 23 24 |
>MST_48
 1 2 3 4 5 6 7 8 9 10 0 11 12 13 14 15 16 17 18 19 20 21 22 23 24 |
>MST_49
 1 2 3 4 5 6 7 8 9 10 0 11 12 13 14 15 16 17 18 19 20 21 22 23 24 |
>MST_50
 1 2 3 4 5 6 7 8 9 10 0 11 12 13 14 15 16 17 18 19 20 21 22 23 24 |
>MST_51
 1 2 3 4 5 6 7 8 9 10 0 11 12 13 14 15 16 17 18 19 20 21 22 23 24 |
>MST_52
 1 2 3 4 5 6 7 8 9 10 11 12 13 14 15 16 17 18 19 20 21 22 23 24 |
>MST_53
 1 2 | 0 3 4 5 6 7 8 9 10 11 12 13 14 15 16 17 18 19 20 21 22 23 24 |
>MST_54
 1 2 | 0 3 4 5 6 7 8 9 10 11 12 13 14 15 16 17 18 19 20 21 22 23 24 |
>MST_55
 1 2 | 0 3 4 5 6 7 8 9 10 11 12 13 14 15 16 17 18 19 20 21 22 23 24 |
>MST_56
 1 2 | 0 3 4 5 6 7 8 9 10 11 12 13 14 15 16 17 18 19 20 21 22 23 24 |
>MST_57
 1 2 | 0 3 4 5 6 7 8 9 10 11 12 13 14 15 16 17 18 19 20 21 22 23 24 |
>MST_58
 1 2 | 0 3 4 5 6 7 8 9 10 11 12 13 14 15 16 17 18 19 20 21 22 23 24 |
>MST_59
 1 2 | 0 3 4 5 6 7 8 9 10 11 12 13 14 15 16 17 18 19 20 21 22 23 24 |
>MST_60
 8 14 7 10 18 | 15 19 | 9 3 22 2 12 17 | 5 21 11 4 23 6 |
>MST_61
 15 19 | 2 12 8 14 4 23 6 | 18 21 11 17 | 0 9 3 22 7 10 1 |
>MST_62
 18 21 6 22 7 15 9 0 24 | 1 10 14 4 11 17 | 20 3 8 12 23 |
>MST_63
 20 22 17 7 23 18 | 6 14 | 15 10 16 | 21 3 5 19 4 12 | 2 13 9 |
>MST_64
 11 23 | 15 17 19 | 8 22 0 4 13 21 | 12 5 20 7 | 18 6 2 10 24 | 14 1 16 |
>SEQ_0
 4 23 24 |
>SEQ_1
 4 23 24 |
>SEQ_2
 9 23 24 |
>SEQ_3
 5 22 | 1 13 | 9 23 24 |
>SEQ_4
 5 22 | 1 13 | 9 23 24 |
>SEQ_5
 15 16 | 5 22 | 1 13 | 19 23 24 |
>SEQ_6
 12 13 8 | 5 22 | 0 15 16 | 19 23 24 |
>SEQ_7
 12 13 8 | 10 5 15 16 | 0 20 4 | 19 23 24 |
>SEQ_8
 10 5 15 16 | 14 20 0 23 24 | 3 12 13 8 |
>SEQ_9
 10 5 15 16 | 2 20 0 23 24 | 3 12 13 8 |
>SEQ_10
 10 5 15 16 | 2 20 14 12 13 0 23 24 |
>SEQ_11
 15 16 | 8 5 6 | 2 20 14 12 13 0 23 24 |
>SEQ_12
 22 23 24 | 9 20 15 16 | 10 19 8 5 6 | 7 14 12 13 0 |
>SEQ_13
 3 14 12 13 0 | 9 20 15 16 | 18 22 23 24 | 10 19 8 5 6 |
>SEQ_14
 12 13 14 3 | 22 23 24 | 9 20 15 16 19 10 | 7 18 8 5 6 |
>SEQ_15
 0 5 6 | 11 22 23 24 | 9 20 15 16 19 8 18 7 | 4 21 12 13 14 3 |
>SEQ_16
 11 20 21 12 13 14 3 | 0 5 6 | 8 18 22 23 24 | 2 15 16 19 1 |
>SEQ_17
 22 23 24 | 11 20 21 12 13 14 3 | 0 5 6 | 4 18 8 | 2 15 16 19 1 |
>SEQ_18
 11 20 21 8 5 6 0 18 4 22 23 24 | 1 19 12 13 14 15 16 |
>SEQ_19
 11 20 21 22 23 24 | 1 19 12 13 14 15 16 | 9 17 5 6 0 18 4 |
>SEQ_20
 0 18 4 | 17 5 6 1 | 3 19 12 13 14 15 16 | 2 9 11 20 21 22 23 24 |
>SEQ_21
 0 18 11 20 21 22 23 24 | 4 9 2 5 6 1 | 3 19 12 13 14 15 16 |
>SEQ_22
 0 18 11 | 2 5 6 1 8 | 4 9 12 13 14 15 16 | 3 19 20 21 22 23 24 |
>SEQ_23
 0 18 11 | 2 5 6 1 8 | 4 9 12 13 14 15 16 | 3 19 20 21 22 23 24 |
>SEQ_24
 0 18 11 | 2 5 6 1 4 9 12 13 14 15 16 | 3 19 20 21 22 23 24 |
>SEQ_25
 0 18 11 | 2 5 6 1 8 9 4 | 3 19 20 21 22 23 24 | 17 12 13 14 15 16 |
>SEQ_26
 8 9 4 1 17 5 6 7 12 13 14 15 16 | 2 18 19 20 21 22 23 24 |
>SEQ_27
 8 9 4 1 17 5 6 7 12 13 14 15 16 | 2 18 19 20 21 22 23 24 |
>SEQ_28
 8 9 10 | 17 1 2 18 19 20 21 22 23 24 | 0 5 6 7 12 13 14 15 16 |
>SEQ_29
 8 9 10 | 17 1 2 18 19 20 21 22 23 24 | 0 5 6 7 12 13 14 15 16 |
>SEQ_30
 8 9 10 | 4 5 6 7 12 13 14 15 16 | 17 1 2 18 19 20 21 22 23 24 |
>SEQ_31
 8 9 10 | 4 5 6 7 0 | 11 12 13 14 15 16 | 17 1 2 18 19 20 21 22 23 24 |
>SEQ_32
 11 12 13 14 15 16 4 5 6 7 3 8 9 10 | 17 1 2 18 19 20 21 22 23 24 |
>SEQ_33
 8 9 10 | 11 12 13 14 15 16 4 5 6 7 3 17 1 2 18 19 20 21 22 23 24 |
>SEQ_34
 11 12 13 14 15 16 | 0 8 9 10 4 5 6 7 3 17 1 2 18 19 20 21 22 23 24 |
>SEQ_35
 11 12 13 14 15 16 | 3 17 18 19 20 21 22 23 24 | 0 8 9 10 4 5 6 7 1 2 |
>SEQ_36
 11 12 13 14 15 16 | 3 17 18 19 20 21 22 23 24 | 0 8 9 10 4 5 6 7 1 2 |
>SEQ_37
 11 12 13 14 15 16 | 3 17 18 19 20 21 22 23 24 | 0 8 9 10 4 5 6 7 1 2 |
>SEQ_38
 1 2 | 11 12 13 14 15 16 | 17 18 19 20 21 22 23 24 | 3 4 5 6 7 8 9 10 |
>SEQ_39
 1 2 | 11 12 13 14 15 16 | 3 4 5 6 7 8 9 10 17 18 19 20 21 22 23 24 |
>SEQ_40
 1 2 | 11 12 13 14 15 16 17 18 19 20 21 22 23 24 | 3 4 5 6 7 8 9 10 |
>SEQ_41
 1 2 | 11 12 13 14 15 16 17 18 19 20 21 22 23 24 | 3 4 5 6 7 8 9 10 |
>SEQ_42
 1 2 | 11 12 13 14 15 16 17 18 19 20 21 22 23 24 | 3 4 5 6 7 8 9 10 |
>SEQ_43
 1 2 3 4 5 6 7 8 9 10 | 11 12 13 14 15 16 17 18 19 20 21 22 23 24 |
>SEQ_44
 1 2 3 4 5 6 7 8 9 10 | 11 12 13 14 15 16 17 18 19 20 21 22 23 24 |
>SEQ_45
 1 2 3 4 5 6 7 8 9 10 0 | 11 12 13 14 15 16 17 18 19 20 21 22 23 24 |
>SEQ_46
 1 2 3 4 5 6 7 8 9 10 0 11 12 13 14 15 16 17 18 19 20 21 22 23 24 |
>SEQ_47
 1 2 3 4 5 6 7 8 9 10 0 11 12 13 14 15 16 17 18 19 20 21 22 23 24 |
>SEQ_48
 1 2 3 4 5 6 7 8 9 10 0 11 12 13 14 15 16 17 18 19 20 21 22 23 24 |
>SEQ_49
 1 2 | 11 12 13 14 15 16 17 18 19 20 21 22 23 24 | 0 3 4 5 6 7 8 9 10 |
>SEQ_50
 1 2 11 12 13 14 15 16 17 18 19 20 21 22 23 24 | 0 3 4 5 6 7 8 9 10 |
>SEQ_51
 1 2 | 0 3 4 5 6 7 8 9 10 11 12 13 14 15 16 17 18 19 20 21 22 23 24 |
>SEQ_52
 1 2 | 0 3 4 5 6 7 8 9 10 11 12 13 14 15 16 17 18 19 20 21 22 23 24 |
>SEQ_53
 1 2 | 0 3 4 5 6 7 8 9 10 11 12 13 14 15 16 17 18 19 20 21 22 23 24 |
>SEQ_54
 1 2 | 0 3 4 5 6 7 8 9 10 11 12 13 14 15 16 17 18 19 20 21 22 23 24 |
>SEQ_55
 1 2 | 0 3 4 5 6 7 8 9 10 11 12 13 14 15 16 17 18 19 20 21 22 23 24 |
>SEQ_56
 1 2 | 0 3 4 5 6 7 8 9 10 11 12 13 14 15 16 17 18 19 20 21 22 23 24 |
>SEQ_57
 1 2 | 0 3 4 5 6 7 8 9 10 11 12 13 14 15 16 17 18 19 20 21 22 23 24 |
>SEQ_58
 1 2 | 0 3 4 5 6 7 8 9 10 11 12 13 14 15 16 17 18 19 20 21 22 23 24 |
>SEQ_59
 8 14 7 10 18 | 15 19 | 20 4 23 6 | 5 21 11 9 3 22 2 12 17 |
>SEQ_60
 15 19 | 2 12 8 14 4 11 17 | 18 21 6 23 | 0 9 3 22 7 10 1 |
>SEQ_61
 18 21 6 22 7 15 9 0 24 | 1 10 14 4 11 17 | 20 3 8 12 23 |
>SEQ_62
 20 22 17 7 23 18 | 6 14 | 15 10 16 | 21 3 5 19 4 12 | 2 13 9 |
>SEQ_63
 11 23 | 15 17 19 | 8 22 0 4 13 21 | 12 5 20 7 | 18 6 2 10 24 | 14 1 16 |

Output:


DCJ-indel distance comparisons:
___________________________________________________________________________________________________________________________________________________________________________________________________________________________________________________________________________________________________________________________________________________________________________________________________________________________________________________________________________________________________________________________________________________________________________________________________________________________________________________________________________________________________________________________________________________________________________________________________________________________________________________________________________________________________________________________________________________________________________________________________________________________________________________________________________________________________________________________________________________________________________________________________________________________________________________________________________________________________________________________________________________________________________________________________________________________________________________________________________________________________________________________________________________________________________________________________________________________________________________________________________________________________________________________________________________________________________________________________________________________________________________________________________________________________________________________________________________________________________________________________________________________________________________________________________________________________________________________________________________________________________________________________________________________________________________________________________________________________________________________________________________________________________________________________________________________________________________________________________________________________________________________________________________________________________________________________________________________________________________________________________________________________________________________________________________________________________________________________________________________________________________________________________________________________________________
|                        | simulated_k70_l25_19 | simulated_k70_l25_20 | simulated_k70_l25_26 | simulated_k70_l25_28 | simulated_k70_l25_32 | simulated_k70_l25_36 | simulated_k70_l25_44 | simulated_k70_l25_49 | simulated_k70_l25_50 | simulated_k70_l25_52 | simulated_k70_l25_54 | simulated_k70_l25_57 | simulated_k70_l25_58 | simulated_k70_l25_60 | simulated_k70_l25_62 | simulated_k70_l25_64 | simulated_k70_l25_65 | simulated_k70_l25_66 | simulated_k70_l25_68 | simulated_k70_l25_70 | simulated_k70_l25_74 | simulated_k70_l25_76 | simulated_k70_l25_80 | simulated_k70_l25_81 | simulated_k70_l25_82 | simulated_k70_l25_84 | simulated_k70_l25_88 | simulated_k70_l25_89 | simulated_k70_l25_90 | simulated_k70_l25_91 | simulated_k70_l25_92 | simulated_k70_l25_94 | simulated_k70_l25_95 | simulated_k70_l25_96 | simulated_k70_l25_98 | simulated_k70_l25_99 | simulated_k70_l25_100 | simulated_k70_l25_102 | simulated_k70_l25_104 | simulated_k70_l25_105 | simulated_k70_l25_106 | simulated_k70_l25_107 | simulated_k70_l25_108 | simulated_k70_l25_109 | simulated_k70_l25_110 | simulated_k70_l25_111 | simulated_k70_l25_112 | simulated_k70_l25_113 | simulated_k70_l25_114 | simulated_k70_l25_115 | simulated_k70_l25_116 | simulated_k70_l25_117 | simulated_k70_l25_118 | simulated_k70_l25_120 | simulated_k70_l25_121 | simulated_k70_l25_122 | simulated_k70_l25_124 | simulated_k70_l25_125 | simulated_k70_l25_126 | simulated_k70_l25_128 | simulated_k70_l25_129 | simulated_k70_l25_130 | simulated_k70_l25_131 | simulated_k70_l25_132 | simulated_k70_l25_133 | simulated_k70_l25_134 | simulated_k70_l25_135 | simulated_k70_l25_136 | simulated_k70_l25_137 | simulated_k70_l25_138 | MST_1 | MST_2 | MST_3 | MST_4 | MST_5 | MST_6 | MST_7 | MST_8 | MST_9 | MST_10 | MST_11 | MST_12 | MST_13 | MST_14 | MST_15 | MST_16 | MST_17 | MST_18 | MST_19 | MST_20 | MST_21 | MST_22 | MST_23 | MST_24 | MST_25 | MST_26 | MST_27 | MST_28 | MST_29 | MST_30 | MST_31 | MST_32 | MST_33 | MST_34 | MST_35 | MST_36 | MST_37 | MST_38 | MST_39 | MST_40 | MST_41 | MST_42 | MST_43 | MST_44 | MST_45 | MST_46 | MST_47 | MST_48 | MST_49 | MST_50 | MST_51 | MST_52 | MST_53 | MST_54 | MST_55 | MST_56 | MST_57 | MST_58 | MST_59 | MST_60 | MST_61 | MST_62 | MST_63 | MST_64 | SEQ_0 | SEQ_1 | SEQ_2 | SEQ_3 | SEQ_4 | SEQ_5 | SEQ_6 | SEQ_7 | SEQ_8 | SEQ_9 | SEQ_10 | SEQ_11 | SEQ_12 | SEQ_13 | SEQ_14 | SEQ_15 | SEQ_16 | SEQ_17 | SEQ_18 | SEQ_19 | SEQ_20 | SEQ_21 | SEQ_22 | SEQ_23 | SEQ_24 | SEQ_25 | SEQ_26 | SEQ_27 | SEQ_28 | SEQ_29 | SEQ_30 | SEQ_31 | SEQ_32 | SEQ_33 | SEQ_34 | SEQ_35 | SEQ_36 | SEQ_37 | SEQ_38 | SEQ_39 | SEQ_40 | SEQ_41 | SEQ_42 | SEQ_43 | SEQ_44 | SEQ_45 | SEQ_46 | SEQ_47 | SEQ_48 | SEQ_49 | SEQ_50 | SEQ_51 | SEQ_52 | SEQ_53 | SEQ_54 | SEQ_55 | SEQ_56 | SEQ_57 | SEQ_58 | SEQ_59 | SEQ_60 | SEQ_61 | SEQ_62 | SEQ_63 | 
| simulated_k70_l25_19   |                    0 |                   14 |                    9 |                   12 |                   19 |                   16 |                    9 |                   11 |                    8 |                   17 |                   11 |                   14 |                   11 |                   10 |                   11 |                   12 |                   15 |                   16 |                   16 |                   19 |                    6 |                   21 |                    9 |                   11 |                    6 |                   16 |                   17 |                   13 |                   13 |                    9 |                   10 |                   14 |                    5 |                    7 |                   11 |                   14 |                    13 |                     8 |                     7 |                    19 |                    18 |                     7 |                     8 |                    19 |                    19 |                    12 |                    13 |                    14 |                    16 |                    20 |                    19 |                     9 |                     9 |                    12 |                    11 |                    13 |                    13 |                    14 |                    14 |                    12 |                     9 |                     9 |                    10 |                    10 |                    16 |                    16 |                    11 |                    11 |                    16 |                    16 |    14 |    11 |    10 |     8 |     8 |    10 |     9 |    11 |    12 |     14 |     12 |     12 |     13 |     15 |     16 |     14 |     14 |     13 |     13 |     13 |     12 |     11 |     15 |     14 |     13 |     13 |     15 |     12 |     11 |     11 |     11 |     11 |     10 |     12 |     12 |     10 |     10 |      9 |      9 |      8 |      8 |      9 |      9 |      9 |      9 |      9 |      8 |      8 |      8 |      8 |      8 |      7 |      8 |      8 |      8 |      8 |      8 |      8 |      8 |     20 |     21 |     21 |     19 |     20 |     6 |     6 |     6 |    10 |    10 |     9 |    10 |    12 |    14 |    13 |     12 |     11 |     16 |     17 |     16 |     16 |     14 |     14 |     14 |     14 |     13 |     13 |     14 |     14 |     13 |     14 |     11 |     11 |     11 |     11 |     11 |     11 |     12 |     12 |     10 |      9 |      9 |      9 |      8 |      8 |      9 |      9 |      9 |      8 |      8 |      8 |      8 |      8 |      8 |      9 |      9 |      8 |      8 |      8 |      8 |      8 |      8 |      8 |      8 |     20 |     20 |     21 |     19 |     20 |
| simulated_k70_l25_20   |                    - |                    0 |                   11 |                   17 |                   21 |                   14 |                   11 |                   17 |                   13 |                   21 |                   15 |                   11 |                   11 |                   12 |                   11 |                    8 |                   14 |                   14 |                   18 |                   15 |                   10 |                   17 |                   11 |                   15 |                   14 |                   21 |                   18 |                   19 |                   19 |                   11 |                   14 |                   20 |                   13 |                   13 |                   11 |                   10 |                    13 |                    10 |                     9 |                    19 |                    17 |                    11 |                    10 |                    16 |                    14 |                    12 |                     9 |                    17 |                    17 |                    18 |                    16 |                     7 |                    11 |                    12 |                    11 |                    11 |                    15 |                    19 |                    19 |                    17 |                     9 |                    11 |                    12 |                    12 |                    19 |                    19 |                    16 |                    16 |                    19 |                    20 |    12 |    16 |    12 |    12 |    11 |    13 |    12 |    13 |    14 |     14 |     13 |     13 |     14 |     15 |     17 |     16 |     16 |     16 |     16 |     13 |     13 |     13 |     16 |     14 |     14 |     14 |     13 |     13 |     12 |     12 |     12 |     13 |     12 |     15 |     14 |     14 |     14 |     13 |     13 |     14 |     14 |     15 |     15 |     15 |     15 |     15 |     14 |     14 |     14 |     14 |     14 |     15 |     14 |     14 |     14 |     14 |     14 |     14 |     14 |     22 |     20 |     21 |     19 |     19 |     9 |     9 |    10 |    13 |    13 |    12 |    13 |    14 |    14 |    14 |     13 |     13 |     16 |     17 |     16 |     17 |     15 |     15 |     14 |     13 |     13 |     14 |     14 |     14 |     14 |     13 |     12 |     12 |     12 |     12 |     13 |     13 |     14 |     14 |     14 |     13 |     13 |     13 |     14 |     14 |     15 |     15 |     15 |     15 |     15 |     15 |     14 |     14 |     14 |     15 |     15 |     14 |     14 |     14 |     14 |     14 |     14 |     14 |     14 |     22 |     18 |     21 |     19 |     19 |
| simulated_k70_l25_26   |                    - |                    - |                    0 |                   12 |                   15 |                   13 |                   12 |                   12 |                    7 |                   15 |                   14 |                   15 |                   14 |                    9 |                    8 |                    9 |                   11 |                   13 |                   15 |                   18 |                   11 |                   18 |                   12 |                   10 |                    9 |                   17 |                   14 |                   14 |                   13 |                   10 |                    9 |                   15 |                    6 |                    4 |                   14 |                   17 |                    15 |                    11 |                    10 |                    14 |                    14 |                    10 |                    11 |                    18 |                    18 |                    13 |                    12 |                    16 |                    16 |                    19 |                    19 |                    14 |                    14 |                    11 |                    12 |                    12 |                    12 |                    14 |                    14 |                    14 |                    14 |                    14 |                    11 |                    11 |                    14 |                    14 |                    13 |                    13 |                    17 |                    17 |    15 |    15 |    11 |    10 |    11 |    13 |    11 |    13 |    13 |     14 |     13 |     13 |     12 |     14 |     15 |     15 |     16 |     13 |     13 |     12 |     12 |     11 |     15 |     15 |     15 |     15 |     15 |     13 |     12 |     10 |     10 |     10 |      9 |     12 |     12 |     12 |     12 |     11 |     11 |     10 |     11 |     11 |     11 |     11 |     11 |     12 |     12 |     12 |     12 |     12 |     12 |     12 |     11 |     11 |     11 |     11 |     11 |     11 |     11 |     20 |     20 |     23 |     19 |     18 |     9 |     9 |     9 |    13 |    13 |    11 |    12 |    13 |    14 |    14 |     13 |     11 |     15 |     16 |     16 |     16 |     12 |     13 |     14 |     15 |     14 |     14 |     15 |     15 |     15 |     14 |     12 |     12 |     10 |     10 |     10 |     11 |     12 |     12 |     12 |     11 |     11 |     11 |     10 |     11 |     11 |     11 |     11 |     11 |     11 |     12 |     12 |     12 |     12 |     10 |     10 |     11 |     11 |     11 |     11 |     11 |     11 |     11 |     11 |     21 |     22 |     23 |     19 |     18 |
| simulated_k70_l25_28   |                    - |                    - |                    - |                    0 |                   13 |                   12 |                   16 |                   13 |                   10 |                    9 |                   17 |                   16 |                   17 |                   14 |                   13 |                   17 |                    9 |                   10 |                    8 |                   19 |                   12 |                   20 |                   15 |                   13 |                   12 |                   16 |                    9 |                    7 |                    7 |                   11 |                   10 |                   12 |                   15 |                   13 |                   15 |                   18 |                    19 |                    14 |                    13 |                    15 |                    14 |                    13 |                    14 |                    20 |                    19 |                    14 |                    14 |                    10 |                    10 |                    21 |                    20 |                    15 |                    13 |                    15 |                    13 |                    13 |                    15 |                    12 |                    12 |                    12 |                    15 |                    13 |                    12 |                    12 |                    10 |                    10 |                    13 |                    13 |                    16 |                    14 |    14 |    14 |    10 |    10 |     9 |    10 |    11 |    13 |    12 |     14 |     13 |     12 |     12 |     12 |     14 |     12 |     12 |     13 |     13 |     13 |     12 |     13 |     15 |     13 |     13 |     13 |     16 |     15 |     14 |     14 |     14 |     14 |     14 |     14 |     12 |     12 |     12 |     11 |     11 |     12 |     12 |     11 |     11 |     11 |     11 |     12 |     11 |     11 |     11 |     11 |     11 |     11 |     12 |     12 |     12 |     12 |     12 |     12 |     12 |     18 |     19 |     22 |     21 |     19 |     8 |     8 |     7 |    10 |    10 |    11 |    10 |    12 |    14 |    13 |     12 |     11 |     12 |     15 |     14 |     13 |     14 |     14 |     15 |     14 |     14 |     13 |     13 |     13 |     13 |     15 |     14 |     14 |     14 |     14 |     14 |     14 |     13 |     12 |     12 |     11 |     11 |     11 |     12 |     12 |     11 |     11 |     11 |     10 |     10 |     11 |     11 |     11 |     11 |     11 |     11 |     12 |     12 |     12 |     12 |     12 |     12 |     12 |     12 |     19 |     19 |     22 |     21 |     19 |
| simulated_k70_l25_32   |                    - |                    - |                    - |                    - |                    0 |                   14 |                   23 |                   16 |                   15 |                   10 |                   20 |                   18 |                   19 |                   18 |                   19 |                   19 |                   16 |                   15 |                   11 |                   15 |                   19 |                   17 |                   22 |                   17 |                   18 |                   15 |                   12 |                   10 |                    8 |                   17 |                   17 |                   13 |                   19 |                   18 |                   20 |                   21 |                    21 |                    21 |                    20 |                    14 |                    15 |                    20 |                    20 |                    18 |                    17 |                    18 |                    18 |                    16 |                    13 |                    19 |                    18 |                    21 |                    20 |                    19 |                    19 |                    16 |                    18 |                    13 |                    13 |                    13 |                    21 |                    19 |                    18 |                    18 |                     9 |                     9 |                    14 |                    14 |                    13 |                    15 |    16 |    14 |    14 |    15 |    11 |    12 |    12 |    13 |    14 |     15 |     16 |     14 |     15 |     15 |     15 |     15 |     17 |     18 |     18 |     16 |     17 |     17 |     18 |     19 |     19 |     19 |     19 |     18 |     21 |     18 |     18 |     19 |     17 |     18 |     17 |     17 |     17 |     14 |     14 |     15 |     15 |     14 |     14 |     14 |     14 |     15 |     16 |     16 |     16 |     16 |     16 |     16 |     15 |     15 |     15 |     15 |     15 |     15 |     15 |     18 |     20 |     22 |     19 |     21 |    11 |    11 |    11 |    12 |    12 |    12 |    13 |    14 |    15 |    16 |     15 |     14 |     15 |     15 |     17 |     18 |     18 |     18 |     18 |     18 |     19 |     17 |     19 |     19 |     19 |     21 |     21 |     21 |     18 |     18 |     19 |     18 |     18 |     17 |     17 |     14 |     14 |     14 |     15 |     15 |     14 |     14 |     14 |     15 |     15 |     16 |     16 |     16 |     16 |     14 |     15 |     15 |     15 |     15 |     15 |     15 |     15 |     15 |     15 |     18 |     21 |     22 |     19 |     21 |
| simulated_k70_l25_36   |                    - |                    - |                    - |                    - |                    - |                    0 |                   18 |                   15 |                   12 |                   15 |                   20 |                   18 |                   18 |                   17 |                   14 |                   15 |                    9 |                   10 |                   10 |                   21 |                   16 |                   22 |                   18 |                   15 |                   16 |                   12 |                   11 |                   13 |                   13 |                   16 |                   15 |                   18 |                   13 |                   15 |                   18 |                   18 |                    18 |                    18 |                    17 |                    11 |                    12 |                    17 |                    18 |                    22 |                    21 |                    17 |                    16 |                    14 |                    13 |                    23 |                    23 |                    17 |                    17 |                    16 |                    15 |                    14 |                    17 |                    18 |                    18 |                    16 |                    17 |                    18 |                    17 |                    17 |                    12 |                    12 |                    15 |                    15 |                    12 |                    14 |    15 |    16 |    15 |    12 |    11 |    12 |    12 |    13 |    13 |     15 |     15 |     14 |     15 |     15 |     16 |     15 |     17 |     13 |     13 |     16 |     16 |     16 |     18 |     16 |     16 |     16 |     17 |     16 |     17 |     17 |     17 |     17 |     18 |     18 |     18 |     17 |     17 |     18 |     18 |     17 |     18 |     18 |     18 |     18 |     18 |     19 |     19 |     19 |     19 |     19 |     19 |     19 |     18 |     18 |     18 |     18 |     18 |     18 |     18 |     22 |     22 |     21 |     19 |     21 |    11 |    11 |    10 |    12 |    12 |    12 |    12 |    13 |    15 |    15 |     14 |     14 |     15 |     17 |     15 |     17 |     15 |     15 |     17 |     17 |     16 |     16 |     16 |     16 |     16 |     17 |     17 |     17 |     17 |     17 |     17 |     18 |     18 |     18 |     17 |     18 |     18 |     18 |     17 |     18 |     18 |     18 |     18 |     18 |     18 |     19 |     19 |     19 |     19 |     17 |     17 |     18 |     18 |     18 |     18 |     18 |     18 |     18 |     18 |     23 |     22 |     21 |     19 |     21 |
| simulated_k70_l25_44   |                    - |                    - |                    - |                    - |                    - |                    - |                    0 |                   14 |                   11 |                   21 |                   12 |                   11 |                    6 |                    9 |                   10 |                   11 |                   15 |                   16 |                   17 |                   17 |                    7 |                   17 |                    6 |                   12 |                    7 |                   18 |                   18 |                   17 |                   18 |                   10 |                   13 |                   18 |                   10 |                   10 |                    6 |                    9 |                     8 |                     5 |                     8 |                    20 |                    18 |                     6 |                     7 |                    15 |                    17 |                    15 |                    12 |                    15 |                    15 |                    17 |                    15 |                     6 |                     8 |                    13 |                    10 |                    11 |                    12 |                    18 |                    18 |                    17 |                     6 |                     6 |                     9 |                     9 |                    19 |                    19 |                    16 |                    16 |                    19 |                    19 |    11 |    14 |    11 |    10 |     9 |    11 |    12 |    12 |    12 |     13 |     11 |     11 |     13 |     14 |     15 |     16 |     16 |     15 |     15 |     15 |     14 |     13 |     15 |     13 |     12 |     12 |     13 |     11 |      9 |      8 |      8 |      8 |      9 |     11 |     11 |     10 |     10 |     12 |     12 |     11 |     11 |     12 |     12 |     12 |     12 |     12 |     11 |     11 |     11 |     11 |     11 |     12 |     11 |     11 |     11 |     11 |     11 |     11 |     11 |     21 |     19 |     21 |     18 |     20 |     7 |     7 |     8 |    11 |    11 |    12 |    12 |    12 |    13 |    12 |     11 |     12 |     15 |     16 |     16 |     15 |     15 |     14 |     15 |     14 |     13 |     13 |     13 |     13 |     12 |     13 |      9 |      9 |      8 |      8 |      8 |      9 |     10 |     11 |     10 |     12 |     12 |     12 |     11 |     11 |     12 |     12 |     12 |     12 |     12 |     12 |     11 |     11 |     11 |     12 |     12 |     11 |     11 |     11 |     11 |     11 |     11 |     11 |     11 |     23 |     19 |     21 |     18 |     20 |
| simulated_k70_l25_49   |                    - |                    - |                    - |                    - |                    - |                    - |                    - |                    0 |                    9 |                   14 |                   20 |                   17 |                   18 |                   15 |                   14 |                   15 |                   13 |                   12 |                   13 |                   18 |                   15 |                   19 |                   17 |                    8 |                   11 |                   17 |                   16 |                   14 |                   12 |                   14 |                   13 |                   17 |                   12 |                   12 |                   17 |                   19 |                    19 |                    15 |                    16 |                    16 |                    15 |                    14 |                    15 |                    20 |                    20 |                    16 |                    17 |                    11 |                    13 |                    18 |                    18 |                    14 |                    14 |                    17 |                    14 |                    16 |                    15 |                    17 |                    17 |                     9 |                    16 |                    18 |                    13 |                    13 |                    15 |                    15 |                     8 |                     8 |                    15 |                    15 |    17 |    15 |    15 |    13 |    11 |    13 |    13 |    13 |    13 |     17 |     15 |     15 |     14 |     16 |     18 |     16 |     15 |     15 |     15 |     14 |     13 |     14 |     17 |     16 |     17 |     17 |     16 |     17 |     15 |     14 |     14 |     14 |     15 |     15 |     15 |     14 |     14 |     15 |     15 |     15 |     16 |     16 |     16 |     16 |     16 |     17 |     16 |     16 |     16 |     16 |     16 |     16 |     17 |     17 |     17 |     17 |     17 |     17 |     17 |     19 |     20 |     23 |     17 |     19 |    11 |    11 |    10 |    13 |    13 |    13 |    12 |    13 |    17 |    16 |     16 |     15 |     17 |     19 |     16 |     16 |     17 |     17 |     16 |     15 |     14 |     15 |     16 |     16 |     17 |     16 |     15 |     15 |     14 |     14 |     14 |     15 |     15 |     15 |     14 |     15 |     15 |     15 |     15 |     16 |     16 |     16 |     16 |     15 |     15 |     16 |     16 |     16 |     16 |     16 |     16 |     17 |     17 |     17 |     17 |     17 |     17 |     17 |     17 |     20 |     21 |     23 |     17 |     19 |
| simulated_k70_l25_50   |                    - |                    - |                    - |                    - |                    - |                    - |                    - |                    - |                    0 |                   17 |                   17 |                   14 |                   15 |                   12 |                   13 |                   12 |                   13 |                   12 |                   14 |                   20 |                   12 |                   21 |                   15 |                    9 |                   10 |                   16 |                   15 |                   13 |                   11 |                   13 |                   12 |                   14 |                    7 |                    9 |                   15 |                   18 |                    16 |                    12 |                    13 |                    16 |                    15 |                    11 |                    12 |                    19 |                    19 |                    14 |                    13 |                    14 |                    14 |                    21 |                    20 |                    13 |                    13 |                    16 |                    13 |                    13 |                    13 |                    12 |                    12 |                    12 |                    15 |                    15 |                    12 |                    12 |                    14 |                    14 |                    11 |                    11 |                    18 |                    16 |    16 |    14 |    13 |    12 |    11 |    13 |    12 |    14 |    14 |     17 |     15 |     15 |     14 |     15 |     16 |     15 |     16 |     11 |     11 |     12 |     12 |     13 |     16 |     15 |     14 |     14 |     14 |     13 |     14 |     12 |     12 |     12 |     12 |     14 |     14 |     13 |     13 |     12 |     12 |     12 |     13 |     13 |     13 |     13 |     13 |     14 |     13 |     13 |     13 |     13 |     13 |     13 |     14 |     14 |     14 |     14 |     14 |     14 |     14 |     20 |     19 |     22 |     19 |     18 |     9 |     9 |     9 |    13 |    13 |    12 |    13 |    14 |    17 |    16 |     15 |     13 |     15 |     17 |     15 |     17 |     12 |     12 |     13 |     13 |     13 |     13 |     15 |     15 |     14 |     14 |     14 |     14 |     12 |     12 |     12 |     13 |     14 |     14 |     13 |     12 |     12 |     12 |     12 |     13 |     13 |     13 |     13 |     12 |     12 |     13 |     13 |     13 |     13 |     13 |     13 |     14 |     14 |     14 |     14 |     14 |     14 |     14 |     14 |     21 |     20 |     22 |     19 |     18 |
| simulated_k70_l25_52   |                    - |                    - |                    - |                    - |                    - |                    - |                    - |                    - |                    - |                    0 |                   20 |                   19 |                   20 |                   19 |                   18 |                   19 |                   14 |                   13 |                   11 |                   14 |                   17 |                   15 |                   20 |                   16 |                   19 |                   17 |                   10 |                    8 |                    8 |                   16 |                   15 |                   13 |                   19 |                   17 |                   18 |                   21 |                    20 |                    19 |                    18 |                    16 |                    15 |                    18 |                    19 |                    17 |                    16 |                    19 |                    19 |                    13 |                    11 |                    18 |                    17 |                    20 |                    18 |                    20 |                    18 |                    18 |                    19 |                    11 |                    11 |                    13 |                    20 |                    16 |                    17 |                    17 |                    11 |                    11 |                    14 |                    14 |                    15 |                    15 |    16 |    13 |    13 |    13 |    10 |    10 |    12 |    12 |    12 |     14 |     16 |     15 |     15 |     14 |     15 |     14 |     12 |     16 |     16 |     17 |     16 |     17 |     19 |     17 |     17 |     17 |     20 |     19 |     19 |     17 |     17 |     17 |     17 |     17 |     15 |     15 |     15 |     14 |     14 |     15 |     15 |     14 |     14 |     14 |     14 |     15 |     14 |     14 |     14 |     14 |     14 |     14 |     15 |     15 |     15 |     15 |     15 |     15 |     15 |     19 |     23 |     21 |     20 |     20 |    10 |    10 |     9 |    10 |    10 |    12 |    11 |    12 |    14 |    15 |     15 |     14 |     13 |     16 |     16 |     14 |     17 |     17 |     17 |     18 |     19 |     17 |     17 |     17 |     17 |     20 |     19 |     19 |     17 |     17 |     17 |     17 |     16 |     15 |     15 |     14 |     14 |     14 |     15 |     15 |     14 |     14 |     14 |     13 |     13 |     14 |     14 |     14 |     14 |     14 |     14 |     15 |     15 |     15 |     15 |     15 |     15 |     15 |     15 |     21 |     22 |     21 |     20 |     20 |
| simulated_k70_l25_54   |                    - |                    - |                    - |                    - |                    - |                    - |                    - |                    - |                    - |                    - |                    0 |                    7 |                    6 |                    9 |                   10 |                   13 |                   15 |                   18 |                   18 |                   18 |                    7 |                   18 |                    8 |                   16 |                   11 |                   16 |                   17 |                   18 |                   18 |                    8 |                    9 |                   13 |                   12 |                   14 |                    8 |                   11 |                     8 |                     7 |                     6 |                    21 |                    21 |                     6 |                     5 |                    17 |                    17 |                    11 |                    10 |                    15 |                    15 |                    18 |                    19 |                    10 |                     8 |                     7 |                    10 |                    12 |                    12 |                    11 |                    11 |                    19 |                     8 |                     6 |                     9 |                     9 |                    18 |                    18 |                    18 |                    18 |                    18 |                    16 |    13 |    10 |     9 |     9 |     9 |    10 |    10 |    11 |    12 |     13 |     11 |     13 |     14 |     16 |     16 |     15 |     16 |     14 |     14 |     14 |     14 |     13 |     15 |     14 |     13 |     13 |     14 |     11 |     10 |     11 |     11 |     10 |     10 |     12 |     12 |     10 |     10 |     11 |     11 |     10 |     10 |     11 |     11 |     11 |     11 |     11 |     11 |     11 |     11 |     11 |     11 |     10 |      9 |      9 |      9 |      9 |      9 |      9 |      9 |     20 |     20 |     20 |     20 |     22 |     6 |     6 |     7 |    10 |    10 |    10 |    11 |    12 |    13 |    12 |     12 |     12 |     16 |     17 |     16 |     17 |     14 |     14 |     14 |     15 |     14 |     13 |     14 |     14 |     13 |     14 |     10 |     10 |     11 |     11 |     10 |     10 |     12 |     12 |     10 |     11 |     11 |     11 |     10 |     10 |     11 |     11 |     11 |     11 |     11 |     11 |     11 |     11 |     11 |     10 |     10 |      9 |      9 |      9 |      9 |      9 |      9 |      9 |      9 |     21 |     20 |     20 |     20 |     22 |
| simulated_k70_l25_57   |                    - |                    - |                    - |                    - |                    - |                    - |                    - |                    - |                    - |                    - |                    - |                    0 |                    5 |                   11 |                   12 |                   14 |                   14 |                   15 |                   17 |                   14 |                    8 |                   17 |                    9 |                   13 |                   14 |                   16 |                   14 |                   17 |                   17 |                   10 |                   11 |                   16 |                   14 |                   16 |                    7 |                   10 |                     7 |                     8 |                     9 |                    18 |                    16 |                     9 |                     8 |                    16 |                    15 |                    13 |                    10 |                    12 |                    12 |                    18 |                    16 |                     7 |                     7 |                    13 |                    10 |                    12 |                    12 |                    14 |                    14 |                    16 |                     5 |                     5 |                    11 |                    11 |                    17 |                    17 |                    15 |                    15 |                    16 |                    16 |    13 |    12 |    10 |    11 |     9 |    11 |    12 |    12 |    12 |     13 |     12 |     12 |     12 |     12 |     14 |     14 |     15 |     13 |     13 |     14 |     13 |     13 |     14 |     11 |     11 |     11 |     11 |     10 |     10 |     10 |     10 |     11 |     11 |     12 |     12 |     11 |     11 |     12 |     12 |     12 |     12 |     13 |     13 |     13 |     13 |     13 |     12 |     12 |     12 |     12 |     12 |     13 |     12 |     12 |     12 |     12 |     12 |     12 |     12 |     21 |     20 |     23 |     19 |     21 |     7 |     7 |     8 |    11 |    11 |    12 |    12 |    12 |    13 |    12 |     11 |     11 |     13 |     15 |     13 |     15 |     14 |     13 |     12 |     12 |     11 |     11 |     11 |     11 |     11 |     10 |     10 |     10 |     10 |     10 |     11 |     12 |     11 |     12 |     11 |     12 |     12 |     12 |     12 |     12 |     13 |     13 |     13 |     13 |     13 |     13 |     12 |     12 |     12 |     13 |     13 |     12 |     12 |     12 |     12 |     12 |     12 |     12 |     12 |     22 |     21 |     23 |     19 |     21 |
| simulated_k70_l25_58   |                    - |                    - |                    - |                    - |                    - |                    - |                    - |                    - |                    - |                    - |                    - |                    - |                    0 |                    7 |                   10 |                   13 |                   14 |                   15 |                   18 |                   15 |                    5 |                   16 |                    6 |                   16 |                   13 |                   16 |                   15 |                   18 |                   18 |                   10 |                   11 |                   15 |                   12 |                   14 |                    6 |                    7 |                     6 |                     3 |                     6 |                    20 |                    18 |                     4 |                     5 |                    16 |                    15 |                    13 |                    12 |                    13 |                    15 |                    16 |                    16 |                     6 |                     6 |                    11 |                    10 |                    12 |                    10 |                    15 |                    15 |                    18 |                     4 |                     4 |                     9 |                     9 |                    16 |                    16 |                    17 |                    17 |                    18 |                    18 |    11 |    10 |     8 |     9 |     8 |    10 |    11 |    11 |    10 |     11 |     10 |     10 |     12 |     13 |     14 |     14 |     15 |     14 |     14 |     13 |     13 |     12 |     14 |     12 |     12 |     12 |     13 |     11 |      9 |      8 |      8 |      8 |      8 |     10 |     10 |      8 |      8 |     11 |     11 |     10 |     10 |     11 |     11 |     11 |     11 |     11 |     11 |     11 |     11 |     11 |     11 |     10 |      9 |      9 |      9 |      9 |      9 |      9 |      9 |     22 |     21 |     20 |     19 |     23 |     6 |     6 |     7 |    10 |    10 |    11 |    11 |    10 |    11 |    10 |      9 |     11 |     14 |     15 |     15 |     14 |     14 |     14 |     13 |     13 |     11 |     12 |     12 |     12 |     12 |     12 |      9 |      9 |      8 |      8 |      8 |      8 |     10 |     10 |      8 |     11 |     11 |     11 |     10 |     10 |     11 |     11 |     11 |     11 |     11 |     11 |     11 |     11 |     11 |     10 |     10 |      9 |      9 |      9 |      9 |      9 |      9 |      9 |      9 |     23 |     19 |     20 |     19 |     23 |
| simulated_k70_l25_60   |                    - |                    - |                    - |                    - |                    - |                    - |                    - |                    - |                    - |                    - |                    - |                    - |                    - |                    0 |                    5 |                    6 |                   11 |                   14 |                   15 |                   15 |                    4 |                   17 |                    7 |                   13 |                   10 |                   16 |                   16 |                   15 |                   15 |                    3 |                    4 |                   16 |                    9 |                   11 |                    9 |                   12 |                    11 |                     4 |                     5 |                    18 |                    17 |                     3 |                     4 |                    16 |                    16 |                     6 |                     5 |                    12 |                    14 |                    17 |                    16 |                     7 |                     9 |                     4 |                     5 |                     5 |                     5 |                    13 |                    13 |                    15 |                     7 |                     9 |                     2 |                     2 |                    17 |                    17 |                    14 |                    14 |                    17 |                    15 |    11 |    12 |     7 |     8 |     9 |    11 |    11 |    12 |    12 |     12 |     12 |     12 |     12 |     13 |     13 |     14 |     13 |     13 |     13 |     11 |     10 |      9 |     10 |     10 |     10 |     10 |     12 |     11 |      8 |      6 |      6 |      5 |      3 |      6 |      6 |      6 |      6 |      7 |      7 |      7 |      8 |      8 |      8 |      8 |      8 |      9 |      9 |      9 |      9 |      9 |      9 |      9 |      8 |      8 |      8 |      8 |      8 |      8 |      8 |     21 |     18 |     22 |     21 |     20 |     6 |     6 |     7 |    11 |    11 |    11 |    11 |    12 |    12 |    12 |     12 |     10 |     13 |     14 |     12 |     13 |     11 |     12 |     11 |     12 |     11 |     10 |     10 |     10 |     10 |     12 |      8 |      8 |      6 |      6 |      5 |      4 |      6 |      6 |      6 |      7 |      7 |      7 |      7 |      8 |      8 |      8 |      8 |      8 |      8 |      9 |      9 |      9 |      9 |      7 |      7 |      8 |      8 |      8 |      8 |      8 |      8 |      8 |      8 |     23 |     18 |     22 |     21 |     20 |
| simulated_k70_l25_62   |                    - |                    - |                    - |                    - |                    - |                    - |                    - |                    - |                    - |                    - |                    - |                    - |                    - |                    - |                    0 |                    7 |                   14 |                   15 |                   15 |                   16 |                    7 |                   17 |                    8 |                   14 |                    9 |                   16 |                   16 |                   14 |                   14 |                    4 |                    7 |                   15 |                    8 |                   10 |                   10 |                   11 |                    12 |                     7 |                     4 |                    18 |                    16 |                     6 |                     5 |                    17 |                    17 |                     7 |                     6 |                    13 |                    13 |                    17 |                    17 |                    10 |                    10 |                     5 |                     4 |                     6 |                     6 |                    14 |                    14 |                    15 |                     8 |                    10 |                     5 |                     5 |                    17 |                    17 |                    14 |                    14 |                    17 |                    15 |    12 |    13 |     9 |     9 |     9 |    11 |    11 |    12 |    13 |     13 |     13 |     13 |     13 |     14 |     14 |     13 |     14 |     13 |     13 |     10 |      9 |      8 |     13 |     11 |     11 |     11 |     12 |     10 |      8 |      8 |      8 |      7 |      6 |      9 |      9 |      9 |      9 |      8 |      8 |      8 |      9 |      9 |      9 |      9 |      9 |     10 |     10 |     10 |     10 |     10 |     10 |     10 |      9 |      9 |      9 |      9 |      9 |      9 |      9 |     21 |     20 |     21 |     21 |     20 |     6 |     6 |     7 |    11 |    11 |    11 |    11 |    13 |    13 |    13 |     12 |     11 |     14 |     15 |     13 |     13 |     12 |     11 |     13 |     12 |     11 |     11 |     11 |     11 |     11 |     12 |      8 |      8 |      8 |      8 |      7 |      7 |      9 |      9 |      9 |      8 |      8 |      8 |      8 |      9 |      9 |      9 |      9 |      9 |      9 |     10 |     10 |     10 |     10 |      8 |      8 |      9 |      9 |      9 |      9 |      9 |      9 |      9 |      9 |     22 |     19 |     21 |     21 |     20 |
| simulated_k70_l25_64   |                    - |                    - |                    - |                    - |                    - |                    - |                    - |                    - |                    - |                    - |                    - |                    - |                    - |                    - |                    - |                    0 |                   12 |                   12 |                   16 |                   17 |                    8 |                   18 |                   13 |                   13 |                   10 |                   20 |                   16 |                   17 |                   17 |                    7 |                    8 |                   18 |                    9 |                    9 |                   13 |                   14 |                    14 |                    10 |                     9 |                    18 |                    16 |                     9 |                    10 |                    20 |                    19 |                    10 |                     9 |                    16 |                    14 |                    19 |                    20 |                    13 |                    13 |                     8 |                     7 |                     9 |                     7 |                    17 |                    17 |                    17 |                    11 |                    11 |                     6 |                     6 |                    17 |                    17 |                    16 |                    16 |                    20 |                    19 |    14 |    15 |    11 |    12 |    11 |    13 |    12 |    13 |    15 |     14 |     13 |     13 |     14 |     16 |     16 |     16 |     15 |     14 |     14 |     13 |     13 |     12 |     15 |     13 |     13 |     13 |     15 |     13 |     11 |      9 |      9 |     10 |      9 |     12 |     12 |     12 |     12 |     13 |     13 |     12 |     13 |     13 |     13 |     13 |     13 |     14 |     13 |     13 |     13 |     13 |     13 |     13 |     14 |     14 |     14 |     14 |     14 |     14 |     14 |     20 |     19 |     22 |     20 |     18 |     8 |     8 |     9 |    13 |    13 |    12 |    13 |    15 |    14 |    14 |     14 |     12 |     16 |     17 |     15 |     15 |     13 |     13 |     15 |     15 |     14 |     14 |     13 |     13 |     13 |     15 |     11 |     11 |      9 |      9 |     10 |     10 |     12 |     12 |     12 |     13 |     13 |     13 |     12 |     13 |     13 |     13 |     13 |     12 |     12 |     13 |     13 |     13 |     13 |     13 |     13 |     14 |     14 |     14 |     14 |     14 |     14 |     14 |     14 |     21 |     20 |     22 |     20 |     18 |
| simulated_k70_l25_65   |                    - |                    - |                    - |                    - |                    - |                    - |                    - |                    - |                    - |                    - |                    - |                    - |                    - |                    - |                    - |                    - |                    0 |                    5 |                   11 |                   20 |                   11 |                   21 |                   14 |                   15 |                   15 |                   16 |                   12 |                   10 |                   10 |                   14 |                   11 |                   16 |                   12 |                   12 |                   16 |                   19 |                    17 |                    11 |                    12 |                    12 |                    14 |                    10 |                    11 |                    21 |                    20 |                    15 |                    15 |                    11 |                     9 |                    22 |                    22 |                    14 |                    14 |                    14 |                    12 |                    14 |                    15 |                    16 |                    16 |                    13 |                    14 |                    16 |                    13 |                    13 |                    15 |                    15 |                    12 |                    12 |                    17 |                    15 |    15 |    15 |    11 |    10 |    12 |    13 |    12 |    13 |    13 |     15 |     16 |     15 |     15 |     15 |     15 |     14 |     15 |     13 |     13 |     15 |     15 |     15 |     17 |     15 |     16 |     16 |     17 |     17 |     14 |     14 |     14 |     13 |     12 |     14 |     14 |     13 |     13 |     16 |     16 |     14 |     15 |     15 |     15 |     15 |     15 |     16 |     16 |     16 |     16 |     16 |     16 |     16 |     15 |     15 |     15 |     15 |     15 |     15 |     15 |     21 |     20 |     21 |     21 |     20 |    10 |    10 |    10 |    13 |    13 |    12 |    12 |    13 |    15 |    16 |     15 |     14 |     15 |     16 |     14 |     16 |     15 |     14 |     16 |     16 |     15 |     16 |     15 |     15 |     16 |     16 |     14 |     14 |     14 |     14 |     13 |     12 |     14 |     14 |     13 |     16 |     16 |     16 |     14 |     15 |     15 |     15 |     15 |     15 |     15 |     16 |     16 |     16 |     16 |     14 |     14 |     15 |     15 |     15 |     15 |     15 |     15 |     15 |     15 |     22 |     21 |     21 |     21 |     20 |
| simulated_k70_l25_66   |                    - |                    - |                    - |                    - |                    - |                    - |                    - |                    - |                    - |                    - |                    - |                    - |                    - |                    - |                    - |                    - |                    - |                    0 |                   12 |                   20 |                   12 |                   21 |                   16 |                   15 |                   14 |                   17 |                   13 |                   11 |                    9 |                   13 |                   12 |                   16 |                   11 |                   11 |                   16 |                   18 |                    16 |                    14 |                    15 |                    14 |                    15 |                    13 |                    14 |                    21 |                    20 |                    14 |                    14 |                    10 |                    10 |                    22 |                    22 |                    15 |                    15 |                    15 |                    13 |                    13 |                    14 |                    15 |                    15 |                    16 |                    15 |                    17 |                    14 |                    14 |                    14 |                    14 |                    15 |                    15 |                    17 |                    16 |    16 |    16 |    13 |    11 |    11 |    12 |    13 |    14 |    13 |     16 |     16 |     14 |     14 |     14 |     13 |     13 |     14 |     14 |     14 |     15 |     15 |     15 |     18 |     17 |     17 |     17 |     17 |     16 |     16 |     14 |     14 |     13 |     14 |     15 |     15 |     14 |     14 |     15 |     15 |     16 |     17 |     17 |     17 |     17 |     17 |     18 |     17 |     17 |     17 |     17 |     17 |     17 |     18 |     18 |     18 |     18 |     18 |     18 |     18 |     21 |     21 |     24 |     20 |     18 |    10 |    10 |     9 |    12 |    12 |    13 |    13 |    13 |    16 |    16 |     14 |     13 |     13 |     14 |     15 |     15 |     15 |     14 |     16 |     16 |     16 |     16 |     17 |     17 |     17 |     16 |     16 |     16 |     14 |     14 |     13 |     15 |     15 |     15 |     14 |     15 |     15 |     15 |     16 |     17 |     17 |     17 |     17 |     16 |     16 |     17 |     17 |     17 |     17 |     17 |     17 |     18 |     18 |     18 |     18 |     18 |     18 |     18 |     18 |     23 |     22 |     24 |     20 |     18 |
| simulated_k70_l25_68   |                    - |                    - |                    - |                    - |                    - |                    - |                    - |                    - |                    - |                    - |                    - |                    - |                    - |                    - |                    - |                    - |                    - |                    - |                    0 |                   20 |                   16 |                   21 |                   17 |                   13 |                   14 |                   12 |                    9 |                    5 |                    7 |                   14 |                   11 |                   14 |                   17 |                   15 |                   15 |                   18 |                    18 |                    16 |                    15 |                    13 |                    14 |                    15 |                    16 |                    21 |                    20 |                    15 |                    14 |                    12 |                    12 |                    22 |                    21 |                    16 |                    15 |                    16 |                    14 |                    14 |                    17 |                    16 |                    16 |                    13 |                    16 |                    16 |                    15 |                    15 |                     8 |                     8 |                    14 |                    14 |                    16 |                    14 |    14 |    15 |    12 |    11 |     9 |    10 |    11 |    12 |    11 |     12 |     14 |     13 |     14 |     14 |     14 |     13 |     14 |     14 |     14 |     16 |     15 |     15 |     16 |     14 |     15 |     15 |     13 |     15 |     14 |     15 |     15 |     15 |     16 |     17 |     16 |     16 |     16 |     15 |     15 |     15 |     15 |     14 |     14 |     14 |     14 |     15 |     15 |     15 |     15 |     15 |     15 |     15 |     14 |     14 |     14 |     14 |     14 |     14 |     14 |     19 |     21 |     23 |     22 |     20 |     9 |     9 |     8 |    10 |    10 |    11 |    10 |    11 |    12 |    13 |     12 |     13 |     13 |     15 |     14 |     16 |     15 |     15 |     16 |     15 |     15 |     14 |     14 |     14 |     15 |     15 |     14 |     14 |     15 |     15 |     15 |     17 |     17 |     16 |     16 |     15 |     15 |     15 |     15 |     15 |     14 |     14 |     14 |     14 |     14 |     15 |     15 |     15 |     15 |     13 |     13 |     14 |     14 |     14 |     14 |     14 |     14 |     14 |     14 |     19 |     21 |     23 |     22 |     20 |
| simulated_k70_l25_70   |                    - |                    - |                    - |                    - |                    - |                    - |                    - |                    - |                    - |                    - |                    - |                    - |                    - |                    - |                    - |                    - |                    - |                    - |                    - |                    0 |                   16 |                    6 |                   14 |                   20 |                   21 |                   18 |                   19 |                   18 |                   18 |                   17 |                   18 |                   16 |                   20 |                   20 |                   12 |                   14 |                    15 |                    14 |                    16 |                    19 |                    17 |                    15 |                    16 |                     7 |                     6 |                    17 |                    14 |                    21 |                    20 |                    10 |                     7 |                    13 |                    17 |                    18 |                    17 |                    18 |                    17 |                    16 |                    16 |                    15 |                    15 |                    14 |                    16 |                    16 |                    18 |                    18 |                    16 |                    16 |                    16 |                    17 |    15 |    14 |    13 |    15 |    11 |    13 |    15 |    13 |    15 |     15 |     16 |     15 |     15 |     16 |     17 |     16 |     16 |     18 |     18 |     18 |     18 |     16 |     16 |     13 |     14 |     14 |     13 |     15 |     16 |     13 |     13 |     13 |     13 |     14 |     14 |     15 |     15 |     14 |     14 |     14 |     14 |     13 |     13 |     13 |     13 |     13 |     13 |     13 |     13 |     13 |     13 |     14 |     13 |     13 |     13 |     13 |     13 |     13 |     13 |     19 |     21 |     22 |     21 |     17 |    11 |    11 |    10 |    13 |    13 |    15 |    13 |    15 |    15 |    16 |     15 |     15 |     17 |     17 |     17 |     17 |     18 |     19 |     17 |     17 |     17 |     15 |     13 |     13 |     14 |     13 |     16 |     16 |     13 |     13 |     13 |     14 |     14 |     14 |     15 |     14 |     14 |     14 |     14 |     14 |     13 |     13 |     13 |     14 |     14 |     14 |     13 |     13 |     13 |     13 |     14 |     13 |     13 |     13 |     13 |     13 |     13 |     13 |     13 |     20 |     22 |     22 |     21 |     17 |
| simulated_k70_l25_74   |                    - |                    - |                    - |                    - |                    - |                    - |                    - |                    - |                    - |                    - |                    - |                    - |                    - |                    - |                    - |                    - |                    - |                    - |                    - |                    - |                    0 |                   18 |                    5 |                   13 |                    8 |                   18 |                   17 |                   13 |                   13 |                    5 |                    8 |                   14 |                    9 |                    9 |                    7 |                    8 |                     7 |                     2 |                     3 |                    20 |                    17 |                     1 |                     2 |                    17 |                    16 |                     8 |                     7 |                    12 |                    12 |                    17 |                    17 |                     5 |                     7 |                     8 |                     7 |                     7 |                     9 |                    14 |                    14 |                    16 |                     3 |                     5 |                     6 |                     6 |                    16 |                    16 |                    15 |                    15 |                    18 |                    18 |    11 |    11 |     7 |     7 |     7 |     9 |     9 |    10 |    11 |     12 |     11 |     11 |     12 |     13 |     14 |     12 |     12 |     12 |     12 |     11 |     10 |      9 |     11 |     11 |     10 |     10 |     11 |      8 |      7 |      6 |      6 |      5 |      5 |      7 |      7 |      5 |      5 |      6 |      6 |      6 |      6 |      7 |      7 |      7 |      7 |      7 |      6 |      6 |      6 |      6 |      6 |      5 |      6 |      6 |      6 |      6 |      6 |      6 |      6 |     21 |     19 |     21 |     21 |     21 |     4 |     4 |     5 |     9 |     9 |     9 |     9 |    11 |    12 |    11 |     10 |     10 |     13 |     15 |     13 |     13 |     12 |     13 |     11 |     11 |      9 |     10 |     11 |     11 |     10 |     11 |      7 |      7 |      6 |      6 |      5 |      5 |      7 |      7 |      5 |      6 |      6 |      6 |      6 |      6 |      7 |      7 |      7 |      6 |      6 |      6 |      6 |      6 |      6 |      7 |      7 |      6 |      6 |      6 |      6 |      6 |      6 |      6 |      6 |     23 |     18 |     21 |     21 |     21 |
| simulated_k70_l25_76   |                    - |                    - |                    - |                    - |                    - |                    - |                    - |                    - |                    - |                    - |                    - |                    - |                    - |                    - |                    - |                    - |                    - |                    - |                    - |                    - |                    - |                    0 |                   14 |                   21 |                   22 |                   17 |                   20 |                   19 |                   19 |                   17 |                   17 |                   17 |                   20 |                   20 |                   16 |                   14 |                    15 |                    16 |                    18 |                    19 |                    17 |                    17 |                    18 |                     7 |                     6 |                    17 |                    16 |                    22 |                    21 |                     8 |                     7 |                    15 |                    16 |                    18 |                    18 |                    19 |                    19 |                    14 |                    14 |                    16 |                    17 |                    16 |                    18 |                    18 |                    19 |                    19 |                    17 |                    17 |                    16 |                    17 |    15 |    14 |    14 |    15 |    11 |    13 |    15 |    15 |    16 |     16 |     17 |     16 |     16 |     17 |     18 |     16 |     18 |     19 |     19 |     19 |     20 |     18 |     19 |     16 |     16 |     16 |     16 |     17 |     18 |     16 |     16 |     16 |     16 |     17 |     16 |     15 |     15 |     14 |     14 |     16 |     16 |     15 |     15 |     15 |     15 |     15 |     15 |     15 |     15 |     15 |     15 |     16 |     15 |     15 |     15 |     15 |     15 |     15 |     15 |     19 |     22 |     22 |     20 |     20 |    11 |    11 |    10 |    13 |    13 |    15 |    15 |    16 |    16 |    17 |     16 |     16 |     18 |     17 |     17 |     18 |     18 |     19 |     19 |     18 |     18 |     17 |     16 |     16 |     16 |     17 |     18 |     18 |     16 |     16 |     16 |     17 |     17 |     16 |     15 |     14 |     14 |     14 |     16 |     16 |     15 |     15 |     15 |     16 |     16 |     16 |     15 |     15 |     15 |     15 |     16 |     15 |     15 |     15 |     15 |     15 |     15 |     15 |     15 |     20 |     22 |     22 |     20 |     20 |
| simulated_k70_l25_80   |                    - |                    - |                    - |                    - |                    - |                    - |                    - |                    - |                    - |                    - |                    - |                    - |                    - |                    - |                    - |                    - |                    - |                    - |                    - |                    - |                    - |                    - |                    0 |                   16 |                   11 |                   17 |                   18 |                   16 |                   15 |                    8 |                    9 |                   14 |                   10 |                   12 |                    4 |                    5 |                     6 |                     3 |                     4 |                    19 |                    17 |                     4 |                     5 |                    15 |                    12 |                    13 |                    10 |                    16 |                    16 |                    13 |                    15 |                     6 |                     8 |                     9 |                    10 |                    10 |                    12 |                    14 |                    14 |                    16 |                     6 |                     6 |                     9 |                     9 |                    19 |                    19 |                    15 |                    15 |                    17 |                    17 |    11 |    13 |     8 |     8 |     8 |    10 |    11 |    12 |    12 |     13 |     12 |     12 |     13 |     14 |     15 |     14 |     15 |     14 |     14 |     13 |     12 |     11 |     14 |     12 |     11 |     11 |     11 |      9 |      8 |      8 |      8 |      7 |      8 |     10 |     10 |      8 |      8 |      9 |      9 |      8 |      8 |      9 |      9 |      9 |      9 |      9 |      9 |      9 |      9 |      9 |      9 |      8 |      7 |      7 |      7 |      7 |      7 |      7 |      7 |     20 |     19 |     21 |     21 |     22 |     6 |     6 |     7 |    10 |    10 |    11 |    11 |    12 |    13 |    12 |     12 |     12 |     15 |     16 |     15 |     14 |     14 |     14 |     14 |     13 |     12 |     12 |     12 |     12 |     11 |     11 |      8 |      8 |      8 |      8 |      7 |      8 |     10 |     10 |      8 |      9 |      9 |      9 |      8 |      8 |      9 |      9 |      9 |      9 |      9 |      9 |      9 |      9 |      9 |      8 |      8 |      7 |      7 |      7 |      7 |      7 |      7 |      7 |      7 |     22 |     19 |     21 |     21 |     22 |
| simulated_k70_l25_81   |                    - |                    - |                    - |                    - |                    - |                    - |                    - |                    - |                    - |                    - |                    - |                    - |                    - |                    - |                    - |                    - |                    - |                    - |                    - |                    - |                    - |                    - |                    - |                    0 |                    5 |                   18 |                   16 |                   14 |                   16 |                   12 |                   13 |                   15 |                   10 |                    8 |                   14 |                   17 |                    18 |                    13 |                    12 |                    18 |                    18 |                    12 |                    11 |                    20 |                    20 |                    13 |                    12 |                    13 |                    15 |                    19 |                    18 |                    14 |                    14 |                    15 |                    12 |                    12 |                    15 |                    17 |                    17 |                    11 |                    14 |                    14 |                    13 |                    13 |                    15 |                    15 |                    10 |                    10 |                    18 |                    18 |    16 |    13 |    13 |    13 |    12 |    14 |    13 |    13 |    17 |     19 |     17 |     17 |     16 |     17 |     18 |     17 |     17 |     14 |     14 |     16 |     15 |     15 |     17 |     14 |     13 |     13 |     13 |     15 |     15 |     12 |     12 |     13 |     14 |     16 |     16 |     15 |     15 |     14 |     14 |     15 |     16 |     16 |     16 |     16 |     16 |     17 |     16 |     16 |     16 |     16 |     16 |     16 |     17 |     17 |     17 |     17 |     17 |     17 |     17 |     21 |     20 |     21 |     19 |     20 |    10 |    10 |    11 |    14 |    14 |    13 |    14 |    17 |    19 |    18 |     17 |     15 |     17 |     19 |     17 |     18 |     16 |     15 |     15 |     15 |     14 |     14 |     14 |     14 |     13 |     14 |     15 |     15 |     12 |     12 |     13 |     14 |     16 |     16 |     15 |     14 |     14 |     14 |     15 |     16 |     16 |     16 |     16 |     15 |     15 |     16 |     16 |     16 |     16 |     16 |     16 |     17 |     17 |     17 |     17 |     17 |     17 |     17 |     17 |     21 |     21 |     21 |     19 |     20 |
| simulated_k70_l25_82   |                    - |                    - |                    - |                    - |                    - |                    - |                    - |                    - |                    - |                    - |                    - |                    - |                    - |                    - |                    - |                    - |                    - |                    - |                    - |                    - |                    - |                    - |                    - |                    - |                    0 |                   17 |                   15 |                   15 |                   15 |                    7 |                    8 |                   14 |                    5 |                    5 |                   11 |                   14 |                    13 |                    10 |                     9 |                    18 |                    17 |                     9 |                     8 |                    21 |                    21 |                    10 |                    11 |                    10 |                    14 |                    21 |                    21 |                    11 |                    11 |                    12 |                     9 |                    11 |                    11 |                    16 |                    16 |                    14 |                    11 |                     9 |                    10 |                    10 |                    16 |                    16 |                    13 |                    13 |                    17 |                    17 |    14 |    13 |     9 |    10 |    10 |    12 |    11 |    11 |    14 |     16 |     14 |     14 |     14 |     16 |     16 |     14 |     15 |     13 |     13 |     13 |     12 |     11 |     13 |     13 |     12 |     12 |     13 |     13 |     13 |     11 |     11 |     11 |     11 |     13 |     13 |     12 |     12 |     11 |     11 |     10 |     11 |     11 |     11 |     11 |     11 |     12 |     11 |     11 |     11 |     11 |     11 |     11 |     12 |     12 |     12 |     12 |     12 |     12 |     12 |     20 |     20 |     21 |     18 |     20 |     7 |     7 |     8 |    12 |    12 |    11 |    12 |    14 |    16 |    15 |     14 |     13 |     17 |     17 |     16 |     15 |     13 |     12 |     14 |     14 |     13 |     12 |     13 |     13 |     12 |     12 |     13 |     13 |     11 |     11 |     11 |     11 |     13 |     13 |     12 |     11 |     11 |     11 |     10 |     11 |     11 |     11 |     11 |     10 |     10 |     11 |     11 |     11 |     11 |     11 |     11 |     12 |     12 |     12 |     12 |     12 |     12 |     12 |     12 |     21 |     20 |     21 |     18 |     20 |
| simulated_k70_l25_84   |                    - |                    - |                    - |                    - |                    - |                    - |                    - |                    - |                    - |                    - |                    - |                    - |                    - |                    - |                    - |                    - |                    - |                    - |                    - |                    - |                    - |                    - |                    - |                    - |                    - |                    0 |                   13 |                   15 |                   13 |                   17 |                   16 |                   10 |                   17 |                   19 |                   16 |                   16 |                    17 |                    16 |                    18 |                    15 |                    14 |                    17 |                    17 |                    17 |                    16 |                    14 |                    17 |                    14 |                    13 |                    18 |                    17 |                    17 |                    14 |                    15 |                    16 |                    17 |                    15 |                    12 |                    12 |                    14 |                    17 |                    16 |                    16 |                    16 |                    14 |                    14 |                    13 |                    13 |                     8 |                     8 |    15 |    15 |    15 |    14 |    11 |    13 |    13 |    13 |    13 |     13 |     15 |     16 |     17 |     15 |     16 |     16 |     15 |     17 |     17 |     16 |     15 |     14 |     16 |     15 |     16 |     16 |     15 |     16 |     16 |     15 |     15 |     15 |     15 |     14 |     16 |     16 |     16 |     16 |     16 |     14 |     15 |     15 |     15 |     15 |     15 |     16 |     17 |     17 |     17 |     17 |     17 |     17 |     16 |     16 |     16 |     16 |     16 |     16 |     16 |     20 |     22 |     22 |     21 |     20 |    11 |    11 |    10 |    13 |    13 |    13 |    12 |    13 |    13 |    14 |     16 |     16 |     15 |     17 |     15 |     16 |     18 |     17 |     17 |     15 |     16 |     16 |     15 |     15 |     16 |     16 |     16 |     16 |     15 |     15 |     15 |     14 |     15 |     16 |     16 |     16 |     16 |     16 |     14 |     15 |     15 |     15 |     15 |     16 |     16 |     17 |     17 |     17 |     17 |     15 |     16 |     16 |     16 |     16 |     16 |     16 |     16 |     16 |     16 |     21 |     22 |     22 |     21 |     20 |
| simulated_k70_l25_88   |                    - |                    - |                    - |                    - |                    - |                    - |                    - |                    - |                    - |                    - |                    - |                    - |                    - |                    - |                    - |                    - |                    - |                    - |                    - |                    - |                    - |                    - |                    - |                    - |                    - |                    - |                    0 |                   10 |                   10 |                   15 |                   14 |                   15 |                   15 |                   15 |                   14 |                   17 |                    15 |                    17 |                    16 |                    14 |                    13 |                    16 |                    17 |                    20 |                    19 |                    15 |                    16 |                    11 |                    11 |                    22 |                    22 |                    17 |                    14 |                    17 |                    15 |                    15 |                    16 |                    15 |                    15 |                    18 |                    17 |                    15 |                    16 |                    16 |                     5 |                     5 |                    17 |                    17 |                    13 |                    11 |    16 |    15 |    14 |    12 |    11 |    12 |    12 |    13 |    13 |     14 |     14 |     12 |     14 |     14 |     16 |     15 |     16 |     15 |     15 |     16 |     16 |     16 |     18 |     17 |     18 |     18 |     17 |     17 |     17 |     16 |     16 |     17 |     17 |     19 |     19 |     18 |     18 |     17 |     17 |     16 |     17 |     17 |     17 |     17 |     17 |     18 |     18 |     18 |     18 |     18 |     18 |     18 |     17 |     17 |     17 |     17 |     17 |     17 |     17 |     20 |     22 |     23 |     21 |     21 |    11 |    11 |    10 |    12 |    12 |    12 |    12 |    13 |    14 |    14 |     13 |     13 |     14 |     17 |     15 |     18 |     15 |     15 |     17 |     16 |     17 |     17 |     17 |     17 |     18 |     16 |     17 |     17 |     16 |     16 |     17 |     18 |     19 |     19 |     18 |     17 |     17 |     17 |     16 |     17 |     17 |     17 |     17 |     17 |     17 |     18 |     18 |     18 |     18 |     16 |     16 |     17 |     17 |     17 |     17 |     17 |     17 |     17 |     17 |     20 |     22 |     23 |     21 |     21 |
| simulated_k70_l25_89   |                    - |                    - |                    - |                    - |                    - |                    - |                    - |                    - |                    - |                    - |                    - |                    - |                    - |                    - |                    - |                    - |                    - |                    - |                    - |                    - |                    - |                    - |                    - |                    - |                    - |                    - |                    - |                    0 |                    2 |                   12 |                   13 |                   11 |                   14 |                   14 |                   16 |                   19 |                    20 |                    15 |                    14 |                    12 |                    13 |                    14 |                    15 |                    19 |                    18 |                    15 |                    15 |                    11 |                    11 |                    20 |                    19 |                    16 |                    16 |                    16 |                    12 |                    14 |                    16 |                    11 |                    11 |                    11 |                    16 |                    16 |                    13 |                    13 |                     9 |                     9 |                    12 |                    12 |                    13 |                    13 |    13 |    13 |    10 |    10 |     8 |     9 |    10 |    12 |    11 |     12 |     15 |     13 |     13 |     12 |     13 |     12 |     13 |     14 |     14 |     13 |     12 |     13 |     15 |     13 |     13 |     13 |     14 |     15 |     14 |     11 |     11 |     11 |     13 |     13 |     11 |     11 |     11 |     10 |     10 |     11 |     11 |     10 |     10 |     10 |     10 |     11 |     10 |     10 |     10 |     10 |     10 |     10 |     11 |     11 |     11 |     11 |     11 |     11 |     11 |     20 |     23 |     23 |     21 |     20 |     7 |     7 |     6 |     9 |     9 |    10 |    10 |    11 |    12 |    14 |     13 |     12 |     12 |     14 |     12 |     15 |     15 |     15 |     15 |     14 |     15 |     13 |     13 |     13 |     13 |     16 |     14 |     14 |     11 |     11 |     11 |     13 |     12 |     11 |     11 |     10 |     10 |     10 |     11 |     11 |     10 |     10 |     10 |      9 |      9 |     10 |     10 |     10 |     10 |     10 |     10 |     11 |     11 |     11 |     11 |     11 |     11 |     11 |     11 |     21 |     23 |     23 |     21 |     20 |
| simulated_k70_l25_90   |                    - |                    - |                    - |                    - |                    - |                    - |                    - |                    - |                    - |                    - |                    - |                    - |                    - |                    - |                    - |                    - |                    - |                    - |                    - |                    - |                    - |                    - |                    - |                    - |                    - |                    - |                    - |                    - |                    0 |                   12 |                   13 |                   13 |                   16 |                   16 |                   17 |                   20 |                    19 |                    15 |                    14 |                    12 |                    13 |                    14 |                    15 |                    19 |                    18 |                    15 |                    15 |                    11 |                     9 |                    20 |                    19 |                    16 |                    16 |                    16 |                    14 |                    12 |                    16 |                    11 |                    11 |                    11 |                    16 |                    16 |                    13 |                    13 |                     9 |                     9 |                    12 |                    12 |                    15 |                    13 |    13 |    13 |    10 |    10 |     8 |     9 |    10 |    12 |    11 |     13 |     15 |     12 |     12 |     11 |     12 |     12 |     13 |     13 |     13 |     12 |     11 |     12 |     14 |     13 |     13 |     13 |     16 |     13 |     15 |     13 |     13 |     13 |     13 |     13 |     11 |     11 |     11 |     10 |     10 |     11 |     11 |     10 |     10 |     10 |     10 |     11 |     10 |     10 |     10 |     10 |     10 |     10 |     11 |     11 |     11 |     11 |     11 |     11 |     11 |     19 |     21 |     22 |     21 |     20 |     7 |     7 |     6 |     9 |     9 |    10 |    10 |    11 |    13 |    14 |     12 |     11 |     11 |     13 |     12 |     15 |     14 |     14 |     14 |     13 |     15 |     13 |     13 |     13 |     13 |     16 |     15 |     15 |     13 |     13 |     13 |     13 |     12 |     11 |     11 |     10 |     10 |     10 |     11 |     11 |     10 |     10 |     10 |      9 |      9 |     10 |     10 |     10 |     10 |     10 |     10 |     11 |     11 |     11 |     11 |     11 |     11 |     11 |     11 |     20 |     22 |     22 |     21 |     20 |
| simulated_k70_l25_91   |                    - |                    - |                    - |                    - |                    - |                    - |                    - |                    - |                    - |                    - |                    - |                    - |                    - |                    - |                    - |                    - |                    - |                    - |                    - |                    - |                    - |                    - |                    - |                    - |                    - |                    - |                    - |                    - |                    - |                    0 |                    3 |                   15 |                   10 |                   10 |                    8 |                   13 |                    12 |                     7 |                     6 |                    17 |                    16 |                     6 |                     5 |                    18 |                    18 |                     7 |                     6 |                    13 |                    13 |                    17 |                    18 |                     8 |                    10 |                     5 |                     4 |                     4 |                     6 |                    14 |                    14 |                    14 |                     8 |                     6 |                     3 |                     3 |                    15 |                    15 |                    13 |                    13 |                    18 |                    16 |    11 |    13 |     7 |     9 |     9 |    11 |    11 |    12 |    13 |     13 |     13 |     13 |     13 |     14 |     14 |     14 |     13 |     13 |     13 |     11 |     10 |      9 |     11 |     10 |     10 |     10 |     11 |     10 |      9 |      7 |      7 |      8 |      6 |      9 |      9 |      9 |      9 |      8 |      8 |      7 |      8 |      8 |      8 |      8 |      8 |      9 |      8 |      8 |      8 |      8 |      8 |      8 |      9 |      9 |      9 |      9 |      9 |      9 |      9 |     20 |     19 |     21 |     20 |     20 |     6 |     6 |     7 |    11 |    11 |    11 |    11 |    13 |    13 |    13 |     12 |     11 |     14 |     15 |     13 |     12 |     12 |     12 |     12 |     12 |     10 |     10 |     10 |     10 |     10 |     11 |      9 |      9 |      7 |      7 |      8 |      7 |      9 |      9 |      9 |      8 |      8 |      8 |      7 |      8 |      8 |      8 |      8 |      7 |      7 |      8 |      8 |      8 |      8 |      8 |      8 |      9 |      9 |      9 |      9 |      9 |      9 |      9 |      9 |     22 |     19 |     21 |     20 |     20 |
| simulated_k70_l25_92   |                    - |                    - |                    - |                    - |                    - |                    - |                    - |                    - |                    - |                    - |                    - |                    - |                    - |                    - |                    - |                    - |                    - |                    - |                    - |                    - |                    - |                    - |                    - |                    - |                    - |                    - |                    - |                    - |                    - |                    - |                    0 |                   14 |                    9 |                    9 |                   11 |                   14 |                    13 |                     8 |                     7 |                    15 |                    16 |                     7 |                     6 |                    19 |                    18 |                     8 |                     7 |                    12 |                    12 |                    19 |                    19 |                    11 |                     7 |                     6 |                     7 |                     7 |                     7 |                    13 |                    13 |                    14 |                     9 |                     9 |                     4 |                     4 |                    15 |                    15 |                    13 |                    13 |                    17 |                    15 |    13 |    12 |     6 |     8 |    10 |    12 |    11 |    12 |    13 |     14 |     13 |     13 |     12 |     14 |     15 |     14 |     13 |     13 |     13 |     12 |     11 |     10 |     11 |     10 |     10 |     10 |     11 |     11 |     10 |     10 |     10 |      9 |      7 |     10 |     10 |     10 |     10 |      9 |      9 |      9 |     10 |     10 |     10 |     10 |     10 |     11 |     11 |     11 |     11 |     11 |     11 |     11 |     10 |     10 |     10 |     10 |     10 |     10 |     10 |     21 |     21 |     21 |     20 |     20 |     7 |     7 |     8 |    12 |    12 |    11 |    11 |    13 |    14 |    13 |     12 |     11 |     15 |     16 |     14 |     12 |     12 |     12 |     13 |     13 |     12 |     10 |     10 |     10 |     10 |     12 |     10 |     10 |     10 |     10 |      9 |      8 |     10 |     10 |     10 |      9 |      9 |      9 |      9 |     10 |     10 |     10 |     10 |     10 |     10 |     11 |     11 |     11 |     11 |      9 |      9 |     10 |     10 |     10 |     10 |     10 |     10 |     10 |     10 |     22 |     21 |     21 |     20 |     20 |
| simulated_k70_l25_94   |                    - |                    - |                    - |                    - |                    - |                    - |                    - |                    - |                    - |                    - |                    - |                    - |                    - |                    - |                    - |                    - |                    - |                    - |                    - |                    - |                    - |                    - |                    - |                    - |                    - |                    - |                    - |                    - |                    - |                    - |                    - |                    0 |                   15 |                   13 |                   14 |                   16 |                    15 |                    16 |                    15 |                    16 |                    16 |                    15 |                    16 |                    15 |                    14 |                    16 |                    18 |                    15 |                    15 |                    18 |                    17 |                    16 |                    14 |                    16 |                    16 |                    18 |                    17 |                     4 |                     4 |                    14 |                    16 |                    15 |                    16 |                    16 |                    12 |                    12 |                    15 |                    15 |                    12 |                    10 |    14 |    12 |    11 |    12 |    10 |    12 |    12 |    13 |    13 |     14 |     15 |     15 |     14 |     14 |     14 |     15 |     14 |     14 |     14 |     15 |     16 |     15 |     17 |     15 |     15 |     15 |     15 |     15 |     17 |     14 |     14 |     14 |     14 |     13 |     13 |     14 |     14 |     11 |     11 |     10 |     10 |      9 |      9 |      9 |      9 |     10 |     11 |     11 |     11 |     11 |     11 |     11 |     10 |     10 |     10 |     10 |     10 |     10 |     10 |     20 |     21 |     22 |     19 |     21 |     8 |     8 |     8 |    12 |    12 |    12 |    12 |    13 |    14 |    14 |     14 |     13 |     14 |     13 |     15 |     16 |     15 |     16 |     16 |     16 |     17 |     16 |     15 |     15 |     15 |     15 |     17 |     17 |     14 |     14 |     14 |     13 |     14 |     13 |     14 |     11 |     11 |     11 |     10 |     10 |      9 |      9 |      9 |     10 |     10 |     11 |     11 |     11 |     11 |      9 |     10 |     10 |     10 |     10 |     10 |     10 |     10 |     10 |     10 |     20 |     22 |     22 |     19 |     21 |
| simulated_k70_l25_95   |                    - |                    - |                    - |                    - |                    - |                    - |                    - |                    - |                    - |                    - |                    - |                    - |                    - |                    - |                    - |                    - |                    - |                    - |                    - |                    - |                    - |                    - |                    - |                    - |                    - |                    - |                    - |                    - |                    - |                    - |                    - |                    - |                    0 |                    4 |                   12 |                   15 |                    13 |                     9 |                     8 |                    17 |                    16 |                     8 |                     9 |                    19 |                    19 |                    13 |                    12 |                    15 |                    15 |                    20 |                    20 |                    12 |                    10 |                    11 |                    12 |                    12 |                    12 |                    14 |                    14 |                    13 |                    12 |                    12 |                    11 |                    11 |                    17 |                    17 |                    12 |                    12 |                    17 |                    17 |    15 |    12 |    10 |    10 |    11 |    13 |    12 |    13 |    14 |     17 |     15 |     15 |     15 |     15 |     15 |     15 |     15 |     14 |     14 |     14 |     14 |     13 |     16 |     15 |     14 |     14 |     15 |     14 |     13 |     11 |     11 |     10 |     10 |     12 |     12 |     11 |     11 |     12 |     12 |     10 |     11 |     11 |     11 |     11 |     11 |     12 |     12 |     12 |     12 |     12 |     12 |     12 |     11 |     11 |     11 |     11 |     11 |     11 |     11 |     19 |     21 |     23 |     21 |     20 |     8 |     8 |     9 |    13 |    13 |    12 |    12 |    14 |    17 |    16 |     15 |     14 |     16 |     16 |     16 |     15 |     14 |     13 |     14 |     14 |     13 |     13 |     15 |     15 |     14 |     14 |     13 |     13 |     11 |     11 |     10 |     10 |     12 |     12 |     11 |     12 |     12 |     12 |     10 |     11 |     11 |     11 |     11 |     11 |     11 |     12 |     12 |     12 |     12 |     10 |     10 |     11 |     11 |     11 |     11 |     11 |     11 |     11 |     11 |     20 |     21 |     23 |     21 |     20 |
| simulated_k70_l25_96   |                    - |                    - |                    - |                    - |                    - |                    - |                    - |                    - |                    - |                    - |                    - |                    - |                    - |                    - |                    - |                    - |                    - |                    - |                    - |                    - |                    - |                    - |                    - |                    - |                    - |                    - |                    - |                    - |                    - |                    - |                    - |                    - |                    - |                    0 |                   12 |                   17 |                    15 |                    11 |                    10 |                    15 |                    15 |                    10 |                    11 |                    19 |                    19 |                    13 |                    14 |                    15 |                    15 |                    20 |                    20 |                    12 |                    12 |                    13 |                    12 |                    14 |                    14 |                    16 |                    16 |                    13 |                    12 |                    12 |                    11 |                    11 |                    17 |                    17 |                    12 |                    12 |                    19 |                    19 |    15 |    14 |    10 |    10 |    11 |    13 |    12 |    13 |    14 |     16 |     13 |     13 |     13 |     16 |     16 |     16 |     17 |     14 |     14 |     14 |     14 |     13 |     17 |     16 |     15 |     15 |     16 |     16 |     15 |     13 |     13 |     12 |     12 |     14 |     14 |     13 |     13 |     12 |     12 |     11 |     12 |     12 |     12 |     12 |     12 |     13 |     12 |     12 |     12 |     12 |     12 |     12 |     13 |     13 |     13 |     13 |     13 |     13 |     13 |     21 |     20 |     22 |     18 |     19 |     8 |     8 |     9 |    13 |    13 |    12 |    13 |    14 |    16 |    14 |     13 |     12 |     17 |     17 |     17 |     16 |     14 |     14 |     16 |     16 |     15 |     15 |     16 |     16 |     15 |     15 |     15 |     15 |     13 |     13 |     12 |     12 |     14 |     14 |     13 |     12 |     12 |     12 |     11 |     12 |     12 |     12 |     12 |     11 |     11 |     12 |     12 |     12 |     12 |     12 |     12 |     13 |     13 |     13 |     13 |     13 |     13 |     13 |     13 |     21 |     21 |     22 |     18 |     19 |
| simulated_k70_l25_98   |                    - |                    - |                    - |                    - |                    - |                    - |                    - |                    - |                    - |                    - |                    - |                    - |                    - |                    - |                    - |                    - |                    - |                    - |                    - |                    - |                    - |                    - |                    - |                    - |                    - |                    - |                    - |                    - |                    - |                    - |                    - |                    - |                    - |                    - |                    0 |                    7 |                     4 |                     5 |                     6 |                    19 |                    17 |                     6 |                     7 |                    15 |                    14 |                    13 |                    12 |                    14 |                    14 |                    15 |                    15 |                     6 |                     6 |                    11 |                    10 |                    10 |                     9 |                    14 |                    14 |                    17 |                     4 |                     2 |                     9 |                     9 |                    16 |                    16 |                    16 |                    16 |                    16 |                    16 |    11 |    13 |     9 |    10 |     9 |    11 |    12 |    11 |    11 |     12 |     11 |     11 |     12 |     13 |     14 |     13 |     14 |     13 |     13 |     14 |     13 |     12 |     14 |     12 |     11 |     11 |     12 |     10 |      9 |      8 |      8 |      9 |     10 |     12 |     12 |     10 |     10 |     10 |     10 |      9 |      9 |     10 |     10 |     10 |     10 |     10 |      9 |      9 |      9 |      9 |      9 |     10 |      9 |      9 |      9 |      9 |      9 |      9 |      9 |     22 |     19 |     22 |     21 |     22 |     7 |     7 |     8 |    11 |    11 |    12 |    11 |    11 |    12 |    11 |     11 |     11 |     14 |     15 |     15 |     13 |     13 |     13 |     14 |     12 |     11 |     12 |     12 |     12 |     11 |     11 |      9 |      9 |      8 |      8 |      9 |     10 |     12 |     12 |     10 |     10 |     10 |     10 |      9 |      9 |     10 |     10 |     10 |     10 |     10 |     10 |      9 |      9 |      9 |      9 |      8 |      9 |      9 |      9 |      9 |      9 |      9 |      9 |      9 |     23 |     19 |     22 |     21 |     22 |
| simulated_k70_l25_99   |                    - |                    - |                    - |                    - |                    - |                    - |                    - |                    - |                    - |                    - |                    - |                    - |                    - |                    - |                    - |                    - |                    - |                    - |                    - |                    - |                    - |                    - |                    - |                    - |                    - |                    - |                    - |                    - |                    - |                    - |                    - |                    - |                    - |                    - |                    - |                    0 |                     7 |                     8 |                     9 |                    21 |                    19 |                     9 |                    10 |                    15 |                    12 |                    12 |                    11 |                    14 |                    15 |                    13 |                    15 |                     7 |                     9 |                    13 |                    13 |                    13 |                    14 |                    16 |                    16 |                    20 |                     9 |                     7 |                    12 |                    12 |                    18 |                    18 |                    19 |                    19 |                    16 |                    16 |    12 |    14 |    12 |    11 |    10 |    12 |    13 |    13 |    12 |     13 |     12 |     12 |     14 |     15 |     16 |     16 |     17 |     16 |     16 |     15 |     14 |     14 |     16 |     13 |     13 |     13 |     13 |     12 |     12 |     12 |     12 |     12 |     13 |     15 |     15 |     13 |     13 |     14 |     14 |     13 |     13 |     14 |     14 |     14 |     14 |     14 |     14 |     14 |     14 |     14 |     14 |     13 |     12 |     12 |     12 |     12 |     12 |     12 |     12 |     21 |     21 |     19 |     19 |     20 |     8 |     8 |     9 |    12 |    12 |    13 |    13 |    12 |    13 |    12 |     11 |     13 |     16 |     17 |     16 |     17 |     16 |     16 |     16 |     15 |     13 |     14 |     13 |     13 |     13 |     12 |     12 |     12 |     12 |     12 |     12 |     13 |     15 |     15 |     13 |     14 |     14 |     14 |     13 |     13 |     14 |     14 |     14 |     14 |     14 |     14 |     14 |     14 |     14 |     13 |     13 |     12 |     12 |     12 |     12 |     12 |     12 |     12 |     12 |     22 |     19 |     19 |     19 |     20 |
| simulated_k70_l25_100  |                    - |                    - |                    - |                    - |                    - |                    - |                    - |                    - |                    - |                    - |                    - |                    - |                    - |                    - |                    - |                    - |                    - |                    - |                    - |                    - |                    - |                    - |                    - |                    - |                    - |                    - |                    - |                    - |                    - |                    - |                    - |                    - |                    - |                    - |                    - |                    - |                     0 |                     7 |                     8 |                    21 |                    19 |                     8 |                     9 |                    14 |                    13 |                    14 |                    12 |                    14 |                    14 |                    16 |                    16 |                     8 |                     8 |                    12 |                    12 |                    14 |                    11 |                    15 |                    15 |                    21 |                     6 |                     6 |                    11 |                    11 |                    18 |                    18 |                    20 |                    20 |                    16 |                    16 |    12 |    13 |    11 |    11 |     9 |    11 |    12 |    12 |    12 |     13 |     12 |     12 |     13 |     14 |     15 |     14 |     15 |     14 |     14 |     15 |     15 |     14 |     16 |     14 |     13 |     13 |     13 |     11 |     10 |     10 |     10 |     11 |     12 |     14 |     14 |     12 |     12 |     12 |     12 |     12 |     12 |     13 |     13 |     13 |     13 |     13 |     13 |     13 |     13 |     13 |     13 |     12 |     13 |     13 |     13 |     13 |     13 |     13 |     13 |     20 |     19 |     20 |     20 |     22 |     7 |     7 |     8 |    11 |    11 |    12 |    12 |    12 |    13 |    12 |     12 |     12 |     15 |     16 |     15 |     15 |     14 |     14 |     15 |     15 |     14 |     14 |     14 |     14 |     13 |     13 |     10 |     10 |     10 |     10 |     11 |     12 |     14 |     14 |     12 |     12 |     12 |     12 |     12 |     12 |     13 |     13 |     13 |     13 |     13 |     13 |     13 |     13 |     13 |     13 |     12 |     13 |     13 |     13 |     13 |     13 |     13 |     13 |     13 |     21 |     19 |     20 |     20 |     22 |
| simulated_k70_l25_102  |                    - |                    - |                    - |                    - |                    - |                    - |                    - |                    - |                    - |                    - |                    - |                    - |                    - |                    - |                    - |                    - |                    - |                    - |                    - |                    - |                    - |                    - |                    - |                    - |                    - |                    - |                    - |                    - |                    - |                    - |                    - |                    - |                    - |                    - |                    - |                    - |                     - |                     0 |                     3 |                    19 |                    17 |                     1 |                     2 |                    15 |                    14 |                    10 |                     9 |                    14 |                    14 |                    15 |                    15 |                     3 |                     5 |                     8 |                     7 |                     9 |                     9 |                    14 |                    14 |                    15 |                     3 |                     5 |                     6 |                     6 |                    18 |                    18 |                    14 |                    14 |                    18 |                    18 |    11 |    11 |     7 |     7 |     7 |     9 |    10 |    11 |    11 |     12 |     11 |     11 |     12 |     12 |     13 |     13 |     13 |     13 |     13 |     12 |     11 |     10 |     11 |     11 |     10 |     10 |     12 |      9 |      6 |      6 |      6 |      5 |      5 |      7 |      7 |      5 |      5 |      8 |      8 |      7 |      7 |      8 |      8 |      8 |      8 |      8 |      8 |      8 |      8 |      8 |      8 |      7 |      6 |      6 |      6 |      6 |      6 |      6 |      6 |     21 |     19 |     21 |     21 |     21 |     5 |     5 |     6 |     9 |     9 |    10 |    10 |    11 |    12 |    11 |     10 |     11 |     13 |     14 |     14 |     12 |     13 |     12 |     12 |     11 |     10 |     10 |     11 |     11 |     10 |     11 |      6 |      6 |      6 |      6 |      5 |      5 |      7 |      7 |      5 |      8 |      8 |      8 |      7 |      7 |      8 |      8 |      8 |      8 |      8 |      8 |      8 |      8 |      8 |      7 |      7 |      6 |      6 |      6 |      6 |      6 |      6 |      6 |      6 |     23 |     19 |     21 |     21 |     21 |
| simulated_k70_l25_104  |                    - |                    - |                    - |                    - |                    - |                    - |                    - |                    - |                    - |                    - |                    - |                    - |                    - |                    - |                    - |                    - |                    - |                    - |                    - |                    - |                    - |                    - |                    - |                    - |                    - |                    - |                    - |                    - |                    - |                    - |                    - |                    - |                    - |                    - |                    - |                    - |                     - |                     - |                     0 |                    19 |                    18 |                     2 |                     1 |                    17 |                    16 |                     9 |                     8 |                    13 |                    15 |                    17 |                    17 |                     6 |                     6 |                     5 |                     6 |                     6 |                     8 |                    13 |                    13 |                    15 |                     4 |                     6 |                     5 |                     5 |                    17 |                    17 |                    14 |                    14 |                    18 |                    18 |    11 |    10 |     6 |     6 |     7 |     9 |     9 |    11 |    11 |     12 |     11 |     11 |     12 |     13 |     13 |     12 |     12 |     12 |     12 |      9 |      8 |      7 |     11 |     11 |     10 |     10 |     12 |      9 |      6 |      7 |      7 |      6 |      6 |      8 |      8 |      6 |      6 |      7 |      7 |      6 |      6 |      7 |      7 |      7 |      7 |      7 |      7 |      7 |      7 |      7 |      7 |      6 |      5 |      5 |      5 |      5 |      5 |      5 |      5 |     22 |     19 |     22 |     21 |     22 |     4 |     4 |     5 |     9 |     9 |     9 |     9 |    11 |    12 |    11 |     10 |     10 |     13 |     14 |     13 |     13 |     12 |     12 |     11 |     10 |      8 |     10 |     11 |     11 |     10 |     11 |      6 |      6 |      7 |      7 |      6 |      6 |      8 |      8 |      6 |      7 |      7 |      7 |      6 |      6 |      7 |      7 |      7 |      7 |      7 |      7 |      7 |      7 |      7 |      6 |      6 |      5 |      5 |      5 |      5 |      5 |      5 |      5 |      5 |     23 |     18 |     22 |     21 |     22 |
| simulated_k70_l25_105  |                    - |                    - |                    - |                    - |                    - |                    - |                    - |                    - |                    - |                    - |                    - |                    - |                    - |                    - |                    - |                    - |                    - |                    - |                    - |                    - |                    - |                    - |                    - |                    - |                    - |                    - |                    - |                    - |                    - |                    - |                    - |                    - |                    - |                    - |                    - |                    - |                     - |                     - |                     - |                     0 |                     3 |                    19 |                    19 |                    17 |                    19 |                    18 |                    18 |                    15 |                    15 |                    19 |                    18 |                    20 |                    18 |                    19 |                    17 |                    18 |                    18 |                    16 |                    16 |                    15 |                    19 |                    19 |                    18 |                    18 |                    13 |                    13 |                    14 |                    14 |                    14 |                    15 |    15 |    16 |    13 |    14 |    11 |    12 |    13 |    15 |    14 |     13 |     14 |     15 |     16 |     16 |     17 |     18 |     17 |     17 |     17 |     18 |     18 |     16 |     18 |     16 |     16 |     16 |     16 |     15 |     17 |     17 |     17 |     17 |     17 |     16 |     18 |     18 |     18 |     16 |     16 |     16 |     17 |     16 |     16 |     16 |     16 |     17 |     18 |     18 |     18 |     18 |     18 |     18 |     17 |     17 |     17 |     17 |     17 |     17 |     17 |     18 |     22 |     22 |     21 |     20 |    11 |    11 |    10 |    12 |    12 |    13 |    13 |    14 |    13 |    14 |     15 |     15 |     16 |     17 |     17 |     19 |     18 |     18 |     18 |     18 |     17 |     17 |     16 |     16 |     16 |     17 |     17 |     17 |     17 |     17 |     17 |     17 |     17 |     18 |     18 |     16 |     16 |     16 |     16 |     17 |     16 |     16 |     16 |     17 |     17 |     18 |     18 |     18 |     18 |     16 |     17 |     17 |     17 |     17 |     17 |     17 |     17 |     17 |     17 |     19 |     22 |     22 |     21 |     20 |
| simulated_k70_l25_106  |                    - |                    - |                    - |                    - |                    - |                    - |                    - |                    - |                    - |                    - |                    - |                    - |                    - |                    - |                    - |                    - |                    - |                    - |                    - |                    - |                    - |                    - |                    - |                    - |                    - |                    - |                    - |                    - |                    - |                    - |                    - |                    - |                    - |                    - |                    - |                    - |                     - |                     - |                     - |                     - |                     0 |                    18 |                    18 |                    15 |                    17 |                    16 |                    16 |                    16 |                    16 |                    16 |                    16 |                    18 |                    18 |                    19 |                    16 |                    19 |                    18 |                    14 |                    14 |                    12 |                    17 |                    17 |                    17 |                    17 |                    14 |                    14 |                    13 |                    13 |                    13 |                    12 |    14 |    15 |    12 |    12 |    10 |    12 |    13 |    14 |    12 |     13 |     14 |     15 |     15 |     16 |     17 |     17 |     16 |     16 |     16 |     16 |     17 |     16 |     17 |     15 |     15 |     15 |     15 |     14 |     16 |     15 |     15 |     16 |     16 |     13 |     15 |     16 |     16 |     13 |     13 |     14 |     14 |     13 |     13 |     13 |     13 |     14 |     15 |     15 |     15 |     15 |     15 |     15 |     14 |     14 |     14 |     14 |     14 |     14 |     14 |     19 |     22 |     22 |     21 |     20 |    10 |    10 |     9 |    12 |    12 |    13 |    12 |    12 |    13 |    13 |     15 |     15 |     16 |     17 |     16 |     17 |     17 |     16 |     16 |     16 |     17 |     16 |     15 |     15 |     15 |     16 |     16 |     16 |     15 |     15 |     16 |     15 |     14 |     15 |     16 |     13 |     13 |     13 |     14 |     14 |     13 |     13 |     13 |     14 |     14 |     15 |     15 |     15 |     15 |     13 |     14 |     14 |     14 |     14 |     14 |     14 |     14 |     14 |     14 |     20 |     22 |     22 |     21 |     20 |
| simulated_k70_l25_107  |                    - |                    - |                    - |                    - |                    - |                    - |                    - |                    - |                    - |                    - |                    - |                    - |                    - |                    - |                    - |                    - |                    - |                    - |                    - |                    - |                    - |                    - |                    - |                    - |                    - |                    - |                    - |                    - |                    - |                    - |                    - |                    - |                    - |                    - |                    - |                    - |                     - |                     - |                     - |                     - |                     - |                     0 |                     1 |                    16 |                    15 |                     9 |                     8 |                    13 |                    13 |                    16 |                    16 |                     4 |                     6 |                     7 |                     6 |                     8 |                     8 |                    13 |                    13 |                    15 |                     4 |                     6 |                     5 |                     5 |                    17 |                    17 |                    14 |                    14 |                    17 |                    17 |    11 |    10 |     6 |     6 |     7 |     9 |     9 |    10 |    11 |     12 |     11 |     11 |     12 |     13 |     13 |     12 |     12 |     12 |     12 |     11 |     10 |      9 |     11 |     11 |     10 |     10 |     12 |      9 |      6 |      5 |      5 |      4 |      4 |      6 |      6 |      4 |      4 |      7 |      7 |      6 |      6 |      7 |      7 |      7 |      7 |      7 |      7 |      7 |      7 |      7 |      7 |      6 |      5 |      5 |      5 |      5 |      5 |      5 |      5 |     21 |     18 |     21 |     21 |     21 |     4 |     4 |     5 |     9 |     9 |     9 |     9 |    11 |    12 |    11 |     10 |     10 |     13 |     14 |     13 |     12 |     12 |     12 |     11 |     11 |     10 |     10 |     11 |     11 |     10 |     11 |      6 |      6 |      5 |      5 |      4 |      4 |      6 |      6 |      4 |      7 |      7 |      7 |      6 |      6 |      7 |      7 |      7 |      7 |      7 |      7 |      7 |      7 |      7 |      6 |      6 |      5 |      5 |      5 |      5 |      5 |      5 |      5 |      5 |     23 |     18 |     21 |     21 |     21 |
| simulated_k70_l25_108  |                    - |                    - |                    - |                    - |                    - |                    - |                    - |                    - |                    - |                    - |                    - |                    - |                    - |                    - |                    - |                    - |                    - |                    - |                    - |                    - |                    - |                    - |                    - |                    - |                    - |                    - |                    - |                    - |                    - |                    - |                    - |                    - |                    - |                    - |                    - |                    - |                     - |                     - |                     - |                     - |                     - |                     - |                     0 |                    17 |                    16 |                     8 |                     7 |                    12 |                    14 |                    17 |                    17 |                     5 |                     7 |                     6 |                     5 |                     7 |                     7 |                    14 |                    14 |                    16 |                     5 |                     5 |                     4 |                     4 |                    18 |                    18 |                    15 |                    15 |                    17 |                    17 |    11 |    10 |     6 |     7 |     7 |     9 |     9 |    11 |    11 |     12 |     11 |     11 |     12 |     13 |     13 |     12 |     12 |     11 |     11 |     10 |      9 |      8 |     10 |     10 |      9 |      9 |     11 |      8 |      7 |      6 |      6 |      5 |      5 |      7 |      7 |      5 |      5 |      8 |      8 |      7 |      7 |      8 |      8 |      8 |      8 |      8 |      8 |      8 |      8 |      8 |      8 |      7 |      6 |      6 |      6 |      6 |      6 |      6 |      6 |     21 |     19 |     21 |     20 |     22 |     4 |     4 |     5 |     9 |     9 |     9 |     9 |    11 |    12 |    11 |     10 |     10 |     13 |     14 |     13 |     13 |     11 |     11 |     11 |     11 |      9 |      9 |     10 |     10 |      9 |     10 |      7 |      7 |      6 |      6 |      5 |      5 |      7 |      7 |      5 |      8 |      8 |      8 |      7 |      7 |      8 |      8 |      8 |      8 |      8 |      8 |      8 |      8 |      8 |      7 |      7 |      6 |      6 |      6 |      6 |      6 |      6 |      6 |      6 |     23 |     19 |     21 |     20 |     22 |
| simulated_k70_l25_109  |                    - |                    - |                    - |                    - |                    - |                    - |                    - |                    - |                    - |                    - |                    - |                    - |                    - |                    - |                    - |                    - |                    - |                    - |                    - |                    - |                    - |                    - |                    - |                    - |                    - |                    - |                    - |                    - |                    - |                    - |                    - |                    - |                    - |                    - |                    - |                    - |                     - |                     - |                     - |                     - |                     - |                     - |                     - |                     0 |                     5 |                    17 |                    15 |                    22 |                    21 |                     7 |                     4 |                    14 |                    16 |                    19 |                    18 |                    19 |                    18 |                    13 |                    13 |                    17 |                    16 |                    15 |                    17 |                    17 |                    19 |                    19 |                    18 |                    18 |                    16 |                    17 |    14 |    16 |    14 |    15 |    11 |    13 |    15 |    15 |    16 |     16 |     17 |     16 |     16 |     17 |     19 |     16 |     19 |     18 |     18 |     18 |     19 |     18 |     18 |     16 |     17 |     17 |     15 |     16 |     17 |     15 |     15 |     15 |     15 |     16 |     15 |     14 |     14 |     13 |     13 |     15 |     15 |     14 |     14 |     14 |     14 |     14 |     14 |     14 |     14 |     14 |     14 |     15 |     14 |     14 |     14 |     14 |     14 |     14 |     14 |     21 |     22 |     22 |     19 |     20 |    11 |    11 |    10 |    13 |    13 |    15 |    15 |    16 |    16 |    17 |     16 |     16 |     18 |     17 |     17 |     18 |     18 |     19 |     18 |     17 |     18 |     18 |     16 |     16 |     17 |     16 |     17 |     17 |     15 |     15 |     15 |     16 |     16 |     15 |     14 |     13 |     13 |     13 |     15 |     15 |     14 |     14 |     14 |     15 |     15 |     15 |     14 |     14 |     14 |     14 |     15 |     14 |     14 |     14 |     14 |     14 |     14 |     14 |     14 |     22 |     21 |     22 |     19 |     20 |
| simulated_k70_l25_110  |                    - |                    - |                    - |                    - |                    - |                    - |                    - |                    - |                    - |                    - |                    - |                    - |                    - |                    - |                    - |                    - |                    - |                    - |                    - |                    - |                    - |                    - |                    - |                    - |                    - |                    - |                    - |                    - |                    - |                    - |                    - |                    - |                    - |                    - |                    - |                    - |                     - |                     - |                     - |                     - |                     - |                     - |                     - |                     - |                     0 |                    16 |                    15 |                    21 |                    20 |                     6 |                     7 |                    14 |                    16 |                    18 |                    18 |                    19 |                    18 |                    12 |                    12 |                    17 |                    17 |                    16 |                    17 |                    17 |                    18 |                    18 |                    18 |                    18 |                    15 |                    16 |    13 |    15 |    12 |    14 |    10 |    12 |    14 |    14 |    15 |     15 |     16 |     15 |     15 |     16 |     18 |     16 |     18 |     18 |     18 |     17 |     17 |     16 |     16 |     13 |     14 |     14 |     13 |     15 |     17 |     15 |     15 |     15 |     15 |     16 |     16 |     15 |     15 |     14 |     14 |     15 |     15 |     14 |     14 |     14 |     14 |     14 |     15 |     15 |     15 |     15 |     15 |     14 |     13 |     13 |     13 |     13 |     13 |     13 |     13 |     20 |     21 |     22 |     21 |     19 |    10 |    10 |     9 |    12 |    12 |    14 |    14 |    15 |    15 |    16 |     15 |     15 |     17 |     17 |     17 |     18 |     18 |     18 |     17 |     16 |     17 |     15 |     13 |     13 |     14 |     13 |     17 |     17 |     15 |     15 |     15 |     16 |     16 |     16 |     15 |     14 |     14 |     14 |     15 |     15 |     14 |     14 |     14 |     15 |     15 |     15 |     15 |     15 |     15 |     14 |     14 |     13 |     13 |     13 |     13 |     13 |     13 |     13 |     13 |     21 |     21 |     22 |     21 |     19 |
| simulated_k70_l25_111  |                    - |                    - |                    - |                    - |                    - |                    - |                    - |                    - |                    - |                    - |                    - |                    - |                    - |                    - |                    - |                    - |                    - |                    - |                    - |                    - |                    - |                    - |                    - |                    - |                    - |                    - |                    - |                    - |                    - |                    - |                    - |                    - |                    - |                    - |                    - |                    - |                     - |                     - |                     - |                     - |                     - |                     - |                     - |                     - |                     - |                     0 |                     3 |                    14 |                    14 |                    17 |                    16 |                    11 |                    13 |                     8 |                     9 |                     9 |                    11 |                    13 |                    13 |                    16 |                    11 |                    11 |                     8 |                     8 |                    16 |                    16 |                    15 |                    15 |                    17 |                    15 |    14 |    15 |    10 |    12 |    12 |    13 |    12 |    14 |    14 |     15 |     14 |     14 |     14 |     15 |     15 |     16 |     15 |     14 |     14 |     11 |     10 |      9 |     12 |     12 |     12 |     12 |     11 |     13 |     14 |     12 |     12 |     11 |      9 |     12 |     12 |     12 |     12 |     13 |     13 |     12 |     13 |     13 |     13 |     13 |     13 |     14 |     13 |     13 |     13 |     13 |     13 |     13 |     14 |     14 |     14 |     14 |     14 |     14 |     14 |     21 |     20 |     21 |     20 |     18 |     9 |     9 |    10 |    13 |    13 |    12 |    13 |    14 |    15 |    15 |     15 |     13 |     15 |     16 |     14 |     16 |     13 |     13 |     12 |     13 |     11 |     12 |     12 |     12 |     12 |     12 |     14 |     14 |     12 |     12 |     11 |     10 |     12 |     12 |     12 |     13 |     13 |     13 |     12 |     13 |     13 |     13 |     13 |     12 |     12 |     13 |     13 |     13 |     13 |     13 |     13 |     14 |     14 |     14 |     14 |     14 |     14 |     14 |     14 |     21 |     20 |     21 |     20 |     18 |
| simulated_k70_l25_112  |                    - |                    - |                    - |                    - |                    - |                    - |                    - |                    - |                    - |                    - |                    - |                    - |                    - |                    - |                    - |                    - |                    - |                    - |                    - |                    - |                    - |                    - |                    - |                    - |                    - |                    - |                    - |                    - |                    - |                    - |                    - |                    - |                    - |                    - |                    - |                    - |                     - |                     - |                     - |                     - |                     - |                     - |                     - |                     - |                     - |                     - |                     0 |                    13 |                    14 |                    18 |                    15 |                     8 |                    12 |                     7 |                     6 |                     6 |                     8 |                    15 |                    15 |                    16 |                     8 |                    10 |                     5 |                     5 |                    16 |                    16 |                    15 |                    15 |                    18 |                    18 |    12 |    14 |     8 |    10 |    10 |    12 |    12 |    13 |    13 |     13 |     12 |     12 |     13 |     14 |     14 |     15 |     14 |     13 |     13 |     11 |     10 |      9 |     12 |     10 |     10 |     10 |      9 |     10 |     11 |      9 |      9 |     10 |      8 |     11 |     11 |     11 |     11 |     10 |     10 |     10 |     11 |     11 |     11 |     11 |     11 |     12 |     12 |     12 |     12 |     12 |     12 |     12 |     11 |     11 |     11 |     11 |     11 |     11 |     11 |     21 |     18 |     22 |     20 |     19 |     7 |     7 |     8 |    12 |    12 |    12 |    12 |    13 |    13 |    13 |     13 |     11 |     14 |     15 |     13 |     14 |     11 |     13 |     10 |     11 |      9 |     10 |     10 |     10 |     10 |     10 |     11 |     11 |      9 |      9 |     10 |      9 |     11 |     11 |     11 |     10 |     10 |     10 |     10 |     11 |     11 |     11 |     11 |     11 |     11 |     12 |     12 |     12 |     12 |     10 |     10 |     11 |     11 |     11 |     11 |     11 |     11 |     11 |     11 |     21 |     19 |     22 |     20 |     19 |
| simulated_k70_l25_113  |                    - |                    - |                    - |                    - |                    - |                    - |                    - |                    - |                    - |                    - |                    - |                    - |                    - |                    - |                    - |                    - |                    - |                    - |                    - |                    - |                    - |                    - |                    - |                    - |                    - |                    - |                    - |                    - |                    - |                    - |                    - |                    - |                    - |                    - |                    - |                    - |                     - |                     - |                     - |                     - |                     - |                     - |                     - |                     - |                     - |                     - |                     - |                     0 |                     4 |                    22 |                    22 |                    15 |                    11 |                    13 |                    11 |                    13 |                    12 |                    15 |                    15 |                    15 |                    15 |                    13 |                    12 |                    12 |                    12 |                    12 |                    14 |                    14 |                    13 |                    11 |    16 |    15 |    13 |    12 |    12 |    13 |    13 |    13 |    14 |     15 |     15 |     14 |     14 |     13 |     13 |     13 |     12 |     12 |     12 |     14 |     13 |     13 |     15 |     13 |     14 |     14 |     15 |     14 |     16 |     15 |     15 |     14 |     15 |     17 |     17 |     16 |     16 |     17 |     17 |     16 |     17 |     17 |     17 |     17 |     17 |     18 |     17 |     17 |     17 |     17 |     17 |     17 |     18 |     18 |     18 |     18 |     18 |     18 |     18 |     22 |     20 |     22 |     20 |     19 |    10 |    10 |    10 |    13 |    13 |    13 |    12 |    14 |    15 |    15 |     14 |     13 |     13 |     14 |     13 |     13 |     14 |     13 |     15 |     14 |     14 |     14 |     13 |     13 |     14 |     14 |     16 |     16 |     15 |     15 |     14 |     15 |     17 |     17 |     16 |     17 |     17 |     17 |     16 |     17 |     17 |     17 |     17 |     16 |     16 |     17 |     17 |     17 |     17 |     17 |     17 |     18 |     18 |     18 |     18 |     18 |     18 |     18 |     18 |     23 |     21 |     22 |     20 |     19 |
| simulated_k70_l25_114  |                    - |                    - |                    - |                    - |                    - |                    - |                    - |                    - |                    - |                    - |                    - |                    - |                    - |                    - |                    - |                    - |                    - |                    - |                    - |                    - |                    - |                    - |                    - |                    - |                    - |                    - |                    - |                    - |                    - |                    - |                    - |                    - |                    - |                    - |                    - |                    - |                     - |                     - |                     - |                     - |                     - |                     - |                     - |                     - |                     - |                     - |                     - |                     - |                     0 |                    21 |                    21 |                    15 |                    13 |                    15 |                    13 |                    13 |                    13 |                    15 |                    15 |                    16 |                    15 |                    13 |                    14 |                    14 |                    12 |                    12 |                    15 |                    15 |                    14 |                    14 |    16 |    15 |    13 |    12 |    12 |    13 |    13 |    13 |    14 |     15 |     15 |     14 |     14 |     13 |     12 |     13 |     13 |     13 |     13 |     15 |     14 |     14 |     16 |     15 |     16 |     16 |     17 |     16 |     16 |     15 |     15 |     14 |     14 |     15 |     15 |     14 |     14 |     15 |     15 |     16 |     17 |     17 |     17 |     17 |     17 |     18 |     17 |     17 |     17 |     17 |     17 |     17 |     18 |     18 |     18 |     18 |     18 |     18 |     18 |     21 |     21 |     22 |     20 |     21 |    10 |    10 |    10 |    13 |    13 |    13 |    12 |    14 |    15 |    15 |     14 |     13 |     13 |     14 |     14 |     14 |     15 |     14 |     14 |     15 |     16 |     16 |     15 |     15 |     16 |     16 |     16 |     16 |     15 |     15 |     14 |     15 |     15 |     15 |     14 |     15 |     15 |     15 |     16 |     17 |     17 |     17 |     17 |     16 |     16 |     17 |     17 |     17 |     17 |     17 |     17 |     18 |     18 |     18 |     18 |     18 |     18 |     18 |     18 |     22 |     21 |     22 |     20 |     21 |
| simulated_k70_l25_115  |                    - |                    - |                    - |                    - |                    - |                    - |                    - |                    - |                    - |                    - |                    - |                    - |                    - |                    - |                    - |                    - |                    - |                    - |                    - |                    - |                    - |                    - |                    - |                    - |                    - |                    - |                    - |                    - |                    - |                    - |                    - |                    - |                    - |                    - |                    - |                    - |                     - |                     - |                     - |                     - |                     - |                     - |                     - |                     - |                     - |                     - |                     - |                     - |                     - |                     0 |                     5 |                    15 |                    17 |                    18 |                    18 |                    19 |                    17 |                    16 |                    16 |                    16 |                    18 |                    17 |                    16 |                    16 |                    22 |                    22 |                    16 |                    16 |                    18 |                    19 |    16 |    16 |    16 |    14 |    12 |    14 |    16 |    16 |    17 |     17 |     18 |     17 |     16 |     17 |     19 |     18 |     19 |     19 |     19 |     20 |     19 |     18 |     19 |     16 |     16 |     16 |     16 |     16 |     17 |     16 |     16 |     16 |     16 |     16 |     16 |     17 |     17 |     16 |     16 |     16 |     16 |     16 |     16 |     16 |     16 |     16 |     17 |     17 |     17 |     17 |     17 |     16 |     15 |     15 |     15 |     15 |     15 |     15 |     15 |     20 |     20 |     22 |     22 |     18 |    12 |    12 |    11 |    14 |    14 |    16 |    16 |    17 |    17 |    18 |     17 |     17 |     18 |     18 |     19 |     20 |     19 |     20 |     21 |     19 |     18 |     17 |     16 |     16 |     16 |     15 |     17 |     17 |     16 |     16 |     16 |     17 |     16 |     16 |     17 |     16 |     16 |     16 |     16 |     16 |     16 |     16 |     16 |     17 |     17 |     17 |     17 |     17 |     17 |     16 |     16 |     15 |     15 |     15 |     15 |     15 |     15 |     15 |     15 |     21 |     20 |     22 |     22 |     18 |
| simulated_k70_l25_116  |                    - |                    - |                    - |                    - |                    - |                    - |                    - |                    - |                    - |                    - |                    - |                    - |                    - |                    - |                    - |                    - |                    - |                    - |                    - |                    - |                    - |                    - |                    - |                    - |                    - |                    - |                    - |                    - |                    - |                    - |                    - |                    - |                    - |                    - |                    - |                    - |                     - |                     - |                     - |                     - |                     - |                     - |                     - |                     - |                     - |                     - |                     - |                     - |                     - |                     - |                     0 |                    14 |                    16 |                    17 |                    18 |                    19 |                    18 |                    16 |                    16 |                    16 |                    16 |                    15 |                    17 |                    17 |                    21 |                    21 |                    17 |                    17 |                    18 |                    19 |    15 |    15 |    15 |    16 |    12 |    14 |    16 |    16 |    17 |     17 |     18 |     17 |     17 |     18 |     20 |     18 |     19 |     20 |     20 |     20 |     19 |     18 |     18 |     16 |     17 |     17 |     15 |     16 |     17 |     15 |     15 |     15 |     15 |     16 |     15 |     14 |     14 |     13 |     13 |     15 |     15 |     14 |     14 |     14 |     14 |     14 |     14 |     14 |     14 |     14 |     14 |     15 |     14 |     14 |     14 |     14 |     14 |     14 |     14 |     20 |     22 |     22 |     20 |     19 |    12 |    12 |    11 |    14 |    14 |    16 |    16 |    17 |    17 |    18 |     17 |     17 |     19 |     19 |     19 |     19 |     20 |     20 |     19 |     17 |     18 |     18 |     16 |     16 |     17 |     16 |     17 |     17 |     15 |     15 |     15 |     16 |     16 |     15 |     14 |     13 |     13 |     13 |     15 |     15 |     14 |     14 |     14 |     15 |     15 |     15 |     14 |     14 |     14 |     14 |     15 |     14 |     14 |     14 |     14 |     14 |     14 |     14 |     14 |     21 |     21 |     22 |     20 |     19 |
| simulated_k70_l25_117  |                    - |                    - |                    - |                    - |                    - |                    - |                    - |                    - |                    - |                    - |                    - |                    - |                    - |                    - |                    - |                    - |                    - |                    - |                    - |                    - |                    - |                    - |                    - |                    - |                    - |                    - |                    - |                    - |                    - |                    - |                    - |                    - |                    - |                    - |                    - |                    - |                     - |                     - |                     - |                     - |                     - |                     - |                     - |                     - |                     - |                     - |                     - |                     - |                     - |                     - |                     - |                     0 |                     6 |                    11 |                     8 |                    10 |                    10 |                    16 |                    16 |                    17 |                     4 |                     6 |                     7 |                     7 |                    19 |                    19 |                    16 |                    16 |                    18 |                    18 |    10 |    13 |     9 |    10 |     8 |    10 |    11 |    12 |    12 |     13 |     12 |     12 |     13 |     13 |     14 |     14 |     14 |     14 |     14 |     13 |     12 |     11 |     13 |     10 |     10 |     10 |     11 |      9 |      8 |      8 |      8 |      7 |      7 |      9 |      9 |      8 |      8 |      8 |      8 |      8 |      8 |      9 |      9 |      9 |      9 |      9 |      9 |      9 |      9 |      9 |      9 |      8 |      9 |      9 |      9 |      9 |      9 |      9 |      9 |     22 |     20 |     22 |     19 |     19 |     6 |     6 |     7 |    10 |    10 |    11 |    11 |    12 |    13 |    12 |     11 |     12 |     14 |     15 |     15 |     14 |     14 |     13 |     12 |     11 |     10 |     10 |     10 |     10 |     10 |     10 |      8 |      8 |      8 |      8 |      7 |      7 |      8 |      9 |      8 |      8 |      8 |      8 |      8 |      8 |      9 |      9 |      9 |      9 |      9 |      9 |      9 |      9 |      9 |      9 |      8 |      9 |      9 |      9 |      9 |      9 |      9 |      9 |      9 |     23 |     19 |     22 |     19 |     19 |
| simulated_k70_l25_118  |                    - |                    - |                    - |                    - |                    - |                    - |                    - |                    - |                    - |                    - |                    - |                    - |                    - |                    - |                    - |                    - |                    - |                    - |                    - |                    - |                    - |                    - |                    - |                    - |                    - |                    - |                    - |                    - |                    - |                    - |                    - |                    - |                    - |                    - |                    - |                    - |                     - |                     - |                     - |                     - |                     - |                     - |                     - |                     - |                     - |                     - |                     - |                     - |                     - |                     - |                     - |                     - |                     0 |                    11 |                    12 |                    12 |                    11 |                    14 |                    14 |                    17 |                     4 |                     4 |                    11 |                    11 |                    17 |                    17 |                    16 |                    16 |                    15 |                    15 |    13 |    11 |     9 |    10 |     9 |    11 |    11 |    11 |    11 |     13 |     11 |     11 |     12 |     15 |     14 |     14 |     14 |     14 |     14 |     13 |     12 |     11 |     14 |     13 |     12 |     12 |     13 |     11 |      8 |     10 |     10 |      9 |      9 |     11 |     11 |     10 |     10 |     12 |     12 |     11 |     11 |     12 |     12 |     12 |     12 |     12 |     11 |     11 |     11 |     11 |     11 |     12 |     11 |     11 |     11 |     11 |     11 |     11 |     11 |     23 |     21 |     22 |     20 |     21 |     7 |     7 |     8 |    11 |    11 |    11 |    11 |    11 |    13 |    11 |     10 |     11 |     16 |     15 |     14 |     15 |     14 |     13 |     14 |     12 |     11 |     12 |     13 |     13 |     12 |     12 |      8 |      8 |     10 |     10 |      9 |      9 |     10 |     11 |     10 |     12 |     12 |     12 |     11 |     11 |     12 |     12 |     12 |     12 |     12 |     12 |     11 |     11 |     11 |     12 |     12 |     11 |     11 |     11 |     11 |     11 |     11 |     11 |     11 |     23 |     21 |     22 |     20 |     21 |
| simulated_k70_l25_120  |                    - |                    - |                    - |                    - |                    - |                    - |                    - |                    - |                    - |                    - |                    - |                    - |                    - |                    - |                    - |                    - |                    - |                    - |                    - |                    - |                    - |                    - |                    - |                    - |                    - |                    - |                    - |                    - |                    - |                    - |                    - |                    - |                    - |                    - |                    - |                    - |                     - |                     - |                     - |                     - |                     - |                     - |                     - |                     - |                     - |                     - |                     - |                     - |                     - |                     - |                     - |                     - |                     - |                     0 |                     7 |                     7 |                     7 |                    13 |                    13 |                    17 |                     9 |                    11 |                     4 |                     4 |                    18 |                    18 |                    16 |                    16 |                    16 |                    15 |    13 |    13 |     9 |     9 |    10 |    11 |    11 |    13 |    14 |     15 |     14 |     14 |     14 |     15 |     15 |     16 |     15 |     15 |     15 |     12 |     11 |     10 |     12 |     12 |     12 |     12 |     14 |     13 |     10 |     10 |     10 |      9 |      7 |     10 |     10 |     10 |     10 |      9 |      9 |      9 |     10 |     10 |     10 |     10 |     10 |     11 |     11 |     11 |     11 |     11 |     11 |     11 |     10 |     10 |     10 |     10 |     10 |     10 |     10 |     22 |     20 |     21 |     20 |     20 |     7 |     7 |     8 |    11 |    11 |    11 |    12 |    14 |    15 |    14 |     13 |     12 |     15 |     16 |     15 |     14 |     13 |     14 |     14 |     13 |     12 |     12 |     12 |     12 |     12 |     14 |     10 |     10 |     10 |     10 |      9 |      8 |     10 |     10 |     10 |      9 |      9 |      9 |      9 |     10 |     10 |     10 |     10 |     10 |     10 |     11 |     11 |     11 |     11 |      9 |      9 |     10 |     10 |     10 |     10 |     10 |     10 |     10 |     10 |     23 |     19 |     21 |     20 |     20 |
| simulated_k70_l25_121  |                    - |                    - |                    - |                    - |                    - |                    - |                    - |                    - |                    - |                    - |                    - |                    - |                    - |                    - |                    - |                    - |                    - |                    - |                    - |                    - |                    - |                    - |                    - |                    - |                    - |                    - |                    - |                    - |                    - |                    - |                    - |                    - |                    - |                    - |                    - |                    - |                     - |                     - |                     - |                     - |                     - |                     - |                     - |                     - |                     - |                     - |                     - |                     - |                     - |                     - |                     - |                     - |                     - |                     - |                     0 |                     4 |                     6 |                    15 |                    15 |                    18 |                     8 |                     8 |                     5 |                     5 |                    15 |                    15 |                    17 |                    17 |                    17 |                    15 |    12 |    14 |    10 |    11 |    10 |    11 |    11 |    12 |    13 |     12 |     13 |     13 |     13 |     14 |     14 |     15 |     15 |     14 |     14 |     13 |     12 |     11 |     13 |     10 |     10 |     10 |     11 |     10 |     11 |      7 |      7 |      8 |      6 |      9 |      9 |      9 |      9 |     10 |     10 |      9 |     10 |     10 |     10 |     10 |     10 |     11 |     10 |     10 |     10 |     10 |     10 |     10 |     11 |     11 |     11 |     11 |     11 |     11 |     11 |     21 |     19 |     21 |     21 |     20 |     7 |     7 |     8 |    11 |    11 |    11 |    11 |    13 |    12 |    12 |     12 |     11 |     14 |     15 |     14 |     14 |     13 |     12 |     13 |     13 |     12 |     11 |     10 |     10 |     10 |     11 |     11 |     11 |      7 |      7 |      8 |      7 |      9 |      9 |      9 |     10 |     10 |     10 |      9 |     10 |     10 |     10 |     10 |      9 |      9 |     10 |     10 |     10 |     10 |     10 |     10 |     11 |     11 |     11 |     11 |     11 |     11 |     11 |     11 |     22 |     19 |     21 |     21 |     20 |
| simulated_k70_l25_122  |                    - |                    - |                    - |                    - |                    - |                    - |                    - |                    - |                    - |                    - |                    - |                    - |                    - |                    - |                    - |                    - |                    - |                    - |                    - |                    - |                    - |                    - |                    - |                    - |                    - |                    - |                    - |                    - |                    - |                    - |                    - |                    - |                    - |                    - |                    - |                    - |                     - |                     - |                     - |                     - |                     - |                     - |                     - |                     - |                     - |                     - |                     - |                     - |                     - |                     - |                     - |                     - |                     - |                     - |                     - |                     0 |                     8 |                    15 |                    15 |                    17 |                    10 |                    10 |                     5 |                     5 |                    14 |                    14 |                    16 |                    16 |                    18 |                    18 |    11 |    14 |    10 |    10 |    10 |    11 |    11 |    12 |    12 |     12 |     13 |     11 |     11 |     12 |     12 |     15 |     15 |     13 |     13 |     13 |     12 |     11 |     14 |     12 |     12 |     12 |     13 |     12 |     11 |      9 |      9 |     10 |      8 |     11 |     11 |     11 |     11 |     10 |     10 |     10 |     11 |     11 |     11 |     11 |     11 |     12 |     12 |     12 |     12 |     12 |     12 |     12 |     11 |     11 |     11 |     11 |     11 |     11 |     11 |     21 |     20 |     22 |     21 |     20 |     7 |     7 |     8 |    11 |    11 |    11 |    11 |    12 |    12 |    12 |     11 |      9 |     12 |     13 |     13 |     13 |     11 |     12 |     12 |     13 |     12 |     12 |     12 |     12 |     12 |     13 |     11 |     11 |      9 |      9 |     10 |      9 |     11 |     11 |     11 |     10 |     10 |     10 |     10 |     11 |     11 |     11 |     11 |     11 |     11 |     12 |     12 |     12 |     12 |     10 |     10 |     11 |     11 |     11 |     11 |     11 |     11 |     11 |     11 |     23 |     20 |     22 |     21 |     20 |
| simulated_k70_l25_124  |                    - |                    - |                    - |                    - |                    - |                    - |                    - |                    - |                    - |                    - |                    - |                    - |                    - |                    - |                    - |                    - |                    - |                    - |                    - |                    - |                    - |                    - |                    - |                    - |                    - |                    - |                    - |                    - |                    - |                    - |                    - |                    - |                    - |                    - |                    - |                    - |                     - |                     - |                     - |                     - |                     - |                     - |                     - |                     - |                     - |                     - |                     - |                     - |                     - |                     - |                     - |                     - |                     - |                     - |                     - |                     - |                     0 |                    17 |                    17 |                    18 |                    10 |                    10 |                     3 |                     3 |                    15 |                    15 |                    17 |                    17 |                    18 |                    16 |    13 |    14 |    10 |    11 |    10 |    12 |    11 |    12 |    13 |     13 |     12 |     13 |     12 |     13 |     14 |     12 |     12 |     13 |     13 |     14 |     13 |     11 |     12 |     12 |     12 |     12 |     14 |     12 |     12 |      8 |      8 |      9 |      8 |     11 |     11 |     11 |     11 |     12 |     12 |     11 |     12 |     12 |     12 |     12 |     12 |     13 |     12 |     12 |     12 |     12 |     12 |     12 |     13 |     13 |     13 |     13 |     13 |     13 |     13 |     21 |     19 |     21 |     20 |     20 |     7 |     7 |     8 |    12 |    12 |    11 |    11 |    13 |    13 |    12 |     13 |     11 |     14 |     15 |     13 |     11 |     11 |     12 |     14 |     15 |     12 |     12 |     12 |     12 |     12 |     14 |     12 |     12 |      8 |      8 |      9 |      9 |     11 |     11 |     11 |     12 |     12 |     12 |     11 |     12 |     12 |     12 |     12 |     11 |     11 |     12 |     12 |     12 |     12 |     12 |     12 |     13 |     13 |     13 |     13 |     13 |     13 |     13 |     13 |     21 |     19 |     21 |     20 |     20 |
| simulated_k70_l25_125  |                    - |                    - |                    - |                    - |                    - |                    - |                    - |                    - |                    - |                    - |                    - |                    - |                    - |                    - |                    - |                    - |                    - |                    - |                    - |                    - |                    - |                    - |                    - |                    - |                    - |                    - |                    - |                    - |                    - |                    - |                    - |                    - |                    - |                    - |                    - |                    - |                     - |                     - |                     - |                     - |                     - |                     - |                     - |                     - |                     - |                     - |                     - |                     - |                     - |                     - |                     - |                     - |                     - |                     - |                     - |                     - |                     - |                     0 |                     0 |                    10 |                    16 |                    13 |                    15 |                    15 |                    14 |                    14 |                    11 |                    11 |                    12 |                    12 |    13 |    13 |    11 |    12 |    10 |    12 |    12 |    13 |    13 |     14 |     14 |     16 |     14 |     15 |     15 |     15 |     13 |     13 |     13 |     15 |     14 |     14 |     16 |     16 |     15 |     15 |     15 |     14 |     16 |     13 |     13 |     13 |     12 |     11 |     12 |     11 |     11 |      9 |      9 |     10 |     10 |      9 |      9 |      9 |      9 |     10 |     11 |     11 |     11 |     11 |     11 |     11 |     10 |     10 |     10 |     10 |     10 |     10 |     10 |     20 |     22 |     21 |     20 |     21 |     8 |     8 |     8 |    12 |    12 |    12 |    12 |    13 |    14 |    14 |     15 |     14 |     15 |     15 |     14 |     15 |     14 |     16 |     16 |     16 |     17 |     15 |     16 |     16 |     15 |     15 |     16 |     16 |     13 |     13 |     13 |     12 |     12 |     12 |     11 |      9 |      9 |      9 |     10 |     10 |      9 |      9 |      9 |     10 |     10 |     11 |     11 |     11 |     11 |      9 |     10 |     10 |     10 |     10 |     10 |     10 |     10 |     10 |     10 |     20 |     23 |     21 |     20 |     21 |
| simulated_k70_l25_126  |                    - |                    - |                    - |                    - |                    - |                    - |                    - |                    - |                    - |                    - |                    - |                    - |                    - |                    - |                    - |                    - |                    - |                    - |                    - |                    - |                    - |                    - |                    - |                    - |                    - |                    - |                    - |                    - |                    - |                    - |                    - |                    - |                    - |                    - |                    - |                    - |                     - |                     - |                     - |                     - |                     - |                     - |                     - |                     - |                     - |                     - |                     - |                     - |                     - |                     - |                     - |                     - |                     - |                     - |                     - |                     - |                     - |                     - |                     0 |                    10 |                    16 |                    13 |                    15 |                    15 |                    14 |                    14 |                    11 |                    11 |                    12 |                    12 |    13 |    13 |    11 |    12 |    10 |    12 |    12 |    13 |    13 |     14 |     14 |     16 |     14 |     15 |     15 |     15 |     13 |     13 |     13 |     15 |     14 |     14 |     16 |     16 |     15 |     15 |     15 |     14 |     16 |     13 |     13 |     13 |     12 |     11 |     12 |     11 |     11 |      9 |      9 |     10 |     10 |      9 |      9 |      9 |      9 |     10 |     11 |     11 |     11 |     11 |     11 |     11 |     10 |     10 |     10 |     10 |     10 |     10 |     10 |     20 |     22 |     21 |     20 |     21 |     8 |     8 |     8 |    12 |    12 |    12 |    12 |    13 |    14 |    14 |     15 |     14 |     15 |     15 |     14 |     15 |     14 |     16 |     16 |     16 |     17 |     15 |     16 |     16 |     15 |     15 |     16 |     16 |     13 |     13 |     13 |     12 |     12 |     12 |     11 |      9 |      9 |      9 |     10 |     10 |      9 |      9 |      9 |     10 |     10 |     11 |     11 |     11 |     11 |      9 |     10 |     10 |     10 |     10 |     10 |     10 |     10 |     10 |     10 |     20 |     23 |     21 |     20 |     21 |
| simulated_k70_l25_128  |                    - |                    - |                    - |                    - |                    - |                    - |                    - |                    - |                    - |                    - |                    - |                    - |                    - |                    - |                    - |                    - |                    - |                    - |                    - |                    - |                    - |                    - |                    - |                    - |                    - |                    - |                    - |                    - |                    - |                    - |                    - |                    - |                    - |                    - |                    - |                    - |                     - |                     - |                     - |                     - |                     - |                     - |                     - |                     - |                     - |                     - |                     - |                     - |                     - |                     - |                     - |                     - |                     - |                     - |                     - |                     - |                     - |                     - |                     - |                     0 |                    17 |                    16 |                    15 |                    15 |                    15 |                    15 |                     1 |                     1 |                    14 |                    16 |    13 |    14 |    12 |    12 |    10 |    12 |    13 |    13 |    14 |     16 |     16 |     16 |     15 |     17 |     17 |     14 |     13 |     15 |     15 |     16 |     15 |     14 |     15 |     15 |     15 |     15 |     15 |     15 |     17 |     15 |     15 |     15 |     14 |     13 |     14 |     13 |     13 |     11 |     11 |     12 |     12 |     11 |     11 |     11 |     11 |     12 |     13 |     13 |     13 |     13 |     13 |     13 |     12 |     12 |     12 |     12 |     12 |     12 |     12 |     19 |     23 |     22 |     19 |     18 |    10 |    10 |     9 |    12 |    12 |    13 |    13 |    14 |    16 |    16 |     17 |     16 |     16 |     17 |     16 |     16 |     16 |     17 |     17 |     16 |     17 |     15 |     15 |     15 |     15 |     16 |     17 |     17 |     15 |     15 |     15 |     14 |     14 |     14 |     13 |     11 |     11 |     11 |     12 |     12 |     11 |     11 |     11 |     12 |     12 |     13 |     13 |     13 |     13 |     11 |     12 |     12 |     12 |     12 |     12 |     12 |     12 |     12 |     12 |     18 |     23 |     22 |     19 |     18 |
| simulated_k70_l25_129  |                    - |                    - |                    - |                    - |                    - |                    - |                    - |                    - |                    - |                    - |                    - |                    - |                    - |                    - |                    - |                    - |                    - |                    - |                    - |                    - |                    - |                    - |                    - |                    - |                    - |                    - |                    - |                    - |                    - |                    - |                    - |                    - |                    - |                    - |                    - |                    - |                     - |                     - |                     - |                     - |                     - |                     - |                     - |                     - |                     - |                     - |                     - |                     - |                     - |                     - |                     - |                     - |                     - |                     - |                     - |                     - |                     - |                     - |                     - |                     - |                     0 |                     4 |                     7 |                     7 |                    19 |                    19 |                    16 |                    16 |                    17 |                    17 |    11 |    12 |     8 |     9 |     7 |     9 |    10 |    11 |    11 |     12 |     11 |     11 |     12 |     12 |     13 |     12 |     12 |     12 |     12 |     12 |     11 |     10 |     12 |     10 |      9 |      9 |     10 |      7 |      6 |      6 |      6 |      7 |      7 |      9 |      9 |      8 |      8 |      8 |      8 |      8 |      8 |      9 |      9 |      9 |      9 |      9 |      9 |      9 |      9 |      9 |      9 |      8 |      9 |      9 |      9 |      9 |      9 |      9 |      9 |     21 |     18 |     21 |     20 |     21 |     5 |     5 |     6 |     9 |     9 |    10 |    10 |    11 |    12 |    11 |     10 |     11 |     13 |     14 |     14 |     12 |     12 |     12 |     12 |     11 |     10 |      9 |     10 |     10 |      9 |      9 |      6 |      6 |      6 |      6 |      7 |      7 |      8 |      9 |      8 |      8 |      8 |      8 |      8 |      8 |      9 |      9 |      9 |      9 |      9 |      9 |      9 |      9 |      9 |      9 |      8 |      9 |      9 |      9 |      9 |      9 |      9 |      9 |      9 |     23 |     18 |     21 |     20 |     21 |
| simulated_k70_l25_130  |                    - |                    - |                    - |                    - |                    - |                    - |                    - |                    - |                    - |                    - |                    - |                    - |                    - |                    - |                    - |                    - |                    - |                    - |                    - |                    - |                    - |                    - |                    - |                    - |                    - |                    - |                    - |                    - |                    - |                    - |                    - |                    - |                    - |                    - |                    - |                    - |                     - |                     - |                     - |                     - |                     - |                     - |                     - |                     - |                     - |                     - |                     - |                     - |                     - |                     - |                     - |                     - |                     - |                     - |                     - |                     - |                     - |                     - |                     - |                     - |                     - |                     0 |                     9 |                     9 |                    17 |                    17 |                    15 |                    15 |                    16 |                    16 |    11 |    12 |     8 |     9 |     8 |    10 |    11 |    11 |    11 |     12 |     11 |     11 |     12 |     13 |     14 |     14 |     14 |     14 |     14 |     13 |     12 |     11 |     12 |     11 |     10 |     10 |     12 |      9 |      8 |      9 |      9 |      9 |      9 |     11 |     11 |     10 |     10 |      9 |      9 |      8 |      8 |      9 |      9 |      9 |      9 |      9 |      7 |      7 |      7 |      7 |      7 |      8 |      9 |      9 |      9 |      9 |      9 |      9 |      9 |     22 |     20 |     21 |     20 |     22 |     6 |     6 |     7 |    10 |    10 |    11 |    11 |    11 |    12 |    11 |     10 |     11 |     14 |     15 |     15 |     13 |     14 |     14 |     13 |     12 |     11 |     10 |     11 |     11 |     10 |     10 |      8 |      8 |      9 |      9 |      9 |      9 |     10 |     11 |     10 |      9 |      9 |      9 |      8 |      8 |      9 |      9 |      9 |      8 |      8 |      8 |      7 |      7 |      7 |      9 |      8 |      9 |      9 |      9 |      9 |      9 |      9 |      9 |      9 |     23 |     20 |     21 |     20 |     22 |
| simulated_k70_l25_131  |                    - |                    - |                    - |                    - |                    - |                    - |                    - |                    - |                    - |                    - |                    - |                    - |                    - |                    - |                    - |                    - |                    - |                    - |                    - |                    - |                    - |                    - |                    - |                    - |                    - |                    - |                    - |                    - |                    - |                    - |                    - |                    - |                    - |                    - |                    - |                    - |                     - |                     - |                     - |                     - |                     - |                     - |                     - |                     - |                     - |                     - |                     - |                     - |                     - |                     - |                     - |                     - |                     - |                     - |                     - |                     - |                     - |                     - |                     - |                     - |                     - |                     - |                     0 |                     0 |                    15 |                    15 |                    14 |                    14 |                    17 |                    15 |    12 |    13 |     8 |    10 |     9 |    11 |    11 |    12 |    13 |     13 |     13 |     13 |     13 |     14 |     14 |     13 |     12 |     11 |     11 |     11 |     10 |      9 |     10 |     10 |     10 |     10 |     12 |     11 |     10 |      6 |      6 |      7 |      5 |      8 |      8 |      8 |      8 |      9 |      9 |      8 |      9 |      9 |      9 |      9 |      9 |     10 |      9 |      9 |      9 |      9 |      9 |      9 |     10 |     10 |     10 |     10 |     10 |     10 |     10 |     21 |     19 |     21 |     21 |     20 |     6 |     6 |     7 |    11 |    11 |    11 |    11 |    13 |    13 |    13 |     12 |     11 |     14 |     15 |     13 |     11 |      9 |     10 |     11 |     12 |     11 |     10 |     10 |     10 |     10 |     12 |     10 |     10 |      6 |      6 |      7 |      6 |      8 |      8 |      8 |      9 |      9 |      9 |      8 |      9 |      9 |      9 |      9 |      8 |      8 |      9 |      9 |      9 |      9 |      9 |      9 |     10 |     10 |     10 |     10 |     10 |     10 |     10 |     10 |     23 |     19 |     21 |     21 |     20 |
| simulated_k70_l25_132  |                    - |                    - |                    - |                    - |                    - |                    - |                    - |                    - |                    - |                    - |                    - |                    - |                    - |                    - |                    - |                    - |                    - |                    - |                    - |                    - |                    - |                    - |                    - |                    - |                    - |                    - |                    - |                    - |                    - |                    - |                    - |                    - |                    - |                    - |                    - |                    - |                     - |                     - |                     - |                     - |                     - |                     - |                     - |                     - |                     - |                     - |                     - |                     - |                     - |                     - |                     - |                     - |                     - |                     - |                     - |                     - |                     - |                     - |                     - |                     - |                     - |                     - |                     - |                     0 |                    15 |                    15 |                    14 |                    14 |                    17 |                    15 |    12 |    13 |     8 |    10 |     9 |    11 |    11 |    12 |    13 |     13 |     13 |     13 |     13 |     14 |     14 |     13 |     12 |     11 |     11 |     11 |     10 |      9 |     10 |     10 |     10 |     10 |     12 |     11 |     10 |      6 |      6 |      7 |      5 |      8 |      8 |      8 |      8 |      9 |      9 |      8 |      9 |      9 |      9 |      9 |      9 |     10 |      9 |      9 |      9 |      9 |      9 |      9 |     10 |     10 |     10 |     10 |     10 |     10 |     10 |     21 |     19 |     21 |     21 |     20 |     6 |     6 |     7 |    11 |    11 |    11 |    11 |    13 |    13 |    13 |     12 |     11 |     14 |     15 |     13 |     11 |      9 |     10 |     11 |     12 |     11 |     10 |     10 |     10 |     10 |     12 |     10 |     10 |      6 |      6 |      7 |      6 |      8 |      8 |      8 |      9 |      9 |      9 |      8 |      9 |      9 |      9 |      9 |      8 |      8 |      9 |      9 |      9 |      9 |      9 |      9 |     10 |     10 |     10 |     10 |     10 |     10 |     10 |     10 |     23 |     19 |     21 |     21 |     20 |
| simulated_k70_l25_133  |                    - |                    - |                    - |                    - |                    - |                    - |                    - |                    - |                    - |                    - |                    - |                    - |                    - |                    - |                    - |                    - |                    - |                    - |                    - |                    - |                    - |                    - |                    - |                    - |                    - |                    - |                    - |                    - |                    - |                    - |                    - |                    - |                    - |                    - |                    - |                    - |                     - |                     - |                     - |                     - |                     - |                     - |                     - |                     - |                     - |                     - |                     - |                     - |                     - |                     - |                     - |                     - |                     - |                     - |                     - |                     - |                     - |                     - |                     - |                     - |                     - |                     - |                     - |                     - |                     0 |                     0 |                    16 |                    16 |                    12 |                    12 |    15 |    15 |    13 |    12 |     9 |    10 |    11 |    12 |    13 |     14 |     14 |     13 |     14 |     15 |     15 |     14 |     15 |     11 |     11 |     16 |     15 |     16 |     18 |     16 |     16 |     16 |     16 |     17 |     17 |     15 |     15 |     16 |     18 |     18 |     16 |     16 |     16 |     15 |     15 |     16 |     16 |     15 |     15 |     15 |     15 |     16 |     15 |     15 |     15 |     15 |     15 |     15 |     16 |     16 |     16 |     16 |     16 |     16 |     16 |     19 |     21 |     23 |     21 |     21 |    10 |    10 |     9 |    10 |    10 |    11 |    11 |    13 |    14 |    14 |     13 |     13 |     15 |     16 |     15 |     17 |     12 |     12 |     15 |     16 |     17 |     16 |     16 |     16 |     16 |     18 |     17 |     17 |     15 |     15 |     16 |     18 |     17 |     16 |     16 |     15 |     15 |     15 |     16 |     16 |     15 |     15 |     15 |     14 |     14 |     15 |     15 |     15 |     15 |     15 |     15 |     16 |     16 |     16 |     16 |     16 |     16 |     16 |     16 |     19 |     21 |     23 |     21 |     21 |
| simulated_k70_l25_134  |                    - |                    - |                    - |                    - |                    - |                    - |                    - |                    - |                    - |                    - |                    - |                    - |                    - |                    - |                    - |                    - |                    - |                    - |                    - |                    - |                    - |                    - |                    - |                    - |                    - |                    - |                    - |                    - |                    - |                    - |                    - |                    - |                    - |                    - |                    - |                    - |                     - |                     - |                     - |                     - |                     - |                     - |                     - |                     - |                     - |                     - |                     - |                     - |                     - |                     - |                     - |                     - |                     - |                     - |                     - |                     - |                     - |                     - |                     - |                     - |                     - |                     - |                     - |                     - |                     - |                     0 |                    16 |                    16 |                    12 |                    12 |    15 |    15 |    13 |    12 |     9 |    10 |    11 |    12 |    13 |     14 |     14 |     13 |     14 |     15 |     15 |     14 |     15 |     11 |     11 |     16 |     15 |     16 |     18 |     16 |     16 |     16 |     16 |     17 |     17 |     15 |     15 |     16 |     18 |     18 |     16 |     16 |     16 |     15 |     15 |     16 |     16 |     15 |     15 |     15 |     15 |     16 |     15 |     15 |     15 |     15 |     15 |     15 |     16 |     16 |     16 |     16 |     16 |     16 |     16 |     19 |     21 |     23 |     21 |     21 |    10 |    10 |     9 |    10 |    10 |    11 |    11 |    13 |    14 |    14 |     13 |     13 |     15 |     16 |     15 |     17 |     12 |     12 |     15 |     16 |     17 |     16 |     16 |     16 |     16 |     18 |     17 |     17 |     15 |     15 |     16 |     18 |     17 |     16 |     16 |     15 |     15 |     15 |     16 |     16 |     15 |     15 |     15 |     14 |     14 |     15 |     15 |     15 |     15 |     15 |     15 |     16 |     16 |     16 |     16 |     16 |     16 |     16 |     16 |     19 |     21 |     23 |     21 |     21 |
| simulated_k70_l25_135  |                    - |                    - |                    - |                    - |                    - |                    - |                    - |                    - |                    - |                    - |                    - |                    - |                    - |                    - |                    - |                    - |                    - |                    - |                    - |                    - |                    - |                    - |                    - |                    - |                    - |                    - |                    - |                    - |                    - |                    - |                    - |                    - |                    - |                    - |                    - |                    - |                     - |                     - |                     - |                     - |                     - |                     - |                     - |                     - |                     - |                     - |                     - |                     - |                     - |                     - |                     - |                     - |                     - |                     - |                     - |                     - |                     - |                     - |                     - |                     - |                     - |                     - |                     - |                     - |                     - |                     - |                     0 |                     0 |                    13 |                    15 |    14 |    15 |    13 |    12 |    11 |    13 |    13 |    13 |    14 |     16 |     16 |     16 |     15 |     17 |     17 |     14 |     13 |     15 |     15 |     15 |     14 |     13 |     15 |     15 |     15 |     15 |     15 |     15 |     16 |     14 |     14 |     14 |     13 |     13 |     14 |     13 |     13 |     11 |     11 |     11 |     12 |     12 |     12 |     12 |     12 |     13 |     14 |     14 |     14 |     14 |     14 |     14 |     13 |     13 |     13 |     13 |     13 |     13 |     13 |     20 |     23 |     22 |     19 |     18 |    11 |    11 |    10 |    13 |    13 |    13 |    13 |    14 |    16 |    16 |     17 |     16 |     16 |     17 |     16 |     16 |     16 |     17 |     17 |     16 |     16 |     15 |     15 |     15 |     15 |     15 |     16 |     16 |     14 |     14 |     14 |     13 |     14 |     14 |     13 |     11 |     11 |     11 |     11 |     12 |     12 |     12 |     12 |     13 |     13 |     14 |     14 |     14 |     14 |     12 |     13 |     13 |     13 |     13 |     13 |     13 |     13 |     13 |     13 |     19 |     23 |     22 |     19 |     18 |
| simulated_k70_l25_136  |                    - |                    - |                    - |                    - |                    - |                    - |                    - |                    - |                    - |                    - |                    - |                    - |                    - |                    - |                    - |                    - |                    - |                    - |                    - |                    - |                    - |                    - |                    - |                    - |                    - |                    - |                    - |                    - |                    - |                    - |                    - |                    - |                    - |                    - |                    - |                    - |                     - |                     - |                     - |                     - |                     - |                     - |                     - |                     - |                     - |                     - |                     - |                     - |                     - |                     - |                     - |                     - |                     - |                     - |                     - |                     - |                     - |                     - |                     - |                     - |                     - |                     - |                     - |                     - |                     - |                     - |                     - |                     0 |                    13 |                    15 |    14 |    15 |    13 |    12 |    11 |    13 |    13 |    13 |    14 |     16 |     16 |     16 |     15 |     17 |     17 |     14 |     13 |     15 |     15 |     15 |     14 |     13 |     15 |     15 |     15 |     15 |     15 |     15 |     16 |     14 |     14 |     14 |     13 |     13 |     14 |     13 |     13 |     11 |     11 |     11 |     12 |     12 |     12 |     12 |     12 |     13 |     14 |     14 |     14 |     14 |     14 |     14 |     13 |     13 |     13 |     13 |     13 |     13 |     13 |     20 |     23 |     22 |     19 |     18 |    11 |    11 |    10 |    13 |    13 |    13 |    13 |    14 |    16 |    16 |     17 |     16 |     16 |     17 |     16 |     16 |     16 |     17 |     17 |     16 |     16 |     15 |     15 |     15 |     15 |     15 |     16 |     16 |     14 |     14 |     14 |     13 |     14 |     14 |     13 |     11 |     11 |     11 |     11 |     12 |     12 |     12 |     12 |     13 |     13 |     14 |     14 |     14 |     14 |     12 |     13 |     13 |     13 |     13 |     13 |     13 |     13 |     13 |     13 |     19 |     23 |     22 |     19 |     18 |
| simulated_k70_l25_137  |                    - |                    - |                    - |                    - |                    - |                    - |                    - |                    - |                    - |                    - |                    - |                    - |                    - |                    - |                    - |                    - |                    - |                    - |                    - |                    - |                    - |                    - |                    - |                    - |                    - |                    - |                    - |                    - |                    - |                    - |                    - |                    - |                    - |                    - |                    - |                    - |                     - |                     - |                     - |                     - |                     - |                     - |                     - |                     - |                     - |                     - |                     - |                     - |                     - |                     - |                     - |                     - |                     - |                     - |                     - |                     - |                     - |                     - |                     - |                     - |                     - |                     - |                     - |                     - |                     - |                     - |                     - |                     - |                     0 |                     2 |    15 |    16 |    15 |    15 |    10 |    12 |    11 |    11 |    13 |     14 |     16 |     16 |     16 |     13 |     16 |     16 |     16 |     17 |     17 |     19 |     18 |     17 |     18 |     16 |     16 |     16 |     17 |     17 |     19 |     15 |     15 |     16 |     16 |     16 |     17 |     17 |     17 |     16 |     16 |     14 |     15 |     15 |     15 |     15 |     15 |     16 |     17 |     17 |     17 |     17 |     17 |     17 |     16 |     16 |     16 |     16 |     16 |     16 |     16 |     21 |     22 |     21 |     21 |     21 |    11 |    11 |    11 |    12 |    12 |    11 |    10 |    13 |    14 |    14 |     17 |     15 |     14 |     16 |     16 |     17 |     18 |     18 |     19 |     17 |     17 |     16 |     16 |     16 |     16 |     17 |     19 |     19 |     15 |     15 |     16 |     15 |     17 |     17 |     17 |     16 |     16 |     16 |     14 |     15 |     15 |     15 |     15 |     16 |     16 |     17 |     17 |     17 |     17 |     15 |     16 |     16 |     16 |     16 |     16 |     16 |     16 |     16 |     16 |     21 |     21 |     21 |     21 |     21 |
| simulated_k70_l25_138  |                    - |                    - |                    - |                    - |                    - |                    - |                    - |                    - |                    - |                    - |                    - |                    - |                    - |                    - |                    - |                    - |                    - |                    - |                    - |                    - |                    - |                    - |                    - |                    - |                    - |                    - |                    - |                    - |                    - |                    - |                    - |                    - |                    - |                    - |                    - |                    - |                     - |                     - |                     - |                     - |                     - |                     - |                     - |                     - |                     - |                     - |                     - |                     - |                     - |                     - |                     - |                     - |                     - |                     - |                     - |                     - |                     - |                     - |                     - |                     - |                     - |                     - |                     - |                     - |                     - |                     - |                     - |                     - |                     - |                     0 |    15 |    16 |    15 |    14 |    10 |    12 |    12 |    11 |    12 |     13 |     15 |     16 |     16 |     13 |     15 |     15 |     15 |     15 |     15 |     18 |     17 |     16 |     16 |     16 |     16 |     16 |     15 |     15 |     18 |     14 |     14 |     15 |     14 |     15 |     16 |     15 |     15 |     14 |     14 |     14 |     15 |     15 |     15 |     15 |     15 |     16 |     17 |     17 |     17 |     17 |     17 |     17 |     16 |     16 |     16 |     16 |     16 |     16 |     16 |     21 |     23 |     21 |     22 |     21 |    11 |    11 |    10 |    12 |    12 |    12 |    10 |    12 |    13 |    13 |     16 |     15 |     14 |     15 |     14 |     16 |     17 |     17 |     18 |     17 |     17 |     16 |     16 |     16 |     16 |     16 |     18 |     18 |     14 |     14 |     15 |     15 |     16 |     16 |     15 |     14 |     14 |     14 |     14 |     15 |     15 |     15 |     15 |     16 |     16 |     17 |     17 |     17 |     17 |     15 |     16 |     16 |     16 |     16 |     16 |     16 |     16 |     16 |     16 |     21 |     22 |     21 |     22 |     21 |
| MST_1                  |                    - |                    - |                    - |                    - |                    - |                    - |                    - |                    - |                    - |                    - |                    - |                    - |                    - |                    - |                    - |                    - |                    - |                    - |                    - |                    - |                    - |                    - |                    - |                    - |                    - |                    - |                    - |                    - |                    - |                    - |                    - |                    - |                    - |                    - |                    - |                    - |                     - |                     - |                     - |                     - |                     - |                     - |                     - |                     - |                     - |                     - |                     - |                     - |                     - |                     - |                     - |                     - |                     - |                     - |                     - |                     - |                     - |                     - |                     - |                     - |                     - |                     - |                     - |                     - |                     - |                     - |                     - |                     - |                     - |                     - |     0 |     5 |     4 |     4 |     5 |     6 |     7 |     9 |     8 |      8 |      8 |      6 |      9 |     11 |     11 |     10 |      9 |      9 |      9 |     11 |     10 |     11 |     10 |     11 |     10 |     10 |     11 |     11 |     10 |     10 |     10 |      9 |     10 |     11 |     10 |     10 |     10 |     12 |     12 |     12 |     12 |     11 |     11 |     11 |     11 |     12 |     10 |     10 |     10 |     10 |     10 |     10 |     11 |     11 |     11 |     11 |     11 |     11 |     11 |     14 |     13 |     12 |     14 |     14 |     3 |     3 |     3 |     6 |     6 |     7 |     7 |     8 |     8 |     8 |      5 |      7 |     10 |     10 |      9 |     10 |      9 |     11 |     10 |      9 |     11 |     10 |     11 |     11 |     10 |     11 |     10 |     10 |     10 |     10 |      9 |     11 |     11 |     10 |     10 |     12 |     12 |     12 |     12 |     12 |     11 |     11 |     11 |     11 |     11 |     11 |     10 |     10 |     10 |     12 |     11 |     11 |     11 |     11 |     11 |     11 |     11 |     11 |     11 |     14 |     14 |     12 |     14 |     14 |
| MST_2                  |                    - |                    - |                    - |                    - |                    - |                    - |                    - |                    - |                    - |                    - |                    - |                    - |                    - |                    - |                    - |                    - |                    - |                    - |                    - |                    - |                    - |                    - |                    - |                    - |                    - |                    - |                    - |                    - |                    - |                    - |                    - |                    - |                    - |                    - |                    - |                    - |                     - |                     - |                     - |                     - |                     - |                     - |                     - |                     - |                     - |                     - |                     - |                     - |                     - |                     - |                     - |                     - |                     - |                     - |                     - |                     - |                     - |                     - |                     - |                     - |                     - |                     - |                     - |                     - |                     - |                     - |                     - |                     - |                     - |                     - |     - |     0 |     5 |     5 |     5 |     6 |     8 |    10 |     9 |      8 |      9 |      9 |     10 |     11 |     12 |     11 |     11 |     11 |     11 |     11 |     12 |     12 |     10 |     11 |     10 |     10 |     11 |     10 |      9 |     11 |     11 |     10 |     11 |     11 |     11 |     10 |     10 |     11 |     11 |     12 |     11 |     11 |     11 |     11 |     11 |     11 |     10 |     10 |     10 |     10 |     10 |     10 |      9 |      9 |      9 |      9 |      9 |      9 |      9 |     12 |     12 |     11 |     13 |     14 |     4 |     4 |     4 |     6 |     6 |     8 |    10 |     9 |     8 |     8 |      8 |      9 |     11 |     12 |     11 |     12 |     11 |     12 |     11 |     12 |     12 |     11 |     11 |     11 |     10 |     11 |      9 |      9 |     11 |     11 |     10 |     12 |     11 |     11 |     10 |     11 |     11 |     11 |     12 |     11 |     11 |     11 |     11 |     11 |     11 |     11 |     10 |     10 |     10 |     10 |      9 |      9 |      9 |      9 |      9 |      9 |      9 |      9 |      9 |     12 |     11 |     11 |     13 |     14 |
| MST_3                  |                    - |                    - |                    - |                    - |                    - |                    - |                    - |                    - |                    - |                    - |                    - |                    - |                    - |                    - |                    - |                    - |                    - |                    - |                    - |                    - |                    - |                    - |                    - |                    - |                    - |                    - |                    - |                    - |                    - |                    - |                    - |                    - |                    - |                    - |                    - |                    - |                     - |                     - |                     - |                     - |                     - |                     - |                     - |                     - |                     - |                     - |                     - |                     - |                     - |                     - |                     - |                     - |                     - |                     - |                     - |                     - |                     - |                     - |                     - |                     - |                     - |                     - |                     - |                     - |                     - |                     - |                     - |                     - |                     - |                     - |     - |     - |     0 |     4 |     4 |     6 |     7 |     8 |    10 |      9 |      9 |      8 |      9 |     11 |      9 |     10 |      7 |     10 |     10 |      8 |      7 |      8 |      7 |      8 |      8 |      8 |      9 |      8 |      8 |      9 |      9 |      7 |      6 |      6 |      7 |      6 |      6 |      6 |      6 |      7 |      7 |      6 |      6 |      6 |      6 |      5 |      5 |      5 |      5 |      5 |      5 |      5 |      5 |      5 |      5 |      5 |      5 |      5 |      5 |     14 |     14 |     14 |     16 |     17 |     1 |     1 |     3 |     6 |     6 |     7 |     8 |    10 |     9 |     9 |      8 |      8 |     10 |     10 |     10 |      9 |     10 |     10 |      6 |      9 |      9 |      7 |      8 |      8 |      8 |      8 |      8 |      8 |      9 |      9 |      7 |      6 |      6 |      7 |      6 |      6 |      6 |      6 |      7 |      7 |      6 |      6 |      6 |      5 |      5 |      5 |      5 |      5 |      5 |      5 |      5 |      5 |      5 |      5 |      5 |      5 |      5 |      5 |      5 |     14 |     14 |     14 |     16 |     17 |
| MST_4                  |                    - |                    - |                    - |                    - |                    - |                    - |                    - |                    - |                    - |                    - |                    - |                    - |                    - |                    - |                    - |                    - |                    - |                    - |                    - |                    - |                    - |                    - |                    - |                    - |                    - |                    - |                    - |                    - |                    - |                    - |                    - |                    - |                    - |                    - |                    - |                    - |                     - |                     - |                     - |                     - |                     - |                     - |                     - |                     - |                     - |                     - |                     - |                     - |                     - |                     - |                     - |                     - |                     - |                     - |                     - |                     - |                     - |                     - |                     - |                     - |                     - |                     - |                     - |                     - |                     - |                     - |                     - |                     - |                     - |                     - |     - |     - |     - |     0 |     2 |     4 |     7 |     7 |     7 |      6 |      8 |      6 |      7 |      7 |      6 |      7 |      4 |      8 |      8 |      9 |      9 |      9 |      9 |     10 |      9 |      9 |     10 |      9 |      6 |      8 |      8 |      7 |      8 |      7 |      8 |      8 |      8 |      9 |      9 |      8 |      8 |      8 |      8 |      8 |      8 |      8 |      8 |      8 |      8 |      8 |      8 |      8 |      7 |      7 |      7 |      7 |      7 |      7 |      7 |     11 |     11 |      9 |     12 |     14 |     3 |     3 |     1 |     4 |     4 |     7 |     7 |     7 |     6 |     6 |      5 |      6 |      6 |      6 |      7 |      7 |      8 |      9 |      7 |      8 |      9 |      9 |     10 |     10 |      9 |     10 |      6 |      6 |      8 |      8 |      7 |      8 |      7 |      8 |      8 |      9 |      9 |      9 |      8 |      8 |      8 |      8 |      8 |      8 |      8 |      8 |      8 |      8 |      8 |      7 |      7 |      7 |      7 |      7 |      7 |      7 |      7 |      7 |      7 |     12 |     10 |      9 |     12 |     14 |
| MST_5                  |                    - |                    - |                    - |                    - |                    - |                    - |                    - |                    - |                    - |                    - |                    - |                    - |                    - |                    - |                    - |                    - |                    - |                    - |                    - |                    - |                    - |                    - |                    - |                    - |                    - |                    - |                    - |                    - |                    - |                    - |                    - |                    - |                    - |                    - |                    - |                    - |                     - |                     - |                     - |                     - |                     - |                     - |                     - |                     - |                     - |                     - |                     - |                     - |                     - |                     - |                     - |                     - |                     - |                     - |                     - |                     - |                     - |                     - |                     - |                     - |                     - |                     - |                     - |                     - |                     - |                     - |                     - |                     - |                     - |                     - |     - |     - |     - |     - |     0 |     1 |     4 |     5 |     7 |      6 |      7 |      6 |      7 |      7 |      6 |      6 |      5 |      7 |      7 |      7 |      7 |      7 |      5 |      7 |      6 |      6 |      7 |      6 |      5 |      6 |      6 |      6 |      7 |      6 |      5 |      5 |      5 |      6 |      6 |      7 |      6 |      6 |      6 |      6 |      6 |      6 |      5 |      5 |      5 |      5 |      5 |      5 |      5 |      5 |      5 |      5 |      5 |      5 |      5 |      7 |      9 |      7 |     10 |     10 |     3 |     3 |     1 |     1 |     1 |     4 |     4 |     7 |     6 |     6 |      5 |      6 |      6 |      6 |      6 |      6 |      7 |      8 |      5 |      5 |      7 |      6 |      7 |      7 |      6 |      7 |      5 |      5 |      6 |      6 |      6 |      7 |      5 |      5 |      5 |      6 |      6 |      6 |      7 |      6 |      6 |      6 |      6 |      5 |      5 |      5 |      5 |      5 |      5 |      6 |      5 |      5 |      5 |      5 |      5 |      5 |      5 |      5 |      5 |      8 |      8 |      7 |     10 |     10 |
| MST_6                  |                    - |                    - |                    - |                    - |                    - |                    - |                    - |                    - |                    - |                    - |                    - |                    - |                    - |                    - |                    - |                    - |                    - |                    - |                    - |                    - |                    - |                    - |                    - |                    - |                    - |                    - |                    - |                    - |                    - |                    - |                    - |                    - |                    - |                    - |                    - |                    - |                     - |                     - |                     - |                     - |                     - |                     - |                     - |                     - |                     - |                     - |                     - |                     - |                     - |                     - |                     - |                     - |                     - |                     - |                     - |                     - |                     - |                     - |                     - |                     - |                     - |                     - |                     - |                     - |                     - |                     - |                     - |                     - |                     - |                     - |     - |     - |     - |     - |     - |     0 |     3 |     7 |     9 |      8 |      9 |      8 |      9 |      9 |      8 |      8 |      7 |      9 |      9 |      8 |      8 |      9 |      8 |      9 |      8 |      8 |      9 |      8 |      8 |      8 |      8 |      8 |      9 |      8 |      8 |      8 |      8 |      8 |      8 |      8 |      7 |      7 |      7 |      7 |      7 |      7 |      7 |      7 |      7 |      7 |      7 |      7 |      7 |      7 |      7 |      7 |      7 |      7 |      7 |      8 |     10 |      8 |     12 |     12 |     4 |     4 |     2 |     0 |     0 |     3 |     6 |     9 |     8 |     8 |      7 |      8 |      8 |      8 |      8 |      8 |      9 |     10 |      6 |      6 |      9 |      8 |      9 |      9 |      8 |      9 |      8 |      8 |      8 |      8 |      8 |      9 |      8 |      8 |      8 |      8 |      8 |      8 |      8 |      7 |      7 |      7 |      7 |      7 |      7 |      7 |      7 |      7 |      7 |      7 |      7 |      7 |      7 |      7 |      7 |      7 |      7 |      7 |      7 |      9 |      9 |      8 |     12 |     12 |
| MST_7                  |                    - |                    - |                    - |                    - |                    - |                    - |                    - |                    - |                    - |                    - |                    - |                    - |                    - |                    - |                    - |                    - |                    - |                    - |                    - |                    - |                    - |                    - |                    - |                    - |                    - |                    - |                    - |                    - |                    - |                    - |                    - |                    - |                    - |                    - |                    - |                    - |                     - |                     - |                     - |                     - |                     - |                     - |                     - |                     - |                     - |                     - |                     - |                     - |                     - |                     - |                     - |                     - |                     - |                     - |                     - |                     - |                     - |                     - |                     - |                     - |                     - |                     - |                     - |                     - |                     - |                     - |                     - |                     - |                     - |                     - |     - |     - |     - |     - |     - |     - |     0 |     4 |     7 |      8 |      8 |      7 |      8 |      9 |      9 |     10 |      9 |     10 |     10 |      8 |      8 |      9 |      9 |      9 |      9 |      9 |      9 |      9 |      9 |      9 |      9 |      9 |      9 |     10 |     10 |      9 |      9 |      9 |      9 |      8 |      8 |      9 |      9 |      9 |      9 |      9 |      9 |      9 |      9 |      9 |      9 |      9 |      9 |      9 |      9 |      9 |      9 |      9 |      9 |     10 |     11 |     10 |     12 |     12 |     5 |     5 |     5 |     3 |     3 |     0 |     4 |     7 |     8 |     8 |      7 |      7 |      9 |      9 |     10 |     10 |     10 |     11 |      8 |      8 |      9 |      9 |      9 |      9 |      9 |      9 |      9 |      9 |      9 |      9 |      9 |      9 |     10 |     10 |      9 |      9 |      9 |      9 |      8 |      8 |      9 |      9 |      9 |      9 |      9 |      9 |      9 |      9 |      9 |      9 |      9 |      9 |      9 |      9 |      9 |      9 |      9 |      9 |      9 |     10 |     10 |     10 |     12 |     12 |
| MST_8                  |                    - |                    - |                    - |                    - |                    - |                    - |                    - |                    - |                    - |                    - |                    - |                    - |                    - |                    - |                    - |                    - |                    - |                    - |                    - |                    - |                    - |                    - |                    - |                    - |                    - |                    - |                    - |                    - |                    - |                    - |                    - |                    - |                    - |                    - |                    - |                    - |                     - |                     - |                     - |                     - |                     - |                     - |                     - |                     - |                     - |                     - |                     - |                     - |                     - |                     - |                     - |                     - |                     - |                     - |                     - |                     - |                     - |                     - |                     - |                     - |                     - |                     - |                     - |                     - |                     - |                     - |                     - |                     - |                     - |                     - |     - |     - |     - |     - |     - |     - |     - |     0 |     6 |      8 |      9 |      9 |     10 |     11 |     10 |     11 |     10 |     12 |     12 |     10 |      9 |      9 |     10 |     10 |     12 |     12 |     11 |     11 |     12 |     11 |     11 |     10 |     10 |     11 |     11 |     11 |     11 |     11 |     11 |     11 |     11 |     12 |     12 |     12 |     12 |     12 |     12 |     12 |     12 |     12 |     12 |     12 |     12 |     12 |     12 |     12 |     12 |     12 |     12 |     12 |     13 |     13 |     14 |     14 |     5 |     5 |     6 |     7 |     7 |     4 |     2 |     6 |     8 |     8 |     10 |      9 |     11 |     11 |     11 |     11 |     12 |     11 |     10 |     11 |     11 |     10 |     10 |     10 |     12 |     11 |     12 |     12 |     11 |     11 |     10 |     10 |     11 |     11 |     11 |     11 |     11 |     11 |     11 |     11 |     12 |     12 |     12 |     12 |     12 |     12 |     12 |     12 |     12 |     12 |     12 |     12 |     12 |     12 |     12 |     12 |     12 |     12 |     12 |     12 |     13 |     13 |     14 |     14 |
| MST_9                  |                    - |                    - |                    - |                    - |                    - |                    - |                    - |                    - |                    - |                    - |                    - |                    - |                    - |                    - |                    - |                    - |                    - |                    - |                    - |                    - |                    - |                    - |                    - |                    - |                    - |                    - |                    - |                    - |                    - |                    - |                    - |                    - |                    - |                    - |                    - |                    - |                     - |                     - |                     - |                     - |                     - |                     - |                     - |                     - |                     - |                     - |                     - |                     - |                     - |                     - |                     - |                     - |                     - |                     - |                     - |                     - |                     - |                     - |                     - |                     - |                     - |                     - |                     - |                     - |                     - |                     - |                     - |                     - |                     - |                     - |     - |     - |     - |     - |     - |     - |     - |     - |     0 |      6 |      9 |      7 |     10 |     11 |     11 |     11 |     10 |     12 |     12 |     11 |     11 |     11 |     11 |     10 |     10 |     10 |     10 |     10 |     11 |     11 |     11 |     11 |     11 |     12 |     12 |     11 |     11 |     11 |     11 |     11 |     12 |     12 |     12 |     12 |     12 |     12 |     12 |     12 |     12 |     12 |     12 |     13 |     12 |     12 |     12 |     12 |     12 |     12 |     12 |     14 |     13 |     13 |     15 |     15 |     5 |     5 |     5 |     9 |     9 |     7 |     4 |     0 |     6 |     6 |      7 |     10 |     11 |     11 |     11 |     12 |     12 |     12 |     11 |     10 |     10 |     10 |     10 |     10 |     10 |     10 |     11 |     11 |     11 |     11 |     11 |     11 |     12 |     12 |     11 |     11 |     11 |     11 |     11 |     12 |     12 |     12 |     12 |     12 |     12 |     12 |     12 |     12 |     12 |     11 |     11 |     12 |     12 |     12 |     12 |     12 |     12 |     12 |     12 |     13 |     13 |     13 |     15 |     15 |
| MST_10                 |                    - |                    - |                    - |                    - |                    - |                    - |                    - |                    - |                    - |                    - |                    - |                    - |                    - |                    - |                    - |                    - |                    - |                    - |                    - |                    - |                    - |                    - |                    - |                    - |                    - |                    - |                    - |                    - |                    - |                    - |                    - |                    - |                    - |                    - |                    - |                    - |                     - |                     - |                     - |                     - |                     - |                     - |                     - |                     - |                     - |                     - |                     - |                     - |                     - |                     - |                     - |                     - |                     - |                     - |                     - |                     - |                     - |                     - |                     - |                     - |                     - |                     - |                     - |                     - |                     - |                     - |                     - |                     - |                     - |                     - |     - |     - |     - |     - |     - |     - |     - |     - |     - |      0 |      5 |      6 |      9 |     12 |     10 |     12 |     11 |     13 |     13 |     11 |     11 |     10 |     10 |     10 |     10 |     10 |     10 |      9 |      9 |     10 |     10 |     10 |     11 |     11 |     11 |     11 |     11 |     10 |     10 |     11 |     10 |     11 |     11 |     11 |     11 |     11 |     12 |     12 |     12 |     12 |     12 |     12 |     12 |     12 |     12 |     12 |     12 |     12 |     12 |     15 |     14 |     14 |     16 |     15 |     4 |     4 |     4 |     8 |     8 |     8 |     6 |     6 |     0 |     2 |      6 |      9 |     11 |     10 |     11 |     13 |     12 |     13 |     10 |     11 |     11 |     10 |     10 |     10 |     10 |     11 |      9 |      9 |     10 |     10 |     10 |     11 |     12 |     11 |     11 |     10 |     10 |     10 |     11 |     10 |     11 |     11 |     11 |     12 |     12 |     12 |     12 |     12 |     12 |     12 |     12 |     12 |     12 |     12 |     12 |     12 |     12 |     12 |     12 |     16 |     14 |     14 |     16 |     15 |
| MST_11                 |                    - |                    - |                    - |                    - |                    - |                    - |                    - |                    - |                    - |                    - |                    - |                    - |                    - |                    - |                    - |                    - |                    - |                    - |                    - |                    - |                    - |                    - |                    - |                    - |                    - |                    - |                    - |                    - |                    - |                    - |                    - |                    - |                    - |                    - |                    - |                    - |                     - |                     - |                     - |                     - |                     - |                     - |                     - |                     - |                     - |                     - |                     - |                     - |                     - |                     - |                     - |                     - |                     - |                     - |                     - |                     - |                     - |                     - |                     - |                     - |                     - |                     - |                     - |                     - |                     - |                     - |                     - |                     - |                     - |                     - |     - |     - |     - |     - |     - |     - |     - |     - |     - |      - |      0 |      4 |      8 |     13 |     11 |     12 |     11 |     12 |     12 |     12 |     12 |     10 |     12 |     10 |     10 |     10 |     11 |     10 |     11 |     12 |     12 |     12 |     13 |     12 |     13 |     12 |     12 |     11 |     11 |     12 |     11 |     12 |     12 |     12 |     12 |     12 |     13 |     13 |     13 |     13 |     13 |     13 |     13 |     13 |     13 |     13 |     13 |     13 |     13 |     15 |     12 |     13 |     15 |     15 |     5 |     5 |     5 |     9 |     9 |     8 |     8 |     9 |     5 |     3 |      6 |      8 |     12 |     11 |     12 |     13 |     12 |     12 |     11 |     12 |     10 |     10 |     10 |     10 |     10 |     11 |     11 |     11 |     12 |     12 |     12 |     13 |     13 |     13 |     12 |     11 |     11 |     11 |     12 |     11 |     12 |     12 |     12 |     13 |     13 |     13 |     13 |     13 |     13 |     13 |     13 |     13 |     13 |     13 |     13 |     13 |     13 |     13 |     13 |     16 |     11 |     13 |     15 |     15 |
| MST_12                 |                    - |                    - |                    - |                    - |                    - |                    - |                    - |                    - |                    - |                    - |                    - |                    - |                    - |                    - |                    - |                    - |                    - |                    - |                    - |                    - |                    - |                    - |                    - |                    - |                    - |                    - |                    - |                    - |                    - |                    - |                    - |                    - |                    - |                    - |                    - |                    - |                     - |                     - |                     - |                     - |                     - |                     - |                     - |                     - |                     - |                     - |                     - |                     - |                     - |                     - |                     - |                     - |                     - |                     - |                     - |                     - |                     - |                     - |                     - |                     - |                     - |                     - |                     - |                     - |                     - |                     - |                     - |                     - |                     - |                     - |     - |     - |     - |     - |     - |     - |     - |     - |     - |      - |      - |      0 |      4 |     10 |      9 |     11 |     10 |     12 |     12 |     11 |     11 |     11 |     11 |     10 |     10 |     10 |     11 |     10 |     10 |     11 |     11 |     11 |     12 |     12 |     12 |     11 |     11 |     11 |     11 |     12 |     11 |     12 |     12 |     12 |     12 |     12 |     12 |     12 |     12 |     12 |     12 |     12 |     12 |     12 |     12 |     12 |     12 |     12 |     12 |     15 |     13 |     13 |     14 |     15 |     4 |     4 |     4 |     8 |     8 |     7 |     7 |     7 |     6 |     5 |      2 |      4 |      9 |      9 |     12 |     12 |     12 |     12 |     10 |     11 |     11 |     11 |     10 |     10 |     10 |     11 |     10 |     10 |     11 |     11 |     11 |     12 |     12 |     12 |     11 |     11 |     11 |     11 |     12 |     11 |     12 |     12 |     12 |     12 |     12 |     12 |     12 |     12 |     12 |     12 |     12 |     12 |     12 |     12 |     12 |     12 |     12 |     12 |     12 |     15 |     12 |     13 |     14 |     15 |
| MST_13                 |                    - |                    - |                    - |                    - |                    - |                    - |                    - |                    - |                    - |                    - |                    - |                    - |                    - |                    - |                    - |                    - |                    - |                    - |                    - |                    - |                    - |                    - |                    - |                    - |                    - |                    - |                    - |                    - |                    - |                    - |                    - |                    - |                    - |                    - |                    - |                    - |                     - |                     - |                     - |                     - |                     - |                     - |                     - |                     - |                     - |                     - |                     - |                     - |                     - |                     - |                     - |                     - |                     - |                     - |                     - |                     - |                     - |                     - |                     - |                     - |                     - |                     - |                     - |                     - |                     - |                     - |                     - |                     - |                     - |                     - |     - |     - |     - |     - |     - |     - |     - |     - |     - |      - |      - |      - |      0 |      6 |      7 |     12 |     12 |     12 |     12 |     13 |     13 |     13 |     12 |     11 |     11 |     11 |     11 |     12 |     11 |     12 |     12 |     12 |     12 |     14 |     13 |     13 |     13 |     12 |     12 |     12 |     12 |     13 |     13 |     13 |     13 |     13 |     14 |     14 |     14 |     14 |     14 |     14 |     13 |     13 |     13 |     13 |     13 |     13 |     13 |     13 |     12 |     16 |     15 |     16 |     5 |     5 |     5 |     9 |     9 |     8 |     8 |    10 |     9 |     8 |      4 |      1 |      7 |      7 |     11 |     12 |     11 |     13 |     10 |     12 |     12 |     12 |     11 |     11 |     11 |     12 |     11 |     11 |     12 |     12 |     12 |     12 |     14 |     13 |     13 |     12 |     12 |     12 |     12 |     12 |     13 |     13 |     13 |     14 |     14 |     14 |     14 |     14 |     14 |     13 |     14 |     13 |     13 |     13 |     13 |     13 |     13 |     13 |     13 |     14 |     13 |     16 |     15 |     16 |
| MST_14                 |                    - |                    - |                    - |                    - |                    - |                    - |                    - |                    - |                    - |                    - |                    - |                    - |                    - |                    - |                    - |                    - |                    - |                    - |                    - |                    - |                    - |                    - |                    - |                    - |                    - |                    - |                    - |                    - |                    - |                    - |                    - |                    - |                    - |                    - |                    - |                    - |                     - |                     - |                     - |                     - |                     - |                     - |                     - |                     - |                     - |                     - |                     - |                     - |                     - |                     - |                     - |                     - |                     - |                     - |                     - |                     - |                     - |                     - |                     - |                     - |                     - |                     - |                     - |                     - |                     - |                     - |                     - |                     - |                     - |                     - |     - |     - |     - |     - |     - |     - |     - |     - |     - |      - |      - |      - |      - |      0 |      4 |      9 |      9 |     13 |     13 |     12 |     13 |     13 |     13 |     14 |     13 |     13 |     14 |     14 |     12 |     12 |     12 |     12 |     12 |     12 |     13 |     12 |     12 |     13 |     13 |     14 |     13 |     14 |     14 |     14 |     14 |     13 |     14 |     14 |     14 |     14 |     14 |     13 |     13 |     13 |     13 |     13 |     13 |     13 |     13 |     14 |     16 |     17 |     18 |     17 |     6 |     6 |     5 |     9 |     9 |     9 |     9 |    11 |    12 |    12 |      9 |      7 |      1 |      4 |      7 |     10 |     12 |     12 |     12 |     12 |     13 |     13 |     14 |     14 |     13 |     14 |     12 |     12 |     12 |     12 |     12 |     11 |     14 |     13 |     12 |     13 |     13 |     13 |     14 |     13 |     14 |     14 |     14 |     13 |     13 |     13 |     14 |     14 |     14 |     13 |     13 |     13 |     13 |     13 |     13 |     13 |     13 |     13 |     13 |     16 |     17 |     17 |     18 |     17 |
| MST_15                 |                    - |                    - |                    - |                    - |                    - |                    - |                    - |                    - |                    - |                    - |                    - |                    - |                    - |                    - |                    - |                    - |                    - |                    - |                    - |                    - |                    - |                    - |                    - |                    - |                    - |                    - |                    - |                    - |                    - |                    - |                    - |                    - |                    - |                    - |                    - |                    - |                     - |                     - |                     - |                     - |                     - |                     - |                     - |                     - |                     - |                     - |                     - |                     - |                     - |                     - |                     - |                     - |                     - |                     - |                     - |                     - |                     - |                     - |                     - |                     - |                     - |                     - |                     - |                     - |                     - |                     - |                     - |                     - |                     - |                     - |     - |     - |     - |     - |     - |     - |     - |     - |     - |      - |      - |      - |      - |      - |      0 |      9 |     10 |     14 |     14 |     14 |     13 |     12 |     11 |     12 |     13 |     13 |     12 |     14 |     12 |     12 |     12 |     11 |     12 |     13 |     14 |     14 |     14 |     13 |     13 |     14 |     13 |     14 |     14 |     14 |     14 |     14 |     16 |     16 |     16 |     16 |     16 |     15 |     14 |     14 |     14 |     14 |     14 |     14 |     14 |     17 |     17 |     17 |     19 |     19 |     4 |     4 |     4 |     8 |     8 |     9 |    10 |    11 |    10 |    10 |      8 |      7 |      3 |      2 |      7 |      9 |     14 |     13 |     11 |     13 |     13 |     12 |     12 |     12 |     13 |     13 |     12 |     12 |     12 |     12 |     11 |     12 |     14 |     14 |     14 |     13 |     13 |     13 |     14 |     13 |     14 |     14 |     14 |     15 |     15 |     15 |     16 |     16 |     16 |     14 |     14 |     14 |     14 |     14 |     14 |     14 |     14 |     14 |     14 |     17 |     19 |     17 |     19 |     19 |
| MST_16                 |                    - |                    - |                    - |                    - |                    - |                    - |                    - |                    - |                    - |                    - |                    - |                    - |                    - |                    - |                    - |                    - |                    - |                    - |                    - |                    - |                    - |                    - |                    - |                    - |                    - |                    - |                    - |                    - |                    - |                    - |                    - |                    - |                    - |                    - |                    - |                    - |                     - |                     - |                     - |                     - |                     - |                     - |                     - |                     - |                     - |                     - |                     - |                     - |                     - |                     - |                     - |                     - |                     - |                     - |                     - |                     - |                     - |                     - |                     - |                     - |                     - |                     - |                     - |                     - |                     - |                     - |                     - |                     - |                     - |                     - |     - |     - |     - |     - |     - |     - |     - |     - |     - |      - |      - |      - |      - |      - |      - |      0 |      4 |      8 |      8 |     12 |     13 |     12 |     12 |     12 |     11 |     11 |     13 |     13 |     13 |     11 |     11 |     13 |     14 |     13 |     13 |     12 |     12 |     13 |     13 |     14 |     14 |     14 |     14 |     14 |     14 |     14 |     14 |     14 |     14 |     14 |     14 |     14 |     13 |     13 |     13 |     13 |     13 |     13 |     13 |     15 |     15 |     16 |     20 |     20 |     5 |     5 |     4 |     8 |     8 |    10 |     9 |    11 |    12 |    12 |     12 |     10 |      8 |      7 |      7 |      5 |      8 |      9 |     13 |     13 |     12 |     11 |     12 |     12 |     11 |     11 |     13 |     13 |     11 |     11 |     13 |     14 |     13 |     13 |     12 |     13 |     13 |     13 |     14 |     14 |     14 |     14 |     14 |     14 |     14 |     14 |     14 |     14 |     14 |     13 |     13 |     13 |     13 |     13 |     13 |     13 |     13 |     13 |     13 |     17 |     16 |     16 |     20 |     20 |
| MST_17                 |                    - |                    - |                    - |                    - |                    - |                    - |                    - |                    - |                    - |                    - |                    - |                    - |                    - |                    - |                    - |                    - |                    - |                    - |                    - |                    - |                    - |                    - |                    - |                    - |                    - |                    - |                    - |                    - |                    - |                    - |                    - |                    - |                    - |                    - |                    - |                    - |                     - |                     - |                     - |                     - |                     - |                     - |                     - |                     - |                     - |                     - |                     - |                     - |                     - |                     - |                     - |                     - |                     - |                     - |                     - |                     - |                     - |                     - |                     - |                     - |                     - |                     - |                     - |                     - |                     - |                     - |                     - |                     - |                     - |                     - |     - |     - |     - |     - |     - |     - |     - |     - |     - |      - |      - |      - |      - |      - |      - |      - |      0 |      8 |      8 |     12 |     13 |     12 |     13 |     12 |     11 |     11 |     13 |     13 |     13 |     12 |     12 |     14 |     13 |     12 |     11 |     10 |     10 |     11 |     11 |     13 |     12 |     12 |     12 |     12 |     12 |     12 |     12 |     12 |     12 |     12 |     12 |     12 |     11 |     11 |     11 |     11 |     11 |     11 |     11 |     16 |     17 |     17 |     19 |     20 |     4 |     4 |     3 |     7 |     7 |     9 |     8 |    10 |    11 |    11 |     11 |     10 |      8 |     10 |      6 |      3 |      8 |      7 |     11 |     12 |     13 |     12 |     12 |     12 |     11 |     13 |     13 |     13 |     12 |     12 |     14 |     13 |     11 |     11 |     10 |     11 |     11 |     11 |     13 |     12 |     12 |     12 |     12 |     11 |     11 |     11 |     12 |     12 |     12 |     11 |     11 |     11 |     11 |     11 |     11 |     11 |     11 |     11 |     11 |     18 |     17 |     17 |     19 |     20 |
| MST_18                 |                    - |                    - |                    - |                    - |                    - |                    - |                    - |                    - |                    - |                    - |                    - |                    - |                    - |                    - |                    - |                    - |                    - |                    - |                    - |                    - |                    - |                    - |                    - |                    - |                    - |                    - |                    - |                    - |                    - |                    - |                    - |                    - |                    - |                    - |                    - |                    - |                     - |                     - |                     - |                     - |                     - |                     - |                     - |                     - |                     - |                     - |                     - |                     - |                     - |                     - |                     - |                     - |                     - |                     - |                     - |                     - |                     - |                     - |                     - |                     - |                     - |                     - |                     - |                     - |                     - |                     - |                     - |                     - |                     - |                     - |     - |     - |     - |     - |     - |     - |     - |     - |     - |      - |      - |      - |      - |      - |      - |      - |      - |      0 |      0 |     12 |     12 |     11 |     12 |     11 |     11 |     11 |     11 |     11 |     12 |     12 |     12 |     14 |     14 |     13 |     12 |     11 |     11 |     12 |     12 |     13 |     13 |     13 |     13 |     13 |     13 |     13 |     13 |     13 |     13 |     13 |     13 |     13 |     13 |     13 |     13 |     13 |     13 |     13 |     13 |     17 |     17 |     20 |     20 |     20 |     5 |     5 |     5 |     9 |     9 |    10 |    10 |    12 |    13 |    12 |     11 |     10 |     13 |     13 |      9 |      9 |      2 |      4 |     10 |     11 |     11 |     10 |     11 |     11 |     11 |     11 |     12 |     12 |     12 |     12 |     14 |     15 |     12 |     12 |     11 |     12 |     12 |     12 |     13 |     13 |     13 |     13 |     13 |     12 |     12 |     12 |     13 |     13 |     13 |     13 |     13 |     13 |     13 |     13 |     13 |     13 |     13 |     13 |     13 |     18 |     18 |     20 |     20 |     20 |
| MST_19                 |                    - |                    - |                    - |                    - |                    - |                    - |                    - |                    - |                    - |                    - |                    - |                    - |                    - |                    - |                    - |                    - |                    - |                    - |                    - |                    - |                    - |                    - |                    - |                    - |                    - |                    - |                    - |                    - |                    - |                    - |                    - |                    - |                    - |                    - |                    - |                    - |                     - |                     - |                     - |                     - |                     - |                     - |                     - |                     - |                     - |                     - |                     - |                     - |                     - |                     - |                     - |                     - |                     - |                     - |                     - |                     - |                     - |                     - |                     - |                     - |                     - |                     - |                     - |                     - |                     - |                     - |                     - |                     - |                     - |                     - |     - |     - |     - |     - |     - |     - |     - |     - |     - |      - |      - |      - |      - |      - |      - |      - |      - |      - |      0 |     12 |     12 |     11 |     12 |     11 |     11 |     11 |     11 |     11 |     12 |     12 |     12 |     14 |     14 |     13 |     12 |     11 |     11 |     12 |     12 |     13 |     13 |     13 |     13 |     13 |     13 |     13 |     13 |     13 |     13 |     13 |     13 |     13 |     13 |     13 |     13 |     13 |     13 |     13 |     13 |     17 |     17 |     20 |     20 |     20 |     5 |     5 |     5 |     9 |     9 |    10 |    10 |    12 |    13 |    12 |     11 |     10 |     13 |     13 |      9 |      9 |      2 |      4 |     10 |     11 |     11 |     10 |     11 |     11 |     11 |     11 |     12 |     12 |     12 |     12 |     14 |     15 |     12 |     12 |     11 |     12 |     12 |     12 |     13 |     13 |     13 |     13 |     13 |     12 |     12 |     12 |     13 |     13 |     13 |     13 |     13 |     13 |     13 |     13 |     13 |     13 |     13 |     13 |     13 |     18 |     18 |     20 |     20 |     20 |
| MST_20                 |                    - |                    - |                    - |                    - |                    - |                    - |                    - |                    - |                    - |                    - |                    - |                    - |                    - |                    - |                    - |                    - |                    - |                    - |                    - |                    - |                    - |                    - |                    - |                    - |                    - |                    - |                    - |                    - |                    - |                    - |                    - |                    - |                    - |                    - |                    - |                    - |                     - |                     - |                     - |                     - |                     - |                     - |                     - |                     - |                     - |                     - |                     - |                     - |                     - |                     - |                     - |                     - |                     - |                     - |                     - |                     - |                     - |                     - |                     - |                     - |                     - |                     - |                     - |                     - |                     - |                     - |                     - |                     - |                     - |                     - |     - |     - |     - |     - |     - |     - |     - |     - |     - |      - |      - |      - |      - |      - |      - |      - |      - |      - |      - |      0 |      1 |      5 |     10 |     11 |     12 |     12 |     11 |     11 |     11 |     12 |     12 |     11 |     10 |     10 |     12 |     12 |     12 |     11 |     11 |      9 |     10 |     10 |     10 |     10 |     10 |      9 |     10 |     10 |     10 |     10 |     10 |     11 |     11 |     11 |     11 |     11 |     11 |     11 |     11 |     19 |     18 |     18 |     19 |     19 |     5 |     5 |     5 |     8 |     8 |     8 |     9 |    11 |    11 |    11 |     11 |     11 |     12 |     14 |     13 |     15 |     11 |      8 |      5 |      5 |      8 |      9 |     11 |     11 |     12 |     11 |     11 |     11 |     12 |     12 |     11 |      9 |     11 |     12 |     12 |     11 |     11 |     11 |      9 |     10 |     10 |     10 |     10 |     10 |     10 |      9 |     10 |     10 |     10 |     10 |     11 |     11 |     11 |     11 |     11 |     11 |     11 |     11 |     11 |     20 |     18 |     18 |     19 |     19 |
| MST_21                 |                    - |                    - |                    - |                    - |                    - |                    - |                    - |                    - |                    - |                    - |                    - |                    - |                    - |                    - |                    - |                    - |                    - |                    - |                    - |                    - |                    - |                    - |                    - |                    - |                    - |                    - |                    - |                    - |                    - |                    - |                    - |                    - |                    - |                    - |                    - |                    - |                     - |                     - |                     - |                     - |                     - |                     - |                     - |                     - |                     - |                     - |                     - |                     - |                     - |                     - |                     - |                     - |                     - |                     - |                     - |                     - |                     - |                     - |                     - |                     - |                     - |                     - |                     - |                     - |                     - |                     - |                     - |                     - |                     - |                     - |     - |     - |     - |     - |     - |     - |     - |     - |     - |      - |      - |      - |      - |      - |      - |      - |      - |      - |      - |      - |      0 |      4 |      9 |     10 |     11 |     11 |     10 |     10 |     10 |     11 |     11 |     10 |      9 |      9 |     11 |     11 |     11 |     10 |     10 |      8 |      9 |      9 |      9 |      9 |      9 |      8 |      9 |      9 |      9 |      9 |      9 |     10 |     10 |     10 |     10 |     10 |     10 |     10 |     10 |     19 |     18 |     18 |     20 |     19 |     4 |     4 |     5 |     8 |     8 |     8 |     9 |    11 |    11 |    11 |     11 |     11 |     13 |     14 |     14 |     14 |     11 |      8 |      6 |      4 |      7 |      8 |     10 |     10 |     11 |     10 |     10 |     10 |     11 |     11 |     10 |      8 |     10 |     11 |     11 |     10 |     10 |     10 |      8 |      9 |      9 |      9 |      9 |      9 |      9 |      8 |      9 |      9 |      9 |      9 |     10 |     10 |     10 |     10 |     10 |     10 |     10 |     10 |     10 |     20 |     18 |     18 |     20 |     19 |
| MST_22                 |                    - |                    - |                    - |                    - |                    - |                    - |                    - |                    - |                    - |                    - |                    - |                    - |                    - |                    - |                    - |                    - |                    - |                    - |                    - |                    - |                    - |                    - |                    - |                    - |                    - |                    - |                    - |                    - |                    - |                    - |                    - |                    - |                    - |                    - |                    - |                    - |                     - |                     - |                     - |                     - |                     - |                     - |                     - |                     - |                     - |                     - |                     - |                     - |                     - |                     - |                     - |                     - |                     - |                     - |                     - |                     - |                     - |                     - |                     - |                     - |                     - |                     - |                     - |                     - |                     - |                     - |                     - |                     - |                     - |                     - |     - |     - |     - |     - |     - |     - |     - |     - |     - |      - |      - |      - |      - |      - |      - |      - |      - |      - |      - |      - |      - |      0 |      6 |      8 |      9 |      9 |      9 |     11 |     10 |     10 |     10 |     10 |      8 |      8 |     10 |     11 |     11 |      9 |      9 |      8 |      9 |      9 |      9 |      9 |      9 |      9 |     11 |     11 |     11 |     11 |     11 |     11 |     11 |     11 |     11 |     11 |     11 |     11 |     11 |     20 |     19 |     19 |     20 |     20 |     4 |     4 |     5 |     9 |     9 |     9 |     9 |    11 |    10 |    10 |     11 |     11 |     13 |     13 |     13 |     13 |     11 |      8 |      9 |      8 |      5 |      5 |      8 |      8 |      9 |      9 |     10 |     10 |     10 |     10 |     10 |      8 |      9 |     10 |     11 |      9 |      9 |      9 |      8 |      9 |      9 |      9 |      9 |     10 |     10 |     10 |     11 |     11 |     11 |     10 |     11 |     11 |     11 |     11 |     11 |     11 |     11 |     11 |     11 |     21 |     17 |     19 |     20 |     20 |
| MST_23                 |                    - |                    - |                    - |                    - |                    - |                    - |                    - |                    - |                    - |                    - |                    - |                    - |                    - |                    - |                    - |                    - |                    - |                    - |                    - |                    - |                    - |                    - |                    - |                    - |                    - |                    - |                    - |                    - |                    - |                    - |                    - |                    - |                    - |                    - |                    - |                    - |                     - |                     - |                     - |                     - |                     - |                     - |                     - |                     - |                     - |                     - |                     - |                     - |                     - |                     - |                     - |                     - |                     - |                     - |                     - |                     - |                     - |                     - |                     - |                     - |                     - |                     - |                     - |                     - |                     - |                     - |                     - |                     - |                     - |                     - |     - |     - |     - |     - |     - |     - |     - |     - |     - |      - |      - |      - |      - |      - |      - |      - |      - |      - |      - |      - |      - |      - |      0 |      5 |      6 |      6 |      8 |      8 |     10 |     12 |     12 |     10 |     10 |     11 |     11 |     10 |     10 |     11 |     11 |     11 |     10 |     11 |     11 |     11 |     11 |     11 |     12 |     12 |     12 |     12 |     12 |     12 |     12 |     12 |     12 |     12 |     12 |     12 |     12 |     19 |     19 |     20 |     17 |     22 |     2 |     2 |     3 |     8 |     8 |     9 |     9 |    11 |    10 |    10 |      9 |     10 |     12 |     12 |     13 |     13 |     10 |     12 |      8 |      8 |      8 |      3 |      5 |      5 |      6 |      7 |     10 |     10 |     12 |     12 |     10 |     10 |     11 |     11 |     10 |     11 |     11 |     11 |     11 |     10 |     11 |     11 |     11 |     11 |     11 |     11 |     12 |     12 |     12 |     12 |     12 |     12 |     12 |     12 |     12 |     12 |     12 |     12 |     12 |     20 |     19 |     20 |     17 |     22 |
| MST_24                 |                    - |                    - |                    - |                    - |                    - |                    - |                    - |                    - |                    - |                    - |                    - |                    - |                    - |                    - |                    - |                    - |                    - |                    - |                    - |                    - |                    - |                    - |                    - |                    - |                    - |                    - |                    - |                    - |                    - |                    - |                    - |                    - |                    - |                    - |                    - |                    - |                     - |                     - |                     - |                     - |                     - |                     - |                     - |                     - |                     - |                     - |                     - |                     - |                     - |                     - |                     - |                     - |                     - |                     - |                     - |                     - |                     - |                     - |                     - |                     - |                     - |                     - |                     - |                     - |                     - |                     - |                     - |                     - |                     - |                     - |     - |     - |     - |     - |     - |     - |     - |     - |     - |      - |      - |      - |      - |      - |      - |      - |      - |      - |      - |      - |      - |      - |      - |      0 |      2 |      2 |      4 |      6 |     11 |      9 |      9 |     10 |     11 |     11 |     12 |     12 |     12 |     11 |     11 |     11 |     11 |     12 |     12 |     12 |     12 |     12 |     14 |     14 |     14 |     14 |     14 |     14 |     13 |     13 |     13 |     13 |     13 |     13 |     13 |     19 |     19 |     21 |     17 |     21 |     4 |     4 |     5 |     9 |     9 |     9 |     8 |    10 |    10 |     9 |     10 |     10 |     13 |     13 |     14 |     14 |     11 |     11 |     10 |     10 |      8 |      4 |      0 |      0 |      2 |      3 |     11 |     11 |      9 |      9 |     10 |     10 |     12 |     12 |     12 |     11 |     11 |     11 |     11 |     11 |     12 |     12 |     12 |     13 |     13 |     13 |     14 |     14 |     14 |     12 |     13 |     13 |     13 |     13 |     13 |     13 |     13 |     13 |     13 |     21 |     18 |     21 |     17 |     21 |
| MST_25                 |                    - |                    - |                    - |                    - |                    - |                    - |                    - |                    - |                    - |                    - |                    - |                    - |                    - |                    - |                    - |                    - |                    - |                    - |                    - |                    - |                    - |                    - |                    - |                    - |                    - |                    - |                    - |                    - |                    - |                    - |                    - |                    - |                    - |                    - |                    - |                    - |                     - |                     - |                     - |                     - |                     - |                     - |                     - |                     - |                     - |                     - |                     - |                     - |                     - |                     - |                     - |                     - |                     - |                     - |                     - |                     - |                     - |                     - |                     - |                     - |                     - |                     - |                     - |                     - |                     - |                     - |                     - |                     - |                     - |                     - |     - |     - |     - |     - |     - |     - |     - |     - |     - |      - |      - |      - |      - |      - |      - |      - |      - |      - |      - |      - |      - |      - |      - |      - |      0 |      0 |      4 |      7 |      9 |      9 |      9 |     10 |     11 |     12 |     12 |     11 |     11 |     10 |     10 |     11 |     10 |     11 |     11 |     11 |     11 |     11 |     13 |     13 |     13 |     13 |     13 |     13 |     12 |     12 |     12 |     12 |     12 |     12 |     12 |     19 |     19 |     20 |     17 |     22 |     4 |     4 |     4 |     8 |     8 |     9 |     9 |    10 |    10 |     9 |      9 |      9 |     13 |     12 |     13 |     14 |     11 |     12 |     10 |     10 |      7 |      4 |      2 |      2 |      0 |      4 |      9 |      9 |      9 |      9 |     10 |     11 |     12 |     12 |     11 |     10 |     10 |     10 |     11 |     10 |     11 |     11 |     11 |     12 |     12 |     12 |     13 |     13 |     13 |     11 |     12 |     12 |     12 |     12 |     12 |     12 |     12 |     12 |     12 |     20 |     18 |     20 |     17 |     22 |
| MST_26                 |                    - |                    - |                    - |                    - |                    - |                    - |                    - |                    - |                    - |                    - |                    - |                    - |                    - |                    - |                    - |                    - |                    - |                    - |                    - |                    - |                    - |                    - |                    - |                    - |                    - |                    - |                    - |                    - |                    - |                    - |                    - |                    - |                    - |                    - |                    - |                    - |                     - |                     - |                     - |                     - |                     - |                     - |                     - |                     - |                     - |                     - |                     - |                     - |                     - |                     - |                     - |                     - |                     - |                     - |                     - |                     - |                     - |                     - |                     - |                     - |                     - |                     - |                     - |                     - |                     - |                     - |                     - |                     - |                     - |                     - |     - |     - |     - |     - |     - |     - |     - |     - |     - |      - |      - |      - |      - |      - |      - |      - |      - |      - |      - |      - |      - |      - |      - |      - |      - |      0 |      4 |      7 |      9 |      9 |      9 |     10 |     11 |     12 |     12 |     11 |     11 |     10 |     10 |     11 |     10 |     11 |     11 |     11 |     11 |     11 |     13 |     13 |     13 |     13 |     13 |     13 |     12 |     12 |     12 |     12 |     12 |     12 |     12 |     19 |     19 |     20 |     17 |     22 |     4 |     4 |     4 |     8 |     8 |     9 |     9 |    10 |    10 |     9 |      9 |      9 |     13 |     12 |     13 |     14 |     11 |     12 |     10 |     10 |      7 |      4 |      2 |      2 |      0 |      4 |      9 |      9 |      9 |      9 |     10 |     11 |     12 |     12 |     11 |     10 |     10 |     10 |     11 |     10 |     11 |     11 |     11 |     12 |     12 |     12 |     13 |     13 |     13 |     11 |     12 |     12 |     12 |     12 |     12 |     12 |     12 |     12 |     12 |     20 |     18 |     20 |     17 |     22 |
| MST_27                 |                    - |                    - |                    - |                    - |                    - |                    - |                    - |                    - |                    - |                    - |                    - |                    - |                    - |                    - |                    - |                    - |                    - |                    - |                    - |                    - |                    - |                    - |                    - |                    - |                    - |                    - |                    - |                    - |                    - |                    - |                    - |                    - |                    - |                    - |                    - |                    - |                     - |                     - |                     - |                     - |                     - |                     - |                     - |                     - |                     - |                     - |                     - |                     - |                     - |                     - |                     - |                     - |                     - |                     - |                     - |                     - |                     - |                     - |                     - |                     - |                     - |                     - |                     - |                     - |                     - |                     - |                     - |                     - |                     - |                     - |     - |     - |     - |     - |     - |     - |     - |     - |     - |      - |      - |      - |      - |      - |      - |      - |      - |      - |      - |      - |      - |      - |      - |      - |      - |      - |      0 |      6 |      8 |      8 |      8 |     10 |     11 |     11 |     12 |     11 |     11 |     10 |     10 |     11 |     10 |     11 |     11 |     11 |     11 |     11 |     12 |     12 |     12 |     12 |     12 |     12 |     11 |     11 |     11 |     11 |     11 |     11 |     11 |     21 |     19 |     21 |     20 |     22 |     5 |     5 |     5 |     9 |     9 |     9 |     9 |    10 |    10 |    10 |     10 |      9 |     14 |     13 |     14 |     14 |     11 |     13 |     10 |     10 |      7 |      6 |      4 |      4 |      4 |      3 |      8 |      8 |      8 |      8 |     10 |     11 |     12 |     12 |     11 |     10 |     10 |     10 |     11 |     10 |     11 |     11 |     11 |     12 |     12 |     12 |     12 |     12 |     12 |     11 |     12 |     11 |     11 |     11 |     11 |     11 |     11 |     11 |     11 |     22 |     20 |     21 |     20 |     22 |
| MST_28                 |                    - |                    - |                    - |                    - |                    - |                    - |                    - |                    - |                    - |                    - |                    - |                    - |                    - |                    - |                    - |                    - |                    - |                    - |                    - |                    - |                    - |                    - |                    - |                    - |                    - |                    - |                    - |                    - |                    - |                    - |                    - |                    - |                    - |                    - |                    - |                    - |                     - |                     - |                     - |                     - |                     - |                     - |                     - |                     - |                     - |                     - |                     - |                     - |                     - |                     - |                     - |                     - |                     - |                     - |                     - |                     - |                     - |                     - |                     - |                     - |                     - |                     - |                     - |                     - |                     - |                     - |                     - |                     - |                     - |                     - |     - |     - |     - |     - |     - |     - |     - |     - |     - |      - |      - |      - |      - |      - |      - |      - |      - |      - |      - |      - |      - |      - |      - |      - |      - |      - |      - |      0 |      7 |      7 |      7 |      9 |     10 |      9 |      9 |      8 |      8 |      6 |      6 |      8 |      7 |      8 |      8 |      8 |      8 |      8 |      9 |      9 |      9 |      9 |      9 |      9 |      8 |      8 |      8 |      8 |      8 |      8 |      8 |     21 |     18 |     19 |     18 |     22 |     4 |     4 |     4 |     8 |     8 |     9 |     9 |    10 |     9 |     8 |      9 |      9 |     13 |     13 |     14 |     15 |     12 |     14 |     11 |     10 |      9 |      7 |      6 |      6 |      7 |      4 |      7 |      7 |      7 |      7 |      9 |      9 |     10 |      9 |      8 |      6 |      6 |      6 |      8 |      7 |      8 |      8 |      8 |      9 |      9 |      9 |      9 |      9 |      9 |      8 |      9 |      8 |      8 |      8 |      8 |      8 |      8 |      8 |      8 |     22 |     17 |     19 |     18 |     22 |
| MST_29                 |                    - |                    - |                    - |                    - |                    - |                    - |                    - |                    - |                    - |                    - |                    - |                    - |                    - |                    - |                    - |                    - |                    - |                    - |                    - |                    - |                    - |                    - |                    - |                    - |                    - |                    - |                    - |                    - |                    - |                    - |                    - |                    - |                    - |                    - |                    - |                    - |                     - |                     - |                     - |                     - |                     - |                     - |                     - |                     - |                     - |                     - |                     - |                     - |                     - |                     - |                     - |                     - |                     - |                     - |                     - |                     - |                     - |                     - |                     - |                     - |                     - |                     - |                     - |                     - |                     - |                     - |                     - |                     - |                     - |                     - |     - |     - |     - |     - |     - |     - |     - |     - |     - |      - |      - |      - |      - |      - |      - |      - |      - |      - |      - |      - |      - |      - |      - |      - |      - |      - |      - |      - |      0 |      5 |      5 |      4 |      6 |      7 |      6 |      6 |      6 |      9 |      9 |      8 |      8 |      9 |      9 |      9 |      9 |      9 |      8 |      8 |      8 |      8 |      8 |      8 |      8 |      8 |      8 |      8 |      8 |      8 |      8 |     17 |     20 |     20 |     19 |     20 |     3 |     3 |     3 |     8 |     8 |     9 |    10 |    11 |     9 |     9 |      8 |      8 |     12 |     13 |     13 |     14 |     13 |     15 |     10 |      9 |     10 |     10 |     11 |     11 |      9 |      9 |      0 |      0 |      5 |      5 |      4 |      6 |      6 |      6 |      6 |      9 |      9 |      9 |      8 |      8 |      9 |      9 |      9 |      9 |      9 |      9 |      8 |      8 |      8 |      9 |      9 |      8 |      8 |      8 |      8 |      8 |      8 |      8 |      8 |     19 |     19 |     20 |     19 |     20 |
| MST_30                 |                    - |                    - |                    - |                    - |                    - |                    - |                    - |                    - |                    - |                    - |                    - |                    - |                    - |                    - |                    - |                    - |                    - |                    - |                    - |                    - |                    - |                    - |                    - |                    - |                    - |                    - |                    - |                    - |                    - |                    - |                    - |                    - |                    - |                    - |                    - |                    - |                     - |                     - |                     - |                     - |                     - |                     - |                     - |                     - |                     - |                     - |                     - |                     - |                     - |                     - |                     - |                     - |                     - |                     - |                     - |                     - |                     - |                     - |                     - |                     - |                     - |                     - |                     - |                     - |                     - |                     - |                     - |                     - |                     - |                     - |     - |     - |     - |     - |     - |     - |     - |     - |     - |      - |      - |      - |      - |      - |      - |      - |      - |      - |      - |      - |      - |      - |      - |      - |      - |      - |      - |      - |      - |      0 |      0 |      2 |      4 |      5 |      5 |      5 |      5 |      7 |      7 |      6 |      7 |      7 |      7 |      7 |      7 |      8 |      7 |      7 |      7 |      7 |      7 |      8 |      7 |      7 |      7 |      7 |      7 |      7 |      7 |     19 |     19 |     20 |     20 |     20 |     4 |     4 |     4 |     8 |     8 |     9 |     9 |    11 |    10 |    11 |     10 |      9 |     12 |     12 |     12 |     13 |     12 |     13 |     11 |     12 |     11 |     10 |      9 |      9 |      9 |      8 |      5 |      5 |      0 |      0 |      2 |      4 |      5 |      5 |      5 |      7 |      7 |      7 |      6 |      7 |      7 |      7 |      7 |      7 |      7 |      8 |      7 |      7 |      7 |      6 |      6 |      7 |      7 |      7 |      7 |      7 |      7 |      7 |      7 |     21 |     18 |     20 |     20 |     20 |
| MST_31                 |                    - |                    - |                    - |                    - |                    - |                    - |                    - |                    - |                    - |                    - |                    - |                    - |                    - |                    - |                    - |                    - |                    - |                    - |                    - |                    - |                    - |                    - |                    - |                    - |                    - |                    - |                    - |                    - |                    - |                    - |                    - |                    - |                    - |                    - |                    - |                    - |                     - |                     - |                     - |                     - |                     - |                     - |                     - |                     - |                     - |                     - |                     - |                     - |                     - |                     - |                     - |                     - |                     - |                     - |                     - |                     - |                     - |                     - |                     - |                     - |                     - |                     - |                     - |                     - |                     - |                     - |                     - |                     - |                     - |                     - |     - |     - |     - |     - |     - |     - |     - |     - |     - |      - |      - |      - |      - |      - |      - |      - |      - |      - |      - |      - |      - |      - |      - |      - |      - |      - |      - |      - |      - |      - |      0 |      2 |      4 |      5 |      5 |      5 |      5 |      7 |      7 |      6 |      7 |      7 |      7 |      7 |      7 |      8 |      7 |      7 |      7 |      7 |      7 |      8 |      7 |      7 |      7 |      7 |      7 |      7 |      7 |     19 |     19 |     20 |     20 |     20 |     4 |     4 |     4 |     8 |     8 |     9 |     9 |    11 |    10 |    11 |     10 |      9 |     12 |     12 |     12 |     13 |     12 |     13 |     11 |     12 |     11 |     10 |      9 |      9 |      9 |      8 |      5 |      5 |      0 |      0 |      2 |      4 |      5 |      5 |      5 |      7 |      7 |      7 |      6 |      7 |      7 |      7 |      7 |      7 |      7 |      8 |      7 |      7 |      7 |      6 |      6 |      7 |      7 |      7 |      7 |      7 |      7 |      7 |      7 |     21 |     18 |     20 |     20 |     20 |
| MST_32                 |                    - |                    - |                    - |                    - |                    - |                    - |                    - |                    - |                    - |                    - |                    - |                    - |                    - |                    - |                    - |                    - |                    - |                    - |                    - |                    - |                    - |                    - |                    - |                    - |                    - |                    - |                    - |                    - |                    - |                    - |                    - |                    - |                    - |                    - |                    - |                    - |                     - |                     - |                     - |                     - |                     - |                     - |                     - |                     - |                     - |                     - |                     - |                     - |                     - |                     - |                     - |                     - |                     - |                     - |                     - |                     - |                     - |                     - |                     - |                     - |                     - |                     - |                     - |                     - |                     - |                     - |                     - |                     - |                     - |                     - |     - |     - |     - |     - |     - |     - |     - |     - |     - |      - |      - |      - |      - |      - |      - |      - |      - |      - |      - |      - |      - |      - |      - |      - |      - |      - |      - |      - |      - |      - |      - |      0 |      2 |      4 |      3 |      4 |      4 |      7 |      7 |      5 |      6 |      6 |      6 |      6 |      6 |      7 |      7 |      7 |      7 |      7 |      7 |      7 |      7 |      7 |      7 |      7 |      7 |      7 |      7 |     20 |     19 |     21 |     19 |     19 |     3 |     3 |     4 |     8 |     8 |     9 |    10 |    11 |    10 |    11 |     10 |      9 |     12 |     12 |     12 |     14 |     14 |     14 |     12 |     12 |     12 |     11 |     10 |     10 |     10 |     10 |      4 |      4 |      2 |      2 |      0 |      2 |      3 |      3 |      4 |      7 |      7 |      7 |      5 |      6 |      6 |      6 |      6 |      6 |      6 |      7 |      7 |      7 |      7 |      6 |      6 |      7 |      7 |      7 |      7 |      7 |      7 |      7 |      7 |     21 |     19 |     21 |     19 |     19 |
| MST_33                 |                    - |                    - |                    - |                    - |                    - |                    - |                    - |                    - |                    - |                    - |                    - |                    - |                    - |                    - |                    - |                    - |                    - |                    - |                    - |                    - |                    - |                    - |                    - |                    - |                    - |                    - |                    - |                    - |                    - |                    - |                    - |                    - |                    - |                    - |                    - |                    - |                     - |                     - |                     - |                     - |                     - |                     - |                     - |                     - |                     - |                     - |                     - |                     - |                     - |                     - |                     - |                     - |                     - |                     - |                     - |                     - |                     - |                     - |                     - |                     - |                     - |                     - |                     - |                     - |                     - |                     - |                     - |                     - |                     - |                     - |     - |     - |     - |     - |     - |     - |     - |     - |     - |      - |      - |      - |      - |      - |      - |      - |      - |      - |      - |      - |      - |      - |      - |      - |      - |      - |      - |      - |      - |      - |      - |      - |      0 |      3 |      3 |      4 |      4 |      5 |      5 |      4 |      5 |      5 |      5 |      5 |      5 |      6 |      7 |      7 |      7 |      7 |      7 |      6 |      6 |      6 |      6 |      6 |      6 |      6 |      6 |     21 |     20 |     21 |     20 |     19 |     4 |     4 |     5 |     9 |     9 |     9 |    10 |    11 |    11 |    12 |     11 |     10 |     12 |     13 |     12 |     12 |     14 |     13 |     11 |     11 |     12 |     11 |     11 |     11 |     11 |     11 |      6 |      6 |      4 |      4 |      2 |      1 |      3 |      3 |      4 |      5 |      5 |      5 |      4 |      5 |      5 |      5 |      5 |      5 |      5 |      6 |      7 |      7 |      7 |      5 |      5 |      6 |      6 |      6 |      6 |      6 |      6 |      6 |      6 |     22 |     19 |     21 |     20 |     19 |
| MST_34                 |                    - |                    - |                    - |                    - |                    - |                    - |                    - |                    - |                    - |                    - |                    - |                    - |                    - |                    - |                    - |                    - |                    - |                    - |                    - |                    - |                    - |                    - |                    - |                    - |                    - |                    - |                    - |                    - |                    - |                    - |                    - |                    - |                    - |                    - |                    - |                    - |                     - |                     - |                     - |                     - |                     - |                     - |                     - |                     - |                     - |                     - |                     - |                     - |                     - |                     - |                     - |                     - |                     - |                     - |                     - |                     - |                     - |                     - |                     - |                     - |                     - |                     - |                     - |                     - |                     - |                     - |                     - |                     - |                     - |                     - |     - |     - |     - |     - |     - |     - |     - |     - |     - |      - |      - |      - |      - |      - |      - |      - |      - |      - |      - |      - |      - |      - |      - |      - |      - |      - |      - |      - |      - |      - |      - |      - |      - |      0 |      3 |      4 |      4 |      6 |      6 |      5 |      6 |      6 |      6 |      6 |      6 |      6 |      7 |      7 |      7 |      7 |      7 |      7 |      7 |      7 |      7 |      7 |      7 |      7 |      7 |     21 |     20 |     20 |     21 |     21 |     4 |     4 |     4 |     8 |     8 |    10 |    11 |    12 |    11 |    11 |     11 |     11 |     12 |     14 |     12 |     14 |     14 |     15 |     11 |     11 |     12 |     12 |     11 |     11 |     12 |     11 |      7 |      7 |      5 |      5 |      4 |      2 |      2 |      3 |      4 |      6 |      6 |      6 |      5 |      6 |      6 |      6 |      6 |      6 |      6 |      6 |      7 |      7 |      7 |      6 |      6 |      7 |      7 |      7 |      7 |      7 |      7 |      7 |      7 |     22 |     19 |     20 |     21 |     21 |
| MST_35                 |                    - |                    - |                    - |                    - |                    - |                    - |                    - |                    - |                    - |                    - |                    - |                    - |                    - |                    - |                    - |                    - |                    - |                    - |                    - |                    - |                    - |                    - |                    - |                    - |                    - |                    - |                    - |                    - |                    - |                    - |                    - |                    - |                    - |                    - |                    - |                    - |                     - |                     - |                     - |                     - |                     - |                     - |                     - |                     - |                     - |                     - |                     - |                     - |                     - |                     - |                     - |                     - |                     - |                     - |                     - |                     - |                     - |                     - |                     - |                     - |                     - |                     - |                     - |                     - |                     - |                     - |                     - |                     - |                     - |                     - |     - |     - |     - |     - |     - |     - |     - |     - |     - |      - |      - |      - |      - |      - |      - |      - |      - |      - |      - |      - |      - |      - |      - |      - |      - |      - |      - |      - |      - |      - |      - |      - |      - |      - |      0 |      2 |      2 |      5 |      5 |      5 |      5 |      4 |      4 |      4 |      4 |      5 |      6 |      6 |      6 |      6 |      6 |      5 |      6 |      6 |      6 |      6 |      6 |      6 |      6 |     20 |     20 |     21 |     21 |     22 |     3 |     3 |     3 |     8 |     8 |    10 |    11 |    12 |    11 |    12 |     10 |     10 |     13 |     15 |     12 |     14 |     13 |     15 |     10 |     10 |     13 |     12 |     12 |     12 |     12 |     12 |      6 |      6 |      5 |      5 |      3 |      4 |      1 |      0 |      2 |      5 |      5 |      5 |      5 |      5 |      4 |      4 |      4 |      4 |      4 |      5 |      6 |      6 |      6 |      5 |      5 |      6 |      6 |      6 |      6 |      6 |      6 |      6 |      6 |     20 |     20 |     21 |     21 |     22 |
| MST_36                 |                    - |                    - |                    - |                    - |                    - |                    - |                    - |                    - |                    - |                    - |                    - |                    - |                    - |                    - |                    - |                    - |                    - |                    - |                    - |                    - |                    - |                    - |                    - |                    - |                    - |                    - |                    - |                    - |                    - |                    - |                    - |                    - |                    - |                    - |                    - |                    - |                     - |                     - |                     - |                     - |                     - |                     - |                     - |                     - |                     - |                     - |                     - |                     - |                     - |                     - |                     - |                     - |                     - |                     - |                     - |                     - |                     - |                     - |                     - |                     - |                     - |                     - |                     - |                     - |                     - |                     - |                     - |                     - |                     - |                     - |     - |     - |     - |     - |     - |     - |     - |     - |     - |      - |      - |      - |      - |      - |      - |      - |      - |      - |      - |      - |      - |      - |      - |      - |      - |      - |      - |      - |      - |      - |      - |      - |      - |      - |      - |      0 |      0 |      3 |      3 |      6 |      5 |      6 |      6 |      6 |      6 |      7 |      7 |      7 |      7 |      7 |      7 |      7 |      6 |      6 |      6 |      6 |      6 |      6 |      6 |     20 |     19 |     21 |     21 |     22 |     3 |     3 |     3 |     8 |     8 |     9 |     9 |    11 |    11 |    11 |      9 |     10 |     12 |     14 |     13 |     14 |     13 |     15 |      9 |      9 |     12 |     11 |     12 |     12 |     11 |     11 |      6 |      6 |      5 |      5 |      4 |      4 |      3 |      2 |      0 |      3 |      3 |      3 |      6 |      5 |      6 |      6 |      6 |      6 |      6 |      7 |      7 |      7 |      7 |      5 |      5 |      6 |      6 |      6 |      6 |      6 |      6 |      6 |      6 |     21 |     19 |     21 |     21 |     22 |
| MST_37                 |                    - |                    - |                    - |                    - |                    - |                    - |                    - |                    - |                    - |                    - |                    - |                    - |                    - |                    - |                    - |                    - |                    - |                    - |                    - |                    - |                    - |                    - |                    - |                    - |                    - |                    - |                    - |                    - |                    - |                    - |                    - |                    - |                    - |                    - |                    - |                    - |                     - |                     - |                     - |                     - |                     - |                     - |                     - |                     - |                     - |                     - |                     - |                     - |                     - |                     - |                     - |                     - |                     - |                     - |                     - |                     - |                     - |                     - |                     - |                     - |                     - |                     - |                     - |                     - |                     - |                     - |                     - |                     - |                     - |                     - |     - |     - |     - |     - |     - |     - |     - |     - |     - |      - |      - |      - |      - |      - |      - |      - |      - |      - |      - |      - |      - |      - |      - |      - |      - |      - |      - |      - |      - |      - |      - |      - |      - |      - |      - |      - |      0 |      3 |      3 |      6 |      5 |      6 |      6 |      6 |      6 |      7 |      7 |      7 |      7 |      7 |      7 |      7 |      6 |      6 |      6 |      6 |      6 |      6 |      6 |     20 |     19 |     21 |     21 |     22 |     3 |     3 |     3 |     8 |     8 |     9 |     9 |    11 |    11 |    11 |      9 |     10 |     12 |     14 |     13 |     14 |     13 |     15 |      9 |      9 |     12 |     11 |     12 |     12 |     11 |     11 |      6 |      6 |      5 |      5 |      4 |      4 |      3 |      2 |      0 |      3 |      3 |      3 |      6 |      5 |      6 |      6 |      6 |      6 |      6 |      7 |      7 |      7 |      7 |      5 |      5 |      6 |      6 |      6 |      6 |      6 |      6 |      6 |      6 |     21 |     19 |     21 |     21 |     22 |
| MST_38                 |                    - |                    - |                    - |                    - |                    - |                    - |                    - |                    - |                    - |                    - |                    - |                    - |                    - |                    - |                    - |                    - |                    - |                    - |                    - |                    - |                    - |                    - |                    - |                    - |                    - |                    - |                    - |                    - |                    - |                    - |                    - |                    - |                    - |                    - |                    - |                    - |                     - |                     - |                     - |                     - |                     - |                     - |                     - |                     - |                     - |                     - |                     - |                     - |                     - |                     - |                     - |                     - |                     - |                     - |                     - |                     - |                     - |                     - |                     - |                     - |                     - |                     - |                     - |                     - |                     - |                     - |                     - |                     - |                     - |                     - |     - |     - |     - |     - |     - |     - |     - |     - |     - |      - |      - |      - |      - |      - |      - |      - |      - |      - |      - |      - |      - |      - |      - |      - |      - |      - |      - |      - |      - |      - |      - |      - |      - |      - |      - |      - |      - |      0 |      0 |      4 |      3 |      4 |      4 |      4 |      4 |      5 |      6 |      6 |      6 |      6 |      6 |      6 |      5 |      5 |      5 |      5 |      5 |      5 |      5 |     21 |     20 |     22 |     20 |     21 |     4 |     4 |     4 |     8 |     8 |     9 |     9 |    11 |    10 |    10 |     10 |     10 |     13 |     13 |     13 |     14 |     13 |     15 |     10 |     10 |     11 |     10 |     11 |     11 |     10 |      9 |      9 |      9 |      7 |      7 |      7 |      6 |      6 |      5 |      3 |      0 |      0 |      0 |      4 |      3 |      4 |      4 |      4 |      5 |      5 |      6 |      6 |      6 |      6 |      4 |      5 |      5 |      5 |      5 |      5 |      5 |      5 |      5 |      5 |     23 |     20 |     22 |     20 |     21 |
| MST_39                 |                    - |                    - |                    - |                    - |                    - |                    - |                    - |                    - |                    - |                    - |                    - |                    - |                    - |                    - |                    - |                    - |                    - |                    - |                    - |                    - |                    - |                    - |                    - |                    - |                    - |                    - |                    - |                    - |                    - |                    - |                    - |                    - |                    - |                    - |                    - |                    - |                     - |                     - |                     - |                     - |                     - |                     - |                     - |                     - |                     - |                     - |                     - |                     - |                     - |                     - |                     - |                     - |                     - |                     - |                     - |                     - |                     - |                     - |                     - |                     - |                     - |                     - |                     - |                     - |                     - |                     - |                     - |                     - |                     - |                     - |     - |     - |     - |     - |     - |     - |     - |     - |     - |      - |      - |      - |      - |      - |      - |      - |      - |      - |      - |      - |      - |      - |      - |      - |      - |      - |      - |      - |      - |      - |      - |      - |      - |      - |      - |      - |      - |      - |      0 |      4 |      3 |      4 |      4 |      4 |      4 |      5 |      6 |      6 |      6 |      6 |      6 |      6 |      5 |      5 |      5 |      5 |      5 |      5 |      5 |     21 |     20 |     22 |     20 |     21 |     4 |     4 |     4 |     8 |     8 |     9 |     9 |    11 |    10 |    10 |     10 |     10 |     13 |     13 |     13 |     14 |     13 |     15 |     10 |     10 |     11 |     10 |     11 |     11 |     10 |      9 |      9 |      9 |      7 |      7 |      7 |      6 |      6 |      5 |      3 |      0 |      0 |      0 |      4 |      3 |      4 |      4 |      4 |      5 |      5 |      6 |      6 |      6 |      6 |      4 |      5 |      5 |      5 |      5 |      5 |      5 |      5 |      5 |      5 |     23 |     20 |     22 |     20 |     21 |
| MST_40                 |                    - |                    - |                    - |                    - |                    - |                    - |                    - |                    - |                    - |                    - |                    - |                    - |                    - |                    - |                    - |                    - |                    - |                    - |                    - |                    - |                    - |                    - |                    - |                    - |                    - |                    - |                    - |                    - |                    - |                    - |                    - |                    - |                    - |                    - |                    - |                    - |                     - |                     - |                     - |                     - |                     - |                     - |                     - |                     - |                     - |                     - |                     - |                     - |                     - |                     - |                     - |                     - |                     - |                     - |                     - |                     - |                     - |                     - |                     - |                     - |                     - |                     - |                     - |                     - |                     - |                     - |                     - |                     - |                     - |                     - |     - |     - |     - |     - |     - |     - |     - |     - |     - |      - |      - |      - |      - |      - |      - |      - |      - |      - |      - |      - |      - |      - |      - |      - |      - |      - |      - |      - |      - |      - |      - |      - |      - |      - |      - |      - |      - |      - |      - |      0 |      1 |      1 |      1 |      1 |      1 |      2 |      4 |      4 |      4 |      4 |      4 |      3 |      3 |      3 |      3 |      3 |      3 |      3 |      3 |     20 |     21 |     21 |     20 |     20 |     5 |     5 |     5 |     8 |     8 |     8 |    10 |    11 |    11 |    11 |     11 |     11 |     14 |     14 |     13 |     14 |     14 |     14 |     10 |     10 |     11 |     11 |     11 |     11 |     11 |     11 |      8 |      8 |      6 |      6 |      5 |      5 |      5 |      5 |      6 |      4 |      4 |      4 |      0 |      1 |      1 |      1 |      1 |      2 |      2 |      3 |      4 |      4 |      4 |      2 |      3 |      3 |      3 |      3 |      3 |      3 |      3 |      3 |      3 |     22 |     21 |     21 |     20 |     20 |
| MST_41                 |                    - |                    - |                    - |                    - |                    - |                    - |                    - |                    - |                    - |                    - |                    - |                    - |                    - |                    - |                    - |                    - |                    - |                    - |                    - |                    - |                    - |                    - |                    - |                    - |                    - |                    - |                    - |                    - |                    - |                    - |                    - |                    - |                    - |                    - |                    - |                    - |                     - |                     - |                     - |                     - |                     - |                     - |                     - |                     - |                     - |                     - |                     - |                     - |                     - |                     - |                     - |                     - |                     - |                     - |                     - |                     - |                     - |                     - |                     - |                     - |                     - |                     - |                     - |                     - |                     - |                     - |                     - |                     - |                     - |                     - |     - |     - |     - |     - |     - |     - |     - |     - |     - |      - |      - |      - |      - |      - |      - |      - |      - |      - |      - |      - |      - |      - |      - |      - |      - |      - |      - |      - |      - |      - |      - |      - |      - |      - |      - |      - |      - |      - |      - |      - |      0 |      1 |      1 |      1 |      1 |      2 |      4 |      4 |      4 |      4 |      4 |      3 |      3 |      3 |      3 |      3 |      3 |      3 |      3 |     21 |     21 |     20 |     20 |     21 |     4 |     4 |     4 |     7 |     7 |     8 |    10 |    12 |    10 |    10 |     10 |     10 |     13 |     14 |     13 |     13 |     14 |     14 |      9 |      9 |     11 |     10 |     11 |     11 |     10 |     11 |      8 |      8 |      7 |      7 |      6 |      6 |      6 |      5 |      5 |      3 |      3 |      3 |      1 |      0 |      1 |      1 |      1 |      2 |      2 |      3 |      4 |      4 |      4 |      2 |      3 |      3 |      3 |      3 |      3 |      3 |      3 |      3 |      3 |     22 |     21 |     20 |     20 |     21 |
| MST_42                 |                    - |                    - |                    - |                    - |                    - |                    - |                    - |                    - |                    - |                    - |                    - |                    - |                    - |                    - |                    - |                    - |                    - |                    - |                    - |                    - |                    - |                    - |                    - |                    - |                    - |                    - |                    - |                    - |                    - |                    - |                    - |                    - |                    - |                    - |                    - |                    - |                     - |                     - |                     - |                     - |                     - |                     - |                     - |                     - |                     - |                     - |                     - |                     - |                     - |                     - |                     - |                     - |                     - |                     - |                     - |                     - |                     - |                     - |                     - |                     - |                     - |                     - |                     - |                     - |                     - |                     - |                     - |                     - |                     - |                     - |     - |     - |     - |     - |     - |     - |     - |     - |     - |      - |      - |      - |      - |      - |      - |      - |      - |      - |      - |      - |      - |      - |      - |      - |      - |      - |      - |      - |      - |      - |      - |      - |      - |      - |      - |      - |      - |      - |      - |      - |      - |      0 |      0 |      0 |      0 |      1 |      3 |      3 |      3 |      3 |      3 |      2 |      2 |      2 |      2 |      2 |      2 |      2 |      2 |     20 |     21 |     20 |     20 |     21 |     4 |     4 |     4 |     7 |     7 |     9 |    11 |    12 |    11 |    11 |     11 |     11 |     14 |     15 |     12 |     14 |     14 |     14 |     10 |     10 |     12 |     11 |     12 |     12 |     11 |     12 |      9 |      9 |      7 |      7 |      6 |      6 |      5 |      4 |      6 |      4 |      4 |      4 |      1 |      1 |      0 |      0 |      0 |      1 |      1 |      2 |      3 |      3 |      3 |      1 |      2 |      2 |      2 |      2 |      2 |      2 |      2 |      2 |      2 |     21 |     21 |     20 |     20 |     21 |
| MST_43                 |                    - |                    - |                    - |                    - |                    - |                    - |                    - |                    - |                    - |                    - |                    - |                    - |                    - |                    - |                    - |                    - |                    - |                    - |                    - |                    - |                    - |                    - |                    - |                    - |                    - |                    - |                    - |                    - |                    - |                    - |                    - |                    - |                    - |                    - |                    - |                    - |                     - |                     - |                     - |                     - |                     - |                     - |                     - |                     - |                     - |                     - |                     - |                     - |                     - |                     - |                     - |                     - |                     - |                     - |                     - |                     - |                     - |                     - |                     - |                     - |                     - |                     - |                     - |                     - |                     - |                     - |                     - |                     - |                     - |                     - |     - |     - |     - |     - |     - |     - |     - |     - |     - |      - |      - |      - |      - |      - |      - |      - |      - |      - |      - |      - |      - |      - |      - |      - |      - |      - |      - |      - |      - |      - |      - |      - |      - |      - |      - |      - |      - |      - |      - |      - |      - |      - |      0 |      0 |      0 |      1 |      3 |      3 |      3 |      3 |      3 |      2 |      2 |      2 |      2 |      2 |      2 |      2 |      2 |     20 |     21 |     20 |     20 |     21 |     4 |     4 |     4 |     7 |     7 |     9 |    11 |    12 |    11 |    11 |     11 |     11 |     14 |     15 |     12 |     14 |     14 |     14 |     10 |     10 |     12 |     11 |     12 |     12 |     11 |     12 |      9 |      9 |      7 |      7 |      6 |      6 |      5 |      4 |      6 |      4 |      4 |      4 |      1 |      1 |      0 |      0 |      0 |      1 |      1 |      2 |      3 |      3 |      3 |      1 |      2 |      2 |      2 |      2 |      2 |      2 |      2 |      2 |      2 |     21 |     21 |     20 |     20 |     21 |
| MST_44                 |                    - |                    - |                    - |                    - |                    - |                    - |                    - |                    - |                    - |                    - |                    - |                    - |                    - |                    - |                    - |                    - |                    - |                    - |                    - |                    - |                    - |                    - |                    - |                    - |                    - |                    - |                    - |                    - |                    - |                    - |                    - |                    - |                    - |                    - |                    - |                    - |                     - |                     - |                     - |                     - |                     - |                     - |                     - |                     - |                     - |                     - |                     - |                     - |                     - |                     - |                     - |                     - |                     - |                     - |                     - |                     - |                     - |                     - |                     - |                     - |                     - |                     - |                     - |                     - |                     - |                     - |                     - |                     - |                     - |                     - |     - |     - |     - |     - |     - |     - |     - |     - |     - |      - |      - |      - |      - |      - |      - |      - |      - |      - |      - |      - |      - |      - |      - |      - |      - |      - |      - |      - |      - |      - |      - |      - |      - |      - |      - |      - |      - |      - |      - |      - |      - |      - |      - |      0 |      0 |      1 |      3 |      3 |      3 |      3 |      3 |      2 |      2 |      2 |      2 |      2 |      2 |      2 |      2 |     20 |     21 |     20 |     20 |     21 |     4 |     4 |     4 |     7 |     7 |     9 |    11 |    12 |    11 |    11 |     11 |     11 |     14 |     15 |     12 |     14 |     14 |     14 |     10 |     10 |     12 |     11 |     12 |     12 |     11 |     12 |      9 |      9 |      7 |      7 |      6 |      6 |      5 |      4 |      6 |      4 |      4 |      4 |      1 |      1 |      0 |      0 |      0 |      1 |      1 |      2 |      3 |      3 |      3 |      1 |      2 |      2 |      2 |      2 |      2 |      2 |      2 |      2 |      2 |     21 |     21 |     20 |     20 |     21 |
| MST_45                 |                    - |                    - |                    - |                    - |                    - |                    - |                    - |                    - |                    - |                    - |                    - |                    - |                    - |                    - |                    - |                    - |                    - |                    - |                    - |                    - |                    - |                    - |                    - |                    - |                    - |                    - |                    - |                    - |                    - |                    - |                    - |                    - |                    - |                    - |                    - |                    - |                     - |                     - |                     - |                     - |                     - |                     - |                     - |                     - |                     - |                     - |                     - |                     - |                     - |                     - |                     - |                     - |                     - |                     - |                     - |                     - |                     - |                     - |                     - |                     - |                     - |                     - |                     - |                     - |                     - |                     - |                     - |                     - |                     - |                     - |     - |     - |     - |     - |     - |     - |     - |     - |     - |      - |      - |      - |      - |      - |      - |      - |      - |      - |      - |      - |      - |      - |      - |      - |      - |      - |      - |      - |      - |      - |      - |      - |      - |      - |      - |      - |      - |      - |      - |      - |      - |      - |      - |      - |      0 |      1 |      3 |      3 |      3 |      3 |      3 |      2 |      2 |      2 |      2 |      2 |      2 |      2 |      2 |     20 |     21 |     20 |     20 |     21 |     4 |     4 |     4 |     7 |     7 |     9 |    11 |    12 |    11 |    11 |     11 |     11 |     14 |     15 |     12 |     14 |     14 |     14 |     10 |     10 |     12 |     11 |     12 |     12 |     11 |     12 |      9 |      9 |      7 |      7 |      6 |      6 |      5 |      4 |      6 |      4 |      4 |      4 |      1 |      1 |      0 |      0 |      0 |      1 |      1 |      2 |      3 |      3 |      3 |      1 |      2 |      2 |      2 |      2 |      2 |      2 |      2 |      2 |      2 |     21 |     21 |     20 |     20 |     21 |
| MST_46                 |                    - |                    - |                    - |                    - |                    - |                    - |                    - |                    - |                    - |                    - |                    - |                    - |                    - |                    - |                    - |                    - |                    - |                    - |                    - |                    - |                    - |                    - |                    - |                    - |                    - |                    - |                    - |                    - |                    - |                    - |                    - |                    - |                    - |                    - |                    - |                    - |                     - |                     - |                     - |                     - |                     - |                     - |                     - |                     - |                     - |                     - |                     - |                     - |                     - |                     - |                     - |                     - |                     - |                     - |                     - |                     - |                     - |                     - |                     - |                     - |                     - |                     - |                     - |                     - |                     - |                     - |                     - |                     - |                     - |                     - |     - |     - |     - |     - |     - |     - |     - |     - |     - |      - |      - |      - |      - |      - |      - |      - |      - |      - |      - |      - |      - |      - |      - |      - |      - |      - |      - |      - |      - |      - |      - |      - |      - |      - |      - |      - |      - |      - |      - |      - |      - |      - |      - |      - |      - |      0 |      2 |      2 |      2 |      2 |      2 |      3 |      2 |      2 |      2 |      2 |      2 |      2 |      2 |     21 |     21 |     19 |     21 |     22 |     4 |     4 |     4 |     7 |     7 |     9 |    11 |    12 |    11 |    11 |     11 |     11 |     13 |     14 |     13 |     15 |     14 |     14 |     10 |      9 |     11 |     11 |     12 |     12 |     11 |     11 |      9 |      9 |      8 |      8 |      7 |      6 |      6 |      5 |      7 |      5 |      5 |      5 |      2 |      2 |      1 |      1 |      1 |      2 |      2 |      1 |      2 |      2 |      2 |      2 |      3 |      2 |      2 |      2 |      2 |      2 |      2 |      2 |      2 |     22 |     21 |     19 |     21 |     22 |
| MST_47                 |                    - |                    - |                    - |                    - |                    - |                    - |                    - |                    - |                    - |                    - |                    - |                    - |                    - |                    - |                    - |                    - |                    - |                    - |                    - |                    - |                    - |                    - |                    - |                    - |                    - |                    - |                    - |                    - |                    - |                    - |                    - |                    - |                    - |                    - |                    - |                    - |                     - |                     - |                     - |                     - |                     - |                     - |                     - |                     - |                     - |                     - |                     - |                     - |                     - |                     - |                     - |                     - |                     - |                     - |                     - |                     - |                     - |                     - |                     - |                     - |                     - |                     - |                     - |                     - |                     - |                     - |                     - |                     - |                     - |                     - |     - |     - |     - |     - |     - |     - |     - |     - |     - |      - |      - |      - |      - |      - |      - |      - |      - |      - |      - |      - |      - |      - |      - |      - |      - |      - |      - |      - |      - |      - |      - |      - |      - |      - |      - |      - |      - |      - |      - |      - |      - |      - |      - |      - |      - |      - |      0 |      0 |      0 |      0 |      0 |      1 |      3 |      3 |      3 |      3 |      3 |      3 |      3 |     22 |     21 |     19 |     22 |     22 |     2 |     2 |     2 |     7 |     7 |     9 |    11 |    12 |    12 |    12 |     10 |     11 |     14 |     16 |     13 |     16 |     14 |     14 |     10 |     10 |     12 |     13 |     14 |     14 |     13 |     13 |      8 |      8 |      7 |      7 |      7 |      7 |      7 |      6 |      7 |      6 |      6 |      6 |      4 |      4 |      3 |      3 |      3 |      2 |      2 |      1 |      0 |      0 |      0 |      3 |      2 |      3 |      3 |      3 |      3 |      3 |      3 |      3 |      3 |     22 |     20 |     19 |     22 |     22 |
| MST_48                 |                    - |                    - |                    - |                    - |                    - |                    - |                    - |                    - |                    - |                    - |                    - |                    - |                    - |                    - |                    - |                    - |                    - |                    - |                    - |                    - |                    - |                    - |                    - |                    - |                    - |                    - |                    - |                    - |                    - |                    - |                    - |                    - |                    - |                    - |                    - |                    - |                     - |                     - |                     - |                     - |                     - |                     - |                     - |                     - |                     - |                     - |                     - |                     - |                     - |                     - |                     - |                     - |                     - |                     - |                     - |                     - |                     - |                     - |                     - |                     - |                     - |                     - |                     - |                     - |                     - |                     - |                     - |                     - |                     - |                     - |     - |     - |     - |     - |     - |     - |     - |     - |     - |      - |      - |      - |      - |      - |      - |      - |      - |      - |      - |      - |      - |      - |      - |      - |      - |      - |      - |      - |      - |      - |      - |      - |      - |      - |      - |      - |      - |      - |      - |      - |      - |      - |      - |      - |      - |      - |      - |      0 |      0 |      0 |      0 |      1 |      3 |      3 |      3 |      3 |      3 |      3 |      3 |     22 |     21 |     19 |     22 |     22 |     2 |     2 |     2 |     7 |     7 |     9 |    11 |    12 |    12 |    12 |     10 |     11 |     14 |     16 |     13 |     16 |     14 |     14 |     10 |     10 |     12 |     13 |     14 |     14 |     13 |     13 |      8 |      8 |      7 |      7 |      7 |      7 |      7 |      6 |      7 |      6 |      6 |      6 |      4 |      4 |      3 |      3 |      3 |      2 |      2 |      1 |      0 |      0 |      0 |      3 |      2 |      3 |      3 |      3 |      3 |      3 |      3 |      3 |      3 |     22 |     20 |     19 |     22 |     22 |
| MST_49                 |                    - |                    - |                    - |                    - |                    - |                    - |                    - |                    - |                    - |                    - |                    - |                    - |                    - |                    - |                    - |                    - |                    - |                    - |                    - |                    - |                    - |                    - |                    - |                    - |                    - |                    - |                    - |                    - |                    - |                    - |                    - |                    - |                    - |                    - |                    - |                    - |                     - |                     - |                     - |                     - |                     - |                     - |                     - |                     - |                     - |                     - |                     - |                     - |                     - |                     - |                     - |                     - |                     - |                     - |                     - |                     - |                     - |                     - |                     - |                     - |                     - |                     - |                     - |                     - |                     - |                     - |                     - |                     - |                     - |                     - |     - |     - |     - |     - |     - |     - |     - |     - |     - |      - |      - |      - |      - |      - |      - |      - |      - |      - |      - |      - |      - |      - |      - |      - |      - |      - |      - |      - |      - |      - |      - |      - |      - |      - |      - |      - |      - |      - |      - |      - |      - |      - |      - |      - |      - |      - |      - |      - |      0 |      0 |      0 |      1 |      3 |      3 |      3 |      3 |      3 |      3 |      3 |     22 |     21 |     19 |     22 |     22 |     2 |     2 |     2 |     7 |     7 |     9 |    11 |    12 |    12 |    12 |     10 |     11 |     14 |     16 |     13 |     16 |     14 |     14 |     10 |     10 |     12 |     13 |     14 |     14 |     13 |     13 |      8 |      8 |      7 |      7 |      7 |      7 |      7 |      6 |      7 |      6 |      6 |      6 |      4 |      4 |      3 |      3 |      3 |      2 |      2 |      1 |      0 |      0 |      0 |      3 |      2 |      3 |      3 |      3 |      3 |      3 |      3 |      3 |      3 |     22 |     20 |     19 |     22 |     22 |
| MST_50                 |                    - |                    - |                    - |                    - |                    - |                    - |                    - |                    - |                    - |                    - |                    - |                    - |                    - |                    - |                    - |                    - |                    - |                    - |                    - |                    - |                    - |                    - |                    - |                    - |                    - |                    - |                    - |                    - |                    - |                    - |                    - |                    - |                    - |                    - |                    - |                    - |                     - |                     - |                     - |                     - |                     - |                     - |                     - |                     - |                     - |                     - |                     - |                     - |                     - |                     - |                     - |                     - |                     - |                     - |                     - |                     - |                     - |                     - |                     - |                     - |                     - |                     - |                     - |                     - |                     - |                     - |                     - |                     - |                     - |                     - |     - |     - |     - |     - |     - |     - |     - |     - |     - |      - |      - |      - |      - |      - |      - |      - |      - |      - |      - |      - |      - |      - |      - |      - |      - |      - |      - |      - |      - |      - |      - |      - |      - |      - |      - |      - |      - |      - |      - |      - |      - |      - |      - |      - |      - |      - |      - |      - |      - |      0 |      0 |      1 |      3 |      3 |      3 |      3 |      3 |      3 |      3 |     22 |     21 |     19 |     22 |     22 |     2 |     2 |     2 |     7 |     7 |     9 |    11 |    12 |    12 |    12 |     10 |     11 |     14 |     16 |     13 |     16 |     14 |     14 |     10 |     10 |     12 |     13 |     14 |     14 |     13 |     13 |      8 |      8 |      7 |      7 |      7 |      7 |      7 |      6 |      7 |      6 |      6 |      6 |      4 |      4 |      3 |      3 |      3 |      2 |      2 |      1 |      0 |      0 |      0 |      3 |      2 |      3 |      3 |      3 |      3 |      3 |      3 |      3 |      3 |     22 |     20 |     19 |     22 |     22 |
| MST_51                 |                    - |                    - |                    - |                    - |                    - |                    - |                    - |                    - |                    - |                    - |                    - |                    - |                    - |                    - |                    - |                    - |                    - |                    - |                    - |                    - |                    - |                    - |                    - |                    - |                    - |                    - |                    - |                    - |                    - |                    - |                    - |                    - |                    - |                    - |                    - |                    - |                     - |                     - |                     - |                     - |                     - |                     - |                     - |                     - |                     - |                     - |                     - |                     - |                     - |                     - |                     - |                     - |                     - |                     - |                     - |                     - |                     - |                     - |                     - |                     - |                     - |                     - |                     - |                     - |                     - |                     - |                     - |                     - |                     - |                     - |     - |     - |     - |     - |     - |     - |     - |     - |     - |      - |      - |      - |      - |      - |      - |      - |      - |      - |      - |      - |      - |      - |      - |      - |      - |      - |      - |      - |      - |      - |      - |      - |      - |      - |      - |      - |      - |      - |      - |      - |      - |      - |      - |      - |      - |      - |      - |      - |      - |      - |      0 |      1 |      3 |      3 |      3 |      3 |      3 |      3 |      3 |     22 |     21 |     19 |     22 |     22 |     2 |     2 |     2 |     7 |     7 |     9 |    11 |    12 |    12 |    12 |     10 |     11 |     14 |     16 |     13 |     16 |     14 |     14 |     10 |     10 |     12 |     13 |     14 |     14 |     13 |     13 |      8 |      8 |      7 |      7 |      7 |      7 |      7 |      6 |      7 |      6 |      6 |      6 |      4 |      4 |      3 |      3 |      3 |      2 |      2 |      1 |      0 |      0 |      0 |      3 |      2 |      3 |      3 |      3 |      3 |      3 |      3 |      3 |      3 |     22 |     20 |     19 |     22 |     22 |
| MST_52                 |                    - |                    - |                    - |                    - |                    - |                    - |                    - |                    - |                    - |                    - |                    - |                    - |                    - |                    - |                    - |                    - |                    - |                    - |                    - |                    - |                    - |                    - |                    - |                    - |                    - |                    - |                    - |                    - |                    - |                    - |                    - |                    - |                    - |                    - |                    - |                    - |                     - |                     - |                     - |                     - |                     - |                     - |                     - |                     - |                     - |                     - |                     - |                     - |                     - |                     - |                     - |                     - |                     - |                     - |                     - |                     - |                     - |                     - |                     - |                     - |                     - |                     - |                     - |                     - |                     - |                     - |                     - |                     - |                     - |                     - |     - |     - |     - |     - |     - |     - |     - |     - |     - |      - |      - |      - |      - |      - |      - |      - |      - |      - |      - |      - |      - |      - |      - |      - |      - |      - |      - |      - |      - |      - |      - |      - |      - |      - |      - |      - |      - |      - |      - |      - |      - |      - |      - |      - |      - |      - |      - |      - |      - |      - |      - |      0 |      2 |      2 |      2 |      2 |      2 |      2 |      2 |     21 |     21 |     19 |     22 |     22 |     2 |     2 |     2 |     7 |     7 |     9 |    11 |    13 |    12 |    12 |     10 |     11 |     13 |     16 |     13 |     16 |     14 |     14 |     10 |     11 |     11 |     13 |     14 |     14 |     13 |     12 |      8 |      8 |      8 |      8 |      7 |      7 |      6 |      5 |      7 |      6 |      6 |      6 |      3 |      3 |      2 |      2 |      2 |      1 |      1 |      2 |      1 |      1 |      1 |      3 |      3 |      2 |      2 |      2 |      2 |      2 |      2 |      2 |      2 |     22 |     21 |     19 |     22 |     22 |
| MST_53                 |                    - |                    - |                    - |                    - |                    - |                    - |                    - |                    - |                    - |                    - |                    - |                    - |                    - |                    - |                    - |                    - |                    - |                    - |                    - |                    - |                    - |                    - |                    - |                    - |                    - |                    - |                    - |                    - |                    - |                    - |                    - |                    - |                    - |                    - |                    - |                    - |                     - |                     - |                     - |                     - |                     - |                     - |                     - |                     - |                     - |                     - |                     - |                     - |                     - |                     - |                     - |                     - |                     - |                     - |                     - |                     - |                     - |                     - |                     - |                     - |                     - |                     - |                     - |                     - |                     - |                     - |                     - |                     - |                     - |                     - |     - |     - |     - |     - |     - |     - |     - |     - |     - |      - |      - |      - |      - |      - |      - |      - |      - |      - |      - |      - |      - |      - |      - |      - |      - |      - |      - |      - |      - |      - |      - |      - |      - |      - |      - |      - |      - |      - |      - |      - |      - |      - |      - |      - |      - |      - |      - |      - |      - |      - |      - |      - |      0 |      0 |      0 |      0 |      0 |      0 |      0 |     21 |     20 |     19 |     22 |     21 |     3 |     3 |     3 |     7 |     7 |     9 |    10 |    12 |    12 |    12 |     10 |     11 |     13 |     15 |     13 |     14 |     14 |     14 |     10 |     11 |     11 |     12 |     13 |     13 |     12 |     11 |      8 |      8 |      7 |      7 |      7 |      7 |      7 |      6 |      6 |      5 |      5 |      5 |      3 |      3 |      2 |      2 |      2 |      3 |      3 |      2 |      3 |      3 |      3 |      1 |      1 |      0 |      0 |      0 |      0 |      0 |      0 |      0 |      0 |     22 |     20 |     19 |     22 |     21 |
| MST_54                 |                    - |                    - |                    - |                    - |                    - |                    - |                    - |                    - |                    - |                    - |                    - |                    - |                    - |                    - |                    - |                    - |                    - |                    - |                    - |                    - |                    - |                    - |                    - |                    - |                    - |                    - |                    - |                    - |                    - |                    - |                    - |                    - |                    - |                    - |                    - |                    - |                     - |                     - |                     - |                     - |                     - |                     - |                     - |                     - |                     - |                     - |                     - |                     - |                     - |                     - |                     - |                     - |                     - |                     - |                     - |                     - |                     - |                     - |                     - |                     - |                     - |                     - |                     - |                     - |                     - |                     - |                     - |                     - |                     - |                     - |     - |     - |     - |     - |     - |     - |     - |     - |     - |      - |      - |      - |      - |      - |      - |      - |      - |      - |      - |      - |      - |      - |      - |      - |      - |      - |      - |      - |      - |      - |      - |      - |      - |      - |      - |      - |      - |      - |      - |      - |      - |      - |      - |      - |      - |      - |      - |      - |      - |      - |      - |      - |      - |      0 |      0 |      0 |      0 |      0 |      0 |     21 |     20 |     19 |     22 |     21 |     3 |     3 |     3 |     7 |     7 |     9 |    10 |    12 |    12 |    12 |     10 |     11 |     13 |     15 |     13 |     14 |     14 |     14 |     10 |     11 |     11 |     12 |     13 |     13 |     12 |     11 |      8 |      8 |      7 |      7 |      7 |      7 |      7 |      6 |      6 |      5 |      5 |      5 |      3 |      3 |      2 |      2 |      2 |      3 |      3 |      2 |      3 |      3 |      3 |      1 |      1 |      0 |      0 |      0 |      0 |      0 |      0 |      0 |      0 |     22 |     20 |     19 |     22 |     21 |
| MST_55                 |                    - |                    - |                    - |                    - |                    - |                    - |                    - |                    - |                    - |                    - |                    - |                    - |                    - |                    - |                    - |                    - |                    - |                    - |                    - |                    - |                    - |                    - |                    - |                    - |                    - |                    - |                    - |                    - |                    - |                    - |                    - |                    - |                    - |                    - |                    - |                    - |                     - |                     - |                     - |                     - |                     - |                     - |                     - |                     - |                     - |                     - |                     - |                     - |                     - |                     - |                     - |                     - |                     - |                     - |                     - |                     - |                     - |                     - |                     - |                     - |                     - |                     - |                     - |                     - |                     - |                     - |                     - |                     - |                     - |                     - |     - |     - |     - |     - |     - |     - |     - |     - |     - |      - |      - |      - |      - |      - |      - |      - |      - |      - |      - |      - |      - |      - |      - |      - |      - |      - |      - |      - |      - |      - |      - |      - |      - |      - |      - |      - |      - |      - |      - |      - |      - |      - |      - |      - |      - |      - |      - |      - |      - |      - |      - |      - |      - |      - |      0 |      0 |      0 |      0 |      0 |     21 |     20 |     19 |     22 |     21 |     3 |     3 |     3 |     7 |     7 |     9 |    10 |    12 |    12 |    12 |     10 |     11 |     13 |     15 |     13 |     14 |     14 |     14 |     10 |     11 |     11 |     12 |     13 |     13 |     12 |     11 |      8 |      8 |      7 |      7 |      7 |      7 |      7 |      6 |      6 |      5 |      5 |      5 |      3 |      3 |      2 |      2 |      2 |      3 |      3 |      2 |      3 |      3 |      3 |      1 |      1 |      0 |      0 |      0 |      0 |      0 |      0 |      0 |      0 |     22 |     20 |     19 |     22 |     21 |
| MST_56                 |                    - |                    - |                    - |                    - |                    - |                    - |                    - |                    - |                    - |                    - |                    - |                    - |                    - |                    - |                    - |                    - |                    - |                    - |                    - |                    - |                    - |                    - |                    - |                    - |                    - |                    - |                    - |                    - |                    - |                    - |                    - |                    - |                    - |                    - |                    - |                    - |                     - |                     - |                     - |                     - |                     - |                     - |                     - |                     - |                     - |                     - |                     - |                     - |                     - |                     - |                     - |                     - |                     - |                     - |                     - |                     - |                     - |                     - |                     - |                     - |                     - |                     - |                     - |                     - |                     - |                     - |                     - |                     - |                     - |                     - |     - |     - |     - |     - |     - |     - |     - |     - |     - |      - |      - |      - |      - |      - |      - |      - |      - |      - |      - |      - |      - |      - |      - |      - |      - |      - |      - |      - |      - |      - |      - |      - |      - |      - |      - |      - |      - |      - |      - |      - |      - |      - |      - |      - |      - |      - |      - |      - |      - |      - |      - |      - |      - |      - |      - |      0 |      0 |      0 |      0 |     21 |     20 |     19 |     22 |     21 |     3 |     3 |     3 |     7 |     7 |     9 |    10 |    12 |    12 |    12 |     10 |     11 |     13 |     15 |     13 |     14 |     14 |     14 |     10 |     11 |     11 |     12 |     13 |     13 |     12 |     11 |      8 |      8 |      7 |      7 |      7 |      7 |      7 |      6 |      6 |      5 |      5 |      5 |      3 |      3 |      2 |      2 |      2 |      3 |      3 |      2 |      3 |      3 |      3 |      1 |      1 |      0 |      0 |      0 |      0 |      0 |      0 |      0 |      0 |     22 |     20 |     19 |     22 |     21 |
| MST_57                 |                    - |                    - |                    - |                    - |                    - |                    - |                    - |                    - |                    - |                    - |                    - |                    - |                    - |                    - |                    - |                    - |                    - |                    - |                    - |                    - |                    - |                    - |                    - |                    - |                    - |                    - |                    - |                    - |                    - |                    - |                    - |                    - |                    - |                    - |                    - |                    - |                     - |                     - |                     - |                     - |                     - |                     - |                     - |                     - |                     - |                     - |                     - |                     - |                     - |                     - |                     - |                     - |                     - |                     - |                     - |                     - |                     - |                     - |                     - |                     - |                     - |                     - |                     - |                     - |                     - |                     - |                     - |                     - |                     - |                     - |     - |     - |     - |     - |     - |     - |     - |     - |     - |      - |      - |      - |      - |      - |      - |      - |      - |      - |      - |      - |      - |      - |      - |      - |      - |      - |      - |      - |      - |      - |      - |      - |      - |      - |      - |      - |      - |      - |      - |      - |      - |      - |      - |      - |      - |      - |      - |      - |      - |      - |      - |      - |      - |      - |      - |      - |      0 |      0 |      0 |     21 |     20 |     19 |     22 |     21 |     3 |     3 |     3 |     7 |     7 |     9 |    10 |    12 |    12 |    12 |     10 |     11 |     13 |     15 |     13 |     14 |     14 |     14 |     10 |     11 |     11 |     12 |     13 |     13 |     12 |     11 |      8 |      8 |      7 |      7 |      7 |      7 |      7 |      6 |      6 |      5 |      5 |      5 |      3 |      3 |      2 |      2 |      2 |      3 |      3 |      2 |      3 |      3 |      3 |      1 |      1 |      0 |      0 |      0 |      0 |      0 |      0 |      0 |      0 |     22 |     20 |     19 |     22 |     21 |
| MST_58                 |                    - |                    - |                    - |                    - |                    - |                    - |                    - |                    - |                    - |                    - |                    - |                    - |                    - |                    - |                    - |                    - |                    - |                    - |                    - |                    - |                    - |                    - |                    - |                    - |                    - |                    - |                    - |                    - |                    - |                    - |                    - |                    - |                    - |                    - |                    - |                    - |                     - |                     - |                     - |                     - |                     - |                     - |                     - |                     - |                     - |                     - |                     - |                     - |                     - |                     - |                     - |                     - |                     - |                     - |                     - |                     - |                     - |                     - |                     - |                     - |                     - |                     - |                     - |                     - |                     - |                     - |                     - |                     - |                     - |                     - |     - |     - |     - |     - |     - |     - |     - |     - |     - |      - |      - |      - |      - |      - |      - |      - |      - |      - |      - |      - |      - |      - |      - |      - |      - |      - |      - |      - |      - |      - |      - |      - |      - |      - |      - |      - |      - |      - |      - |      - |      - |      - |      - |      - |      - |      - |      - |      - |      - |      - |      - |      - |      - |      - |      - |      - |      - |      0 |      0 |     21 |     20 |     19 |     22 |     21 |     3 |     3 |     3 |     7 |     7 |     9 |    10 |    12 |    12 |    12 |     10 |     11 |     13 |     15 |     13 |     14 |     14 |     14 |     10 |     11 |     11 |     12 |     13 |     13 |     12 |     11 |      8 |      8 |      7 |      7 |      7 |      7 |      7 |      6 |      6 |      5 |      5 |      5 |      3 |      3 |      2 |      2 |      2 |      3 |      3 |      2 |      3 |      3 |      3 |      1 |      1 |      0 |      0 |      0 |      0 |      0 |      0 |      0 |      0 |     22 |     20 |     19 |     22 |     21 |
| MST_59                 |                    - |                    - |                    - |                    - |                    - |                    - |                    - |                    - |                    - |                    - |                    - |                    - |                    - |                    - |                    - |                    - |                    - |                    - |                    - |                    - |                    - |                    - |                    - |                    - |                    - |                    - |                    - |                    - |                    - |                    - |                    - |                    - |                    - |                    - |                    - |                    - |                     - |                     - |                     - |                     - |                     - |                     - |                     - |                     - |                     - |                     - |                     - |                     - |                     - |                     - |                     - |                     - |                     - |                     - |                     - |                     - |                     - |                     - |                     - |                     - |                     - |                     - |                     - |                     - |                     - |                     - |                     - |                     - |                     - |                     - |     - |     - |     - |     - |     - |     - |     - |     - |     - |      - |      - |      - |      - |      - |      - |      - |      - |      - |      - |      - |      - |      - |      - |      - |      - |      - |      - |      - |      - |      - |      - |      - |      - |      - |      - |      - |      - |      - |      - |      - |      - |      - |      - |      - |      - |      - |      - |      - |      - |      - |      - |      - |      - |      - |      - |      - |      - |      - |      0 |     21 |     20 |     19 |     22 |     21 |     3 |     3 |     3 |     7 |     7 |     9 |    10 |    12 |    12 |    12 |     10 |     11 |     13 |     15 |     13 |     14 |     14 |     14 |     10 |     11 |     11 |     12 |     13 |     13 |     12 |     11 |      8 |      8 |      7 |      7 |      7 |      7 |      7 |      6 |      6 |      5 |      5 |      5 |      3 |      3 |      2 |      2 |      2 |      3 |      3 |      2 |      3 |      3 |      3 |      1 |      1 |      0 |      0 |      0 |      0 |      0 |      0 |      0 |      0 |     22 |     20 |     19 |     22 |     21 |
| MST_60                 |                    - |                    - |                    - |                    - |                    - |                    - |                    - |                    - |                    - |                    - |                    - |                    - |                    - |                    - |                    - |                    - |                    - |                    - |                    - |                    - |                    - |                    - |                    - |                    - |                    - |                    - |                    - |                    - |                    - |                    - |                    - |                    - |                    - |                    - |                    - |                    - |                     - |                     - |                     - |                     - |                     - |                     - |                     - |                     - |                     - |                     - |                     - |                     - |                     - |                     - |                     - |                     - |                     - |                     - |                     - |                     - |                     - |                     - |                     - |                     - |                     - |                     - |                     - |                     - |                     - |                     - |                     - |                     - |                     - |                     - |     - |     - |     - |     - |     - |     - |     - |     - |     - |      - |      - |      - |      - |      - |      - |      - |      - |      - |      - |      - |      - |      - |      - |      - |      - |      - |      - |      - |      - |      - |      - |      - |      - |      - |      - |      - |      - |      - |      - |      - |      - |      - |      - |      - |      - |      - |      - |      - |      - |      - |      - |      - |      - |      - |      - |      - |      - |      - |      - |      0 |      9 |     19 |     19 |     17 |     6 |     6 |     6 |     8 |     8 |    10 |    12 |    14 |    15 |    15 |     15 |     12 |     15 |     16 |     15 |     19 |     16 |     18 |     17 |     18 |     21 |     20 |     19 |     19 |     19 |     21 |     17 |     17 |     19 |     19 |     20 |     21 |     20 |     20 |     20 |     21 |     21 |     21 |     20 |     21 |     20 |     20 |     20 |     20 |     20 |     21 |     22 |     22 |     22 |     21 |     20 |     21 |     21 |     21 |     21 |     21 |     21 |     21 |     21 |      2 |     12 |     19 |     19 |     17 |
| MST_61                 |                    - |                    - |                    - |                    - |                    - |                    - |                    - |                    - |                    - |                    - |                    - |                    - |                    - |                    - |                    - |                    - |                    - |                    - |                    - |                    - |                    - |                    - |                    - |                    - |                    - |                    - |                    - |                    - |                    - |                    - |                    - |                    - |                    - |                    - |                    - |                    - |                     - |                     - |                     - |                     - |                     - |                     - |                     - |                     - |                     - |                     - |                     - |                     - |                     - |                     - |                     - |                     - |                     - |                     - |                     - |                     - |                     - |                     - |                     - |                     - |                     - |                     - |                     - |                     - |                     - |                     - |                     - |                     - |                     - |                     - |     - |     - |     - |     - |     - |     - |     - |     - |     - |      - |      - |      - |      - |      - |      - |      - |      - |      - |      - |      - |      - |      - |      - |      - |      - |      - |      - |      - |      - |      - |      - |      - |      - |      - |      - |      - |      - |      - |      - |      - |      - |      - |      - |      - |      - |      - |      - |      - |      - |      - |      - |      - |      - |      - |      - |      - |      - |      - |      - |      - |      0 |     15 |     18 |     20 |     6 |     6 |     7 |    10 |    10 |    11 |    13 |    13 |    14 |    13 |     13 |     11 |     16 |     16 |     16 |     17 |     16 |     17 |     18 |     19 |     19 |     18 |     19 |     19 |     19 |     19 |     20 |     20 |     19 |     19 |     19 |     20 |     20 |     20 |     19 |     20 |     20 |     20 |     21 |     21 |     21 |     21 |     21 |     21 |     21 |     20 |     21 |     21 |     21 |     20 |     21 |     20 |     20 |     20 |     20 |     20 |     20 |     20 |     20 |     10 |      3 |     15 |     18 |     20 |
| MST_62                 |                    - |                    - |                    - |                    - |                    - |                    - |                    - |                    - |                    - |                    - |                    - |                    - |                    - |                    - |                    - |                    - |                    - |                    - |                    - |                    - |                    - |                    - |                    - |                    - |                    - |                    - |                    - |                    - |                    - |                    - |                    - |                    - |                    - |                    - |                    - |                    - |                     - |                     - |                     - |                     - |                     - |                     - |                     - |                     - |                     - |                     - |                     - |                     - |                     - |                     - |                     - |                     - |                     - |                     - |                     - |                     - |                     - |                     - |                     - |                     - |                     - |                     - |                     - |                     - |                     - |                     - |                     - |                     - |                     - |                     - |     - |     - |     - |     - |     - |     - |     - |     - |     - |      - |      - |      - |      - |      - |      - |      - |      - |      - |      - |      - |      - |      - |      - |      - |      - |      - |      - |      - |      - |      - |      - |      - |      - |      - |      - |      - |      - |      - |      - |      - |      - |      - |      - |      - |      - |      - |      - |      - |      - |      - |      - |      - |      - |      - |      - |      - |      - |      - |      - |      - |      - |      0 |     19 |     20 |     5 |     5 |     5 |     8 |     8 |    10 |    12 |    13 |    14 |    13 |     12 |     13 |     17 |     17 |     19 |     19 |     20 |     19 |     18 |     18 |     20 |     20 |     21 |     21 |     20 |     21 |     20 |     20 |     20 |     20 |     21 |     22 |     20 |     21 |     21 |     22 |     22 |     22 |     21 |     20 |     20 |     20 |     20 |     19 |     19 |     18 |     19 |     19 |     19 |     20 |     19 |     19 |     19 |     19 |     19 |     19 |     19 |     19 |     19 |     19 |     12 |      0 |     19 |     20 |
| MST_63                 |                    - |                    - |                    - |                    - |                    - |                    - |                    - |                    - |                    - |                    - |                    - |                    - |                    - |                    - |                    - |                    - |                    - |                    - |                    - |                    - |                    - |                    - |                    - |                    - |                    - |                    - |                    - |                    - |                    - |                    - |                    - |                    - |                    - |                    - |                    - |                    - |                     - |                     - |                     - |                     - |                     - |                     - |                     - |                     - |                     - |                     - |                     - |                     - |                     - |                     - |                     - |                     - |                     - |                     - |                     - |                     - |                     - |                     - |                     - |                     - |                     - |                     - |                     - |                     - |                     - |                     - |                     - |                     - |                     - |                     - |     - |     - |     - |     - |     - |     - |     - |     - |     - |      - |      - |      - |      - |      - |      - |      - |      - |      - |      - |      - |      - |      - |      - |      - |      - |      - |      - |      - |      - |      - |      - |      - |      - |      - |      - |      - |      - |      - |      - |      - |      - |      - |      - |      - |      - |      - |      - |      - |      - |      - |      - |      - |      - |      - |      - |      - |      - |      - |      - |      - |      - |      - |      0 |     21 |     8 |     8 |     8 |    12 |    12 |    12 |    14 |    15 |    16 |    15 |     14 |     14 |     18 |     19 |     19 |     21 |     19 |     19 |     18 |     19 |     18 |     18 |     17 |     17 |     17 |     19 |     19 |     19 |     20 |     20 |     19 |     21 |     20 |     21 |     21 |     20 |     20 |     20 |     20 |     20 |     20 |     20 |     20 |     21 |     21 |     22 |     22 |     22 |     22 |     21 |     22 |     22 |     22 |     22 |     22 |     22 |     22 |     22 |     22 |     19 |     19 |     19 |      0 |     21 |
| MST_64                 |                    - |                    - |                    - |                    - |                    - |                    - |                    - |                    - |                    - |                    - |                    - |                    - |                    - |                    - |                    - |                    - |                    - |                    - |                    - |                    - |                    - |                    - |                    - |                    - |                    - |                    - |                    - |                    - |                    - |                    - |                    - |                    - |                    - |                    - |                    - |                    - |                     - |                     - |                     - |                     - |                     - |                     - |                     - |                     - |                     - |                     - |                     - |                     - |                     - |                     - |                     - |                     - |                     - |                     - |                     - |                     - |                     - |                     - |                     - |                     - |                     - |                     - |                     - |                     - |                     - |                     - |                     - |                     - |                     - |                     - |     - |     - |     - |     - |     - |     - |     - |     - |     - |      - |      - |      - |      - |      - |      - |      - |      - |      - |      - |      - |      - |      - |      - |      - |      - |      - |      - |      - |      - |      - |      - |      - |      - |      - |      - |      - |      - |      - |      - |      - |      - |      - |      - |      - |      - |      - |      - |      - |      - |      - |      - |      - |      - |      - |      - |      - |      - |      - |      - |      - |      - |      - |      - |      0 |     8 |     8 |     8 |    12 |    12 |    12 |    14 |    15 |    15 |    15 |     15 |     15 |     18 |     19 |     18 |     19 |     20 |     21 |     18 |     21 |     22 |     21 |     21 |     21 |     22 |     22 |     20 |     20 |     20 |     20 |     19 |     20 |     22 |     22 |     22 |     21 |     21 |     21 |     20 |     21 |     21 |     21 |     21 |     21 |     21 |     21 |     22 |     22 |     22 |     20 |     21 |     21 |     21 |     21 |     21 |     21 |     21 |     21 |     21 |     19 |     20 |     20 |     21 |      0 |
| SEQ_0                  |                    - |                    - |                    - |                    - |                    - |                    - |                    - |                    - |                    - |                    - |                    - |                    - |                    - |                    - |                    - |                    - |                    - |                    - |                    - |                    - |                    - |                    - |                    - |                    - |                    - |                    - |                    - |                    - |                    - |                    - |                    - |                    - |                    - |                    - |                    - |                    - |                     - |                     - |                     - |                     - |                     - |                     - |                     - |                     - |                     - |                     - |                     - |                     - |                     - |                     - |                     - |                     - |                     - |                     - |                     - |                     - |                     - |                     - |                     - |                     - |                     - |                     - |                     - |                     - |                     - |                     - |                     - |                     - |                     - |                     - |     - |     - |     - |     - |     - |     - |     - |     - |     - |      - |      - |      - |      - |      - |      - |      - |      - |      - |      - |      - |      - |      - |      - |      - |      - |      - |      - |      - |      - |      - |      - |      - |      - |      - |      - |      - |      - |      - |      - |      - |      - |      - |      - |      - |      - |      - |      - |      - |      - |      - |      - |      - |      - |      - |      - |      - |      - |      - |      - |      - |      - |      - |      - |      - |     0 |     0 |     2 |     4 |     4 |     5 |     5 |     5 |     4 |     4 |      3 |      4 |      5 |      5 |      5 |      4 |      5 |      5 |      3 |      4 |      5 |      3 |      4 |      4 |      4 |      5 |      3 |      3 |      4 |      4 |      3 |      4 |      3 |      3 |      3 |      4 |      4 |      4 |      5 |      4 |      4 |      4 |      4 |      3 |      3 |      3 |      2 |      2 |      2 |      4 |      3 |      3 |      3 |      3 |      3 |      3 |      3 |      3 |      3 |      6 |      6 |      5 |      8 |      8 |
| SEQ_1                  |                    - |                    - |                    - |                    - |                    - |                    - |                    - |                    - |                    - |                    - |                    - |                    - |                    - |                    - |                    - |                    - |                    - |                    - |                    - |                    - |                    - |                    - |                    - |                    - |                    - |                    - |                    - |                    - |                    - |                    - |                    - |                    - |                    - |                    - |                    - |                    - |                     - |                     - |                     - |                     - |                     - |                     - |                     - |                     - |                     - |                     - |                     - |                     - |                     - |                     - |                     - |                     - |                     - |                     - |                     - |                     - |                     - |                     - |                     - |                     - |                     - |                     - |                     - |                     - |                     - |                     - |                     - |                     - |                     - |                     - |     - |     - |     - |     - |     - |     - |     - |     - |     - |      - |      - |      - |      - |      - |      - |      - |      - |      - |      - |      - |      - |      - |      - |      - |      - |      - |      - |      - |      - |      - |      - |      - |      - |      - |      - |      - |      - |      - |      - |      - |      - |      - |      - |      - |      - |      - |      - |      - |      - |      - |      - |      - |      - |      - |      - |      - |      - |      - |      - |      - |      - |      - |      - |      - |     - |     0 |     2 |     4 |     4 |     5 |     5 |     5 |     4 |     4 |      3 |      4 |      5 |      5 |      5 |      4 |      5 |      5 |      3 |      4 |      5 |      3 |      4 |      4 |      4 |      5 |      3 |      3 |      4 |      4 |      3 |      4 |      3 |      3 |      3 |      4 |      4 |      4 |      5 |      4 |      4 |      4 |      4 |      3 |      3 |      3 |      2 |      2 |      2 |      4 |      3 |      3 |      3 |      3 |      3 |      3 |      3 |      3 |      3 |      6 |      6 |      5 |      8 |      8 |
| SEQ_2                  |                    - |                    - |                    - |                    - |                    - |                    - |                    - |                    - |                    - |                    - |                    - |                    - |                    - |                    - |                    - |                    - |                    - |                    - |                    - |                    - |                    - |                    - |                    - |                    - |                    - |                    - |                    - |                    - |                    - |                    - |                    - |                    - |                    - |                    - |                    - |                    - |                     - |                     - |                     - |                     - |                     - |                     - |                     - |                     - |                     - |                     - |                     - |                     - |                     - |                     - |                     - |                     - |                     - |                     - |                     - |                     - |                     - |                     - |                     - |                     - |                     - |                     - |                     - |                     - |                     - |                     - |                     - |                     - |                     - |                     - |     - |     - |     - |     - |     - |     - |     - |     - |     - |      - |      - |      - |      - |      - |      - |      - |      - |      - |      - |      - |      - |      - |      - |      - |      - |      - |      - |      - |      - |      - |      - |      - |      - |      - |      - |      - |      - |      - |      - |      - |      - |      - |      - |      - |      - |      - |      - |      - |      - |      - |      - |      - |      - |      - |      - |      - |      - |      - |      - |      - |      - |      - |      - |      - |     - |     - |     0 |     2 |     2 |     5 |     5 |     5 |     4 |     4 |      3 |      4 |      4 |      4 |      4 |      4 |      5 |      6 |      3 |      3 |      5 |      4 |      5 |      5 |      4 |      5 |      3 |      3 |      4 |      4 |      4 |      5 |      3 |      3 |      3 |      4 |      4 |      4 |      5 |      4 |      4 |      4 |      4 |      3 |      3 |      3 |      2 |      2 |      2 |      4 |      3 |      3 |      3 |      3 |      3 |      3 |      3 |      3 |      3 |      7 |      6 |      5 |      8 |      8 |
| SEQ_3                  |                    - |                    - |                    - |                    - |                    - |                    - |                    - |                    - |                    - |                    - |                    - |                    - |                    - |                    - |                    - |                    - |                    - |                    - |                    - |                    - |                    - |                    - |                    - |                    - |                    - |                    - |                    - |                    - |                    - |                    - |                    - |                    - |                    - |                    - |                    - |                    - |                     - |                     - |                     - |                     - |                     - |                     - |                     - |                     - |                     - |                     - |                     - |                     - |                     - |                     - |                     - |                     - |                     - |                     - |                     - |                     - |                     - |                     - |                     - |                     - |                     - |                     - |                     - |                     - |                     - |                     - |                     - |                     - |                     - |                     - |     - |     - |     - |     - |     - |     - |     - |     - |     - |      - |      - |      - |      - |      - |      - |      - |      - |      - |      - |      - |      - |      - |      - |      - |      - |      - |      - |      - |      - |      - |      - |      - |      - |      - |      - |      - |      - |      - |      - |      - |      - |      - |      - |      - |      - |      - |      - |      - |      - |      - |      - |      - |      - |      - |      - |      - |      - |      - |      - |      - |      - |      - |      - |      - |     - |     - |     - |     0 |     0 |     3 |     6 |     9 |     8 |     8 |      7 |      8 |      8 |      8 |      8 |      8 |      9 |     10 |      6 |      6 |      9 |      8 |      9 |      9 |      8 |      9 |      8 |      8 |      8 |      8 |      8 |      9 |      8 |      8 |      8 |      8 |      8 |      8 |      8 |      7 |      7 |      7 |      7 |      7 |      7 |      7 |      7 |      7 |      7 |      7 |      7 |      7 |      7 |      7 |      7 |      7 |      7 |      7 |      7 |      9 |      9 |      8 |     12 |     12 |
| SEQ_4                  |                    - |                    - |                    - |                    - |                    - |                    - |                    - |                    - |                    - |                    - |                    - |                    - |                    - |                    - |                    - |                    - |                    - |                    - |                    - |                    - |                    - |                    - |                    - |                    - |                    - |                    - |                    - |                    - |                    - |                    - |                    - |                    - |                    - |                    - |                    - |                    - |                     - |                     - |                     - |                     - |                     - |                     - |                     - |                     - |                     - |                     - |                     - |                     - |                     - |                     - |                     - |                     - |                     - |                     - |                     - |                     - |                     - |                     - |                     - |                     - |                     - |                     - |                     - |                     - |                     - |                     - |                     - |                     - |                     - |                     - |     - |     - |     - |     - |     - |     - |     - |     - |     - |      - |      - |      - |      - |      - |      - |      - |      - |      - |      - |      - |      - |      - |      - |      - |      - |      - |      - |      - |      - |      - |      - |      - |      - |      - |      - |      - |      - |      - |      - |      - |      - |      - |      - |      - |      - |      - |      - |      - |      - |      - |      - |      - |      - |      - |      - |      - |      - |      - |      - |      - |      - |      - |      - |      - |     - |     - |     - |     - |     0 |     3 |     6 |     9 |     8 |     8 |      7 |      8 |      8 |      8 |      8 |      8 |      9 |     10 |      6 |      6 |      9 |      8 |      9 |      9 |      8 |      9 |      8 |      8 |      8 |      8 |      8 |      9 |      8 |      8 |      8 |      8 |      8 |      8 |      8 |      7 |      7 |      7 |      7 |      7 |      7 |      7 |      7 |      7 |      7 |      7 |      7 |      7 |      7 |      7 |      7 |      7 |      7 |      7 |      7 |      9 |      9 |      8 |     12 |     12 |
| SEQ_5                  |                    - |                    - |                    - |                    - |                    - |                    - |                    - |                    - |                    - |                    - |                    - |                    - |                    - |                    - |                    - |                    - |                    - |                    - |                    - |                    - |                    - |                    - |                    - |                    - |                    - |                    - |                    - |                    - |                    - |                    - |                    - |                    - |                    - |                    - |                    - |                    - |                     - |                     - |                     - |                     - |                     - |                     - |                     - |                     - |                     - |                     - |                     - |                     - |                     - |                     - |                     - |                     - |                     - |                     - |                     - |                     - |                     - |                     - |                     - |                     - |                     - |                     - |                     - |                     - |                     - |                     - |                     - |                     - |                     - |                     - |     - |     - |     - |     - |     - |     - |     - |     - |     - |      - |      - |      - |      - |      - |      - |      - |      - |      - |      - |      - |      - |      - |      - |      - |      - |      - |      - |      - |      - |      - |      - |      - |      - |      - |      - |      - |      - |      - |      - |      - |      - |      - |      - |      - |      - |      - |      - |      - |      - |      - |      - |      - |      - |      - |      - |      - |      - |      - |      - |      - |      - |      - |      - |      - |     - |     - |     - |     - |     - |     0 |     4 |     7 |     8 |     8 |      7 |      7 |      9 |      9 |     10 |     10 |     10 |     11 |      8 |      8 |      9 |      9 |      9 |      9 |      9 |      9 |      9 |      9 |      9 |      9 |      9 |      9 |     10 |     10 |      9 |      9 |      9 |      9 |      8 |      8 |      9 |      9 |      9 |      9 |      9 |      9 |      9 |      9 |      9 |      9 |      9 |      9 |      9 |      9 |      9 |      9 |      9 |      9 |      9 |     10 |     10 |     10 |     12 |     12 |
| SEQ_6                  |                    - |                    - |                    - |                    - |                    - |                    - |                    - |                    - |                    - |                    - |                    - |                    - |                    - |                    - |                    - |                    - |                    - |                    - |                    - |                    - |                    - |                    - |                    - |                    - |                    - |                    - |                    - |                    - |                    - |                    - |                    - |                    - |                    - |                    - |                    - |                    - |                     - |                     - |                     - |                     - |                     - |                     - |                     - |                     - |                     - |                     - |                     - |                     - |                     - |                     - |                     - |                     - |                     - |                     - |                     - |                     - |                     - |                     - |                     - |                     - |                     - |                     - |                     - |                     - |                     - |                     - |                     - |                     - |                     - |                     - |     - |     - |     - |     - |     - |     - |     - |     - |     - |      - |      - |      - |      - |      - |      - |      - |      - |      - |      - |      - |      - |      - |      - |      - |      - |      - |      - |      - |      - |      - |      - |      - |      - |      - |      - |      - |      - |      - |      - |      - |      - |      - |      - |      - |      - |      - |      - |      - |      - |      - |      - |      - |      - |      - |      - |      - |      - |      - |      - |      - |      - |      - |      - |      - |     - |     - |     - |     - |     - |     - |     0 |     4 |     6 |     6 |      7 |      7 |     10 |     10 |     10 |     10 |     10 |     10 |      8 |      9 |      9 |      8 |      8 |      8 |      9 |      9 |     10 |     10 |      9 |      9 |     10 |     10 |     11 |     11 |      9 |      9 |      9 |      9 |     10 |     10 |     11 |     11 |     11 |     11 |     11 |     11 |     11 |     11 |     11 |     10 |     10 |     10 |     10 |     10 |     10 |     10 |     10 |     10 |     10 |     12 |     12 |     12 |     14 |     14 |
| SEQ_7                  |                    - |                    - |                    - |                    - |                    - |                    - |                    - |                    - |                    - |                    - |                    - |                    - |                    - |                    - |                    - |                    - |                    - |                    - |                    - |                    - |                    - |                    - |                    - |                    - |                    - |                    - |                    - |                    - |                    - |                    - |                    - |                    - |                    - |                    - |                    - |                    - |                     - |                     - |                     - |                     - |                     - |                     - |                     - |                     - |                     - |                     - |                     - |                     - |                     - |                     - |                     - |                     - |                     - |                     - |                     - |                     - |                     - |                     - |                     - |                     - |                     - |                     - |                     - |                     - |                     - |                     - |                     - |                     - |                     - |                     - |     - |     - |     - |     - |     - |     - |     - |     - |     - |      - |      - |      - |      - |      - |      - |      - |      - |      - |      - |      - |      - |      - |      - |      - |      - |      - |      - |      - |      - |      - |      - |      - |      - |      - |      - |      - |      - |      - |      - |      - |      - |      - |      - |      - |      - |      - |      - |      - |      - |      - |      - |      - |      - |      - |      - |      - |      - |      - |      - |      - |      - |      - |      - |      - |     - |     - |     - |     - |     - |     - |     - |     0 |     6 |     6 |      7 |     10 |     11 |     11 |     11 |     12 |     12 |     12 |     11 |     10 |     10 |     10 |     10 |     10 |     10 |     10 |     11 |     11 |     11 |     11 |     11 |     11 |     12 |     12 |     11 |     11 |     11 |     11 |     11 |     12 |     12 |     12 |     12 |     12 |     12 |     12 |     12 |     12 |     12 |     11 |     11 |     12 |     12 |     12 |     12 |     12 |     12 |     12 |     12 |     13 |     13 |     13 |     15 |     15 |
| SEQ_8                  |                    - |                    - |                    - |                    - |                    - |                    - |                    - |                    - |                    - |                    - |                    - |                    - |                    - |                    - |                    - |                    - |                    - |                    - |                    - |                    - |                    - |                    - |                    - |                    - |                    - |                    - |                    - |                    - |                    - |                    - |                    - |                    - |                    - |                    - |                    - |                    - |                     - |                     - |                     - |                     - |                     - |                     - |                     - |                     - |                     - |                     - |                     - |                     - |                     - |                     - |                     - |                     - |                     - |                     - |                     - |                     - |                     - |                     - |                     - |                     - |                     - |                     - |                     - |                     - |                     - |                     - |                     - |                     - |                     - |                     - |     - |     - |     - |     - |     - |     - |     - |     - |     - |      - |      - |      - |      - |      - |      - |      - |      - |      - |      - |      - |      - |      - |      - |      - |      - |      - |      - |      - |      - |      - |      - |      - |      - |      - |      - |      - |      - |      - |      - |      - |      - |      - |      - |      - |      - |      - |      - |      - |      - |      - |      - |      - |      - |      - |      - |      - |      - |      - |      - |      - |      - |      - |      - |      - |     - |     - |     - |     - |     - |     - |     - |     - |     0 |     2 |      6 |      9 |     11 |     10 |     11 |     13 |     12 |     13 |     10 |     11 |     11 |     10 |     10 |     10 |     10 |     11 |      9 |      9 |     10 |     10 |     10 |     11 |     12 |     11 |     11 |     10 |     10 |     10 |     11 |     10 |     11 |     11 |     11 |     12 |     12 |     12 |     12 |     12 |     12 |     12 |     12 |     12 |     12 |     12 |     12 |     12 |     12 |     12 |     12 |     16 |     14 |     14 |     16 |     15 |
| SEQ_9                  |                    - |                    - |                    - |                    - |                    - |                    - |                    - |                    - |                    - |                    - |                    - |                    - |                    - |                    - |                    - |                    - |                    - |                    - |                    - |                    - |                    - |                    - |                    - |                    - |                    - |                    - |                    - |                    - |                    - |                    - |                    - |                    - |                    - |                    - |                    - |                    - |                     - |                     - |                     - |                     - |                     - |                     - |                     - |                     - |                     - |                     - |                     - |                     - |                     - |                     - |                     - |                     - |                     - |                     - |                     - |                     - |                     - |                     - |                     - |                     - |                     - |                     - |                     - |                     - |                     - |                     - |                     - |                     - |                     - |                     - |     - |     - |     - |     - |     - |     - |     - |     - |     - |      - |      - |      - |      - |      - |      - |      - |      - |      - |      - |      - |      - |      - |      - |      - |      - |      - |      - |      - |      - |      - |      - |      - |      - |      - |      - |      - |      - |      - |      - |      - |      - |      - |      - |      - |      - |      - |      - |      - |      - |      - |      - |      - |      - |      - |      - |      - |      - |      - |      - |      - |      - |      - |      - |      - |     - |     - |     - |     - |     - |     - |     - |     - |     - |     0 |      4 |      8 |     11 |     10 |     11 |     13 |     12 |     12 |     10 |     11 |     10 |     10 |      9 |      9 |      9 |     10 |      9 |      9 |     11 |     11 |     11 |     12 |     12 |     12 |     11 |     10 |     10 |     10 |     11 |     10 |     11 |     11 |     11 |     12 |     12 |     12 |     12 |     12 |     12 |     12 |     12 |     12 |     12 |     12 |     12 |     12 |     12 |     12 |     12 |     16 |     13 |     13 |     15 |     15 |
| SEQ_10                 |                    - |                    - |                    - |                    - |                    - |                    - |                    - |                    - |                    - |                    - |                    - |                    - |                    - |                    - |                    - |                    - |                    - |                    - |                    - |                    - |                    - |                    - |                    - |                    - |                    - |                    - |                    - |                    - |                    - |                    - |                    - |                    - |                    - |                    - |                    - |                    - |                     - |                     - |                     - |                     - |                     - |                     - |                     - |                     - |                     - |                     - |                     - |                     - |                     - |                     - |                     - |                     - |                     - |                     - |                     - |                     - |                     - |                     - |                     - |                     - |                     - |                     - |                     - |                     - |                     - |                     - |                     - |                     - |                     - |                     - |     - |     - |     - |     - |     - |     - |     - |     - |     - |      - |      - |      - |      - |      - |      - |      - |      - |      - |      - |      - |      - |      - |      - |      - |      - |      - |      - |      - |      - |      - |      - |      - |      - |      - |      - |      - |      - |      - |      - |      - |      - |      - |      - |      - |      - |      - |      - |      - |      - |      - |      - |      - |      - |      - |      - |      - |      - |      - |      - |      - |      - |      - |      - |      - |     - |     - |     - |     - |     - |     - |     - |     - |     - |     - |      0 |      4 |      8 |      8 |     12 |     12 |     11 |     12 |      9 |     10 |     10 |     10 |     10 |     10 |      9 |     10 |      8 |      8 |     10 |     10 |     10 |     11 |     10 |     10 |      9 |     10 |     10 |     10 |     11 |     10 |     11 |     11 |     11 |     10 |     10 |     10 |     10 |     10 |     10 |     11 |     10 |     10 |     10 |     10 |     10 |     10 |     10 |     10 |     10 |     15 |     13 |     12 |     14 |     15 |
| SEQ_11                 |                    - |                    - |                    - |                    - |                    - |                    - |                    - |                    - |                    - |                    - |                    - |                    - |                    - |                    - |                    - |                    - |                    - |                    - |                    - |                    - |                    - |                    - |                    - |                    - |                    - |                    - |                    - |                    - |                    - |                    - |                    - |                    - |                    - |                    - |                    - |                    - |                     - |                     - |                     - |                     - |                     - |                     - |                     - |                     - |                     - |                     - |                     - |                     - |                     - |                     - |                     - |                     - |                     - |                     - |                     - |                     - |                     - |                     - |                     - |                     - |                     - |                     - |                     - |                     - |                     - |                     - |                     - |                     - |                     - |                     - |     - |     - |     - |     - |     - |     - |     - |     - |     - |      - |      - |      - |      - |      - |      - |      - |      - |      - |      - |      - |      - |      - |      - |      - |      - |      - |      - |      - |      - |      - |      - |      - |      - |      - |      - |      - |      - |      - |      - |      - |      - |      - |      - |      - |      - |      - |      - |      - |      - |      - |      - |      - |      - |      - |      - |      - |      - |      - |      - |      - |      - |      - |      - |      - |     - |     - |     - |     - |     - |     - |     - |     - |     - |     - |      - |      0 |      7 |      7 |     10 |     10 |      9 |     11 |      9 |     10 |     10 |     10 |     10 |     10 |      9 |     10 |      8 |      8 |      9 |      9 |      9 |     10 |     11 |     10 |     10 |     10 |     10 |     10 |     11 |     10 |     11 |     11 |     11 |     11 |     11 |     11 |     11 |     11 |     11 |     11 |     11 |     11 |     11 |     11 |     11 |     11 |     11 |     11 |     11 |     13 |     12 |     13 |     14 |     15 |
| SEQ_12                 |                    - |                    - |                    - |                    - |                    - |                    - |                    - |                    - |                    - |                    - |                    - |                    - |                    - |                    - |                    - |                    - |                    - |                    - |                    - |                    - |                    - |                    - |                    - |                    - |                    - |                    - |                    - |                    - |                    - |                    - |                    - |                    - |                    - |                    - |                    - |                    - |                     - |                     - |                     - |                     - |                     - |                     - |                     - |                     - |                     - |                     - |                     - |                     - |                     - |                     - |                     - |                     - |                     - |                     - |                     - |                     - |                     - |                     - |                     - |                     - |                     - |                     - |                     - |                     - |                     - |                     - |                     - |                     - |                     - |                     - |     - |     - |     - |     - |     - |     - |     - |     - |     - |      - |      - |      - |      - |      - |      - |      - |      - |      - |      - |      - |      - |      - |      - |      - |      - |      - |      - |      - |      - |      - |      - |      - |      - |      - |      - |      - |      - |      - |      - |      - |      - |      - |      - |      - |      - |      - |      - |      - |      - |      - |      - |      - |      - |      - |      - |      - |      - |      - |      - |      - |      - |      - |      - |      - |     - |     - |     - |     - |     - |     - |     - |     - |     - |     - |      - |      - |      0 |      3 |      7 |      9 |     13 |     12 |     11 |     12 |     13 |     13 |     13 |     13 |     13 |     13 |     12 |     12 |     12 |     12 |     12 |     11 |     14 |     13 |     12 |     13 |     13 |     13 |     14 |     13 |     14 |     14 |     14 |     13 |     13 |     13 |     14 |     14 |     14 |     13 |     13 |     13 |     13 |     13 |     13 |     13 |     13 |     13 |     13 |     17 |     18 |     17 |     18 |     18 |
| SEQ_13                 |                    - |                    - |                    - |                    - |                    - |                    - |                    - |                    - |                    - |                    - |                    - |                    - |                    - |                    - |                    - |                    - |                    - |                    - |                    - |                    - |                    - |                    - |                    - |                    - |                    - |                    - |                    - |                    - |                    - |                    - |                    - |                    - |                    - |                    - |                    - |                    - |                     - |                     - |                     - |                     - |                     - |                     - |                     - |                     - |                     - |                     - |                     - |                     - |                     - |                     - |                     - |                     - |                     - |                     - |                     - |                     - |                     - |                     - |                     - |                     - |                     - |                     - |                     - |                     - |                     - |                     - |                     - |                     - |                     - |                     - |     - |     - |     - |     - |     - |     - |     - |     - |     - |      - |      - |      - |      - |      - |      - |      - |      - |      - |      - |      - |      - |      - |      - |      - |      - |      - |      - |      - |      - |      - |      - |      - |      - |      - |      - |      - |      - |      - |      - |      - |      - |      - |      - |      - |      - |      - |      - |      - |      - |      - |      - |      - |      - |      - |      - |      - |      - |      - |      - |      - |      - |      - |      - |      - |     - |     - |     - |     - |     - |     - |     - |     - |     - |     - |      - |      - |      - |      0 |      7 |     10 |     13 |     14 |     12 |     13 |     13 |     12 |     13 |     13 |     12 |     13 |     13 |     13 |     12 |     12 |     12 |     13 |     15 |     15 |     14 |     13 |     13 |     13 |     14 |     14 |     15 |     15 |     15 |     16 |     16 |     15 |     16 |     16 |     16 |     15 |     15 |     15 |     15 |     15 |     15 |     15 |     15 |     15 |     15 |     17 |     18 |     17 |     19 |     19 |
| SEQ_14                 |                    - |                    - |                    - |                    - |                    - |                    - |                    - |                    - |                    - |                    - |                    - |                    - |                    - |                    - |                    - |                    - |                    - |                    - |                    - |                    - |                    - |                    - |                    - |                    - |                    - |                    - |                    - |                    - |                    - |                    - |                    - |                    - |                    - |                    - |                    - |                    - |                     - |                     - |                     - |                     - |                     - |                     - |                     - |                     - |                     - |                     - |                     - |                     - |                     - |                     - |                     - |                     - |                     - |                     - |                     - |                     - |                     - |                     - |                     - |                     - |                     - |                     - |                     - |                     - |                     - |                     - |                     - |                     - |                     - |                     - |     - |     - |     - |     - |     - |     - |     - |     - |     - |      - |      - |      - |      - |      - |      - |      - |      - |      - |      - |      - |      - |      - |      - |      - |      - |      - |      - |      - |      - |      - |      - |      - |      - |      - |      - |      - |      - |      - |      - |      - |      - |      - |      - |      - |      - |      - |      - |      - |      - |      - |      - |      - |      - |      - |      - |      - |      - |      - |      - |      - |      - |      - |      - |      - |     - |     - |     - |     - |     - |     - |     - |     - |     - |     - |      - |      - |      - |      - |      0 |      8 |     10 |     10 |     12 |     13 |     14 |     13 |     14 |     14 |     13 |     14 |     13 |     13 |     12 |     12 |     12 |     12 |     12 |     12 |     13 |     13 |     13 |     13 |     13 |     13 |     12 |     12 |     12 |     12 |     12 |     13 |     13 |     13 |     13 |     12 |     12 |     13 |     13 |     13 |     13 |     13 |     13 |     13 |     13 |     16 |     18 |     19 |     19 |     18 |
| SEQ_15                 |                    - |                    - |                    - |                    - |                    - |                    - |                    - |                    - |                    - |                    - |                    - |                    - |                    - |                    - |                    - |                    - |                    - |                    - |                    - |                    - |                    - |                    - |                    - |                    - |                    - |                    - |                    - |                    - |                    - |                    - |                    - |                    - |                    - |                    - |                    - |                    - |                     - |                     - |                     - |                     - |                     - |                     - |                     - |                     - |                     - |                     - |                     - |                     - |                     - |                     - |                     - |                     - |                     - |                     - |                     - |                     - |                     - |                     - |                     - |                     - |                     - |                     - |                     - |                     - |                     - |                     - |                     - |                     - |                     - |                     - |     - |     - |     - |     - |     - |     - |     - |     - |     - |      - |      - |      - |      - |      - |      - |      - |      - |      - |      - |      - |      - |      - |      - |      - |      - |      - |      - |      - |      - |      - |      - |      - |      - |      - |      - |      - |      - |      - |      - |      - |      - |      - |      - |      - |      - |      - |      - |      - |      - |      - |      - |      - |      - |      - |      - |      - |      - |      - |      - |      - |      - |      - |      - |      - |     - |     - |     - |     - |     - |     - |     - |     - |     - |     - |      - |      - |      - |      - |      - |      0 |      8 |      9 |     12 |     14 |     15 |     13 |     14 |     14 |     14 |     15 |     14 |     14 |     13 |     13 |     14 |     13 |     14 |     14 |     14 |     14 |     14 |     14 |     14 |     13 |     14 |     14 |     14 |     15 |     15 |     15 |     16 |     16 |     16 |     13 |     14 |     14 |     14 |     14 |     14 |     14 |     14 |     14 |     14 |     20 |     20 |     19 |     21 |     19 |
| SEQ_16                 |                    - |                    - |                    - |                    - |                    - |                    - |                    - |                    - |                    - |                    - |                    - |                    - |                    - |                    - |                    - |                    - |                    - |                    - |                    - |                    - |                    - |                    - |                    - |                    - |                    - |                    - |                    - |                    - |                    - |                    - |                    - |                    - |                    - |                    - |                    - |                    - |                     - |                     - |                     - |                     - |                     - |                     - |                     - |                     - |                     - |                     - |                     - |                     - |                     - |                     - |                     - |                     - |                     - |                     - |                     - |                     - |                     - |                     - |                     - |                     - |                     - |                     - |                     - |                     - |                     - |                     - |                     - |                     - |                     - |                     - |     - |     - |     - |     - |     - |     - |     - |     - |     - |      - |      - |      - |      - |      - |      - |      - |      - |      - |      - |      - |      - |      - |      - |      - |      - |      - |      - |      - |      - |      - |      - |      - |      - |      - |      - |      - |      - |      - |      - |      - |      - |      - |      - |      - |      - |      - |      - |      - |      - |      - |      - |      - |      - |      - |      - |      - |      - |      - |      - |      - |      - |      - |      - |      - |     - |     - |     - |     - |     - |     - |     - |     - |     - |     - |      - |      - |      - |      - |      - |      - |      0 |      3 |      8 |     11 |     11 |     10 |     11 |     11 |     11 |     12 |     13 |     13 |     12 |     12 |     14 |     14 |     13 |     13 |     13 |     13 |     13 |     13 |     14 |     14 |     14 |     14 |     14 |     13 |     13 |     13 |     14 |     14 |     14 |     13 |     14 |     14 |     14 |     14 |     14 |     14 |     14 |     14 |     14 |     17 |     17 |     20 |     19 |     20 |
| SEQ_17                 |                    - |                    - |                    - |                    - |                    - |                    - |                    - |                    - |                    - |                    - |                    - |                    - |                    - |                    - |                    - |                    - |                    - |                    - |                    - |                    - |                    - |                    - |                    - |                    - |                    - |                    - |                    - |                    - |                    - |                    - |                    - |                    - |                    - |                    - |                    - |                    - |                     - |                     - |                     - |                     - |                     - |                     - |                     - |                     - |                     - |                     - |                     - |                     - |                     - |                     - |                     - |                     - |                     - |                     - |                     - |                     - |                     - |                     - |                     - |                     - |                     - |                     - |                     - |                     - |                     - |                     - |                     - |                     - |                     - |                     - |     - |     - |     - |     - |     - |     - |     - |     - |     - |      - |      - |      - |      - |      - |      - |      - |      - |      - |      - |      - |      - |      - |      - |      - |      - |      - |      - |      - |      - |      - |      - |      - |      - |      - |      - |      - |      - |      - |      - |      - |      - |      - |      - |      - |      - |      - |      - |      - |      - |      - |      - |      - |      - |      - |      - |      - |      - |      - |      - |      - |      - |      - |      - |      - |     - |     - |     - |     - |     - |     - |     - |     - |     - |     - |      - |      - |      - |      - |      - |      - |      - |      0 |     10 |     11 |     12 |     11 |     11 |     11 |     12 |     13 |     15 |     15 |     13 |     13 |     14 |     14 |     15 |     15 |     15 |     15 |     15 |     15 |     14 |     14 |     14 |     14 |     14 |     13 |     13 |     13 |     14 |     14 |     14 |     13 |     14 |     14 |     14 |     14 |     14 |     14 |     14 |     14 |     14 |     19 |     17 |     19 |     19 |     21 |
| SEQ_18                 |                    - |                    - |                    - |                    - |                    - |                    - |                    - |                    - |                    - |                    - |                    - |                    - |                    - |                    - |                    - |                    - |                    - |                    - |                    - |                    - |                    - |                    - |                    - |                    - |                    - |                    - |                    - |                    - |                    - |                    - |                    - |                    - |                    - |                    - |                    - |                    - |                     - |                     - |                     - |                     - |                     - |                     - |                     - |                     - |                     - |                     - |                     - |                     - |                     - |                     - |                     - |                     - |                     - |                     - |                     - |                     - |                     - |                     - |                     - |                     - |                     - |                     - |                     - |                     - |                     - |                     - |                     - |                     - |                     - |                     - |     - |     - |     - |     - |     - |     - |     - |     - |     - |      - |      - |      - |      - |      - |      - |      - |      - |      - |      - |      - |      - |      - |      - |      - |      - |      - |      - |      - |      - |      - |      - |      - |      - |      - |      - |      - |      - |      - |      - |      - |      - |      - |      - |      - |      - |      - |      - |      - |      - |      - |      - |      - |      - |      - |      - |      - |      - |      - |      - |      - |      - |      - |      - |      - |     - |     - |     - |     - |     - |     - |     - |     - |     - |     - |      - |      - |      - |      - |      - |      - |      - |      - |      0 |      4 |      8 |      7 |     10 |     10 |     10 |     11 |     10 |     10 |     11 |     11 |     12 |     11 |     10 |     10 |      9 |     10 |     10 |     10 |     10 |      9 |     10 |     10 |     10 |      9 |      9 |      9 |     10 |     10 |     10 |     10 |     10 |     10 |     10 |     10 |     10 |     10 |     10 |     10 |     10 |     18 |     19 |     18 |     18 |     18 |
| SEQ_19                 |                    - |                    - |                    - |                    - |                    - |                    - |                    - |                    - |                    - |                    - |                    - |                    - |                    - |                    - |                    - |                    - |                    - |                    - |                    - |                    - |                    - |                    - |                    - |                    - |                    - |                    - |                    - |                    - |                    - |                    - |                    - |                    - |                    - |                    - |                    - |                    - |                     - |                     - |                     - |                     - |                     - |                     - |                     - |                     - |                     - |                     - |                     - |                     - |                     - |                     - |                     - |                     - |                     - |                     - |                     - |                     - |                     - |                     - |                     - |                     - |                     - |                     - |                     - |                     - |                     - |                     - |                     - |                     - |                     - |                     - |     - |     - |     - |     - |     - |     - |     - |     - |     - |      - |      - |      - |      - |      - |      - |      - |      - |      - |      - |      - |      - |      - |      - |      - |      - |      - |      - |      - |      - |      - |      - |      - |      - |      - |      - |      - |      - |      - |      - |      - |      - |      - |      - |      - |      - |      - |      - |      - |      - |      - |      - |      - |      - |      - |      - |      - |      - |      - |      - |      - |      - |      - |      - |      - |     - |     - |     - |     - |     - |     - |     - |     - |     - |     - |      - |      - |      - |      - |      - |      - |      - |      - |      - |      0 |      5 |      7 |     10 |     10 |     10 |      9 |      9 |      9 |     12 |     12 |     12 |     11 |     10 |     10 |      9 |     10 |     10 |     10 |     10 |      9 |     10 |     10 |     10 |     10 |     10 |      9 |     10 |     10 |     10 |     10 |     11 |     11 |     11 |     11 |     11 |     11 |     11 |     11 |     11 |     19 |     20 |     18 |     19 |     21 |
| SEQ_20                 |                    - |                    - |                    - |                    - |                    - |                    - |                    - |                    - |                    - |                    - |                    - |                    - |                    - |                    - |                    - |                    - |                    - |                    - |                    - |                    - |                    - |                    - |                    - |                    - |                    - |                    - |                    - |                    - |                    - |                    - |                    - |                    - |                    - |                    - |                    - |                    - |                     - |                     - |                     - |                     - |                     - |                     - |                     - |                     - |                     - |                     - |                     - |                     - |                     - |                     - |                     - |                     - |                     - |                     - |                     - |                     - |                     - |                     - |                     - |                     - |                     - |                     - |                     - |                     - |                     - |                     - |                     - |                     - |                     - |                     - |     - |     - |     - |     - |     - |     - |     - |     - |     - |      - |      - |      - |      - |      - |      - |      - |      - |      - |      - |      - |      - |      - |      - |      - |      - |      - |      - |      - |      - |      - |      - |      - |      - |      - |      - |      - |      - |      - |      - |      - |      - |      - |      - |      - |      - |      - |      - |      - |      - |      - |      - |      - |      - |      - |      - |      - |      - |      - |      - |      - |      - |      - |      - |      - |     - |     - |     - |     - |     - |     - |     - |     - |     - |     - |      - |      - |      - |      - |      - |      - |      - |      - |      - |      - |      0 |      5 |      8 |      8 |      7 |      6 |     10 |     10 |     11 |     11 |     12 |     12 |     13 |     13 |     12 |     11 |     11 |     11 |     11 |     11 |     12 |     12 |     12 |     12 |     12 |     11 |     12 |     12 |     12 |     12 |     11 |     11 |     11 |     11 |     11 |     11 |     11 |     11 |     11 |     22 |     18 |     20 |     18 |     22 |
| SEQ_21                 |                    - |                    - |                    - |                    - |                    - |                    - |                    - |                    - |                    - |                    - |                    - |                    - |                    - |                    - |                    - |                    - |                    - |                    - |                    - |                    - |                    - |                    - |                    - |                    - |                    - |                    - |                    - |                    - |                    - |                    - |                    - |                    - |                    - |                    - |                    - |                    - |                     - |                     - |                     - |                     - |                     - |                     - |                     - |                     - |                     - |                     - |                     - |                     - |                     - |                     - |                     - |                     - |                     - |                     - |                     - |                     - |                     - |                     - |                     - |                     - |                     - |                     - |                     - |                     - |                     - |                     - |                     - |                     - |                     - |                     - |     - |     - |     - |     - |     - |     - |     - |     - |     - |      - |      - |      - |      - |      - |      - |      - |      - |      - |      - |      - |      - |      - |      - |      - |      - |      - |      - |      - |      - |      - |      - |      - |      - |      - |      - |      - |      - |      - |      - |      - |      - |      - |      - |      - |      - |      - |      - |      - |      - |      - |      - |      - |      - |      - |      - |      - |      - |      - |      - |      - |      - |      - |      - |      - |     - |     - |     - |     - |     - |     - |     - |     - |     - |     - |      - |      - |      - |      - |      - |      - |      - |      - |      - |      - |      - |      0 |      4 |      4 |      4 |      6 |     10 |     10 |     10 |     10 |     11 |     11 |     12 |     12 |     11 |     10 |     10 |     10 |     11 |     10 |     11 |     11 |     11 |     12 |     12 |     12 |     13 |     13 |     13 |     11 |     12 |     12 |     12 |     12 |     12 |     12 |     12 |     12 |     12 |     21 |     18 |     20 |     18 |     21 |
| SEQ_22                 |                    - |                    - |                    - |                    - |                    - |                    - |                    - |                    - |                    - |                    - |                    - |                    - |                    - |                    - |                    - |                    - |                    - |                    - |                    - |                    - |                    - |                    - |                    - |                    - |                    - |                    - |                    - |                    - |                    - |                    - |                    - |                    - |                    - |                    - |                    - |                    - |                     - |                     - |                     - |                     - |                     - |                     - |                     - |                     - |                     - |                     - |                     - |                     - |                     - |                     - |                     - |                     - |                     - |                     - |                     - |                     - |                     - |                     - |                     - |                     - |                     - |                     - |                     - |                     - |                     - |                     - |                     - |                     - |                     - |                     - |     - |     - |     - |     - |     - |     - |     - |     - |     - |      - |      - |      - |      - |      - |      - |      - |      - |      - |      - |      - |      - |      - |      - |      - |      - |      - |      - |      - |      - |      - |      - |      - |      - |      - |      - |      - |      - |      - |      - |      - |      - |      - |      - |      - |      - |      - |      - |      - |      - |      - |      - |      - |      - |      - |      - |      - |      - |      - |      - |      - |      - |      - |      - |      - |     - |     - |     - |     - |     - |     - |     - |     - |     - |     - |      - |      - |      - |      - |      - |      - |      - |      - |      - |      - |      - |      - |      0 |      0 |      2 |      3 |     11 |     11 |      9 |      9 |     10 |     10 |     12 |     12 |     12 |     11 |     11 |     11 |     11 |     11 |     12 |     12 |     12 |     13 |     13 |     13 |     14 |     14 |     14 |     12 |     13 |     13 |     13 |     13 |     13 |     13 |     13 |     13 |     13 |     21 |     18 |     21 |     17 |     21 |
| SEQ_23                 |                    - |                    - |                    - |                    - |                    - |                    - |                    - |                    - |                    - |                    - |                    - |                    - |                    - |                    - |                    - |                    - |                    - |                    - |                    - |                    - |                    - |                    - |                    - |                    - |                    - |                    - |                    - |                    - |                    - |                    - |                    - |                    - |                    - |                    - |                    - |                    - |                     - |                     - |                     - |                     - |                     - |                     - |                     - |                     - |                     - |                     - |                     - |                     - |                     - |                     - |                     - |                     - |                     - |                     - |                     - |                     - |                     - |                     - |                     - |                     - |                     - |                     - |                     - |                     - |                     - |                     - |                     - |                     - |                     - |                     - |     - |     - |     - |     - |     - |     - |     - |     - |     - |      - |      - |      - |      - |      - |      - |      - |      - |      - |      - |      - |      - |      - |      - |      - |      - |      - |      - |      - |      - |      - |      - |      - |      - |      - |      - |      - |      - |      - |      - |      - |      - |      - |      - |      - |      - |      - |      - |      - |      - |      - |      - |      - |      - |      - |      - |      - |      - |      - |      - |      - |      - |      - |      - |      - |     - |     - |     - |     - |     - |     - |     - |     - |     - |     - |      - |      - |      - |      - |      - |      - |      - |      - |      - |      - |      - |      - |      - |      0 |      2 |      3 |     11 |     11 |      9 |      9 |     10 |     10 |     12 |     12 |     12 |     11 |     11 |     11 |     11 |     11 |     12 |     12 |     12 |     13 |     13 |     13 |     14 |     14 |     14 |     12 |     13 |     13 |     13 |     13 |     13 |     13 |     13 |     13 |     13 |     21 |     18 |     21 |     17 |     21 |
| SEQ_24                 |                    - |                    - |                    - |                    - |                    - |                    - |                    - |                    - |                    - |                    - |                    - |                    - |                    - |                    - |                    - |                    - |                    - |                    - |                    - |                    - |                    - |                    - |                    - |                    - |                    - |                    - |                    - |                    - |                    - |                    - |                    - |                    - |                    - |                    - |                    - |                    - |                     - |                     - |                     - |                     - |                     - |                     - |                     - |                     - |                     - |                     - |                     - |                     - |                     - |                     - |                     - |                     - |                     - |                     - |                     - |                     - |                     - |                     - |                     - |                     - |                     - |                     - |                     - |                     - |                     - |                     - |                     - |                     - |                     - |                     - |     - |     - |     - |     - |     - |     - |     - |     - |     - |      - |      - |      - |      - |      - |      - |      - |      - |      - |      - |      - |      - |      - |      - |      - |      - |      - |      - |      - |      - |      - |      - |      - |      - |      - |      - |      - |      - |      - |      - |      - |      - |      - |      - |      - |      - |      - |      - |      - |      - |      - |      - |      - |      - |      - |      - |      - |      - |      - |      - |      - |      - |      - |      - |      - |     - |     - |     - |     - |     - |     - |     - |     - |     - |     - |      - |      - |      - |      - |      - |      - |      - |      - |      - |      - |      - |      - |      - |      - |      0 |      4 |      9 |      9 |      9 |      9 |     10 |     11 |     12 |     12 |     11 |     10 |     10 |     10 |     11 |     10 |     11 |     11 |     11 |     12 |     12 |     12 |     13 |     13 |     13 |     11 |     12 |     12 |     12 |     12 |     12 |     12 |     12 |     12 |     12 |     20 |     18 |     20 |     17 |     22 |
| SEQ_25                 |                    - |                    - |                    - |                    - |                    - |                    - |                    - |                    - |                    - |                    - |                    - |                    - |                    - |                    - |                    - |                    - |                    - |                    - |                    - |                    - |                    - |                    - |                    - |                    - |                    - |                    - |                    - |                    - |                    - |                    - |                    - |                    - |                    - |                    - |                    - |                    - |                     - |                     - |                     - |                     - |                     - |                     - |                     - |                     - |                     - |                     - |                     - |                     - |                     - |                     - |                     - |                     - |                     - |                     - |                     - |                     - |                     - |                     - |                     - |                     - |                     - |                     - |                     - |                     - |                     - |                     - |                     - |                     - |                     - |                     - |     - |     - |     - |     - |     - |     - |     - |     - |     - |      - |      - |      - |      - |      - |      - |      - |      - |      - |      - |      - |      - |      - |      - |      - |      - |      - |      - |      - |      - |      - |      - |      - |      - |      - |      - |      - |      - |      - |      - |      - |      - |      - |      - |      - |      - |      - |      - |      - |      - |      - |      - |      - |      - |      - |      - |      - |      - |      - |      - |      - |      - |      - |      - |      - |     - |     - |     - |     - |     - |     - |     - |     - |     - |     - |      - |      - |      - |      - |      - |      - |      - |      - |      - |      - |      - |      - |      - |      - |      - |      0 |      9 |      9 |      8 |      8 |     10 |     10 |     12 |     12 |     11 |      9 |      9 |      9 |     11 |     11 |     12 |     12 |     12 |     13 |     13 |     12 |     13 |     13 |     13 |     12 |     12 |     11 |     11 |     11 |     11 |     11 |     11 |     11 |     11 |     22 |     19 |     21 |     19 |     22 |
| SEQ_26                 |                    - |                    - |                    - |                    - |                    - |                    - |                    - |                    - |                    - |                    - |                    - |                    - |                    - |                    - |                    - |                    - |                    - |                    - |                    - |                    - |                    - |                    - |                    - |                    - |                    - |                    - |                    - |                    - |                    - |                    - |                    - |                    - |                    - |                    - |                    - |                    - |                     - |                     - |                     - |                     - |                     - |                     - |                     - |                     - |                     - |                     - |                     - |                     - |                     - |                     - |                     - |                     - |                     - |                     - |                     - |                     - |                     - |                     - |                     - |                     - |                     - |                     - |                     - |                     - |                     - |                     - |                     - |                     - |                     - |                     - |     - |     - |     - |     - |     - |     - |     - |     - |     - |      - |      - |      - |      - |      - |      - |      - |      - |      - |      - |      - |      - |      - |      - |      - |      - |      - |      - |      - |      - |      - |      - |      - |      - |      - |      - |      - |      - |      - |      - |      - |      - |      - |      - |      - |      - |      - |      - |      - |      - |      - |      - |      - |      - |      - |      - |      - |      - |      - |      - |      - |      - |      - |      - |      - |     - |     - |     - |     - |     - |     - |     - |     - |     - |     - |      - |      - |      - |      - |      - |      - |      - |      - |      - |      - |      - |      - |      - |      - |      - |      - |      0 |      0 |      5 |      5 |      4 |      6 |      6 |      6 |      6 |      9 |      9 |      9 |      8 |      8 |      9 |      9 |      9 |      9 |      9 |      9 |      8 |      8 |      8 |      9 |      9 |      8 |      8 |      8 |      8 |      8 |      8 |      8 |      8 |     19 |     19 |     20 |     19 |     20 |
| SEQ_27                 |                    - |                    - |                    - |                    - |                    - |                    - |                    - |                    - |                    - |                    - |                    - |                    - |                    - |                    - |                    - |                    - |                    - |                    - |                    - |                    - |                    - |                    - |                    - |                    - |                    - |                    - |                    - |                    - |                    - |                    - |                    - |                    - |                    - |                    - |                    - |                    - |                     - |                     - |                     - |                     - |                     - |                     - |                     - |                     - |                     - |                     - |                     - |                     - |                     - |                     - |                     - |                     - |                     - |                     - |                     - |                     - |                     - |                     - |                     - |                     - |                     - |                     - |                     - |                     - |                     - |                     - |                     - |                     - |                     - |                     - |     - |     - |     - |     - |     - |     - |     - |     - |     - |      - |      - |      - |      - |      - |      - |      - |      - |      - |      - |      - |      - |      - |      - |      - |      - |      - |      - |      - |      - |      - |      - |      - |      - |      - |      - |      - |      - |      - |      - |      - |      - |      - |      - |      - |      - |      - |      - |      - |      - |      - |      - |      - |      - |      - |      - |      - |      - |      - |      - |      - |      - |      - |      - |      - |     - |     - |     - |     - |     - |     - |     - |     - |     - |     - |      - |      - |      - |      - |      - |      - |      - |      - |      - |      - |      - |      - |      - |      - |      - |      - |      - |      0 |      5 |      5 |      4 |      6 |      6 |      6 |      6 |      9 |      9 |      9 |      8 |      8 |      9 |      9 |      9 |      9 |      9 |      9 |      8 |      8 |      8 |      9 |      9 |      8 |      8 |      8 |      8 |      8 |      8 |      8 |      8 |     19 |     19 |     20 |     19 |     20 |
| SEQ_28                 |                    - |                    - |                    - |                    - |                    - |                    - |                    - |                    - |                    - |                    - |                    - |                    - |                    - |                    - |                    - |                    - |                    - |                    - |                    - |                    - |                    - |                    - |                    - |                    - |                    - |                    - |                    - |                    - |                    - |                    - |                    - |                    - |                    - |                    - |                    - |                    - |                     - |                     - |                     - |                     - |                     - |                     - |                     - |                     - |                     - |                     - |                     - |                     - |                     - |                     - |                     - |                     - |                     - |                     - |                     - |                     - |                     - |                     - |                     - |                     - |                     - |                     - |                     - |                     - |                     - |                     - |                     - |                     - |                     - |                     - |     - |     - |     - |     - |     - |     - |     - |     - |     - |      - |      - |      - |      - |      - |      - |      - |      - |      - |      - |      - |      - |      - |      - |      - |      - |      - |      - |      - |      - |      - |      - |      - |      - |      - |      - |      - |      - |      - |      - |      - |      - |      - |      - |      - |      - |      - |      - |      - |      - |      - |      - |      - |      - |      - |      - |      - |      - |      - |      - |      - |      - |      - |      - |      - |     - |     - |     - |     - |     - |     - |     - |     - |     - |     - |      - |      - |      - |      - |      - |      - |      - |      - |      - |      - |      - |      - |      - |      - |      - |      - |      - |      - |      0 |      0 |      2 |      4 |      5 |      5 |      5 |      7 |      7 |      7 |      6 |      7 |      7 |      7 |      7 |      7 |      7 |      8 |      7 |      7 |      7 |      6 |      6 |      7 |      7 |      7 |      7 |      7 |      7 |      7 |      7 |     21 |     18 |     20 |     20 |     20 |
| SEQ_29                 |                    - |                    - |                    - |                    - |                    - |                    - |                    - |                    - |                    - |                    - |                    - |                    - |                    - |                    - |                    - |                    - |                    - |                    - |                    - |                    - |                    - |                    - |                    - |                    - |                    - |                    - |                    - |                    - |                    - |                    - |                    - |                    - |                    - |                    - |                    - |                    - |                     - |                     - |                     - |                     - |                     - |                     - |                     - |                     - |                     - |                     - |                     - |                     - |                     - |                     - |                     - |                     - |                     - |                     - |                     - |                     - |                     - |                     - |                     - |                     - |                     - |                     - |                     - |                     - |                     - |                     - |                     - |                     - |                     - |                     - |     - |     - |     - |     - |     - |     - |     - |     - |     - |      - |      - |      - |      - |      - |      - |      - |      - |      - |      - |      - |      - |      - |      - |      - |      - |      - |      - |      - |      - |      - |      - |      - |      - |      - |      - |      - |      - |      - |      - |      - |      - |      - |      - |      - |      - |      - |      - |      - |      - |      - |      - |      - |      - |      - |      - |      - |      - |      - |      - |      - |      - |      - |      - |      - |     - |     - |     - |     - |     - |     - |     - |     - |     - |     - |      - |      - |      - |      - |      - |      - |      - |      - |      - |      - |      - |      - |      - |      - |      - |      - |      - |      - |      - |      0 |      2 |      4 |      5 |      5 |      5 |      7 |      7 |      7 |      6 |      7 |      7 |      7 |      7 |      7 |      7 |      8 |      7 |      7 |      7 |      6 |      6 |      7 |      7 |      7 |      7 |      7 |      7 |      7 |      7 |     21 |     18 |     20 |     20 |     20 |
| SEQ_30                 |                    - |                    - |                    - |                    - |                    - |                    - |                    - |                    - |                    - |                    - |                    - |                    - |                    - |                    - |                    - |                    - |                    - |                    - |                    - |                    - |                    - |                    - |                    - |                    - |                    - |                    - |                    - |                    - |                    - |                    - |                    - |                    - |                    - |                    - |                    - |                    - |                     - |                     - |                     - |                     - |                     - |                     - |                     - |                     - |                     - |                     - |                     - |                     - |                     - |                     - |                     - |                     - |                     - |                     - |                     - |                     - |                     - |                     - |                     - |                     - |                     - |                     - |                     - |                     - |                     - |                     - |                     - |                     - |                     - |                     - |     - |     - |     - |     - |     - |     - |     - |     - |     - |      - |      - |      - |      - |      - |      - |      - |      - |      - |      - |      - |      - |      - |      - |      - |      - |      - |      - |      - |      - |      - |      - |      - |      - |      - |      - |      - |      - |      - |      - |      - |      - |      - |      - |      - |      - |      - |      - |      - |      - |      - |      - |      - |      - |      - |      - |      - |      - |      - |      - |      - |      - |      - |      - |      - |     - |     - |     - |     - |     - |     - |     - |     - |     - |     - |      - |      - |      - |      - |      - |      - |      - |      - |      - |      - |      - |      - |      - |      - |      - |      - |      - |      - |      - |      - |      0 |      2 |      3 |      3 |      4 |      7 |      7 |      7 |      5 |      6 |      6 |      6 |      6 |      6 |      6 |      7 |      7 |      7 |      7 |      6 |      6 |      7 |      7 |      7 |      7 |      7 |      7 |      7 |      7 |     21 |     19 |     21 |     19 |     19 |
| SEQ_31                 |                    - |                    - |                    - |                    - |                    - |                    - |                    - |                    - |                    - |                    - |                    - |                    - |                    - |                    - |                    - |                    - |                    - |                    - |                    - |                    - |                    - |                    - |                    - |                    - |                    - |                    - |                    - |                    - |                    - |                    - |                    - |                    - |                    - |                    - |                    - |                    - |                     - |                     - |                     - |                     - |                     - |                     - |                     - |                     - |                     - |                     - |                     - |                     - |                     - |                     - |                     - |                     - |                     - |                     - |                     - |                     - |                     - |                     - |                     - |                     - |                     - |                     - |                     - |                     - |                     - |                     - |                     - |                     - |                     - |                     - |     - |     - |     - |     - |     - |     - |     - |     - |     - |      - |      - |      - |      - |      - |      - |      - |      - |      - |      - |      - |      - |      - |      - |      - |      - |      - |      - |      - |      - |      - |      - |      - |      - |      - |      - |      - |      - |      - |      - |      - |      - |      - |      - |      - |      - |      - |      - |      - |      - |      - |      - |      - |      - |      - |      - |      - |      - |      - |      - |      - |      - |      - |      - |      - |     - |     - |     - |     - |     - |     - |     - |     - |     - |     - |      - |      - |      - |      - |      - |      - |      - |      - |      - |      - |      - |      - |      - |      - |      - |      - |      - |      - |      - |      - |      - |      0 |      4 |      4 |      4 |      6 |      6 |      6 |      5 |      6 |      6 |      6 |      6 |      6 |      6 |      6 |      7 |      7 |      7 |      6 |      6 |      7 |      7 |      7 |      7 |      7 |      7 |      7 |      7 |     23 |     20 |     22 |     21 |     20 |
| SEQ_32                 |                    - |                    - |                    - |                    - |                    - |                    - |                    - |                    - |                    - |                    - |                    - |                    - |                    - |                    - |                    - |                    - |                    - |                    - |                    - |                    - |                    - |                    - |                    - |                    - |                    - |                    - |                    - |                    - |                    - |                    - |                    - |                    - |                    - |                    - |                    - |                    - |                     - |                     - |                     - |                     - |                     - |                     - |                     - |                     - |                     - |                     - |                     - |                     - |                     - |                     - |                     - |                     - |                     - |                     - |                     - |                     - |                     - |                     - |                     - |                     - |                     - |                     - |                     - |                     - |                     - |                     - |                     - |                     - |                     - |                     - |     - |     - |     - |     - |     - |     - |     - |     - |     - |      - |      - |      - |      - |      - |      - |      - |      - |      - |      - |      - |      - |      - |      - |      - |      - |      - |      - |      - |      - |      - |      - |      - |      - |      - |      - |      - |      - |      - |      - |      - |      - |      - |      - |      - |      - |      - |      - |      - |      - |      - |      - |      - |      - |      - |      - |      - |      - |      - |      - |      - |      - |      - |      - |      - |     - |     - |     - |     - |     - |     - |     - |     - |     - |     - |      - |      - |      - |      - |      - |      - |      - |      - |      - |      - |      - |      - |      - |      - |      - |      - |      - |      - |      - |      - |      - |      - |      0 |      1 |      3 |      6 |      6 |      6 |      5 |      6 |      5 |      5 |      5 |      5 |      5 |      6 |      7 |      7 |      7 |      6 |      6 |      7 |      7 |      7 |      7 |      7 |      7 |      7 |      7 |     20 |     19 |     20 |     20 |     22 |
| SEQ_33                 |                    - |                    - |                    - |                    - |                    - |                    - |                    - |                    - |                    - |                    - |                    - |                    - |                    - |                    - |                    - |                    - |                    - |                    - |                    - |                    - |                    - |                    - |                    - |                    - |                    - |                    - |                    - |                    - |                    - |                    - |                    - |                    - |                    - |                    - |                    - |                    - |                     - |                     - |                     - |                     - |                     - |                     - |                     - |                     - |                     - |                     - |                     - |                     - |                     - |                     - |                     - |                     - |                     - |                     - |                     - |                     - |                     - |                     - |                     - |                     - |                     - |                     - |                     - |                     - |                     - |                     - |                     - |                     - |                     - |                     - |     - |     - |     - |     - |     - |     - |     - |     - |     - |      - |      - |      - |      - |      - |      - |      - |      - |      - |      - |      - |      - |      - |      - |      - |      - |      - |      - |      - |      - |      - |      - |      - |      - |      - |      - |      - |      - |      - |      - |      - |      - |      - |      - |      - |      - |      - |      - |      - |      - |      - |      - |      - |      - |      - |      - |      - |      - |      - |      - |      - |      - |      - |      - |      - |     - |     - |     - |     - |     - |     - |     - |     - |     - |     - |      - |      - |      - |      - |      - |      - |      - |      - |      - |      - |      - |      - |      - |      - |      - |      - |      - |      - |      - |      - |      - |      - |      - |      0 |      2 |      5 |      5 |      5 |      5 |      5 |      4 |      4 |      4 |      4 |      4 |      5 |      6 |      6 |      6 |      5 |      5 |      6 |      6 |      6 |      6 |      6 |      6 |      6 |      6 |     20 |     20 |     21 |     21 |     22 |
| SEQ_34                 |                    - |                    - |                    - |                    - |                    - |                    - |                    - |                    - |                    - |                    - |                    - |                    - |                    - |                    - |                    - |                    - |                    - |                    - |                    - |                    - |                    - |                    - |                    - |                    - |                    - |                    - |                    - |                    - |                    - |                    - |                    - |                    - |                    - |                    - |                    - |                    - |                     - |                     - |                     - |                     - |                     - |                     - |                     - |                     - |                     - |                     - |                     - |                     - |                     - |                     - |                     - |                     - |                     - |                     - |                     - |                     - |                     - |                     - |                     - |                     - |                     - |                     - |                     - |                     - |                     - |                     - |                     - |                     - |                     - |                     - |     - |     - |     - |     - |     - |     - |     - |     - |     - |      - |      - |      - |      - |      - |      - |      - |      - |      - |      - |      - |      - |      - |      - |      - |      - |      - |      - |      - |      - |      - |      - |      - |      - |      - |      - |      - |      - |      - |      - |      - |      - |      - |      - |      - |      - |      - |      - |      - |      - |      - |      - |      - |      - |      - |      - |      - |      - |      - |      - |      - |      - |      - |      - |      - |     - |     - |     - |     - |     - |     - |     - |     - |     - |     - |      - |      - |      - |      - |      - |      - |      - |      - |      - |      - |      - |      - |      - |      - |      - |      - |      - |      - |      - |      - |      - |      - |      - |      - |      0 |      3 |      3 |      3 |      6 |      5 |      6 |      6 |      6 |      6 |      6 |      7 |      7 |      7 |      7 |      5 |      5 |      6 |      6 |      6 |      6 |      6 |      6 |      6 |      6 |     21 |     19 |     21 |     21 |     22 |
| SEQ_35                 |                    - |                    - |                    - |                    - |                    - |                    - |                    - |                    - |                    - |                    - |                    - |                    - |                    - |                    - |                    - |                    - |                    - |                    - |                    - |                    - |                    - |                    - |                    - |                    - |                    - |                    - |                    - |                    - |                    - |                    - |                    - |                    - |                    - |                    - |                    - |                    - |                     - |                     - |                     - |                     - |                     - |                     - |                     - |                     - |                     - |                     - |                     - |                     - |                     - |                     - |                     - |                     - |                     - |                     - |                     - |                     - |                     - |                     - |                     - |                     - |                     - |                     - |                     - |                     - |                     - |                     - |                     - |                     - |                     - |                     - |     - |     - |     - |     - |     - |     - |     - |     - |     - |      - |      - |      - |      - |      - |      - |      - |      - |      - |      - |      - |      - |      - |      - |      - |      - |      - |      - |      - |      - |      - |      - |      - |      - |      - |      - |      - |      - |      - |      - |      - |      - |      - |      - |      - |      - |      - |      - |      - |      - |      - |      - |      - |      - |      - |      - |      - |      - |      - |      - |      - |      - |      - |      - |      - |     - |     - |     - |     - |     - |     - |     - |     - |     - |     - |      - |      - |      - |      - |      - |      - |      - |      - |      - |      - |      - |      - |      - |      - |      - |      - |      - |      - |      - |      - |      - |      - |      - |      - |      - |      0 |      0 |      0 |      4 |      3 |      4 |      4 |      4 |      5 |      5 |      6 |      6 |      6 |      6 |      4 |      5 |      5 |      5 |      5 |      5 |      5 |      5 |      5 |      5 |     23 |     20 |     22 |     20 |     21 |
| SEQ_36                 |                    - |                    - |                    - |                    - |                    - |                    - |                    - |                    - |                    - |                    - |                    - |                    - |                    - |                    - |                    - |                    - |                    - |                    - |                    - |                    - |                    - |                    - |                    - |                    - |                    - |                    - |                    - |                    - |                    - |                    - |                    - |                    - |                    - |                    - |                    - |                    - |                     - |                     - |                     - |                     - |                     - |                     - |                     - |                     - |                     - |                     - |                     - |                     - |                     - |                     - |                     - |                     - |                     - |                     - |                     - |                     - |                     - |                     - |                     - |                     - |                     - |                     - |                     - |                     - |                     - |                     - |                     - |                     - |                     - |                     - |     - |     - |     - |     - |     - |     - |     - |     - |     - |      - |      - |      - |      - |      - |      - |      - |      - |      - |      - |      - |      - |      - |      - |      - |      - |      - |      - |      - |      - |      - |      - |      - |      - |      - |      - |      - |      - |      - |      - |      - |      - |      - |      - |      - |      - |      - |      - |      - |      - |      - |      - |      - |      - |      - |      - |      - |      - |      - |      - |      - |      - |      - |      - |      - |     - |     - |     - |     - |     - |     - |     - |     - |     - |     - |      - |      - |      - |      - |      - |      - |      - |      - |      - |      - |      - |      - |      - |      - |      - |      - |      - |      - |      - |      - |      - |      - |      - |      - |      - |      - |      0 |      0 |      4 |      3 |      4 |      4 |      4 |      5 |      5 |      6 |      6 |      6 |      6 |      4 |      5 |      5 |      5 |      5 |      5 |      5 |      5 |      5 |      5 |     23 |     20 |     22 |     20 |     21 |
| SEQ_37                 |                    - |                    - |                    - |                    - |                    - |                    - |                    - |                    - |                    - |                    - |                    - |                    - |                    - |                    - |                    - |                    - |                    - |                    - |                    - |                    - |                    - |                    - |                    - |                    - |                    - |                    - |                    - |                    - |                    - |                    - |                    - |                    - |                    - |                    - |                    - |                    - |                     - |                     - |                     - |                     - |                     - |                     - |                     - |                     - |                     - |                     - |                     - |                     - |                     - |                     - |                     - |                     - |                     - |                     - |                     - |                     - |                     - |                     - |                     - |                     - |                     - |                     - |                     - |                     - |                     - |                     - |                     - |                     - |                     - |                     - |     - |     - |     - |     - |     - |     - |     - |     - |     - |      - |      - |      - |      - |      - |      - |      - |      - |      - |      - |      - |      - |      - |      - |      - |      - |      - |      - |      - |      - |      - |      - |      - |      - |      - |      - |      - |      - |      - |      - |      - |      - |      - |      - |      - |      - |      - |      - |      - |      - |      - |      - |      - |      - |      - |      - |      - |      - |      - |      - |      - |      - |      - |      - |      - |     - |     - |     - |     - |     - |     - |     - |     - |     - |     - |      - |      - |      - |      - |      - |      - |      - |      - |      - |      - |      - |      - |      - |      - |      - |      - |      - |      - |      - |      - |      - |      - |      - |      - |      - |      - |      - |      0 |      4 |      3 |      4 |      4 |      4 |      5 |      5 |      6 |      6 |      6 |      6 |      4 |      5 |      5 |      5 |      5 |      5 |      5 |      5 |      5 |      5 |     23 |     20 |     22 |     20 |     21 |
| SEQ_38                 |                    - |                    - |                    - |                    - |                    - |                    - |                    - |                    - |                    - |                    - |                    - |                    - |                    - |                    - |                    - |                    - |                    - |                    - |                    - |                    - |                    - |                    - |                    - |                    - |                    - |                    - |                    - |                    - |                    - |                    - |                    - |                    - |                    - |                    - |                    - |                    - |                     - |                     - |                     - |                     - |                     - |                     - |                     - |                     - |                     - |                     - |                     - |                     - |                     - |                     - |                     - |                     - |                     - |                     - |                     - |                     - |                     - |                     - |                     - |                     - |                     - |                     - |                     - |                     - |                     - |                     - |                     - |                     - |                     - |                     - |     - |     - |     - |     - |     - |     - |     - |     - |     - |      - |      - |      - |      - |      - |      - |      - |      - |      - |      - |      - |      - |      - |      - |      - |      - |      - |      - |      - |      - |      - |      - |      - |      - |      - |      - |      - |      - |      - |      - |      - |      - |      - |      - |      - |      - |      - |      - |      - |      - |      - |      - |      - |      - |      - |      - |      - |      - |      - |      - |      - |      - |      - |      - |      - |     - |     - |     - |     - |     - |     - |     - |     - |     - |     - |      - |      - |      - |      - |      - |      - |      - |      - |      - |      - |      - |      - |      - |      - |      - |      - |      - |      - |      - |      - |      - |      - |      - |      - |      - |      - |      - |      - |      0 |      1 |      1 |      1 |      1 |      2 |      2 |      3 |      4 |      4 |      4 |      2 |      3 |      3 |      3 |      3 |      3 |      3 |      3 |      3 |      3 |     22 |     21 |     21 |     20 |     20 |
| SEQ_39                 |                    - |                    - |                    - |                    - |                    - |                    - |                    - |                    - |                    - |                    - |                    - |                    - |                    - |                    - |                    - |                    - |                    - |                    - |                    - |                    - |                    - |                    - |                    - |                    - |                    - |                    - |                    - |                    - |                    - |                    - |                    - |                    - |                    - |                    - |                    - |                    - |                     - |                     - |                     - |                     - |                     - |                     - |                     - |                     - |                     - |                     - |                     - |                     - |                     - |                     - |                     - |                     - |                     - |                     - |                     - |                     - |                     - |                     - |                     - |                     - |                     - |                     - |                     - |                     - |                     - |                     - |                     - |                     - |                     - |                     - |     - |     - |     - |     - |     - |     - |     - |     - |     - |      - |      - |      - |      - |      - |      - |      - |      - |      - |      - |      - |      - |      - |      - |      - |      - |      - |      - |      - |      - |      - |      - |      - |      - |      - |      - |      - |      - |      - |      - |      - |      - |      - |      - |      - |      - |      - |      - |      - |      - |      - |      - |      - |      - |      - |      - |      - |      - |      - |      - |      - |      - |      - |      - |      - |     - |     - |     - |     - |     - |     - |     - |     - |     - |     - |      - |      - |      - |      - |      - |      - |      - |      - |      - |      - |      - |      - |      - |      - |      - |      - |      - |      - |      - |      - |      - |      - |      - |      - |      - |      - |      - |      - |      - |      0 |      1 |      1 |      1 |      2 |      2 |      3 |      4 |      4 |      4 |      2 |      3 |      3 |      3 |      3 |      3 |      3 |      3 |      3 |      3 |     22 |     21 |     20 |     20 |     21 |
| SEQ_40                 |                    - |                    - |                    - |                    - |                    - |                    - |                    - |                    - |                    - |                    - |                    - |                    - |                    - |                    - |                    - |                    - |                    - |                    - |                    - |                    - |                    - |                    - |                    - |                    - |                    - |                    - |                    - |                    - |                    - |                    - |                    - |                    - |                    - |                    - |                    - |                    - |                     - |                     - |                     - |                     - |                     - |                     - |                     - |                     - |                     - |                     - |                     - |                     - |                     - |                     - |                     - |                     - |                     - |                     - |                     - |                     - |                     - |                     - |                     - |                     - |                     - |                     - |                     - |                     - |                     - |                     - |                     - |                     - |                     - |                     - |     - |     - |     - |     - |     - |     - |     - |     - |     - |      - |      - |      - |      - |      - |      - |      - |      - |      - |      - |      - |      - |      - |      - |      - |      - |      - |      - |      - |      - |      - |      - |      - |      - |      - |      - |      - |      - |      - |      - |      - |      - |      - |      - |      - |      - |      - |      - |      - |      - |      - |      - |      - |      - |      - |      - |      - |      - |      - |      - |      - |      - |      - |      - |      - |     - |     - |     - |     - |     - |     - |     - |     - |     - |     - |      - |      - |      - |      - |      - |      - |      - |      - |      - |      - |      - |      - |      - |      - |      - |      - |      - |      - |      - |      - |      - |      - |      - |      - |      - |      - |      - |      - |      - |      - |      0 |      0 |      0 |      1 |      1 |      2 |      3 |      3 |      3 |      1 |      2 |      2 |      2 |      2 |      2 |      2 |      2 |      2 |      2 |     21 |     21 |     20 |     20 |     21 |
| SEQ_41                 |                    - |                    - |                    - |                    - |                    - |                    - |                    - |                    - |                    - |                    - |                    - |                    - |                    - |                    - |                    - |                    - |                    - |                    - |                    - |                    - |                    - |                    - |                    - |                    - |                    - |                    - |                    - |                    - |                    - |                    - |                    - |                    - |                    - |                    - |                    - |                    - |                     - |                     - |                     - |                     - |                     - |                     - |                     - |                     - |                     - |                     - |                     - |                     - |                     - |                     - |                     - |                     - |                     - |                     - |                     - |                     - |                     - |                     - |                     - |                     - |                     - |                     - |                     - |                     - |                     - |                     - |                     - |                     - |                     - |                     - |     - |     - |     - |     - |     - |     - |     - |     - |     - |      - |      - |      - |      - |      - |      - |      - |      - |      - |      - |      - |      - |      - |      - |      - |      - |      - |      - |      - |      - |      - |      - |      - |      - |      - |      - |      - |      - |      - |      - |      - |      - |      - |      - |      - |      - |      - |      - |      - |      - |      - |      - |      - |      - |      - |      - |      - |      - |      - |      - |      - |      - |      - |      - |      - |     - |     - |     - |     - |     - |     - |     - |     - |     - |     - |      - |      - |      - |      - |      - |      - |      - |      - |      - |      - |      - |      - |      - |      - |      - |      - |      - |      - |      - |      - |      - |      - |      - |      - |      - |      - |      - |      - |      - |      - |      - |      0 |      0 |      1 |      1 |      2 |      3 |      3 |      3 |      1 |      2 |      2 |      2 |      2 |      2 |      2 |      2 |      2 |      2 |     21 |     21 |     20 |     20 |     21 |
| SEQ_42                 |                    - |                    - |                    - |                    - |                    - |                    - |                    - |                    - |                    - |                    - |                    - |                    - |                    - |                    - |                    - |                    - |                    - |                    - |                    - |                    - |                    - |                    - |                    - |                    - |                    - |                    - |                    - |                    - |                    - |                    - |                    - |                    - |                    - |                    - |                    - |                    - |                     - |                     - |                     - |                     - |                     - |                     - |                     - |                     - |                     - |                     - |                     - |                     - |                     - |                     - |                     - |                     - |                     - |                     - |                     - |                     - |                     - |                     - |                     - |                     - |                     - |                     - |                     - |                     - |                     - |                     - |                     - |                     - |                     - |                     - |     - |     - |     - |     - |     - |     - |     - |     - |     - |      - |      - |      - |      - |      - |      - |      - |      - |      - |      - |      - |      - |      - |      - |      - |      - |      - |      - |      - |      - |      - |      - |      - |      - |      - |      - |      - |      - |      - |      - |      - |      - |      - |      - |      - |      - |      - |      - |      - |      - |      - |      - |      - |      - |      - |      - |      - |      - |      - |      - |      - |      - |      - |      - |      - |     - |     - |     - |     - |     - |     - |     - |     - |     - |     - |      - |      - |      - |      - |      - |      - |      - |      - |      - |      - |      - |      - |      - |      - |      - |      - |      - |      - |      - |      - |      - |      - |      - |      - |      - |      - |      - |      - |      - |      - |      - |      - |      0 |      1 |      1 |      2 |      3 |      3 |      3 |      1 |      2 |      2 |      2 |      2 |      2 |      2 |      2 |      2 |      2 |     21 |     21 |     20 |     20 |     21 |
| SEQ_43                 |                    - |                    - |                    - |                    - |                    - |                    - |                    - |                    - |                    - |                    - |                    - |                    - |                    - |                    - |                    - |                    - |                    - |                    - |                    - |                    - |                    - |                    - |                    - |                    - |                    - |                    - |                    - |                    - |                    - |                    - |                    - |                    - |                    - |                    - |                    - |                    - |                     - |                     - |                     - |                     - |                     - |                     - |                     - |                     - |                     - |                     - |                     - |                     - |                     - |                     - |                     - |                     - |                     - |                     - |                     - |                     - |                     - |                     - |                     - |                     - |                     - |                     - |                     - |                     - |                     - |                     - |                     - |                     - |                     - |                     - |     - |     - |     - |     - |     - |     - |     - |     - |     - |      - |      - |      - |      - |      - |      - |      - |      - |      - |      - |      - |      - |      - |      - |      - |      - |      - |      - |      - |      - |      - |      - |      - |      - |      - |      - |      - |      - |      - |      - |      - |      - |      - |      - |      - |      - |      - |      - |      - |      - |      - |      - |      - |      - |      - |      - |      - |      - |      - |      - |      - |      - |      - |      - |      - |     - |     - |     - |     - |     - |     - |     - |     - |     - |     - |      - |      - |      - |      - |      - |      - |      - |      - |      - |      - |      - |      - |      - |      - |      - |      - |      - |      - |      - |      - |      - |      - |      - |      - |      - |      - |      - |      - |      - |      - |      - |      - |      - |      0 |      0 |      1 |      2 |      2 |      2 |      2 |      2 |      3 |      3 |      3 |      3 |      3 |      3 |      3 |      3 |     21 |     21 |     19 |     21 |     21 |
| SEQ_44                 |                    - |                    - |                    - |                    - |                    - |                    - |                    - |                    - |                    - |                    - |                    - |                    - |                    - |                    - |                    - |                    - |                    - |                    - |                    - |                    - |                    - |                    - |                    - |                    - |                    - |                    - |                    - |                    - |                    - |                    - |                    - |                    - |                    - |                    - |                    - |                    - |                     - |                     - |                     - |                     - |                     - |                     - |                     - |                     - |                     - |                     - |                     - |                     - |                     - |                     - |                     - |                     - |                     - |                     - |                     - |                     - |                     - |                     - |                     - |                     - |                     - |                     - |                     - |                     - |                     - |                     - |                     - |                     - |                     - |                     - |     - |     - |     - |     - |     - |     - |     - |     - |     - |      - |      - |      - |      - |      - |      - |      - |      - |      - |      - |      - |      - |      - |      - |      - |      - |      - |      - |      - |      - |      - |      - |      - |      - |      - |      - |      - |      - |      - |      - |      - |      - |      - |      - |      - |      - |      - |      - |      - |      - |      - |      - |      - |      - |      - |      - |      - |      - |      - |      - |      - |      - |      - |      - |      - |     - |     - |     - |     - |     - |     - |     - |     - |     - |     - |      - |      - |      - |      - |      - |      - |      - |      - |      - |      - |      - |      - |      - |      - |      - |      - |      - |      - |      - |      - |      - |      - |      - |      - |      - |      - |      - |      - |      - |      - |      - |      - |      - |      - |      0 |      1 |      2 |      2 |      2 |      2 |      2 |      3 |      3 |      3 |      3 |      3 |      3 |      3 |      3 |     21 |     21 |     19 |     21 |     21 |
| SEQ_45                 |                    - |                    - |                    - |                    - |                    - |                    - |                    - |                    - |                    - |                    - |                    - |                    - |                    - |                    - |                    - |                    - |                    - |                    - |                    - |                    - |                    - |                    - |                    - |                    - |                    - |                    - |                    - |                    - |                    - |                    - |                    - |                    - |                    - |                    - |                    - |                    - |                     - |                     - |                     - |                     - |                     - |                     - |                     - |                     - |                     - |                     - |                     - |                     - |                     - |                     - |                     - |                     - |                     - |                     - |                     - |                     - |                     - |                     - |                     - |                     - |                     - |                     - |                     - |                     - |                     - |                     - |                     - |                     - |                     - |                     - |     - |     - |     - |     - |     - |     - |     - |     - |     - |      - |      - |      - |      - |      - |      - |      - |      - |      - |      - |      - |      - |      - |      - |      - |      - |      - |      - |      - |      - |      - |      - |      - |      - |      - |      - |      - |      - |      - |      - |      - |      - |      - |      - |      - |      - |      - |      - |      - |      - |      - |      - |      - |      - |      - |      - |      - |      - |      - |      - |      - |      - |      - |      - |      - |     - |     - |     - |     - |     - |     - |     - |     - |     - |     - |      - |      - |      - |      - |      - |      - |      - |      - |      - |      - |      - |      - |      - |      - |      - |      - |      - |      - |      - |      - |      - |      - |      - |      - |      - |      - |      - |      - |      - |      - |      - |      - |      - |      - |      - |      0 |      1 |      1 |      1 |      2 |      3 |      2 |      2 |      2 |      2 |      2 |      2 |      2 |      2 |     22 |     20 |     18 |     22 |     21 |
| SEQ_46                 |                    - |                    - |                    - |                    - |                    - |                    - |                    - |                    - |                    - |                    - |                    - |                    - |                    - |                    - |                    - |                    - |                    - |                    - |                    - |                    - |                    - |                    - |                    - |                    - |                    - |                    - |                    - |                    - |                    - |                    - |                    - |                    - |                    - |                    - |                    - |                    - |                     - |                     - |                     - |                     - |                     - |                     - |                     - |                     - |                     - |                     - |                     - |                     - |                     - |                     - |                     - |                     - |                     - |                     - |                     - |                     - |                     - |                     - |                     - |                     - |                     - |                     - |                     - |                     - |                     - |                     - |                     - |                     - |                     - |                     - |     - |     - |     - |     - |     - |     - |     - |     - |     - |      - |      - |      - |      - |      - |      - |      - |      - |      - |      - |      - |      - |      - |      - |      - |      - |      - |      - |      - |      - |      - |      - |      - |      - |      - |      - |      - |      - |      - |      - |      - |      - |      - |      - |      - |      - |      - |      - |      - |      - |      - |      - |      - |      - |      - |      - |      - |      - |      - |      - |      - |      - |      - |      - |      - |     - |     - |     - |     - |     - |     - |     - |     - |     - |     - |      - |      - |      - |      - |      - |      - |      - |      - |      - |      - |      - |      - |      - |      - |      - |      - |      - |      - |      - |      - |      - |      - |      - |      - |      - |      - |      - |      - |      - |      - |      - |      - |      - |      - |      - |      - |      0 |      0 |      0 |      3 |      2 |      3 |      3 |      3 |      3 |      3 |      3 |      3 |      3 |     22 |     20 |     19 |     22 |     22 |
| SEQ_47                 |                    - |                    - |                    - |                    - |                    - |                    - |                    - |                    - |                    - |                    - |                    - |                    - |                    - |                    - |                    - |                    - |                    - |                    - |                    - |                    - |                    - |                    - |                    - |                    - |                    - |                    - |                    - |                    - |                    - |                    - |                    - |                    - |                    - |                    - |                    - |                    - |                     - |                     - |                     - |                     - |                     - |                     - |                     - |                     - |                     - |                     - |                     - |                     - |                     - |                     - |                     - |                     - |                     - |                     - |                     - |                     - |                     - |                     - |                     - |                     - |                     - |                     - |                     - |                     - |                     - |                     - |                     - |                     - |                     - |                     - |     - |     - |     - |     - |     - |     - |     - |     - |     - |      - |      - |      - |      - |      - |      - |      - |      - |      - |      - |      - |      - |      - |      - |      - |      - |      - |      - |      - |      - |      - |      - |      - |      - |      - |      - |      - |      - |      - |      - |      - |      - |      - |      - |      - |      - |      - |      - |      - |      - |      - |      - |      - |      - |      - |      - |      - |      - |      - |      - |      - |      - |      - |      - |      - |     - |     - |     - |     - |     - |     - |     - |     - |     - |     - |      - |      - |      - |      - |      - |      - |      - |      - |      - |      - |      - |      - |      - |      - |      - |      - |      - |      - |      - |      - |      - |      - |      - |      - |      - |      - |      - |      - |      - |      - |      - |      - |      - |      - |      - |      - |      - |      0 |      0 |      3 |      2 |      3 |      3 |      3 |      3 |      3 |      3 |      3 |      3 |     22 |     20 |     19 |     22 |     22 |
| SEQ_48                 |                    - |                    - |                    - |                    - |                    - |                    - |                    - |                    - |                    - |                    - |                    - |                    - |                    - |                    - |                    - |                    - |                    - |                    - |                    - |                    - |                    - |                    - |                    - |                    - |                    - |                    - |                    - |                    - |                    - |                    - |                    - |                    - |                    - |                    - |                    - |                    - |                     - |                     - |                     - |                     - |                     - |                     - |                     - |                     - |                     - |                     - |                     - |                     - |                     - |                     - |                     - |                     - |                     - |                     - |                     - |                     - |                     - |                     - |                     - |                     - |                     - |                     - |                     - |                     - |                     - |                     - |                     - |                     - |                     - |                     - |     - |     - |     - |     - |     - |     - |     - |     - |     - |      - |      - |      - |      - |      - |      - |      - |      - |      - |      - |      - |      - |      - |      - |      - |      - |      - |      - |      - |      - |      - |      - |      - |      - |      - |      - |      - |      - |      - |      - |      - |      - |      - |      - |      - |      - |      - |      - |      - |      - |      - |      - |      - |      - |      - |      - |      - |      - |      - |      - |      - |      - |      - |      - |      - |     - |     - |     - |     - |     - |     - |     - |     - |     - |     - |      - |      - |      - |      - |      - |      - |      - |      - |      - |      - |      - |      - |      - |      - |      - |      - |      - |      - |      - |      - |      - |      - |      - |      - |      - |      - |      - |      - |      - |      - |      - |      - |      - |      - |      - |      - |      - |      - |      0 |      3 |      2 |      3 |      3 |      3 |      3 |      3 |      3 |      3 |      3 |     22 |     20 |     19 |     22 |     22 |
| SEQ_49                 |                    - |                    - |                    - |                    - |                    - |                    - |                    - |                    - |                    - |                    - |                    - |                    - |                    - |                    - |                    - |                    - |                    - |                    - |                    - |                    - |                    - |                    - |                    - |                    - |                    - |                    - |                    - |                    - |                    - |                    - |                    - |                    - |                    - |                    - |                    - |                    - |                     - |                     - |                     - |                     - |                     - |                     - |                     - |                     - |                     - |                     - |                     - |                     - |                     - |                     - |                     - |                     - |                     - |                     - |                     - |                     - |                     - |                     - |                     - |                     - |                     - |                     - |                     - |                     - |                     - |                     - |                     - |                     - |                     - |                     - |     - |     - |     - |     - |     - |     - |     - |     - |     - |      - |      - |      - |      - |      - |      - |      - |      - |      - |      - |      - |      - |      - |      - |      - |      - |      - |      - |      - |      - |      - |      - |      - |      - |      - |      - |      - |      - |      - |      - |      - |      - |      - |      - |      - |      - |      - |      - |      - |      - |      - |      - |      - |      - |      - |      - |      - |      - |      - |      - |      - |      - |      - |      - |      - |     - |     - |     - |     - |     - |     - |     - |     - |     - |     - |      - |      - |      - |      - |      - |      - |      - |      - |      - |      - |      - |      - |      - |      - |      - |      - |      - |      - |      - |      - |      - |      - |      - |      - |      - |      - |      - |      - |      - |      - |      - |      - |      - |      - |      - |      - |      - |      - |      - |      0 |      1 |      1 |      1 |      1 |      1 |      1 |      1 |      1 |      1 |     22 |     20 |     20 |     21 |     20 |
| SEQ_50                 |                    - |                    - |                    - |                    - |                    - |                    - |                    - |                    - |                    - |                    - |                    - |                    - |                    - |                    - |                    - |                    - |                    - |                    - |                    - |                    - |                    - |                    - |                    - |                    - |                    - |                    - |                    - |                    - |                    - |                    - |                    - |                    - |                    - |                    - |                    - |                    - |                     - |                     - |                     - |                     - |                     - |                     - |                     - |                     - |                     - |                     - |                     - |                     - |                     - |                     - |                     - |                     - |                     - |                     - |                     - |                     - |                     - |                     - |                     - |                     - |                     - |                     - |                     - |                     - |                     - |                     - |                     - |                     - |                     - |                     - |     - |     - |     - |     - |     - |     - |     - |     - |     - |      - |      - |      - |      - |      - |      - |      - |      - |      - |      - |      - |      - |      - |      - |      - |      - |      - |      - |      - |      - |      - |      - |      - |      - |      - |      - |      - |      - |      - |      - |      - |      - |      - |      - |      - |      - |      - |      - |      - |      - |      - |      - |      - |      - |      - |      - |      - |      - |      - |      - |      - |      - |      - |      - |      - |     - |     - |     - |     - |     - |     - |     - |     - |     - |     - |      - |      - |      - |      - |      - |      - |      - |      - |      - |      - |      - |      - |      - |      - |      - |      - |      - |      - |      - |      - |      - |      - |      - |      - |      - |      - |      - |      - |      - |      - |      - |      - |      - |      - |      - |      - |      - |      - |      - |      - |      0 |      1 |      1 |      1 |      1 |      1 |      1 |      1 |      1 |     21 |     20 |     19 |     22 |     21 |
| SEQ_51                 |                    - |                    - |                    - |                    - |                    - |                    - |                    - |                    - |                    - |                    - |                    - |                    - |                    - |                    - |                    - |                    - |                    - |                    - |                    - |                    - |                    - |                    - |                    - |                    - |                    - |                    - |                    - |                    - |                    - |                    - |                    - |                    - |                    - |                    - |                    - |                    - |                     - |                     - |                     - |                     - |                     - |                     - |                     - |                     - |                     - |                     - |                     - |                     - |                     - |                     - |                     - |                     - |                     - |                     - |                     - |                     - |                     - |                     - |                     - |                     - |                     - |                     - |                     - |                     - |                     - |                     - |                     - |                     - |                     - |                     - |     - |     - |     - |     - |     - |     - |     - |     - |     - |      - |      - |      - |      - |      - |      - |      - |      - |      - |      - |      - |      - |      - |      - |      - |      - |      - |      - |      - |      - |      - |      - |      - |      - |      - |      - |      - |      - |      - |      - |      - |      - |      - |      - |      - |      - |      - |      - |      - |      - |      - |      - |      - |      - |      - |      - |      - |      - |      - |      - |      - |      - |      - |      - |      - |     - |     - |     - |     - |     - |     - |     - |     - |     - |     - |      - |      - |      - |      - |      - |      - |      - |      - |      - |      - |      - |      - |      - |      - |      - |      - |      - |      - |      - |      - |      - |      - |      - |      - |      - |      - |      - |      - |      - |      - |      - |      - |      - |      - |      - |      - |      - |      - |      - |      - |      - |      0 |      0 |      0 |      0 |      0 |      0 |      0 |      0 |     22 |     20 |     19 |     22 |     21 |
| SEQ_52                 |                    - |                    - |                    - |                    - |                    - |                    - |                    - |                    - |                    - |                    - |                    - |                    - |                    - |                    - |                    - |                    - |                    - |                    - |                    - |                    - |                    - |                    - |                    - |                    - |                    - |                    - |                    - |                    - |                    - |                    - |                    - |                    - |                    - |                    - |                    - |                    - |                     - |                     - |                     - |                     - |                     - |                     - |                     - |                     - |                     - |                     - |                     - |                     - |                     - |                     - |                     - |                     - |                     - |                     - |                     - |                     - |                     - |                     - |                     - |                     - |                     - |                     - |                     - |                     - |                     - |                     - |                     - |                     - |                     - |                     - |     - |     - |     - |     - |     - |     - |     - |     - |     - |      - |      - |      - |      - |      - |      - |      - |      - |      - |      - |      - |      - |      - |      - |      - |      - |      - |      - |      - |      - |      - |      - |      - |      - |      - |      - |      - |      - |      - |      - |      - |      - |      - |      - |      - |      - |      - |      - |      - |      - |      - |      - |      - |      - |      - |      - |      - |      - |      - |      - |      - |      - |      - |      - |      - |     - |     - |     - |     - |     - |     - |     - |     - |     - |     - |      - |      - |      - |      - |      - |      - |      - |      - |      - |      - |      - |      - |      - |      - |      - |      - |      - |      - |      - |      - |      - |      - |      - |      - |      - |      - |      - |      - |      - |      - |      - |      - |      - |      - |      - |      - |      - |      - |      - |      - |      - |      - |      0 |      0 |      0 |      0 |      0 |      0 |      0 |     22 |     20 |     19 |     22 |     21 |
| SEQ_53                 |                    - |                    - |                    - |                    - |                    - |                    - |                    - |                    - |                    - |                    - |                    - |                    - |                    - |                    - |                    - |                    - |                    - |                    - |                    - |                    - |                    - |                    - |                    - |                    - |                    - |                    - |                    - |                    - |                    - |                    - |                    - |                    - |                    - |                    - |                    - |                    - |                     - |                     - |                     - |                     - |                     - |                     - |                     - |                     - |                     - |                     - |                     - |                     - |                     - |                     - |                     - |                     - |                     - |                     - |                     - |                     - |                     - |                     - |                     - |                     - |                     - |                     - |                     - |                     - |                     - |                     - |                     - |                     - |                     - |                     - |     - |     - |     - |     - |     - |     - |     - |     - |     - |      - |      - |      - |      - |      - |      - |      - |      - |      - |      - |      - |      - |      - |      - |      - |      - |      - |      - |      - |      - |      - |      - |      - |      - |      - |      - |      - |      - |      - |      - |      - |      - |      - |      - |      - |      - |      - |      - |      - |      - |      - |      - |      - |      - |      - |      - |      - |      - |      - |      - |      - |      - |      - |      - |      - |     - |     - |     - |     - |     - |     - |     - |     - |     - |     - |      - |      - |      - |      - |      - |      - |      - |      - |      - |      - |      - |      - |      - |      - |      - |      - |      - |      - |      - |      - |      - |      - |      - |      - |      - |      - |      - |      - |      - |      - |      - |      - |      - |      - |      - |      - |      - |      - |      - |      - |      - |      - |      - |      0 |      0 |      0 |      0 |      0 |      0 |     22 |     20 |     19 |     22 |     21 |
| SEQ_54                 |                    - |                    - |                    - |                    - |                    - |                    - |                    - |                    - |                    - |                    - |                    - |                    - |                    - |                    - |                    - |                    - |                    - |                    - |                    - |                    - |                    - |                    - |                    - |                    - |                    - |                    - |                    - |                    - |                    - |                    - |                    - |                    - |                    - |                    - |                    - |                    - |                     - |                     - |                     - |                     - |                     - |                     - |                     - |                     - |                     - |                     - |                     - |                     - |                     - |                     - |                     - |                     - |                     - |                     - |                     - |                     - |                     - |                     - |                     - |                     - |                     - |                     - |                     - |                     - |                     - |                     - |                     - |                     - |                     - |                     - |     - |     - |     - |     - |     - |     - |     - |     - |     - |      - |      - |      - |      - |      - |      - |      - |      - |      - |      - |      - |      - |      - |      - |      - |      - |      - |      - |      - |      - |      - |      - |      - |      - |      - |      - |      - |      - |      - |      - |      - |      - |      - |      - |      - |      - |      - |      - |      - |      - |      - |      - |      - |      - |      - |      - |      - |      - |      - |      - |      - |      - |      - |      - |      - |     - |     - |     - |     - |     - |     - |     - |     - |     - |     - |      - |      - |      - |      - |      - |      - |      - |      - |      - |      - |      - |      - |      - |      - |      - |      - |      - |      - |      - |      - |      - |      - |      - |      - |      - |      - |      - |      - |      - |      - |      - |      - |      - |      - |      - |      - |      - |      - |      - |      - |      - |      - |      - |      - |      0 |      0 |      0 |      0 |      0 |     22 |     20 |     19 |     22 |     21 |
| SEQ_55                 |                    - |                    - |                    - |                    - |                    - |                    - |                    - |                    - |                    - |                    - |                    - |                    - |                    - |                    - |                    - |                    - |                    - |                    - |                    - |                    - |                    - |                    - |                    - |                    - |                    - |                    - |                    - |                    - |                    - |                    - |                    - |                    - |                    - |                    - |                    - |                    - |                     - |                     - |                     - |                     - |                     - |                     - |                     - |                     - |                     - |                     - |                     - |                     - |                     - |                     - |                     - |                     - |                     - |                     - |                     - |                     - |                     - |                     - |                     - |                     - |                     - |                     - |                     - |                     - |                     - |                     - |                     - |                     - |                     - |                     - |     - |     - |     - |     - |     - |     - |     - |     - |     - |      - |      - |      - |      - |      - |      - |      - |      - |      - |      - |      - |      - |      - |      - |      - |      - |      - |      - |      - |      - |      - |      - |      - |      - |      - |      - |      - |      - |      - |      - |      - |      - |      - |      - |      - |      - |      - |      - |      - |      - |      - |      - |      - |      - |      - |      - |      - |      - |      - |      - |      - |      - |      - |      - |      - |     - |     - |     - |     - |     - |     - |     - |     - |     - |     - |      - |      - |      - |      - |      - |      - |      - |      - |      - |      - |      - |      - |      - |      - |      - |      - |      - |      - |      - |      - |      - |      - |      - |      - |      - |      - |      - |      - |      - |      - |      - |      - |      - |      - |      - |      - |      - |      - |      - |      - |      - |      - |      - |      - |      - |      0 |      0 |      0 |      0 |     22 |     20 |     19 |     22 |     21 |
| SEQ_56                 |                    - |                    - |                    - |                    - |                    - |                    - |                    - |                    - |                    - |                    - |                    - |                    - |                    - |                    - |                    - |                    - |                    - |                    - |                    - |                    - |                    - |                    - |                    - |                    - |                    - |                    - |                    - |                    - |                    - |                    - |                    - |                    - |                    - |                    - |                    - |                    - |                     - |                     - |                     - |                     - |                     - |                     - |                     - |                     - |                     - |                     - |                     - |                     - |                     - |                     - |                     - |                     - |                     - |                     - |                     - |                     - |                     - |                     - |                     - |                     - |                     - |                     - |                     - |                     - |                     - |                     - |                     - |                     - |                     - |                     - |     - |     - |     - |     - |     - |     - |     - |     - |     - |      - |      - |      - |      - |      - |      - |      - |      - |      - |      - |      - |      - |      - |      - |      - |      - |      - |      - |      - |      - |      - |      - |      - |      - |      - |      - |      - |      - |      - |      - |      - |      - |      - |      - |      - |      - |      - |      - |      - |      - |      - |      - |      - |      - |      - |      - |      - |      - |      - |      - |      - |      - |      - |      - |      - |     - |     - |     - |     - |     - |     - |     - |     - |     - |     - |      - |      - |      - |      - |      - |      - |      - |      - |      - |      - |      - |      - |      - |      - |      - |      - |      - |      - |      - |      - |      - |      - |      - |      - |      - |      - |      - |      - |      - |      - |      - |      - |      - |      - |      - |      - |      - |      - |      - |      - |      - |      - |      - |      - |      - |      - |      0 |      0 |      0 |     22 |     20 |     19 |     22 |     21 |
| SEQ_57                 |                    - |                    - |                    - |                    - |                    - |                    - |                    - |                    - |                    - |                    - |                    - |                    - |                    - |                    - |                    - |                    - |                    - |                    - |                    - |                    - |                    - |                    - |                    - |                    - |                    - |                    - |                    - |                    - |                    - |                    - |                    - |                    - |                    - |                    - |                    - |                    - |                     - |                     - |                     - |                     - |                     - |                     - |                     - |                     - |                     - |                     - |                     - |                     - |                     - |                     - |                     - |                     - |                     - |                     - |                     - |                     - |                     - |                     - |                     - |                     - |                     - |                     - |                     - |                     - |                     - |                     - |                     - |                     - |                     - |                     - |     - |     - |     - |     - |     - |     - |     - |     - |     - |      - |      - |      - |      - |      - |      - |      - |      - |      - |      - |      - |      - |      - |      - |      - |      - |      - |      - |      - |      - |      - |      - |      - |      - |      - |      - |      - |      - |      - |      - |      - |      - |      - |      - |      - |      - |      - |      - |      - |      - |      - |      - |      - |      - |      - |      - |      - |      - |      - |      - |      - |      - |      - |      - |      - |     - |     - |     - |     - |     - |     - |     - |     - |     - |     - |      - |      - |      - |      - |      - |      - |      - |      - |      - |      - |      - |      - |      - |      - |      - |      - |      - |      - |      - |      - |      - |      - |      - |      - |      - |      - |      - |      - |      - |      - |      - |      - |      - |      - |      - |      - |      - |      - |      - |      - |      - |      - |      - |      - |      - |      - |      - |      0 |      0 |     22 |     20 |     19 |     22 |     21 |
| SEQ_58                 |                    - |                    - |                    - |                    - |                    - |                    - |                    - |                    - |                    - |                    - |                    - |                    - |                    - |                    - |                    - |                    - |                    - |                    - |                    - |                    - |                    - |                    - |                    - |                    - |                    - |                    - |                    - |                    - |                    - |                    - |                    - |                    - |                    - |                    - |                    - |                    - |                     - |                     - |                     - |                     - |                     - |                     - |                     - |                     - |                     - |                     - |                     - |                     - |                     - |                     - |                     - |                     - |                     - |                     - |                     - |                     - |                     - |                     - |                     - |                     - |                     - |                     - |                     - |                     - |                     - |                     - |                     - |                     - |                     - |                     - |     - |     - |     - |     - |     - |     - |     - |     - |     - |      - |      - |      - |      - |      - |      - |      - |      - |      - |      - |      - |      - |      - |      - |      - |      - |      - |      - |      - |      - |      - |      - |      - |      - |      - |      - |      - |      - |      - |      - |      - |      - |      - |      - |      - |      - |      - |      - |      - |      - |      - |      - |      - |      - |      - |      - |      - |      - |      - |      - |      - |      - |      - |      - |      - |     - |     - |     - |     - |     - |     - |     - |     - |     - |     - |      - |      - |      - |      - |      - |      - |      - |      - |      - |      - |      - |      - |      - |      - |      - |      - |      - |      - |      - |      - |      - |      - |      - |      - |      - |      - |      - |      - |      - |      - |      - |      - |      - |      - |      - |      - |      - |      - |      - |      - |      - |      - |      - |      - |      - |      - |      - |      - |      0 |     22 |     20 |     19 |     22 |     21 |
| SEQ_59                 |                    - |                    - |                    - |                    - |                    - |                    - |                    - |                    - |                    - |                    - |                    - |                    - |                    - |                    - |                    - |                    - |                    - |                    - |                    - |                    - |                    - |                    - |                    - |                    - |                    - |                    - |                    - |                    - |                    - |                    - |                    - |                    - |                    - |                    - |                    - |                    - |                     - |                     - |                     - |                     - |                     - |                     - |                     - |                     - |                     - |                     - |                     - |                     - |                     - |                     - |                     - |                     - |                     - |                     - |                     - |                     - |                     - |                     - |                     - |                     - |                     - |                     - |                     - |                     - |                     - |                     - |                     - |                     - |                     - |                     - |     - |     - |     - |     - |     - |     - |     - |     - |     - |      - |      - |      - |      - |      - |      - |      - |      - |      - |      - |      - |      - |      - |      - |      - |      - |      - |      - |      - |      - |      - |      - |      - |      - |      - |      - |      - |      - |      - |      - |      - |      - |      - |      - |      - |      - |      - |      - |      - |      - |      - |      - |      - |      - |      - |      - |      - |      - |      - |      - |      - |      - |      - |      - |      - |     - |     - |     - |     - |     - |     - |     - |     - |     - |     - |      - |      - |      - |      - |      - |      - |      - |      - |      - |      - |      - |      - |      - |      - |      - |      - |      - |      - |      - |      - |      - |      - |      - |      - |      - |      - |      - |      - |      - |      - |      - |      - |      - |      - |      - |      - |      - |      - |      - |      - |      - |      - |      - |      - |      - |      - |      - |      - |      - |      0 |     13 |     19 |     19 |     19 |
| SEQ_60                 |                    - |                    - |                    - |                    - |                    - |                    - |                    - |                    - |                    - |                    - |                    - |                    - |                    - |                    - |                    - |                    - |                    - |                    - |                    - |                    - |                    - |                    - |                    - |                    - |                    - |                    - |                    - |                    - |                    - |                    - |                    - |                    - |                    - |                    - |                    - |                    - |                     - |                     - |                     - |                     - |                     - |                     - |                     - |                     - |                     - |                     - |                     - |                     - |                     - |                     - |                     - |                     - |                     - |                     - |                     - |                     - |                     - |                     - |                     - |                     - |                     - |                     - |                     - |                     - |                     - |                     - |                     - |                     - |                     - |                     - |     - |     - |     - |     - |     - |     - |     - |     - |     - |      - |      - |      - |      - |      - |      - |      - |      - |      - |      - |      - |      - |      - |      - |      - |      - |      - |      - |      - |      - |      - |      - |      - |      - |      - |      - |      - |      - |      - |      - |      - |      - |      - |      - |      - |      - |      - |      - |      - |      - |      - |      - |      - |      - |      - |      - |      - |      - |      - |      - |      - |      - |      - |      - |      - |     - |     - |     - |     - |     - |     - |     - |     - |     - |     - |      - |      - |      - |      - |      - |      - |      - |      - |      - |      - |      - |      - |      - |      - |      - |      - |      - |      - |      - |      - |      - |      - |      - |      - |      - |      - |      - |      - |      - |      - |      - |      - |      - |      - |      - |      - |      - |      - |      - |      - |      - |      - |      - |      - |      - |      - |      - |      - |      - |      - |      0 |     12 |     19 |     20 |
| SEQ_61                 |                    - |                    - |                    - |                    - |                    - |                    - |                    - |                    - |                    - |                    - |                    - |                    - |                    - |                    - |                    - |                    - |                    - |                    - |                    - |                    - |                    - |                    - |                    - |                    - |                    - |                    - |                    - |                    - |                    - |                    - |                    - |                    - |                    - |                    - |                    - |                    - |                     - |                     - |                     - |                     - |                     - |                     - |                     - |                     - |                     - |                     - |                     - |                     - |                     - |                     - |                     - |                     - |                     - |                     - |                     - |                     - |                     - |                     - |                     - |                     - |                     - |                     - |                     - |                     - |                     - |                     - |                     - |                     - |                     - |                     - |     - |     - |     - |     - |     - |     - |     - |     - |     - |      - |      - |      - |      - |      - |      - |      - |      - |      - |      - |      - |      - |      - |      - |      - |      - |      - |      - |      - |      - |      - |      - |      - |      - |      - |      - |      - |      - |      - |      - |      - |      - |      - |      - |      - |      - |      - |      - |      - |      - |      - |      - |      - |      - |      - |      - |      - |      - |      - |      - |      - |      - |      - |      - |      - |     - |     - |     - |     - |     - |     - |     - |     - |     - |     - |      - |      - |      - |      - |      - |      - |      - |      - |      - |      - |      - |      - |      - |      - |      - |      - |      - |      - |      - |      - |      - |      - |      - |      - |      - |      - |      - |      - |      - |      - |      - |      - |      - |      - |      - |      - |      - |      - |      - |      - |      - |      - |      - |      - |      - |      - |      - |      - |      - |      - |      - |      0 |     19 |     20 |
| SEQ_62                 |                    - |                    - |                    - |                    - |                    - |                    - |                    - |                    - |                    - |                    - |                    - |                    - |                    - |                    - |                    - |                    - |                    - |                    - |                    - |                    - |                    - |                    - |                    - |                    - |                    - |                    - |                    - |                    - |                    - |                    - |                    - |                    - |                    - |                    - |                    - |                    - |                     - |                     - |                     - |                     - |                     - |                     - |                     - |                     - |                     - |                     - |                     - |                     - |                     - |                     - |                     - |                     - |                     - |                     - |                     - |                     - |                     - |                     - |                     - |                     - |                     - |                     - |                     - |                     - |                     - |                     - |                     - |                     - |                     - |                     - |     - |     - |     - |     - |     - |     - |     - |     - |     - |      - |      - |      - |      - |      - |      - |      - |      - |      - |      - |      - |      - |      - |      - |      - |      - |      - |      - |      - |      - |      - |      - |      - |      - |      - |      - |      - |      - |      - |      - |      - |      - |      - |      - |      - |      - |      - |      - |      - |      - |      - |      - |      - |      - |      - |      - |      - |      - |      - |      - |      - |      - |      - |      - |      - |     - |     - |     - |     - |     - |     - |     - |     - |     - |     - |      - |      - |      - |      - |      - |      - |      - |      - |      - |      - |      - |      - |      - |      - |      - |      - |      - |      - |      - |      - |      - |      - |      - |      - |      - |      - |      - |      - |      - |      - |      - |      - |      - |      - |      - |      - |      - |      - |      - |      - |      - |      - |      - |      - |      - |      - |      - |      - |      - |      - |      - |      - |      0 |     21 |
| SEQ_63                 |                    - |                    - |                    - |                    - |                    - |                    - |                    - |                    - |                    - |                    - |                    - |                    - |                    - |                    - |                    - |                    - |                    - |                    - |                    - |                    - |                    - |                    - |                    - |                    - |                    - |                    - |                    - |                    - |                    - |                    - |                    - |                    - |                    - |                    - |                    - |                    - |                     - |                     - |                     - |                     - |                     - |                     - |                     - |                     - |                     - |                     - |                     - |                     - |                     - |                     - |                     - |                     - |                     - |                     - |                     - |                     - |                     - |                     - |                     - |                     - |                     - |                     - |                     - |                     - |                     - |                     - |                     - |                     - |                     - |                     - |     - |     - |     - |     - |     - |     - |     - |     - |     - |      - |      - |      - |      - |      - |      - |      - |      - |      - |      - |      - |      - |      - |      - |      - |      - |      - |      - |      - |      - |      - |      - |      - |      - |      - |      - |      - |      - |      - |      - |      - |      - |      - |      - |      - |      - |      - |      - |      - |      - |      - |      - |      - |      - |      - |      - |      - |      - |      - |      - |      - |      - |      - |      - |      - |     - |     - |     - |     - |     - |     - |     - |     - |     - |     - |      - |      - |      - |      - |      - |      - |      - |      - |      - |      - |      - |      - |      - |      - |      - |      - |      - |      - |      - |      - |      - |      - |      - |      - |      - |      - |      - |      - |      - |      - |      - |      - |      - |      - |      - |      - |      - |      - |      - |      - |      - |      - |      - |      - |      - |      - |      - |      - |      - |      - |      - |      - |      - |      0 |


DCJ-indel distance comparisons as PHYLIP matrix:

198
simulated_
simulated_14 
simulated_9 11 
simulated_12 17 12 
simulated_19 21 15 13 
simulated_16 14 13 12 14 
simulated_9 11 12 16 23 18 
simulated_11 17 12 13 16 15 14 
simulated_8 13 7 10 15 12 11 9 
simulated_17 21 15 9 10 15 21 14 17 
simulated_11 15 14 17 20 20 12 20 17 20 
simulated_14 11 15 16 18 18 11 17 14 19 7 
simulated_11 11 14 17 19 18 6 18 15 20 6 5 
simulated_10 12 9 14 18 17 9 15 12 19 9 11 7 
simulated_11 11 8 13 19 14 10 14 13 18 10 12 10 5 
simulated_12 8 9 17 19 15 11 15 12 19 13 14 13 6 7 
simulated_15 14 11 9 16 9 15 13 13 14 15 14 14 11 14 12 
simulated_16 14 13 10 15 10 16 12 12 13 18 15 15 14 15 12 5 
simulated_16 18 15 8 11 10 17 13 14 11 18 17 18 15 15 16 11 12 
simulated_19 15 18 19 15 21 17 18 20 14 18 14 15 15 16 17 20 20 20 
simulated_6 10 11 12 19 16 7 15 12 17 7 8 5 4 7 8 11 12 16 16 
simulated_21 17 18 20 17 22 17 19 21 15 18 17 16 17 17 18 21 21 21 6 18 
simulated_9 11 12 15 22 18 6 17 15 20 8 9 6 7 8 13 14 16 17 14 5 14 
simulated_11 15 10 13 17 15 12 8 9 16 16 13 16 13 14 13 15 15 13 20 13 21 16 
simulated_6 14 9 12 18 16 7 11 10 19 11 14 13 10 9 10 15 14 14 21 8 22 11 5 
simulated_16 21 17 16 15 12 18 17 16 17 16 16 16 16 16 20 16 17 12 18 18 17 17 18 17 
simulated_17 18 14 9 12 11 18 16 15 10 17 14 15 16 16 16 12 13 9 19 17 20 18 16 15 13 
simulated_13 19 14 7 10 13 17 14 13 8 18 17 18 15 14 17 10 11 5 18 13 19 16 14 15 15 10 
simulated_13 19 13 7 8 13 18 12 11 8 18 17 18 15 14 17 10 9 7 18 13 19 15 16 15 13 10 2 
simulated_9 11 10 11 17 16 10 14 13 16 8 10 10 3 4 7 14 13 14 17 5 17 8 12 7 17 15 12 12 
simulated_10 14 9 10 17 15 13 13 12 15 9 11 11 4 7 8 11 12 11 18 8 17 9 13 8 16 14 13 13 3 
simulated_14 20 15 12 13 18 18 17 14 13 13 16 15 16 15 18 16 16 14 16 14 17 14 15 14 10 15 11 13 15 14 
simulated_5 13 6 15 19 13 10 12 7 19 12 14 12 9 8 9 12 11 17 20 9 20 10 10 5 17 15 14 16 10 9 15 
simulated_7 13 4 13 18 15 10 12 9 17 14 16 14 11 10 9 12 11 15 20 9 20 12 8 5 19 15 14 16 10 9 13 4 
simulated_11 11 14 15 20 18 6 17 15 18 8 7 6 9 10 13 16 16 15 12 7 16 4 14 11 16 14 16 17 8 11 14 12 12 
simulated_14 10 17 18 21 18 9 19 18 21 11 10 7 12 11 14 19 18 18 14 8 14 5 17 14 16 17 19 20 13 14 16 15 17 7 
simulated_13 13 15 19 21 18 8 19 16 20 8 7 6 11 12 14 17 16 18 15 7 15 6 18 13 17 15 20 19 12 13 15 13 15 4 7 
simulated_8 10 11 14 21 18 5 15 12 19 7 8 3 4 7 10 11 14 16 14 2 16 3 13 10 16 17 15 15 7 8 16 9 11 5 8 7 
simulated_7 9 10 13 20 17 8 16 13 18 6 9 6 5 4 9 12 15 15 16 3 18 4 12 9 18 16 14 14 6 7 15 8 10 6 9 8 3 
simulated_19 19 14 15 14 11 20 16 16 16 21 18 20 18 18 18 12 14 13 19 20 19 19 18 18 15 14 12 12 17 15 16 17 15 19 21 21 19 19 
simulated_18 17 14 14 15 12 18 15 15 15 21 16 18 17 16 16 14 15 14 17 17 17 17 18 17 14 13 13 13 16 16 16 16 15 17 19 19 17 18 3 
simulated_7 11 10 13 20 17 6 14 11 18 6 9 4 3 6 9 10 13 15 15 1 17 4 12 9 17 16 14 14 6 7 15 8 10 6 9 8 1 2 19 18 
simulated_8 10 11 14 20 18 7 15 12 19 5 8 5 4 5 10 11 14 16 16 2 18 5 11 8 17 17 15 15 5 6 16 9 11 7 10 9 2 1 19 18 1 
simulated_19 16 18 20 18 22 15 20 19 17 17 16 16 16 17 20 21 21 21 7 17 7 15 20 21 17 20 19 19 18 19 15 19 19 15 15 14 15 17 17 15 16 17 
simulated_19 14 18 19 17 21 17 20 19 16 17 15 15 16 17 19 20 20 20 6 16 6 12 20 21 16 19 18 18 18 18 14 19 19 14 12 13 14 16 19 17 15 16 5 
simulated_12 12 13 14 18 17 15 16 14 19 11 13 13 6 7 10 15 14 15 17 8 17 13 13 10 14 15 15 15 7 8 16 13 13 13 12 14 10 9 18 16 9 8 17 16 
simulated_13 9 12 14 18 16 12 17 13 19 10 10 12 5 6 9 15 14 14 14 7 16 10 12 11 17 16 15 15 6 7 18 12 14 12 11 12 9 8 18 16 8 7 15 15 3 
simulated_14 17 16 10 16 14 15 11 14 13 15 12 13 12 13 16 11 10 12 21 12 22 16 13 10 14 11 11 11 13 12 15 15 15 14 14 14 14 13 15 16 13 12 22 21 14 13 
simulated_16 17 16 10 13 13 15 13 14 11 15 12 15 14 13 14 9 10 12 20 12 21 16 15 14 13 11 11 9 13 12 15 15 15 14 15 14 14 15 15 16 13 14 21 20 14 14 4 
simulated_20 18 19 21 19 23 17 18 21 18 18 18 16 17 17 19 22 22 22 10 17 8 13 19 21 18 22 20 20 17 19 18 20 20 15 13 16 15 17 19 16 16 17 7 6 17 18 22 21 
simulated_19 16 19 20 18 23 15 18 20 17 19 16 16 16 17 20 22 22 21 7 17 7 15 18 21 17 22 19 19 18 19 17 20 20 15 15 16 15 17 18 16 16 17 4 7 16 15 22 21 5 
simulated_9 7 14 15 21 17 6 14 13 20 10 7 6 7 10 13 14 15 16 13 5 15 6 14 11 17 17 16 16 8 11 16 12 12 6 7 8 3 6 20 18 4 5 14 14 11 8 15 15 15 14 
simulated_9 11 14 13 20 17 8 14 13 18 8 7 6 9 10 13 14 15 15 17 7 16 8 14 11 14 14 16 16 10 7 14 10 12 6 9 8 5 6 18 18 6 7 16 16 13 12 11 13 17 16 6 
simulated_12 12 11 15 19 16 13 17 16 20 7 13 11 4 5 8 14 15 16 18 8 18 9 15 12 15 17 16 16 5 6 16 11 13 11 13 12 8 5 19 19 7 6 19 18 8 7 13 15 18 17 11 11 
simulated_11 11 12 13 19 15 10 14 13 18 10 10 10 5 4 7 12 13 14 17 7 18 10 12 9 16 15 12 14 4 7 16 12 12 10 13 12 7 6 17 16 6 5 18 18 9 6 11 13 18 18 8 12 7 
simulated_13 11 12 13 16 14 11 16 13 18 12 12 12 5 6 9 14 13 14 18 7 19 10 12 11 17 15 14 12 4 7 18 12 14 10 13 14 9 6 18 19 8 7 19 19 9 6 13 13 19 19 10 12 7 4 
simulated_13 15 12 15 18 17 12 15 13 19 12 12 10 5 6 7 15 14 17 17 9 19 12 15 11 15 16 16 16 6 7 17 12 14 9 14 11 9 8 18 18 8 7 18 18 11 8 12 13 17 18 10 11 7 6 8 
simulated_14 19 14 12 13 18 18 17 12 11 11 14 15 13 14 17 16 15 16 16 14 14 14 17 16 12 15 11 11 14 13 4 14 16 14 16 15 14 13 16 14 13 14 13 12 13 15 15 15 16 16 16 14 13 15 15 17 
simulated_14 19 14 12 13 18 18 17 12 11 11 14 15 13 14 17 16 15 16 16 14 14 14 17 16 12 15 11 11 14 13 4 14 16 14 16 15 14 13 16 14 13 14 13 12 13 15 15 15 16 16 16 14 13 15 15 17 0 
simulated_12 17 14 12 13 16 17 9 12 13 19 16 18 15 15 17 13 16 13 15 16 16 16 11 14 14 18 11 11 14 14 14 13 13 17 20 21 15 15 15 12 15 16 17 17 16 16 15 16 16 16 17 17 17 18 17 18 10 10 
simulated_9 9 14 15 21 17 6 16 15 20 8 5 4 7 8 11 14 15 16 15 3 17 6 14 11 17 17 16 16 8 9 16 12 12 4 9 6 3 4 19 17 4 5 16 17 11 8 15 15 18 16 4 4 9 8 10 10 16 16 17 
simulated_9 11 14 13 19 18 6 18 15 16 6 5 4 9 10 11 16 17 16 14 5 16 6 14 9 16 15 16 16 6 9 15 12 12 2 7 6 5 6 19 17 6 5 15 16 11 10 13 13 17 15 6 4 11 8 10 10 13 13 16 4 
simulated_10 12 11 12 18 17 9 13 12 17 9 11 9 2 5 6 13 14 15 16 6 18 9 13 10 16 16 13 13 3 4 16 11 11 9 12 11 6 5 18 17 5 4 17 17 8 5 12 14 16 17 7 11 4 5 5 3 15 15 15 7 9 
simulated_10 12 11 12 18 17 9 13 12 17 9 11 9 2 5 6 13 14 15 16 6 18 9 13 10 16 16 13 13 3 4 16 11 11 9 12 11 6 5 18 17 5 4 17 17 8 5 12 14 16 17 7 11 4 5 5 3 15 15 15 7 9 0 
simulated_16 19 14 10 9 12 19 15 14 11 18 17 16 17 17 17 15 14 8 18 16 19 19 15 16 14 5 9 9 15 15 12 17 17 16 18 18 18 17 13 14 17 18 19 18 16 16 12 12 22 21 19 17 18 15 14 15 14 14 15 19 17 15 15 
simulated_16 19 14 10 9 12 19 15 14 11 18 17 16 17 17 17 15 14 8 18 16 19 19 15 16 14 5 9 9 15 15 12 17 17 16 18 18 18 17 13 14 17 18 19 18 16 16 12 12 22 21 19 17 18 15 14 15 14 14 15 19 17 15 15 0 
simulated_11 16 13 13 14 15 16 8 11 14 18 15 17 14 14 16 12 15 14 16 15 17 15 10 13 13 17 12 12 13 13 15 12 12 16 19 20 14 14 14 13 14 15 18 18 15 15 14 15 16 17 16 16 16 17 16 17 11 11 1 16 15 14 14 16 16 
simulated_11 16 13 13 14 15 16 8 11 14 18 15 17 14 14 16 12 15 14 16 15 17 15 10 13 13 17 12 12 13 13 15 12 12 16 19 20 14 14 14 13 14 15 18 18 15 15 14 15 16 17 16 16 16 17 16 17 11 11 1 16 15 14 14 16 16 0 
simulated_16 19 17 16 13 12 19 15 18 15 18 16 18 17 17 20 17 17 16 16 18 16 17 18 17 8 13 13 15 18 17 12 17 19 16 16 16 18 18 14 13 17 17 16 15 17 18 13 14 18 18 18 15 16 17 18 18 12 12 14 17 16 17 17 12 12 13 13 
simulated_16 20 17 14 15 14 19 15 16 15 16 16 18 15 15 19 15 16 14 17 18 17 17 18 17 8 11 13 13 16 15 10 17 19 16 16 16 18 18 15 12 17 17 17 16 15 18 11 14 19 19 18 15 15 15 18 16 12 12 16 17 16 15 15 12 12 15 15 2 
MST_1     14 12 15 14 16 15 11 17 16 16 13 13 11 11 12 14 15 16 14 15 11 15 11 16 14 15 16 13 13 11 13 14 15 15 11 12 12 11 11 15 14 11 11 14 13 14 12 16 16 16 15 10 13 13 12 11 13 13 13 13 11 11 12 12 15 15 14 14 15 15 
MST_2     11 16 15 14 14 16 14 15 14 13 10 12 10 12 13 15 15 16 15 14 11 14 13 13 13 15 15 13 13 13 12 12 12 14 13 14 13 11 10 16 15 10 10 16 15 15 14 15 15 16 15 13 11 13 14 14 14 13 13 14 12 12 13 13 15 15 15 15 16 16 5 
MST_3     10 12 11 10 14 15 11 15 13 13 9 10 8 7 9 11 11 13 12 13 7 14 8 13 9 15 14 10 10 7 6 11 10 10 9 12 11 7 6 13 12 6 6 14 12 10 8 13 13 16 15 9 9 9 10 10 10 11 11 12 8 8 8 8 13 13 13 13 15 15 4 5 
MST_4     8 12 10 10 15 12 10 13 12 13 9 11 9 8 9 12 10 11 11 15 7 15 8 13 10 14 12 10 10 9 8 12 10 10 10 11 11 7 6 14 12 6 7 15 14 12 10 12 12 14 16 10 10 9 11 10 11 12 12 12 9 9 10 10 12 12 12 12 15 14 4 5 4 
MST_5     8 11 11 9 11 11 9 11 11 10 9 9 8 9 9 11 12 11 9 11 7 11 8 12 10 11 11 8 8 9 10 10 11 11 9 10 9 7 7 11 10 7 7 11 10 12 10 12 12 12 12 8 9 10 10 10 10 10 10 10 7 8 9 9 9 9 11 11 10 10 5 5 4 2 
MST_6     10 13 13 10 12 12 11 13 13 10 10 11 10 11 11 13 13 12 10 13 9 13 10 14 12 13 12 9 9 11 12 12 13 13 11 12 11 9 9 12 12 9 9 13 12 13 12 13 13 14 14 10 11 11 11 11 12 12 12 12 9 10 11 11 10 10 13 13 12 12 6 6 6 4 1 
MST_7     9 12 11 11 12 12 12 13 12 12 10 12 11 11 11 12 12 13 11 15 9 15 11 13 11 13 12 10 10 11 11 12 12 12 12 13 12 10 9 13 13 9 9 15 14 12 12 13 13 16 16 11 11 11 11 11 11 12 12 13 10 11 11 11 11 11 13 13 11 12 7 8 7 7 4 3 
MST_8     11 13 13 13 13 13 12 13 14 12 11 12 11 12 12 13 13 14 12 13 10 15 12 13 11 13 13 12 12 12 12 13 13 13 11 13 12 11 11 15 14 10 11 15 14 14 13 13 13 16 16 12 11 13 12 12 12 13 13 13 11 11 12 12 12 12 13 13 11 11 9 10 8 7 5 7 4 
MST_9     12 14 13 12 14 13 12 13 14 12 12 12 10 12 13 15 13 13 11 15 11 16 12 17 14 13 13 11 11 13 13 13 14 14 11 12 12 11 11 14 12 11 11 16 15 14 13 14 14 17 17 12 11 14 13 12 13 13 13 14 11 11 13 13 13 13 14 14 13 12 8 9 10 7 7 9 7 6 
MST_10    14 14 14 14 15 15 13 17 17 14 13 13 11 12 13 14 15 16 12 15 12 16 13 19 16 13 14 12 13 13 14 14 17 16 12 13 13 12 12 13 13 12 12 16 15 15 13 15 15 17 17 13 13 15 12 12 13 14 14 16 12 12 13 13 14 14 16 16 14 13 8 8 9 6 6 8 8 8 6 
MST_11    12 13 13 13 16 15 11 15 15 16 11 12 10 12 13 13 16 16 14 16 11 17 12 17 14 15 14 15 15 13 13 15 15 13 11 12 12 11 11 14 14 11 11 17 16 14 12 15 15 18 18 12 11 14 13 13 12 14 14 16 11 11 13 13 14 14 16 16 16 15 8 9 9 8 7 9 8 9 9 5 
MST_12    12 13 13 12 14 14 11 15 15 15 13 12 10 12 13 13 15 14 13 15 11 16 12 17 14 16 12 13 12 13 13 15 15 13 11 12 12 11 11 15 15 11 11 16 15 14 12 14 14 17 17 12 11 14 13 11 13 16 16 16 11 11 13 13 13 13 16 16 16 16 6 9 8 6 6 8 7 9 7 6 4 
MST_13    13 14 12 12 15 15 13 14 14 15 14 12 12 12 13 14 15 14 14 15 12 16 13 16 14 17 14 13 12 13 12 14 15 13 12 14 13 12 12 16 15 12 12 16 15 14 13 14 14 16 17 13 12 14 13 11 12 14 14 15 12 12 13 13 14 14 15 15 16 16 9 10 9 7 7 9 8 10 10 9 8 4 
MST_14    15 15 14 12 15 15 14 16 15 14 16 12 13 13 14 16 15 14 14 16 13 17 14 17 16 15 14 12 11 14 14 14 15 16 13 15 14 12 13 16 16 13 13 17 16 15 14 13 13 17 18 13 15 15 14 12 13 15 15 17 12 13 14 14 15 15 17 17 13 13 11 11 11 7 7 9 9 11 11 12 13 10 6 
MST_15    16 17 15 14 15 16 15 18 16 15 16 14 14 13 14 16 15 13 14 17 14 18 15 18 16 16 16 13 12 14 15 14 15 16 14 16 15 13 13 17 17 13 13 19 18 15 14 13 12 19 20 14 14 15 14 12 14 15 15 17 13 14 14 14 15 15 17 17 16 15 11 12 9 6 6 8 9 10 11 10 11 9 7 4 
MST_16    14 16 15 12 15 15 16 16 15 14 15 14 14 14 13 16 14 13 13 16 12 16 14 17 14 16 15 12 12 14 14 15 15 16 13 16 14 13 12 18 17 12 12 16 16 16 15 13 13 18 18 14 14 16 15 15 12 15 15 14 12 14 13 13 14 14 14 14 16 15 10 11 10 7 6 8 10 11 11 12 12 11 12 9 9 
MST_17    14 16 16 12 17 17 16 15 16 12 16 15 15 13 14 15 15 14 14 16 12 18 15 17 15 15 16 13 13 13 13 14 15 17 14 17 15 13 12 17 16 12 12 19 18 15 14 12 13 19 19 14 14 15 15 15 12 13 13 13 12 14 12 12 15 15 13 13 16 15 9 11 7 4 5 7 9 10 10 11 11 10 12 9 10 4 
MST_18    13 16 13 13 18 13 15 15 11 16 14 13 14 13 13 14 13 14 14 18 12 19 14 14 13 17 15 14 13 13 13 14 14 14 13 16 14 13 12 17 16 12 11 18 18 14 13 12 13 19 20 14 14 15 14 13 13 13 13 15 12 14 11 11 11 11 15 15 17 15 9 11 10 8 7 9 10 12 12 13 12 12 12 13 14 8 8 
MST_19    13 16 13 13 18 13 15 15 11 16 14 13 14 13 13 14 13 14 14 18 12 19 14 14 13 17 15 14 13 13 13 14 14 14 13 16 14 13 12 17 16 12 11 18 18 14 13 12 13 19 20 14 14 15 14 13 13 13 13 15 12 14 11 11 11 11 15 15 17 15 9 11 10 8 7 9 10 12 12 13 12 12 12 13 14 8 8 0 
MST_20    13 13 12 13 16 16 15 14 12 17 14 14 13 11 10 13 15 15 16 18 11 19 13 16 13 16 16 13 12 11 12 15 14 14 14 15 15 12 9 18 16 11 10 18 17 11 11 14 15 20 20 13 13 12 13 13 14 15 15 16 12 13 11 11 16 16 15 15 19 18 11 11 8 9 7 8 8 10 11 11 12 11 13 12 14 12 12 12 12 
MST_21    12 13 12 12 17 16 14 13 12 16 14 13 13 10 9 13 15 15 15 18 10 20 12 15 12 15 16 12 11 10 11 16 14 14 13 14 15 11 8 18 17 10 9 19 17 10 10 13 14 19 19 12 12 11 12 12 13 14 14 15 11 12 10 10 15 15 14 14 18 17 10 12 7 9 7 8 8 9 11 11 12 11 13 13 13 13 13 12 12 1 
MST_22    11 13 11 13 17 16 13 14 13 17 13 13 12 9 8 12 15 15 15 16 9 18 11 15 11 14 16 13 12 9 10 15 13 13 12 14 14 10 7 16 16 9 8 18 16 9 9 13 14 18 18 11 11 10 11 11 11 14 14 14 10 11 9 9 16 16 13 13 17 16 11 12 8 9 7 9 9 9 11 10 10 11 13 13 12 12 12 11 11 5 4 
MST_23    15 16 15 15 18 18 15 17 16 19 15 14 14 10 13 15 17 18 16 16 11 19 14 17 13 16 18 15 14 11 11 17 16 17 14 16 16 11 11 18 17 11 10 18 16 12 12 15 16 19 18 13 14 12 13 14 12 16 16 15 12 12 10 10 18 18 15 15 18 16 10 10 7 9 5 8 9 10 11 10 12 11 12 13 11 12 13 12 12 10 9 6 
MST_24    14 14 15 13 19 16 13 16 15 17 14 11 12 10 11 13 15 17 14 13 11 16 12 14 13 15 17 13 13 10 10 15 15 16 12 13 14 11 11 16 15 11 10 16 13 12 10 13 15 16 16 10 13 12 10 12 12 16 16 15 10 11 10 10 16 16 15 15 16 16 11 11 8 10 7 9 9 10 10 10 10 10 11 14 12 12 12 11 11 11 10 8 5 
MST_25    13 14 15 13 19 16 12 17 14 17 13 11 12 10 11 13 16 17 15 14 10 16 11 13 12 16 18 13 13 10 10 15 14 15 11 13 13 10 10 16 15 10 9 17 14 12 10 14 16 16 17 10 12 12 10 12 12 15 15 15 9 10 10 10 16 16 15 15 16 16 10 10 8 9 6 8 9 12 10 10 10 10 11 13 13 11 11 11 11 12 11 9 6 2 
MST_26    13 14 15 13 19 16 12 17 14 17 13 11 12 10 11 13 16 17 15 14 10 16 11 13 12 16 18 13 13 10 10 15 14 15 11 13 13 10 10 16 15 10 9 17 14 12 10 14 16 16 17 10 12 12 10 12 12 15 15 15 9 10 10 10 16 16 15 15 16 16 10 10 8 9 6 8 9 12 10 10 10 10 11 13 13 11 11 11 11 12 11 9 6 2 0 
MST_27    15 13 15 16 19 17 13 16 14 20 14 11 13 12 12 15 17 17 13 13 11 16 11 13 13 15 17 14 16 11 11 15 15 16 12 13 13 12 12 16 15 12 11 15 13 11 9 15 17 16 15 11 13 14 11 13 14 15 15 15 10 12 12 12 16 16 15 15 17 15 11 11 9 10 7 9 9 11 10 10 11 11 11 14 12 13 13 11 11 11 10 9 8 4 4 4 
MST_28    12 13 13 15 18 16 11 17 13 19 11 10 11 11 10 13 17 16 15 15 8 17 9 15 13 16 17 15 13 10 11 15 14 16 10 12 11 9 9 15 14 9 8 16 15 13 10 14 16 16 16 9 11 13 10 12 12 14 14 15 7 9 11 11 17 17 15 15 17 15 11 10 8 9 6 8 9 11 10 9 10 10 12 14 14 13 13 11 11 11 10 11 8 6 7 7 6 
MST_29    11 12 12 14 21 17 9 15 14 19 10 10 9 8 8 11 14 16 14 16 7 18 8 15 13 16 17 14 15 9 10 17 13 15 9 12 10 6 6 17 16 6 7 17 17 14 11 16 16 17 17 8 8 10 11 11 12 16 16 17 6 8 10 10 17 17 16 16 19 18 10 9 8 6 5 8 9 12 11 9 11 10 11 12 12 13 13 12 12 11 10 10 10 11 9 9 8 7 
MST_30    11 12 10 14 18 17 8 14 12 17 11 10 8 6 8 9 14 14 15 13 6 16 8 12 11 15 16 11 13 7 10 14 11 13 8 12 10 6 7 17 15 5 6 15 15 12 9 15 15 16 15 8 10 10 7 9 8 13 13 15 6 9 6 6 15 15 14 14 15 14 10 11 9 8 6 8 9 11 11 10 12 11 12 12 12 11 12 12 12 12 11 10 12 9 9 9 8 7 5 
MST_31    11 12 10 14 18 17 8 14 12 17 11 10 8 6 8 9 14 14 15 13 6 16 8 12 11 15 16 11 13 7 10 14 11 13 8 12 10 6 7 17 15 5 6 15 15 12 9 15 15 16 15 8 10 10 7 9 8 13 13 15 6 9 6 6 15 15 14 14 15 14 10 11 9 8 6 8 9 11 11 10 12 11 12 12 12 11 12 12 12 12 11 10 12 9 9 9 8 7 5 0 
MST_32    11 13 10 14 19 17 8 14 12 17 10 11 8 5 7 10 13 13 15 13 5 16 7 13 11 15 17 11 13 8 9 14 10 12 9 12 11 5 6 17 16 4 5 15 15 11 10 14 14 16 15 7 9 9 8 10 9 13 13 15 7 9 7 7 16 16 14 14 16 15 9 10 7 7 6 8 9 10 11 10 12 11 12 12 11 13 14 14 14 11 10 10 10 10 10 10 10 9 4 2 2 
MST_33    10 12 9 14 17 18 9 15 12 17 10 11 8 3 6 9 12 14 16 13 5 16 8 14 11 15 17 13 13 6 7 14 10 12 10 13 12 5 6 17 16 4 5 15 15 9 8 15 14 16 15 7 9 7 6 8 8 12 12 14 7 9 5 5 18 18 13 13 16 14 10 11 6 8 7 9 9 10 11 11 13 12 12 12 12 14 13 14 14 10 9 8 10 11 11 11 11 10 6 4 4 2 
MST_34    12 15 12 14 18 18 11 15 14 17 12 12 10 6 9 12 14 15 17 14 7 17 10 16 13 14 19 13 13 9 10 13 12 14 12 15 14 7 8 16 13 6 7 16 16 12 11 17 15 16 16 9 11 10 9 11 11 11 11 13 9 11 8 8 18 18 13 13 16 15 11 11 6 7 6 8 10 11 12 11 12 12 14 12 13 13 12 13 13 10 9 8 11 11 12 12 11 9 7 5 5 4 3 
MST_35    12 14 12 12 17 18 11 15 14 15 12 12 10 6 9 12 14 15 16 14 7 16 10 16 13 16 19 11 11 9 10 13 12 14 12 15 14 7 8 18 15 6 7 15 16 12 11 17 15 16 15 9 11 10 9 11 11 12 12 14 9 11 8 8 16 16 14 14 17 16 10 11 7 8 5 8 10 11 12 11 13 12 13 13 14 13 11 12 12 12 11 10 11 12 12 12 12 9 6 5 5 3 3 3 
MST_36    10 14 12 12 17 17 10 14 13 15 10 11 8 6 9 12 13 14 16 15 5 15 8 15 12 16 18 11 11 9 10 14 11 13 10 13 12 5 6 18 16 4 5 14 15 12 11 16 14 17 14 8 10 10 9 11 11 11 11 13 8 10 8 8 16 16 13 13 17 15 10 10 6 8 5 8 9 11 11 11 12 11 13 12 14 12 10 11 11 12 11 11 10 12 11 11 11 8 6 5 5 4 4 4 2 
MST_37    10 14 12 12 17 17 10 14 13 15 10 11 8 6 9 12 13 14 16 15 5 15 8 15 12 16 18 11 11 9 10 14 11 13 10 13 12 5 6 18 16 4 5 14 15 12 11 16 14 17 14 8 10 10 9 11 11 11 11 13 8 10 8 8 16 16 13 13 17 15 10 10 6 8 5 8 9 11 11 11 12 11 13 12 14 12 10 11 11 12 11 11 10 12 11 11 11 8 6 5 5 4 4 4 2 0 
MST_38    9 13 11 11 14 18 12 15 12 14 11 12 11 7 8 13 16 15 15 14 6 14 9 14 11 16 17 10 10 8 9 11 12 12 10 14 12 8 7 16 13 7 8 13 14 13 10 17 15 16 13 8 12 9 10 10 12 9 9 11 8 9 9 9 15 15 11 11 16 14 12 11 6 9 6 8 9 11 11 10 11 11 12 13 13 13 11 12 12 11 10 9 11 11 10 10 10 6 9 7 7 7 5 6 5 3 3 
MST_39    9 13 11 11 14 18 12 15 12 14 11 12 11 7 8 13 16 15 15 14 6 14 9 14 11 16 17 10 10 8 9 11 12 12 10 14 12 8 7 16 13 7 8 13 14 13 10 17 15 16 13 8 12 9 10 10 12 9 9 11 8 9 9 9 15 15 11 11 16 14 12 11 6 9 6 8 9 11 11 10 11 11 12 13 13 13 11 12 12 11 10 9 11 11 10 10 10 6 9 7 7 7 5 6 5 3 3 0 
MST_40    8 14 10 12 15 17 11 15 12 15 10 12 10 7 8 12 14 16 15 14 6 16 8 15 10 14 16 11 11 7 9 10 10 11 9 13 12 7 6 16 14 6 7 15 15 12 10 16 16 16 15 8 11 9 9 10 11 10 10 12 8 8 8 8 16 16 11 11 14 14 12 12 7 8 7 8 8 11 11 11 12 12 12 14 14 14 13 13 13 9 8 8 11 11 11 11 11 8 8 6 6 5 4 5 5 6 6 4 4 
MST_41    8 14 11 12 15 18 11 16 13 15 10 12 10 8 9 13 15 17 15 14 6 16 8 16 11 15 17 11 11 8 10 10 11 12 9 13 12 7 6 17 14 6 7 15 15 13 11 17 17 16 15 8 11 10 10 11 12 10 10 12 8 8 9 9 16 16 12 12 15 15 12 11 7 8 6 7 8 11 12 10 11 11 12 13 13 14 12 13 13 10 9 9 10 11 10 10 10 7 8 7 7 6 5 6 5 5 5 3 3 1 
MST_42    9 15 11 11 14 18 12 16 13 14 11 13 11 8 9 13 15 17 14 13 7 15 9 16 11 15 17 10 10 8 10 9 11 12 10 14 13 8 7 16 13 7 8 14 14 13 11 17 17 16 14 9 12 10 10 11 12 9 9 11 9 9 9 9 15 15 12 12 15 15 11 11 6 8 6 7 9 12 12 11 12 12 13 14 14 14 12 13 13 10 9 9 11 12 11 11 11 8 9 7 7 6 5 6 4 6 6 4 4 1 1 
MST_43    9 15 11 11 14 18 12 16 13 14 11 13 11 8 9 13 15 17 14 13 7 15 9 16 11 15 17 10 10 8 10 9 11 12 10 14 13 8 7 16 13 7 8 14 14 13 11 17 17 16 14 9 12 10 10 11 12 9 9 11 9 9 9 9 15 15 12 12 15 15 11 11 6 8 6 7 9 12 12 11 12 12 13 14 14 14 12 13 13 10 9 9 11 12 11 11 11 8 9 7 7 6 5 6 4 6 6 4 4 1 1 0 
MST_44    9 15 11 11 14 18 12 16 13 14 11 13 11 8 9 13 15 17 14 13 7 15 9 16 11 15 17 10 10 8 10 9 11 12 10 14 13 8 7 16 13 7 8 14 14 13 11 17 17 16 14 9 12 10 10 11 12 9 9 11 9 9 9 9 15 15 12 12 15 15 11 11 6 8 6 7 9 12 12 11 12 12 13 14 14 14 12 13 13 10 9 9 11 12 11 11 11 8 9 7 7 6 5 6 4 6 6 4 4 1 1 0 0 
MST_45    9 15 11 11 14 18 12 16 13 14 11 13 11 8 9 13 15 17 14 13 7 15 9 16 11 15 17 10 10 8 10 9 11 12 10 14 13 8 7 16 13 7 8 14 14 13 11 17 17 16 14 9 12 10 10 11 12 9 9 11 9 9 9 9 15 15 12 12 15 15 11 11 6 8 6 7 9 12 12 11 12 12 13 14 14 14 12 13 13 10 9 9 11 12 11 11 11 8 9 7 7 6 5 6 4 6 6 4 4 1 1 0 0 0 
MST_46    9 15 12 12 15 19 12 17 14 15 11 13 11 9 10 14 16 18 15 13 7 15 9 17 12 16 18 11 11 9 11 10 12 13 10 14 13 8 7 17 14 7 8 14 14 14 12 18 18 16 14 9 12 11 11 12 13 10 10 12 9 9 10 10 16 16 13 13 16 16 12 11 5 8 6 7 9 12 12 11 12 12 13 13 14 14 12 13 13 9 8 9 11 12 11 11 11 8 9 8 8 7 6 6 5 7 7 5 5 2 2 1 1 1 1 
MST_47    8 14 12 11 16 19 11 16 13 14 11 12 11 9 10 13 16 17 15 13 6 15 9 16 11 17 18 10 10 8 11 11 12 12 9 14 13 8 7 18 15 7 8 14 15 13 12 17 17 17 14 9 11 11 10 12 12 11 11 13 9 7 9 9 15 15 14 14 17 17 10 10 5 8 5 7 9 12 12 12 13 12 14 14 16 14 12 13 13 10 9 11 12 14 13 13 12 9 8 7 7 7 7 7 6 7 7 6 6 4 4 3 3 3 3 2 
MST_48    8 14 12 11 16 19 11 16 13 14 11 12 11 9 10 13 16 17 15 13 6 15 9 16 11 17 18 10 10 8 11 11 12 12 9 14 13 8 7 18 15 7 8 14 15 13 12 17 17 17 14 9 11 11 10 12 12 11 11 13 9 7 9 9 15 15 14 14 17 17 10 10 5 8 5 7 9 12 12 12 13 12 14 14 16 14 12 13 13 10 9 11 12 14 13 13 12 9 8 7 7 7 7 7 6 7 7 6 6 4 4 3 3 3 3 2 0 
MST_49    8 14 12 11 16 19 11 16 13 14 11 12 11 9 10 13 16 17 15 13 6 15 9 16 11 17 18 10 10 8 11 11 12 12 9 14 13 8 7 18 15 7 8 14 15 13 12 17 17 17 14 9 11 11 10 12 12 11 11 13 9 7 9 9 15 15 14 14 17 17 10 10 5 8 5 7 9 12 12 12 13 12 14 14 16 14 12 13 13 10 9 11 12 14 13 13 12 9 8 7 7 7 7 7 6 7 7 6 6 4 4 3 3 3 3 2 0 0 
MST_50    8 14 12 11 16 19 11 16 13 14 11 12 11 9 10 13 16 17 15 13 6 15 9 16 11 17 18 10 10 8 11 11 12 12 9 14 13 8 7 18 15 7 8 14 15 13 12 17 17 17 14 9 11 11 10 12 12 11 11 13 9 7 9 9 15 15 14 14 17 17 10 10 5 8 5 7 9 12 12 12 13 12 14 14 16 14 12 13 13 10 9 11 12 14 13 13 12 9 8 7 7 7 7 7 6 7 7 6 6 4 4 3 3 3 3 2 0 0 0 
MST_51    8 14 12 11 16 19 11 16 13 14 11 12 11 9 10 13 16 17 15 13 6 15 9 16 11 17 18 10 10 8 11 11 12 12 9 14 13 8 7 18 15 7 8 14 15 13 12 17 17 17 14 9 11 11 10 12 12 11 11 13 9 7 9 9 15 15 14 14 17 17 10 10 5 8 5 7 9 12 12 12 13 12 14 14 16 14 12 13 13 10 9 11 12 14 13 13 12 9 8 7 7 7 7 7 6 7 7 6 6 4 4 3 3 3 3 2 0 0 0 0 
MST_52    7 15 12 11 16 19 12 16 13 14 10 13 10 9 10 13 16 17 15 14 5 16 8 16 11 17 18 10 10 8 11 11 12 12 10 13 12 7 6 18 15 6 7 15 14 13 12 17 17 16 15 8 12 11 10 12 12 11 11 13 8 8 9 9 15 15 14 14 17 17 10 10 5 8 5 7 9 12 13 12 13 12 14 13 15 14 12 13 13 11 10 11 12 14 13 13 12 9 8 8 8 7 6 7 5 7 7 6 6 3 3 2 2 2 2 3 1 1 1 1 1 
MST_53    8 14 11 12 15 18 11 17 14 15 9 12 9 8 9 14 15 18 14 13 6 15 7 17 12 16 17 11 11 9 10 10 11 13 9 12 13 6 5 17 14 5 6 14 13 14 11 18 18 15 14 9 11 10 11 11 13 10 10 12 9 9 10 10 16 16 13 13 16 16 11 9 5 7 5 7 9 12 12 12 13 12 13 13 14 13 11 13 13 11 10 11 12 13 12 12 11 8 8 7 7 7 6 7 6 6 6 5 5 3 3 2 2 2 2 2 3 3 3 3 3 2 
MST_54    8 14 11 12 15 18 11 17 14 15 9 12 9 8 9 14 15 18 14 13 6 15 7 17 12 16 17 11 11 9 10 10 11 13 9 12 13 6 5 17 14 5 6 14 13 14 11 18 18 15 14 9 11 10 11 11 13 10 10 12 9 9 10 10 16 16 13 13 16 16 11 9 5 7 5 7 9 12 12 12 13 12 13 13 14 13 11 13 13 11 10 11 12 13 12 12 11 8 8 7 7 7 6 7 6 6 6 5 5 3 3 2 2 2 2 2 3 3 3 3 3 2 0 
MST_55    8 14 11 12 15 18 11 17 14 15 9 12 9 8 9 14 15 18 14 13 6 15 7 17 12 16 17 11 11 9 10 10 11 13 9 12 13 6 5 17 14 5 6 14 13 14 11 18 18 15 14 9 11 10 11 11 13 10 10 12 9 9 10 10 16 16 13 13 16 16 11 9 5 7 5 7 9 12 12 12 13 12 13 13 14 13 11 13 13 11 10 11 12 13 12 12 11 8 8 7 7 7 6 7 6 6 6 5 5 3 3 2 2 2 2 2 3 3 3 3 3 2 0 0 
MST_56    8 14 11 12 15 18 11 17 14 15 9 12 9 8 9 14 15 18 14 13 6 15 7 17 12 16 17 11 11 9 10 10 11 13 9 12 13 6 5 17 14 5 6 14 13 14 11 18 18 15 14 9 11 10 11 11 13 10 10 12 9 9 10 10 16 16 13 13 16 16 11 9 5 7 5 7 9 12 12 12 13 12 13 13 14 13 11 13 13 11 10 11 12 13 12 12 11 8 8 7 7 7 6 7 6 6 6 5 5 3 3 2 2 2 2 2 3 3 3 3 3 2 0 0 0 
MST_57    8 14 11 12 15 18 11 17 14 15 9 12 9 8 9 14 15 18 14 13 6 15 7 17 12 16 17 11 11 9 10 10 11 13 9 12 13 6 5 17 14 5 6 14 13 14 11 18 18 15 14 9 11 10 11 11 13 10 10 12 9 9 10 10 16 16 13 13 16 16 11 9 5 7 5 7 9 12 12 12 13 12 13 13 14 13 11 13 13 11 10 11 12 13 12 12 11 8 8 7 7 7 6 7 6 6 6 5 5 3 3 2 2 2 2 2 3 3 3 3 3 2 0 0 0 0 
MST_58    8 14 11 12 15 18 11 17 14 15 9 12 9 8 9 14 15 18 14 13 6 15 7 17 12 16 17 11 11 9 10 10 11 13 9 12 13 6 5 17 14 5 6 14 13 14 11 18 18 15 14 9 11 10 11 11 13 10 10 12 9 9 10 10 16 16 13 13 16 16 11 9 5 7 5 7 9 12 12 12 13 12 13 13 14 13 11 13 13 11 10 11 12 13 12 12 11 8 8 7 7 7 6 7 6 6 6 5 5 3 3 2 2 2 2 2 3 3 3 3 3 2 0 0 0 0 0 
MST_59    8 14 11 12 15 18 11 17 14 15 9 12 9 8 9 14 15 18 14 13 6 15 7 17 12 16 17 11 11 9 10 10 11 13 9 12 13 6 5 17 14 5 6 14 13 14 11 18 18 15 14 9 11 10 11 11 13 10 10 12 9 9 10 10 16 16 13 13 16 16 11 9 5 7 5 7 9 12 12 12 13 12 13 13 14 13 11 13 13 11 10 11 12 13 12 12 11 8 8 7 7 7 6 7 6 6 6 5 5 3 3 2 2 2 2 2 3 3 3 3 3 2 0 0 0 0 0 0 
MST_60    20 22 20 18 18 22 21 19 20 19 20 21 22 21 21 20 21 21 19 19 21 19 20 21 20 20 20 20 19 20 21 20 19 21 22 21 20 21 22 18 19 21 21 21 20 21 21 22 21 20 20 22 23 22 21 21 21 20 20 19 21 22 21 21 19 19 20 20 21 21 14 12 14 11 7 8 10 12 14 15 15 15 13 14 17 15 16 17 17 19 19 20 19 19 19 19 21 21 17 19 19 20 21 21 20 20 20 21 21 20 21 20 20 20 20 21 22 22 22 22 22 21 21 21 21 21 21 21 21 
MST_61    21 20 20 19 20 22 19 20 19 23 20 20 21 18 20 19 20 21 21 21 19 22 19 20 20 22 22 23 21 19 21 21 21 20 19 21 19 19 19 22 22 18 19 22 21 20 18 20 21 20 22 20 21 20 19 20 19 22 22 23 18 20 19 19 21 21 23 23 22 23 13 12 14 11 9 10 11 13 13 14 12 13 12 16 17 15 17 17 17 18 18 19 19 19 19 19 19 18 20 19 19 19 20 20 20 19 19 20 20 21 21 21 21 21 21 21 21 21 21 21 21 21 20 20 20 20 20 20 20 9 
MST_62    21 21 23 22 22 21 21 23 22 21 20 23 20 22 21 22 21 24 23 22 21 22 21 21 21 22 23 23 22 21 21 22 23 22 22 19 20 21 22 22 22 21 21 22 22 21 22 22 22 22 22 22 22 21 21 22 21 21 21 22 21 21 21 21 23 23 22 22 21 21 12 11 14 9 7 8 10 13 13 14 13 13 16 17 17 16 17 20 20 18 18 19 20 21 20 20 21 19 20 20 20 21 21 20 21 21 21 22 22 21 20 20 20 20 20 19 19 19 19 19 19 19 19 19 19 19 19 19 19 19 15 
MST_63    19 19 19 21 19 19 18 17 19 20 20 19 19 21 21 20 21 20 22 21 21 20 21 19 18 21 21 21 21 20 20 19 21 18 21 19 20 21 21 21 21 21 20 19 21 20 20 20 20 22 20 19 20 20 21 21 20 20 20 19 20 20 21 21 21 21 19 19 21 22 14 13 16 12 10 12 12 14 15 16 15 14 15 18 19 20 19 20 20 19 20 20 17 17 17 17 20 18 19 20 20 19 20 21 21 21 21 20 20 20 20 20 20 20 20 21 22 22 22 22 22 22 22 22 22 22 22 22 22 19 18 19 
MST_64    20 19 18 19 21 21 20 19 18 20 22 21 23 20 20 18 20 18 20 17 21 20 22 20 20 20 21 20 20 20 20 21 20 19 22 20 22 21 22 20 20 21 22 20 19 18 19 19 21 18 19 19 21 20 20 20 20 21 21 18 21 22 20 20 21 21 18 18 21 21 14 14 17 14 10 12 12 14 15 15 15 15 16 17 19 20 20 20 20 19 19 20 22 21 22 22 22 22 20 20 20 19 19 21 22 22 22 21 21 20 21 21 21 21 21 22 22 22 22 22 22 22 21 21 21 21 21 21 21 17 20 20 21 
SEQ_0     6 9 9 8 11 11 7 11 9 10 6 7 6 6 6 8 10 10 9 11 4 11 6 10 7 11 11 7 7 6 7 8 8 8 7 8 7 5 4 11 10 4 4 11 10 9 7 10 10 12 12 6 7 7 7 7 7 8 8 10 5 6 6 6 10 10 11 11 11 11 3 4 1 3 3 4 5 5 5 4 5 4 5 6 4 5 4 5 5 5 4 4 2 4 4 4 5 4 3 4 4 3 4 4 3 3 3 4 4 5 4 4 4 4 4 4 2 2 2 2 2 2 3 3 3 3 3 3 3 6 6 5 8 8 
SEQ_1     6 9 9 8 11 11 7 11 9 10 6 7 6 6 6 8 10 10 9 11 4 11 6 10 7 11 11 7 7 6 7 8 8 8 7 8 7 5 4 11 10 4 4 11 10 9 7 10 10 12 12 6 7 7 7 7 7 8 8 10 5 6 6 6 10 10 11 11 11 11 3 4 1 3 3 4 5 5 5 4 5 4 5 6 4 5 4 5 5 5 4 4 2 4 4 4 5 4 3 4 4 3 4 4 3 3 3 4 4 5 4 4 4 4 4 4 2 2 2 2 2 2 3 3 3 3 3 3 3 6 6 5 8 8 0 
SEQ_2     6 10 9 7 11 10 8 10 9 9 7 8 7 7 7 9 10 9 8 10 5 10 7 11 8 10 10 6 6 7 8 8 9 9 8 9 8 6 5 10 9 5 5 10 9 10 8 10 10 11 11 7 8 8 8 8 8 8 8 9 6 7 7 7 9 9 10 10 11 10 3 4 3 1 1 2 5 6 5 4 5 4 5 5 4 4 3 5 5 5 5 5 3 5 4 4 5 4 3 4 4 4 5 4 3 3 3 4 4 5 4 4 4 4 4 4 2 2 2 2 2 2 3 3 3 3 3 3 3 6 7 5 8 8 2 2 
SEQ_3     10 13 13 10 12 12 11 13 13 10 10 11 10 11 11 13 13 12 10 13 9 13 10 14 12 13 12 9 9 11 12 12 13 13 11 12 11 9 9 12 12 9 9 13 12 13 12 13 13 14 14 10 11 11 11 11 12 12 12 12 9 10 11 11 10 10 13 13 12 12 6 6 6 4 1 0 3 7 9 8 9 8 9 9 8 8 7 9 9 8 8 9 8 9 8 8 9 8 8 8 8 8 9 8 8 8 8 8 8 8 7 7 7 7 7 7 7 7 7 7 7 7 7 7 7 7 7 7 7 8 10 8 12 12 4 4 2 
SEQ_4     10 13 13 10 12 12 11 13 13 10 10 11 10 11 11 13 13 12 10 13 9 13 10 14 12 13 12 9 9 11 12 12 13 13 11 12 11 9 9 12 12 9 9 13 12 13 12 13 13 14 14 10 11 11 11 11 12 12 12 12 9 10 11 11 10 10 13 13 12 12 6 6 6 4 1 0 3 7 9 8 9 8 9 9 8 8 7 9 9 8 8 9 8 9 8 8 9 8 8 8 8 8 9 8 8 8 8 8 8 8 7 7 7 7 7 7 7 7 7 7 7 7 7 7 7 7 7 7 7 8 10 8 12 12 4 4 2 0 
SEQ_5     9 12 11 11 12 12 12 13 12 12 10 12 11 11 11 12 12 13 11 15 9 15 11 13 11 13 12 10 10 11 11 12 12 12 12 13 12 10 9 13 13 9 9 15 14 12 12 13 13 16 16 11 11 11 11 11 11 12 12 13 10 11 11 11 11 11 13 13 11 12 7 8 7 7 4 3 0 4 7 8 8 7 8 9 9 10 9 10 10 8 8 9 9 9 9 9 9 9 9 9 9 9 9 10 10 9 9 9 9 8 8 9 9 9 9 9 9 9 9 9 9 9 9 9 9 9 9 9 9 10 11 10 12 12 5 5 5 3 3 
SEQ_6     10 13 12 10 13 12 12 12 13 11 11 12 11 11 11 13 12 13 10 13 9 15 11 14 12 12 12 10 10 11 11 12 12 13 11 13 12 10 9 13 12 9 9 15 14 13 12 12 12 16 16 11 11 12 11 11 11 12 12 13 10 11 11 11 11 11 13 13 10 10 7 10 8 7 4 6 4 2 4 6 8 7 8 9 10 9 8 10 10 9 9 9 9 8 9 9 9 9 10 9 9 10 10 11 11 9 9 9 9 10 10 11 11 11 11 11 11 11 11 11 11 11 10 10 10 10 10 10 10 12 13 12 14 14 5 5 5 6 6 4 
SEQ_7     12 14 13 12 14 13 12 13 14 12 12 12 10 12 13 15 13 13 11 15 11 16 12 17 14 13 13 11 11 13 13 13 14 14 11 12 12 11 11 14 12 11 11 16 15 14 13 14 14 17 17 12 11 14 13 12 13 13 13 14 11 11 13 13 13 13 14 14 13 12 8 9 10 7 7 9 7 6 0 6 9 7 10 11 11 11 10 12 12 11 11 11 11 10 10 10 10 10 11 11 11 11 11 12 12 11 11 11 11 11 12 12 12 12 12 12 12 12 12 12 12 13 12 12 12 12 12 12 12 14 13 13 15 15 5 5 5 9 9 7 4 
SEQ_8     14 14 14 14 15 15 13 17 17 14 13 13 11 12 13 14 15 16 12 15 12 16 13 19 16 13 14 12 13 13 14 14 17 16 12 13 13 12 12 13 13 12 12 16 15 15 13 15 15 17 17 13 13 15 12 12 13 14 14 16 12 12 13 13 14 14 16 16 14 13 8 8 9 6 6 8 8 8 6 0 5 6 9 12 10 12 11 13 13 11 11 10 10 10 10 10 10 9 9 10 10 10 11 11 11 11 11 10 10 11 10 11 11 11 11 11 12 12 12 12 12 12 12 12 12 12 12 12 12 15 14 14 16 15 4 4 4 8 8 8 6 6 
SEQ_9     13 14 14 13 16 15 12 16 16 15 12 12 10 12 13 14 16 16 13 16 11 17 12 18 15 14 14 14 14 13 13 14 16 14 11 12 12 11 11 14 13 11 11 17 16 15 13 15 15 18 18 12 11 14 12 12 12 14 14 16 11 11 13 13 14 14 16 16 14 13 8 8 9 6 6 8 8 8 6 2 3 5 8 12 10 12 11 12 12 11 11 10 10 9 9 9 10 8 9 11 11 11 12 11 12 11 11 10 10 11 10 11 11 11 11 11 12 12 12 12 12 12 12 12 12 12 12 12 12 15 13 13 15 15 4 4 4 8 8 8 6 6 2 
SEQ_10    12 13 13 12 15 14 11 16 15 15 12 11 9 12 12 14 15 14 12 15 10 16 12 17 14 16 13 13 12 12 12 14 15 13 11 11 12 10 10 15 15 10 10 16 15 15 13 14 14 17 17 11 10 13 12 11 13 15 15 17 10 10 12 12 13 13 17 17 17 16 5 8 8 5 5 7 7 10 7 6 6 2 4 9 8 12 11 11 11 11 11 11 9 10 9 9 10 9 8 10 10 10 11 11 10 9 9 10 10 11 10 11 11 11 11 11 10 10 10 10 10 10 10 10 10 10 10 10 10 15 13 12 14 15 3 3 3 7 7 7 7 7 6 4 
SEQ_11    11 13 11 11 14 14 12 15 13 14 12 11 11 10 11 12 14 13 13 15 10 16 12 15 13 16 13 12 11 11 11 13 14 12 11 13 12 11 10 15 15 10 10 16 15 13 11 13 13 17 17 12 11 12 11 9 11 14 14 16 11 11 11 11 13 13 16 16 15 15 7 9 8 6 6 8 7 9 10 9 8 4 1 7 7 10 10 10 10 11 11 11 10 10 9 9 9 9 8 9 9 9 10 11 10 10 10 10 10 11 10 11 11 11 11 11 11 11 11 11 11 11 11 11 11 11 11 11 11 12 11 13 14 15 4 4 4 8 8 7 7 10 9 8 4 
SEQ_12    16 16 15 12 15 15 15 17 15 13 16 13 14 13 14 16 15 13 13 17 13 18 15 17 17 15 14 12 11 14 15 14 16 17 14 16 15 13 13 16 16 13 13 18 17 15 14 13 13 18 19 14 16 15 14 12 14 15 15 16 13 14 14 14 15 15 16 16 14 14 10 11 10 6 6 8 9 11 11 11 12 9 7 1 3 8 8 13 13 12 13 13 12 13 13 13 14 13 12 12 12 12 12 12 13 12 12 13 13 14 13 14 14 14 14 13 14 14 14 14 14 13 13 13 13 13 13 13 13 15 16 17 18 18 5 5 4 8 8 9 10 11 11 11 8 7 
SEQ_13    17 17 16 15 15 17 16 19 17 16 17 15 15 14 15 17 16 14 15 17 15 17 16 19 17 17 17 14 13 15 16 13 16 17 15 17 16 14 14 17 17 14 14 17 17 16 15 14 14 18 19 15 15 16 15 13 15 15 15 17 14 15 15 15 16 16 17 17 16 15 10 12 10 6 6 8 9 11 11 10 11 9 7 4 2 7 10 13 13 14 14 13 12 13 12 12 13 13 13 12 12 12 13 14 15 14 14 13 13 14 14 15 15 15 15 14 16 16 16 16 16 16 15 15 15 15 15 15 15 16 16 17 19 19 5 5 4 8 8 9 10 11 10 10 8 7 3 
SEQ_14    16 16 16 14 17 15 16 16 15 16 16 13 15 12 13 15 14 15 14 17 13 17 15 17 16 15 15 12 12 13 14 15 16 17 15 16 15 14 13 17 16 13 13 17 17 14 13 13 14 19 19 15 14 15 14 13 13 14 14 16 14 15 13 13 15 15 16 16 16 14 9 11 10 7 6 8 10 11 11 11 12 12 11 7 7 7 6 9 9 13 14 13 13 14 13 13 14 14 13 12 12 12 12 12 12 13 13 13 13 13 13 12 12 12 12 13 13 13 13 13 13 13 13 13 13 13 13 13 13 15 16 19 19 18 5 5 4 8 8 10 10 11 11 11 12 10 7 7 
SEQ_15    16 17 16 13 18 17 15 16 17 14 17 15 14 13 13 15 16 15 16 17 13 18 14 18 15 16 18 15 15 12 12 16 15 16 13 17 15 12 13 19 17 12 13 18 18 16 14 13 14 20 19 14 15 14 14 13 11 15 15 16 12 13 11 11 17 17 16 16 17 16 10 12 9 7 6 8 10 11 12 13 13 12 12 10 9 5 3 9 9 15 14 13 13 14 14 14 14 15 14 13 13 14 12 14 14 14 14 14 14 14 13 14 14 14 14 15 16 16 16 16 16 16 14 14 14 14 14 14 14 19 17 19 21 19 4 4 4 8 8 10 10 12 13 13 12 10 9 10 8 
SEQ_16    14 15 12 14 18 15 15 17 12 17 14 14 14 11 12 13 15 15 15 18 12 18 14 16 13 18 15 15 14 12 12 15 14 14 13 16 14 13 12 18 17 12 11 18 18 13 11 14 15 19 20 14 14 13 13 11 11 14 14 16 12 14 9 9 12 12 16 16 18 17 9 11 10 8 7 9 10 12 12 12 12 12 11 12 14 8 8 2 2 11 11 11 10 11 11 11 11 12 13 12 12 14 14 14 13 13 13 13 13 14 14 14 14 14 14 14 14 14 14 14 14 14 14 14 14 14 14 14 14 16 16 20 19 20 5 5 5 9 9 10 10 12 12 12 11 9 13 13 10 8 
SEQ_17    14 15 13 14 18 15 14 17 12 17 14 13 14 12 11 13 14 14 15 19 13 19 14 15 12 17 15 15 14 12 12 16 13 14 13 16 14 12 12 18 16 12 11 19 18 13 13 13 14 20 20 13 13 14 12 12 12 16 16 17 12 14 10 10 12 12 17 17 18 17 11 12 10 9 8 10 11 11 12 13 12 12 13 12 13 9 7 4 4 8 8 8 12 11 12 12 13 14 15 13 13 14 13 15 15 15 15 15 15 14 14 14 14 14 14 14 14 14 14 14 14 14 14 14 14 14 14 14 14 18 17 19 19 21 5 5 6 10 10 11 10 12 13 12 12 11 12 14 10 9 3 
SEQ_18    14 14 14 15 18 17 15 16 13 17 14 12 13 11 13 15 16 16 16 17 11 19 14 15 14 17 17 15 14 12 13 16 14 16 14 16 15 12 11 18 16 11 11 18 17 12 10 15 14 21 19 12 14 14 13 12 14 16 16 17 12 13 11 11 15 15 17 17 19 18 10 11 6 7 5 6 8 10 11 10 11 10 10 12 11 13 11 10 10 5 6 9 8 10 10 10 10 11 10 11 11 12 11 11 10 9 9 10 10 10 9 10 10 10 10 10 10 10 10 10 10 10 10 10 10 10 10 10 10 17 18 18 18 18 3 3 3 6 6 8 8 11 10 10 9 9 11 12 12 12 8 10 
SEQ_19    14 13 15 14 18 17 14 15 13 18 15 12 13 12 12 15 16 16 15 17 11 18 13 15 14 15 16 14 13 12 13 16 14 16 12 15 15 11 10 18 16 11 11 17 16 13 11 14 15 19 17 11 12 13 13 13 15 16 16 16 11 12 12 12 16 16 16 16 17 17 9 12 9 8 5 6 8 11 10 11 12 11 12 12 13 13 12 11 11 5 4 8 8 10 10 10 10 10 9 12 12 12 11 11 10 9 9 10 10 10 9 10 10 10 10 9 10 10 10 10 10 11 11 11 11 11 11 11 11 18 19 18 19 21 4 4 3 6 6 8 9 10 11 11 10 10 12 13 13 14 11 11 4 
SEQ_20    13 13 14 14 19 16 13 14 13 19 14 11 11 11 11 14 15 16 15 17 9 18 12 14 13 16 17 15 15 10 12 17 13 15 11 13 14 10 8 17 17 10 9 18 17 11 9 14 16 18 18 10 11 12 12 12 12 17 17 17 10 11 11 11 17 17 16 16 17 17 11 12 9 9 7 9 9 11 10 11 10 11 12 13 13 12 13 11 11 8 7 5 8 8 7 7 7 9 10 11 11 12 12 12 13 12 12 11 11 11 11 12 12 12 12 11 12 12 12 12 12 11 11 11 11 11 11 11 11 21 19 20 18 22 5 5 5 9 9 9 9 10 11 10 10 10 13 13 14 15 11 12 8 5 
SEQ_21    13 14 14 13 17 16 13 15 13 17 13 11 12 10 11 14 16 16 14 15 10 17 12 14 12 16 17 13 13 10 10 16 13 15 12 14 14 10 10 17 16 10 9 18 15 12 10 14 16 17 18 10 12 12 11 12 12 15 15 15 9 10 10 10 16 16 15 15 16 16 10 11 7 9 6 8 9 10 10 10 10 11 12 13 12 11 12 10 10 9 8 5 3 4 4 4 6 7 10 10 10 11 11 12 12 11 11 10 10 11 10 11 11 11 11 11 13 13 13 13 13 13 12 12 12 12 12 12 12 20 18 20 18 21 3 3 4 8 8 9 8 10 10 10 10 10 13 12 13 13 10 11 7 7 5 
SEQ_22    14 14 15 13 19 16 13 16 15 17 14 11 12 10 11 13 15 17 14 13 11 16 12 14 13 15 17 13 13 10 10 15 15 16 12 13 14 11 11 16 15 11 10 16 13 12 10 13 15 16 16 10 13 12 10 12 12 16 16 15 10 11 10 10 16 16 15 15 16 16 11 11 8 10 7 9 9 10 10 10 10 10 11 14 12 12 12 11 11 11 10 8 5 0 2 2 4 6 11 9 9 10 11 11 12 12 12 11 11 11 11 12 12 12 12 12 14 14 14 14 14 14 13 13 13 13 13 13 13 19 19 21 17 21 4 4 5 9 9 9 8 10 10 9 10 10 13 13 14 14 11 11 10 10 8 4 
SEQ_23    14 14 15 13 19 16 13 16 15 17 14 11 12 10 11 13 15 17 14 13 11 16 12 14 13 15 17 13 13 10 10 15 15 16 12 13 14 11 11 16 15 11 10 16 13 12 10 13 15 16 16 10 13 12 10 12 12 16 16 15 10 11 10 10 16 16 15 15 16 16 11 11 8 10 7 9 9 10 10 10 10 10 11 14 12 12 12 11 11 11 10 8 5 0 2 2 4 6 11 9 9 10 11 11 12 12 12 11 11 11 11 12 12 12 12 12 14 14 14 14 14 14 13 13 13 13 13 13 13 19 19 21 17 21 4 4 5 9 9 9 8 10 10 9 10 10 13 13 14 14 11 11 10 10 8 4 0 
SEQ_24    13 14 15 13 19 16 12 17 14 17 13 11 12 10 11 13 16 17 15 14 10 16 11 13 12 16 18 13 13 10 10 15 14 15 11 13 13 10 10 16 15 10 9 17 14 12 10 14 16 16 17 10 12 12 10 12 12 15 15 15 9 10 10 10 16 16 15 15 16 16 10 10 8 9 6 8 9 12 10 10 10 10 11 13 13 11 11 11 11 12 11 9 6 2 0 0 4 7 9 9 9 10 11 12 12 11 11 10 10 11 10 11 11 11 11 11 13 13 13 13 13 13 12 12 12 12 12 12 12 19 19 20 17 22 4 4 4 8 8 9 9 10 10 9 9 9 13 12 13 14 11 12 10 10 7 4 2 2 
SEQ_25    14 13 14 15 21 17 13 16 14 20 14 10 12 12 12 15 16 16 15 13 11 17 11 14 12 16 16 16 16 11 12 15 14 15 11 12 13 11 11 17 16 11 10 16 13 12 10 14 16 15 16 10 12 14 11 13 14 15 15 16 9 10 12 12 18 18 15 15 17 16 11 11 8 10 7 9 9 11 10 11 11 11 12 14 13 11 13 11 11 11 10 9 7 3 4 4 3 4 9 8 8 10 11 11 12 11 11 9 9 11 11 12 12 12 12 11 13 13 13 13 13 12 11 11 11 11 11 11 11 21 19 21 19 22 5 5 5 9 9 9 9 10 11 10 10 10 13 13 14 15 12 13 11 9 6 6 3 3 4 
SEQ_26    11 12 12 14 21 17 9 15 14 19 10 10 9 8 8 11 14 16 14 16 7 18 8 15 13 16 17 14 15 9 10 17 13 15 9 12 10 6 6 17 16 6 7 17 17 14 11 16 16 17 17 8 8 10 11 11 12 16 16 17 6 8 10 10 17 17 16 16 19 18 10 9 8 6 5 8 9 12 11 9 11 10 11 12 12 13 13 12 12 11 10 10 10 11 9 9 8 7 0 5 5 4 6 7 6 6 6 9 9 8 8 9 9 9 9 9 8 8 8 8 8 8 8 8 8 8 8 8 8 17 20 20 19 20 3 3 3 8 8 9 10 11 9 9 8 8 12 13 13 14 13 15 10 9 10 10 11 11 9 9 
SEQ_27    11 12 12 14 21 17 9 15 14 19 10 10 9 8 8 11 14 16 14 16 7 18 8 15 13 16 17 14 15 9 10 17 13 15 9 12 10 6 6 17 16 6 7 17 17 14 11 16 16 17 17 8 8 10 11 11 12 16 16 17 6 8 10 10 17 17 16 16 19 18 10 9 8 6 5 8 9 12 11 9 11 10 11 12 12 13 13 12 12 11 10 10 10 11 9 9 8 7 0 5 5 4 6 7 6 6 6 9 9 8 8 9 9 9 9 9 8 8 8 8 8 8 8 8 8 8 8 8 8 17 20 20 19 20 3 3 3 8 8 9 10 11 9 9 8 8 12 13 13 14 13 15 10 9 10 10 11 11 9 9 0 
SEQ_28    11 12 10 14 18 17 8 14 12 17 11 10 8 6 8 9 14 14 15 13 6 16 8 12 11 15 16 11 13 7 10 14 11 13 8 12 10 6 7 17 15 5 6 15 15 12 9 15 15 16 15 8 10 10 7 9 8 13 13 15 6 9 6 6 15 15 14 14 15 14 10 11 9 8 6 8 9 11 11 10 12 11 12 12 12 11 12 12 12 12 11 10 12 9 9 9 8 7 5 0 0 2 4 5 5 5 5 7 7 6 7 7 7 7 7 8 7 7 7 7 7 8 7 7 7 7 7 7 7 19 19 20 20 20 4 4 4 8 8 9 9 11 10 11 10 9 12 12 12 13 12 13 11 12 11 10 9 9 9 8 5 5 
SEQ_29    11 12 10 14 18 17 8 14 12 17 11 10 8 6 8 9 14 14 15 13 6 16 8 12 11 15 16 11 13 7 10 14 11 13 8 12 10 6 7 17 15 5 6 15 15 12 9 15 15 16 15 8 10 10 7 9 8 13 13 15 6 9 6 6 15 15 14 14 15 14 10 11 9 8 6 8 9 11 11 10 12 11 12 12 12 11 12 12 12 12 11 10 12 9 9 9 8 7 5 0 0 2 4 5 5 5 5 7 7 6 7 7 7 7 7 8 7 7 7 7 7 8 7 7 7 7 7 7 7 19 19 20 20 20 4 4 4 8 8 9 9 11 10 11 10 9 12 12 12 13 12 13 11 12 11 10 9 9 9 8 5 5 0 
SEQ_30    11 13 10 14 19 17 8 14 12 17 10 11 8 5 7 10 13 13 15 13 5 16 7 13 11 15 17 11 13 8 9 14 10 12 9 12 11 5 6 17 16 4 5 15 15 11 10 14 14 16 15 7 9 9 8 10 9 13 13 15 7 9 7 7 16 16 14 14 16 15 9 10 7 7 6 8 9 10 11 10 12 11 12 12 11 13 14 14 14 11 10 10 10 10 10 10 10 9 4 2 2 0 2 4 3 4 4 7 7 5 6 6 6 6 6 7 7 7 7 7 7 7 7 7 7 7 7 7 7 20 19 21 19 19 3 3 4 8 8 9 10 11 10 11 10 9 12 12 12 14 14 14 12 12 12 11 10 10 10 10 4 4 2 2 
SEQ_31    11 13 11 14 18 18 9 15 13 17 10 12 8 4 7 10 12 15 17 14 5 17 8 14 11 14 18 13 13 7 8 13 10 12 10 13 12 5 6 17 15 4 5 16 16 10 9 15 15 17 16 7 9 8 7 9 9 12 12 14 7 9 6 6 18 18 13 13 15 15 11 12 6 8 7 9 9 10 11 11 13 12 12 11 12 14 13 15 15 9 8 8 10 10 11 11 11 9 6 4 4 2 1 2 4 4 4 6 6 5 6 6 6 6 6 6 7 7 7 7 7 7 7 7 7 7 7 7 7 21 20 22 21 20 4 4 5 9 9 9 10 11 11 12 11 10 11 13 12 13 14 14 11 11 12 11 10 10 11 10 6 6 4 4 2 
SEQ_32    12 14 12 13 18 18 10 15 14 16 12 11 10 6 9 12 14 15 17 14 7 17 10 16 13 15 19 12 12 9 10 14 12 14 12 15 14 7 8 17 14 6 7 16 16 12 11 17 15 16 16 8 10 10 9 11 11 12 12 14 8 10 8 8 17 17 14 14 17 16 11 11 6 7 5 8 10 11 12 12 13 12 14 14 14 13 11 12 12 11 10 9 11 12 12 12 12 10 6 5 5 3 3 2 1 3 3 6 6 5 6 5 5 5 5 6 7 7 7 7 7 6 7 7 7 7 7 7 7 20 20 20 20 22 3 3 3 8 8 10 11 12 12 12 10 11 14 15 12 14 13 15 10 10 13 12 12 12 12 12 6 6 5 5 3 4 
SEQ_33    12 14 12 12 17 18 11 15 14 15 12 12 10 6 9 12 14 15 16 14 7 16 10 16 13 16 19 11 11 9 10 13 12 14 12 15 14 7 8 18 15 6 7 15 16 12 11 17 15 16 15 9 11 10 9 11 11 12 12 14 9 11 8 8 16 16 14 14 17 16 10 11 7 8 5 8 10 11 12 11 13 12 13 13 14 13 11 12 12 12 11 10 11 12 12 12 12 9 6 5 5 3 3 3 0 2 2 5 5 5 5 4 4 4 4 5 6 6 6 6 6 5 6 6 6 6 6 6 6 20 20 21 21 22 3 3 3 8 8 10 11 12 11 12 10 10 13 15 12 14 13 15 10 10 13 12 12 12 12 12 6 6 5 5 3 4 1 
SEQ_34    10 14 12 12 17 17 10 14 13 15 10 11 8 6 9 12 13 14 16 15 5 15 8 15 12 16 18 11 11 9 10 14 11 13 10 13 12 5 6 18 16 4 5 14 15 12 11 16 14 17 14 8 10 10 9 11 11 11 11 13 8 10 8 8 16 16 13 13 17 15 10 10 6 8 5 8 9 11 11 11 12 11 13 12 14 12 10 11 11 12 11 11 10 12 11 11 11 8 6 5 5 4 4 4 2 0 0 3 3 6 5 6 6 6 6 7 7 7 7 7 7 7 6 6 6 6 6 6 6 20 19 21 21 22 3 3 3 8 8 9 9 11 11 11 9 10 12 14 13 14 13 15 9 9 12 11 12 12 11 11 6 6 5 5 4 4 3 2 
SEQ_35    9 13 11 11 14 18 12 15 12 14 11 12 11 7 8 13 16 15 15 14 6 14 9 14 11 16 17 10 10 8 9 11 12 12 10 14 12 8 7 16 13 7 8 13 14 13 10 17 15 16 13 8 12 9 10 10 12 9 9 11 8 9 9 9 15 15 11 11 16 14 12 11 6 9 6 8 9 11 11 10 11 11 12 13 13 13 11 12 12 11 10 9 11 11 10 10 10 6 9 7 7 7 5 6 5 3 3 0 0 4 3 4 4 4 4 5 6 6 6 6 6 6 5 5 5 5 5 5 5 21 20 22 20 21 4 4 4 8 8 9 9 11 10 10 10 10 13 13 13 14 13 15 10 10 11 10 11 11 10 9 9 9 7 7 7 6 6 5 3 
SEQ_36    9 13 11 11 14 18 12 15 12 14 11 12 11 7 8 13 16 15 15 14 6 14 9 14 11 16 17 10 10 8 9 11 12 12 10 14 12 8 7 16 13 7 8 13 14 13 10 17 15 16 13 8 12 9 10 10 12 9 9 11 8 9 9 9 15 15 11 11 16 14 12 11 6 9 6 8 9 11 11 10 11 11 12 13 13 13 11 12 12 11 10 9 11 11 10 10 10 6 9 7 7 7 5 6 5 3 3 0 0 4 3 4 4 4 4 5 6 6 6 6 6 6 5 5 5 5 5 5 5 21 20 22 20 21 4 4 4 8 8 9 9 11 10 10 10 10 13 13 13 14 13 15 10 10 11 10 11 11 10 9 9 9 7 7 7 6 6 5 3 0 
SEQ_37    9 13 11 11 14 18 12 15 12 14 11 12 11 7 8 13 16 15 15 14 6 14 9 14 11 16 17 10 10 8 9 11 12 12 10 14 12 8 7 16 13 7 8 13 14 13 10 17 15 16 13 8 12 9 10 10 12 9 9 11 8 9 9 9 15 15 11 11 16 14 12 11 6 9 6 8 9 11 11 10 11 11 12 13 13 13 11 12 12 11 10 9 11 11 10 10 10 6 9 7 7 7 5 6 5 3 3 0 0 4 3 4 4 4 4 5 6 6 6 6 6 6 5 5 5 5 5 5 5 21 20 22 20 21 4 4 4 8 8 9 9 11 10 10 10 10 13 13 13 14 13 15 10 10 11 10 11 11 10 9 9 9 7 7 7 6 6 5 3 0 0 
SEQ_38    8 14 10 12 15 17 11 15 12 15 10 12 10 7 8 12 14 16 15 14 6 16 8 15 10 14 16 11 11 7 9 10 10 11 9 13 12 7 6 16 14 6 7 15 15 12 10 16 16 16 15 8 11 9 9 10 11 10 10 12 8 8 8 8 16 16 11 11 14 14 12 12 7 8 7 8 8 11 11 11 12 12 12 14 14 14 13 13 13 9 8 8 11 11 11 11 11 8 8 6 6 5 4 5 5 6 6 4 4 0 1 1 1 1 1 2 4 4 4 4 4 3 3 3 3 3 3 3 3 20 21 21 20 20 5 5 5 8 8 8 10 11 11 11 11 11 14 14 13 14 14 14 10 10 11 11 11 11 11 11 8 8 6 6 5 5 5 5 6 4 4 4 
SEQ_39    8 14 11 12 15 18 11 16 13 15 10 12 10 8 9 13 15 17 15 14 6 16 8 16 11 15 17 11 11 8 10 10 11 12 9 13 12 7 6 17 14 6 7 15 15 13 11 17 17 16 15 8 11 10 10 11 12 10 10 12 8 8 9 9 16 16 12 12 15 15 12 11 7 8 6 7 8 11 12 10 11 11 12 13 13 14 12 13 13 10 9 9 10 11 10 10 10 7 8 7 7 6 5 6 5 5 5 3 3 1 0 1 1 1 1 2 4 4 4 4 4 3 3 3 3 3 3 3 3 21 21 20 20 21 4 4 4 7 7 8 10 12 10 10 10 10 13 14 13 13 14 14 9 9 11 10 11 11 10 11 8 8 7 7 6 6 6 5 5 3 3 3 1 
SEQ_40    9 15 11 11 14 18 12 16 13 14 11 13 11 8 9 13 15 17 14 13 7 15 9 16 11 15 17 10 10 8 10 9 11 12 10 14 13 8 7 16 13 7 8 14 14 13 11 17 17 16 14 9 12 10 10 11 12 9 9 11 9 9 9 9 15 15 12 12 15 15 11 11 6 8 6 7 9 12 12 11 12 12 13 14 14 14 12 13 13 10 9 9 11 12 11 11 11 8 9 7 7 6 5 6 4 6 6 4 4 1 1 0 0 0 0 1 3 3 3 3 3 2 2 2 2 2 2 2 2 20 21 20 20 21 4 4 4 7 7 9 11 12 11 11 11 11 14 15 12 14 14 14 10 10 12 11 12 12 11 12 9 9 7 7 6 6 5 4 6 4 4 4 1 1 
SEQ_41    9 15 11 11 14 18 12 16 13 14 11 13 11 8 9 13 15 17 14 13 7 15 9 16 11 15 17 10 10 8 10 9 11 12 10 14 13 8 7 16 13 7 8 14 14 13 11 17 17 16 14 9 12 10 10 11 12 9 9 11 9 9 9 9 15 15 12 12 15 15 11 11 6 8 6 7 9 12 12 11 12 12 13 14 14 14 12 13 13 10 9 9 11 12 11 11 11 8 9 7 7 6 5 6 4 6 6 4 4 1 1 0 0 0 0 1 3 3 3 3 3 2 2 2 2 2 2 2 2 20 21 20 20 21 4 4 4 7 7 9 11 12 11 11 11 11 14 15 12 14 14 14 10 10 12 11 12 12 11 12 9 9 7 7 6 6 5 4 6 4 4 4 1 1 0 
SEQ_42    9 15 11 11 14 18 12 16 13 14 11 13 11 8 9 13 15 17 14 13 7 15 9 16 11 15 17 10 10 8 10 9 11 12 10 14 13 8 7 16 13 7 8 14 14 13 11 17 17 16 14 9 12 10 10 11 12 9 9 11 9 9 9 9 15 15 12 12 15 15 11 11 6 8 6 7 9 12 12 11 12 12 13 14 14 14 12 13 13 10 9 9 11 12 11 11 11 8 9 7 7 6 5 6 4 6 6 4 4 1 1 0 0 0 0 1 3 3 3 3 3 2 2 2 2 2 2 2 2 20 21 20 20 21 4 4 4 7 7 9 11 12 11 11 11 11 14 15 12 14 14 14 10 10 12 11 12 12 11 12 9 9 7 7 6 6 5 4 6 4 4 4 1 1 0 0 
SEQ_43    8 15 11 10 15 18 12 15 12 13 11 13 11 8 9 12 15 16 14 14 6 16 9 15 10 16 17 9 9 7 10 10 11 11 10 14 13 8 7 17 14 7 8 15 15 12 11 16 16 17 15 9 12 10 9 11 11 10 10 12 9 8 8 8 14 14 13 13 16 16 11 11 5 8 5 7 9 12 12 12 13 12 14 13 15 14 11 12 12 10 9 10 11 13 12 12 12 9 9 7 7 6 5 6 4 6 6 5 5 2 2 1 1 1 1 2 2 2 2 2 2 1 3 3 3 3 3 3 3 20 21 19 21 21 3 3 3 7 7 9 11 12 12 12 10 11 13 16 12 15 13 13 9 10 12 12 13 13 12 13 9 9 7 7 6 6 5 4 6 5 5 5 2 2 1 1 1 
SEQ_44    8 15 11 10 15 18 12 15 12 13 11 13 11 8 9 12 15 16 14 14 6 16 9 15 10 16 17 9 9 7 10 10 11 11 10 14 13 8 7 17 14 7 8 15 15 12 11 16 16 17 15 9 12 10 9 11 11 10 10 12 9 8 8 8 14 14 13 13 16 16 11 11 5 8 5 7 9 12 12 12 13 12 14 13 15 14 11 12 12 10 9 10 11 13 12 12 12 9 9 7 7 6 5 6 4 6 6 5 5 2 2 1 1 1 1 2 2 2 2 2 2 1 3 3 3 3 3 3 3 20 21 19 21 21 3 3 3 7 7 9 11 12 12 12 10 11 13 16 12 15 13 13 9 10 12 12 13 13 12 13 9 9 7 7 6 6 5 4 6 5 5 5 2 2 1 1 1 0 
SEQ_45    8 15 12 11 16 19 12 16 13 14 11 13 11 9 10 13 16 17 15 14 6 16 9 16 11 17 18 10 10 8 11 11 12 12 10 14 13 8 7 18 15 7 8 15 15 13 12 17 17 17 15 9 12 11 10 12 12 11 11 13 9 8 9 9 15 15 14 14 17 17 11 11 5 8 5 7 9 12 12 12 13 12 14 13 15 14 11 12 12 9 8 10 11 13 12 12 12 9 9 8 8 7 6 6 5 7 7 6 6 3 3 2 2 2 2 1 1 1 1 1 1 2 2 2 2 2 2 2 2 21 20 18 22 21 3 3 3 7 7 9 11 12 12 12 10 11 13 15 13 15 13 13 9 9 11 12 13 13 12 12 9 9 8 8 7 6 6 5 7 6 6 6 3 3 2 2 2 1 1 
SEQ_46    8 14 12 11 16 19 11 16 13 14 11 12 11 9 10 13 16 17 15 13 6 15 9 16 11 17 18 10 10 8 11 11 12 12 9 14 13 8 7 18 15 7 8 14 15 13 12 17 17 17 14 9 11 11 10 12 12 11 11 13 9 7 9 9 15 15 14 14 17 17 10 10 5 8 5 7 9 12 12 12 13 12 14 14 16 14 12 13 13 10 9 11 12 14 13 13 12 9 8 7 7 7 7 7 6 7 7 6 6 4 4 3 3 3 3 2 0 0 0 0 0 1 3 3 3 3 3 3 3 22 21 19 22 22 2 2 2 7 7 9 11 12 12 12 10 11 14 16 13 16 14 14 10 10 12 13 14 14 13 13 8 8 7 7 7 7 7 6 7 6 6 6 4 4 3 3 3 2 2 1 
SEQ_47    8 14 12 11 16 19 11 16 13 14 11 12 11 9 10 13 16 17 15 13 6 15 9 16 11 17 18 10 10 8 11 11 12 12 9 14 13 8 7 18 15 7 8 14 15 13 12 17 17 17 14 9 11 11 10 12 12 11 11 13 9 7 9 9 15 15 14 14 17 17 10 10 5 8 5 7 9 12 12 12 13 12 14 14 16 14 12 13 13 10 9 11 12 14 13 13 12 9 8 7 7 7 7 7 6 7 7 6 6 4 4 3 3 3 3 2 0 0 0 0 0 1 3 3 3 3 3 3 3 22 21 19 22 22 2 2 2 7 7 9 11 12 12 12 10 11 14 16 13 16 14 14 10 10 12 13 14 14 13 13 8 8 7 7 7 7 7 6 7 6 6 6 4 4 3 3 3 2 2 1 0 
SEQ_48    8 14 12 11 16 19 11 16 13 14 11 12 11 9 10 13 16 17 15 13 6 15 9 16 11 17 18 10 10 8 11 11 12 12 9 14 13 8 7 18 15 7 8 14 15 13 12 17 17 17 14 9 11 11 10 12 12 11 11 13 9 7 9 9 15 15 14 14 17 17 10 10 5 8 5 7 9 12 12 12 13 12 14 14 16 14 12 13 13 10 9 11 12 14 13 13 12 9 8 7 7 7 7 7 6 7 7 6 6 4 4 3 3 3 3 2 0 0 0 0 0 1 3 3 3 3 3 3 3 22 21 19 22 22 2 2 2 7 7 9 11 12 12 12 10 11 14 16 13 16 14 14 10 10 12 13 14 14 13 13 8 8 7 7 7 7 7 6 7 6 6 6 4 4 3 3 3 2 2 1 0 0 
SEQ_49    9 15 10 11 14 17 12 16 13 14 10 13 10 7 8 13 14 17 13 13 7 15 8 16 11 15 16 10 10 8 9 9 10 12 9 13 13 7 6 16 13 6 7 14 14 13 10 17 17 16 14 9 12 9 10 10 12 9 9 11 9 9 9 9 15 15 12 12 15 15 12 10 5 7 6 7 9 12 11 12 13 12 13 13 14 13 11 13 13 10 9 10 12 12 11 11 11 8 9 6 6 6 5 6 5 5 5 4 4 2 2 1 1 1 1 2 3 3 3 3 3 3 1 1 1 1 1 1 1 21 20 20 21 20 4 4 4 7 7 9 10 11 12 12 11 11 13 15 12 13 13 13 10 10 12 11 12 12 11 12 9 9 6 6 6 6 6 5 5 4 4 4 2 2 1 1 1 2 2 2 3 3 3 
SEQ_50    9 15 10 11 15 17 12 16 13 14 10 13 10 7 8 13 14 17 13 14 7 16 8 16 11 16 16 10 10 8 9 10 10 12 8 13 12 7 6 17 14 6 7 15 14 13 10 17 17 16 15 8 12 9 10 10 12 10 10 12 8 8 9 9 15 15 13 13 16 16 11 9 5 7 5 7 9 12 11 12 13 12 14 13 14 13 11 13 13 11 10 11 12 13 12 12 12 9 9 6 6 6 5 6 5 5 5 5 5 3 3 2 2 2 2 3 2 2 2 2 2 3 1 1 1 1 1 1 1 20 21 19 22 21 3 3 3 7 7 9 10 11 12 12 10 11 13 15 12 14 14 14 10 11 11 12 13 13 12 12 9 9 6 6 6 6 6 5 5 5 5 5 3 3 2 2 2 2 2 3 2 2 2 1 
SEQ_51    8 14 11 12 15 18 11 17 14 15 9 12 9 8 9 14 15 18 14 13 6 15 7 17 12 16 17 11 11 9 10 10 11 13 9 12 13 6 5 17 14 5 6 14 13 14 11 18 18 15 14 9 11 10 11 11 13 10 10 12 9 9 10 10 16 16 13 13 16 16 11 9 5 7 5 7 9 12 12 12 13 12 13 13 14 13 11 13 13 11 10 11 12 13 12 12 11 8 8 7 7 7 6 7 6 6 6 5 5 3 3 2 2 2 2 2 3 3 3 3 3 2 0 0 0 0 0 0 0 21 20 19 22 21 3 3 3 7 7 9 10 12 12 12 10 11 13 15 13 14 14 14 10 11 11 12 13 13 12 11 8 8 7 7 7 7 7 6 6 5 5 5 3 3 2 2 2 3 3 2 3 3 3 1 1 
SEQ_52    8 14 11 12 15 18 11 17 14 15 9 12 9 8 9 14 15 18 14 13 6 15 7 17 12 16 17 11 11 9 10 10 11 13 9 12 13 6 5 17 14 5 6 14 13 14 11 18 18 15 14 9 11 10 11 11 13 10 10 12 9 9 10 10 16 16 13 13 16 16 11 9 5 7 5 7 9 12 12 12 13 12 13 13 14 13 11 13 13 11 10 11 12 13 12 12 11 8 8 7 7 7 6 7 6 6 6 5 5 3 3 2 2 2 2 2 3 3 3 3 3 2 0 0 0 0 0 0 0 21 20 19 22 21 3 3 3 7 7 9 10 12 12 12 10 11 13 15 13 14 14 14 10 11 11 12 13 13 12 11 8 8 7 7 7 7 7 6 6 5 5 5 3 3 2 2 2 3 3 2 3 3 3 1 1 0 
SEQ_53    8 14 11 12 15 18 11 17 14 15 9 12 9 8 9 14 15 18 14 13 6 15 7 17 12 16 17 11 11 9 10 10 11 13 9 12 13 6 5 17 14 5 6 14 13 14 11 18 18 15 14 9 11 10 11 11 13 10 10 12 9 9 10 10 16 16 13 13 16 16 11 9 5 7 5 7 9 12 12 12 13 12 13 13 14 13 11 13 13 11 10 11 12 13 12 12 11 8 8 7 7 7 6 7 6 6 6 5 5 3 3 2 2 2 2 2 3 3 3 3 3 2 0 0 0 0 0 0 0 21 20 19 22 21 3 3 3 7 7 9 10 12 12 12 10 11 13 15 13 14 14 14 10 11 11 12 13 13 12 11 8 8 7 7 7 7 7 6 6 5 5 5 3 3 2 2 2 3 3 2 3 3 3 1 1 0 0 
SEQ_54    8 14 11 12 15 18 11 17 14 15 9 12 9 8 9 14 15 18 14 13 6 15 7 17 12 16 17 11 11 9 10 10 11 13 9 12 13 6 5 17 14 5 6 14 13 14 11 18 18 15 14 9 11 10 11 11 13 10 10 12 9 9 10 10 16 16 13 13 16 16 11 9 5 7 5 7 9 12 12 12 13 12 13 13 14 13 11 13 13 11 10 11 12 13 12 12 11 8 8 7 7 7 6 7 6 6 6 5 5 3 3 2 2 2 2 2 3 3 3 3 3 2 0 0 0 0 0 0 0 21 20 19 22 21 3 3 3 7 7 9 10 12 12 12 10 11 13 15 13 14 14 14 10 11 11 12 13 13 12 11 8 8 7 7 7 7 7 6 6 5 5 5 3 3 2 2 2 3 3 2 3 3 3 1 1 0 0 0 
SEQ_55    8 14 11 12 15 18 11 17 14 15 9 12 9 8 9 14 15 18 14 13 6 15 7 17 12 16 17 11 11 9 10 10 11 13 9 12 13 6 5 17 14 5 6 14 13 14 11 18 18 15 14 9 11 10 11 11 13 10 10 12 9 9 10 10 16 16 13 13 16 16 11 9 5 7 5 7 9 12 12 12 13 12 13 13 14 13 11 13 13 11 10 11 12 13 12 12 11 8 8 7 7 7 6 7 6 6 6 5 5 3 3 2 2 2 2 2 3 3 3 3 3 2 0 0 0 0 0 0 0 21 20 19 22 21 3 3 3 7 7 9 10 12 12 12 10 11 13 15 13 14 14 14 10 11 11 12 13 13 12 11 8 8 7 7 7 7 7 6 6 5 5 5 3 3 2 2 2 3 3 2 3 3 3 1 1 0 0 0 0 
SEQ_56    8 14 11 12 15 18 11 17 14 15 9 12 9 8 9 14 15 18 14 13 6 15 7 17 12 16 17 11 11 9 10 10 11 13 9 12 13 6 5 17 14 5 6 14 13 14 11 18 18 15 14 9 11 10 11 11 13 10 10 12 9 9 10 10 16 16 13 13 16 16 11 9 5 7 5 7 9 12 12 12 13 12 13 13 14 13 11 13 13 11 10 11 12 13 12 12 11 8 8 7 7 7 6 7 6 6 6 5 5 3 3 2 2 2 2 2 3 3 3 3 3 2 0 0 0 0 0 0 0 21 20 19 22 21 3 3 3 7 7 9 10 12 12 12 10 11 13 15 13 14 14 14 10 11 11 12 13 13 12 11 8 8 7 7 7 7 7 6 6 5 5 5 3 3 2 2 2 3 3 2 3 3 3 1 1 0 0 0 0 0 
SEQ_57    8 14 11 12 15 18 11 17 14 15 9 12 9 8 9 14 15 18 14 13 6 15 7 17 12 16 17 11 11 9 10 10 11 13 9 12 13 6 5 17 14 5 6 14 13 14 11 18 18 15 14 9 11 10 11 11 13 10 10 12 9 9 10 10 16 16 13 13 16 16 11 9 5 7 5 7 9 12 12 12 13 12 13 13 14 13 11 13 13 11 10 11 12 13 12 12 11 8 8 7 7 7 6 7 6 6 6 5 5 3 3 2 2 2 2 2 3 3 3 3 3 2 0 0 0 0 0 0 0 21 20 19 22 21 3 3 3 7 7 9 10 12 12 12 10 11 13 15 13 14 14 14 10 11 11 12 13 13 12 11 8 8 7 7 7 7 7 6 6 5 5 5 3 3 2 2 2 3 3 2 3 3 3 1 1 0 0 0 0 0 0 
SEQ_58    8 14 11 12 15 18 11 17 14 15 9 12 9 8 9 14 15 18 14 13 6 15 7 17 12 16 17 11 11 9 10 10 11 13 9 12 13 6 5 17 14 5 6 14 13 14 11 18 18 15 14 9 11 10 11 11 13 10 10 12 9 9 10 10 16 16 13 13 16 16 11 9 5 7 5 7 9 12 12 12 13 12 13 13 14 13 11 13 13 11 10 11 12 13 12 12 11 8 8 7 7 7 6 7 6 6 6 5 5 3 3 2 2 2 2 2 3 3 3 3 3 2 0 0 0 0 0 0 0 21 20 19 22 21 3 3 3 7 7 9 10 12 12 12 10 11 13 15 13 14 14 14 10 11 11 12 13 13 12 11 8 8 7 7 7 7 7 6 6 5 5 5 3 3 2 2 2 3 3 2 3 3 3 1 1 0 0 0 0 0 0 0 
SEQ_59    20 22 21 19 18 23 23 20 21 21 21 22 23 23 22 21 22 23 19 20 23 20 22 21 21 21 20 21 20 22 22 20 20 21 23 22 21 23 23 19 20 23 23 22 21 21 21 23 22 21 21 23 23 23 22 23 21 20 20 18 23 23 23 23 19 19 19 19 21 21 14 12 14 12 8 9 10 12 13 16 16 15 14 16 17 17 18 18 18 20 20 21 20 21 20 20 22 22 19 21 21 21 22 22 20 21 21 23 23 22 22 21 21 21 21 22 22 22 22 22 22 22 22 22 22 22 22 22 22 2 10 19 19 19 6 6 7 9 9 10 12 13 16 16 15 13 17 17 16 20 17 19 18 19 22 21 21 21 20 22 19 19 21 21 21 23 20 20 21 23 23 23 22 22 21 21 21 21 21 22 22 22 22 22 21 22 22 22 22 22 22 22 22 
SEQ_60    20 18 22 19 21 22 19 21 20 22 20 21 19 18 19 20 21 22 21 22 18 22 19 21 20 22 22 23 22 19 21 22 21 21 19 19 19 19 18 22 22 18 19 21 21 20 19 21 21 20 21 19 21 19 19 20 19 23 23 23 18 20 19 19 21 21 23 23 21 22 14 11 14 10 8 9 10 13 13 14 11 12 13 17 19 16 17 18 18 18 18 17 19 18 18 18 20 17 19 18 18 19 19 19 20 19 19 20 20 21 21 21 21 21 21 21 20 20 20 20 20 21 20 20 20 20 20 20 20 12 3 12 19 20 6 6 6 9 9 10 12 13 14 13 13 12 18 18 18 20 17 17 19 20 18 18 18 18 18 19 19 19 18 18 19 20 19 20 19 20 20 20 21 21 21 21 21 21 21 20 20 20 20 20 20 20 20 20 20 20 20 20 20 13 
SEQ_61    21 21 23 22 22 21 21 23 22 21 20 23 20 22 21 22 21 24 23 22 21 22 21 21 21 22 23 23 22 21 21 22 23 22 22 19 20 21 22 22 22 21 21 22 22 21 22 22 22 22 22 22 22 21 21 22 21 21 21 22 21 21 21 21 23 23 22 22 21 21 12 11 14 9 7 8 10 13 13 14 13 13 16 17 17 16 17 20 20 18 18 19 20 21 20 20 21 19 20 20 20 21 21 20 21 21 21 22 22 21 20 20 20 20 20 19 19 19 19 19 19 19 19 19 19 19 19 19 19 19 15 0 19 20 5 5 5 8 8 10 12 13 14 13 12 13 17 17 19 19 20 19 18 18 20 20 21 21 20 21 20 20 20 20 21 22 20 21 21 22 22 22 21 20 20 20 20 19 19 18 19 19 19 20 19 19 19 19 19 19 19 19 19 19 12 
SEQ_62    19 19 19 21 19 19 18 17 19 20 20 19 19 21 21 20 21 20 22 21 21 20 21 19 18 21 21 21 21 20 20 19 21 18 21 19 20 21 21 21 21 21 20 19 21 20 20 20 20 22 20 19 20 20 21 21 20 20 20 19 20 20 21 21 21 21 19 19 21 22 14 13 16 12 10 12 12 14 15 16 15 14 15 18 19 20 19 20 20 19 20 20 17 17 17 17 20 18 19 20 20 19 20 21 21 21 21 20 20 20 20 20 20 20 20 21 22 22 22 22 22 22 22 22 22 22 22 22 22 19 18 19 0 21 8 8 8 12 12 12 14 15 16 15 14 14 18 19 19 21 19 19 18 19 18 18 17 17 17 19 19 19 20 20 19 21 20 21 21 20 20 20 20 20 20 20 20 21 21 22 22 22 22 21 22 22 22 22 22 22 22 22 22 19 19 19 
SEQ_63    20 19 18 19 21 21 20 19 18 20 22 21 23 20 20 18 20 18 20 17 21 20 22 20 20 20 21 20 20 20 20 21 20 19 22 20 22 21 22 20 20 21 22 20 19 18 19 19 21 18 19 19 21 20 20 20 20 21 21 18 21 22 20 20 21 21 18 18 21 21 14 14 17 14 10 12 12 14 15 15 15 15 16 17 19 20 20 20 20 19 19 20 22 21 22 22 22 22 20 20 20 19 19 21 22 22 22 21 21 20 21 21 21 21 21 22 22 22 22 22 22 22 21 21 21 21 21 21 21 17 20 20 21 0 8 8 8 12 12 12 14 15 15 15 15 15 18 19 18 19 20 21 18 21 22 21 21 21 22 22 20 20 20 20 19 20 22 22 22 21 21 21 20 21 21 21 21 21 21 21 22 22 22 20 21 21 21 21 21 21 21 21 21 19 20 20 21 


Adjacencies of each genome comparison after each step:

