Data generated by UniMoG (http://http://bibiserv.cebitec.uni-bielefeld.de/dcj?id=dcj_unimog)

Input:

>simulated_k51_l1000_10
 0 319 320 321 322 323 324 325 326 327 328 329 330 331 332 333 334 335 336 337 338 339 340 341 342 343 344 345 346 347 348 349 350 351 352 353 354 355 356 357 358 359 360 361 362 363 364 365 366 367 368 369 370 371 372 373 374 375 376 377 378 379 380 381 382 383 384 385 386 387 388 389 390 391 392 393 394 395 396 397 398 399 400 401 402 403 404 405 406 407 408 409 410 411 412 413 414 415 416 417 418 419 420 421 422 423 424 425 426 427 428 429 430 431 432 433 434 435 436 437 438 439 440 441 442 443 444 445 446 447 448 449 450 451 452 453 454 455 456 457 458 459 460 461 462 463 464 465 466 467 468 469 470 471 472 473 474 475 476 477 478 479 480 | 672 673 674 675 676 677 678 679 680 681 682 683 684 685 686 687 688 689 690 691 692 693 694 695 696 697 698 699 700 701 702 703 704 705 706 707 708 709 710 711 712 713 714 715 716 717 718 719 720 721 722 723 724 725 726 727 728 729 730 731 732 733 734 735 736 737 738 739 740 741 742 743 744 745 746 747 748 749 750 751 752 753 754 755 756 757 758 759 760 761 762 763 764 765 766 767 768 769 770 771 772 773 774 775 776 777 778 779 780 781 782 783 784 785 786 787 788 789 790 791 792 793 794 795 796 797 798 799 800 801 802 803 804 805 806 807 808 809 810 811 812 813 814 815 816 817 818 819 820 821 822 823 824 825 826 827 828 829 830 831 832 833 834 835 836 837 838 839 840 841 842 843 844 845 846 847 848 849 | 850 946 947 948 949 950 951 952 953 954 955 956 957 958 959 960 | 485 482 483 484 | 994 995 996 997 998 999 | 251 252 253 254 255 256 257 258 259 260 261 262 263 264 265 266 267 268 269 270 271 272 273 274 275 276 277 278 279 280 281 282 283 284 285 286 287 288 289 290 291 292 293 294 295 296 297 298 299 300 301 302 303 304 305 306 307 308 309 310 311 312 313 314 315 316 317 | 318 851 | 64 65 66 67 68 69 70 71 72 73 74 75 | 76 77 78 79 80 81 82 83 84 85 86 87 88 89 90 91 92 93 94 95 96 97 98 99 100 101 102 103 104 105 106 107 108 109 110 111 112 113 114 115 116 117 118 119 120 121 122 123 124 125 126 127 128 129 130 131 132 133 134 135 136 137 138 139 140 141 142 143 144 145 146 147 148 149 150 151 152 153 154 155 156 157 158 159 160 161 162 163 164 165 166 167 168 169 170 171 172 173 174 175 176 177 178 179 180 181 182 183 184 185 186 187 188 189 190 191 192 193 194 195 196 197 198 199 200 201 202 203 204 205 206 207 208 209 210 211 212 213 214 215 216 217 218 219 220 221 222 223 224 225 226 227 228 229 230 231 232 233 234 235 236 237 238 239 240 241 242 243 244 245 246 247 248 249 250 | 20 21 22 23 24 25 26 27 28 29 | 4 5 6 7 8 9 10 11 12 13 14 15 16 17 18 19 | 961 962 963 964 965 966 967 968 969 970 971 972 973 974 975 976 977 978 979 980 981 982 983 984 985 986 987 988 989 990 991 992 993 | 945 31 32 33 34 35 36 37 38 39 40 41 42 43 44 45 46 47 48 49 50 51 52 53 54 55 56 57 58 59 60 61 62 63 | 481 486 487 488 489 490 491 492 493 494 495 496 497 498 499 500 501 502 503 504 505 506 507 508 509 510 511 512 513 514 515 516 517 518 519 520 521 522 523 524 525 526 527 528 529 530 531 532 533 534 535 536 537 538 539 540 541 542 543 544 545 546 547 548 549 550 551 552 553 554 555 556 557 558 559 560 561 562 563 564 565 566 567 568 569 570 571 572 573 574 575 576 577 578 579 580 581 582 583 584 585 586 587 588 589 590 591 592 593 594 595 596 597 598 599 600 601 602 603 604 605 606 607 608 609 610 611 612 613 614 615 616 617 618 619 620 621 622 623 624 625 626 627 628 629 630 631 632 633 634 635 636 637 638 639 640 641 642 643 644 645 646 647 648 649 650 651 652 653 654 655 656 657 658 659 660 661 662 663 664 665 666 667 668 669 670 671 | 869 870 871 872 873 874 875 876 877 878 879 880 881 882 883 884 885 886 887 888 889 890 891 892 893 894 895 896 897 898 899 900 901 902 903 904 905 906 907 908 909 910 911 912 913 914 915 916 917 918 919 920 921 922 923 924 925 926 927 928 929 930 931 932 933 934 935 936 937 938 939 940 941 942 943 944 | 30 1 2 3 | 852 853 854 855 856 857 858 859 860 861 862 863 864 865 866 867 868 |
>simulated_k51_l1000_22
 0 285 286 287 288 289 290 291 292 293 294 295 296 | 255 332 333 | 933 918 919 920 921 922 923 924 925 926 927 928 929 930 931 932 | 917 934 935 936 937 938 939 940 941 942 943 944 945 946 947 948 949 950 951 952 953 954 955 956 957 958 959 960 961 | 55 656 657 658 659 660 661 662 663 664 665 666 667 668 669 670 671 672 673 674 675 676 677 678 679 680 681 682 683 684 685 686 687 688 689 690 691 692 693 694 695 696 697 698 699 700 701 702 703 704 705 706 707 708 709 710 711 712 713 714 715 716 717 718 719 720 721 722 723 724 725 726 727 728 729 730 731 732 733 734 735 736 737 738 739 740 741 742 743 744 745 746 747 748 749 750 751 752 753 754 755 756 757 758 759 760 761 762 763 764 765 766 | 424 566 567 568 569 570 571 572 573 574 575 576 577 578 579 580 581 582 583 584 585 586 587 588 589 590 591 592 593 594 595 596 597 598 599 600 601 602 603 604 605 606 607 608 609 610 611 612 613 614 615 616 617 618 619 620 621 622 623 624 625 626 627 628 629 630 631 632 633 634 635 636 637 638 639 640 641 642 643 644 645 646 647 | 962 256 257 258 259 260 261 262 263 264 265 266 267 268 269 270 271 272 273 274 275 276 277 278 279 280 281 282 283 | 284 425 426 427 428 429 430 431 432 433 434 435 436 437 438 439 440 441 442 443 444 445 446 447 448 449 450 451 452 453 454 455 456 457 458 459 460 461 462 463 464 465 466 467 468 469 470 471 472 473 474 475 476 477 478 479 480 481 482 483 484 485 486 487 488 489 490 491 492 493 494 495 496 497 498 499 500 501 502 503 504 505 506 507 508 509 510 511 512 513 514 515 516 517 518 519 520 521 522 523 524 525 526 527 528 529 530 531 532 533 534 535 536 537 538 539 540 541 542 543 544 545 546 547 548 549 550 551 552 553 554 555 556 557 558 559 560 561 562 563 564 | 767 56 57 58 59 60 61 62 63 64 65 66 67 68 69 70 71 72 73 74 75 76 77 78 79 80 81 82 83 84 85 86 87 88 89 90 91 92 93 94 95 96 97 98 99 100 101 102 103 104 105 106 107 108 109 110 111 112 113 114 115 116 117 118 119 120 121 122 123 124 125 126 127 128 129 130 131 132 133 134 135 136 137 138 139 140 141 142 143 144 145 146 147 148 149 150 151 152 153 154 155 156 157 158 159 160 161 162 163 164 165 166 167 168 169 170 171 172 173 174 175 176 177 178 179 180 181 182 183 184 185 186 187 188 189 190 191 192 193 194 195 196 197 198 199 200 201 202 203 204 205 206 207 208 209 210 211 212 213 214 215 | 648 649 650 651 652 653 654 | 297 298 299 300 301 302 303 304 305 306 307 308 309 310 311 312 313 314 315 316 317 318 319 320 321 322 323 324 325 326 327 328 329 330 | 331 768 769 770 771 772 773 774 775 776 777 778 779 780 781 782 783 784 785 786 787 788 789 790 791 792 793 794 795 796 797 798 799 800 801 802 803 804 805 806 807 808 809 810 811 812 813 814 815 816 817 818 819 820 821 822 823 824 825 826 827 828 829 830 831 832 833 834 835 836 837 838 839 840 841 842 843 844 845 846 847 848 849 850 851 852 853 854 855 856 857 858 859 860 861 862 863 864 865 866 867 868 869 870 871 872 873 874 875 876 877 878 879 880 881 882 883 884 885 886 887 888 889 890 891 892 893 894 895 896 897 898 899 900 901 902 903 904 905 906 907 908 909 910 911 912 913 914 915 916 | 7 8 9 10 11 12 13 14 15 16 17 18 19 20 21 22 23 24 25 26 27 28 29 30 31 32 33 34 35 36 37 38 39 40 41 42 43 44 45 46 47 48 49 50 51 52 53 54 | 334 335 336 337 338 339 340 341 342 343 344 345 346 347 348 349 350 351 352 353 354 355 356 357 358 359 360 361 362 363 364 365 366 367 368 369 370 371 372 373 374 375 376 377 378 379 380 381 382 383 384 385 386 387 388 389 390 391 392 393 394 395 396 397 398 399 400 401 402 403 404 405 406 407 408 409 410 411 412 413 414 415 416 417 | 216 217 218 219 220 221 222 223 224 225 226 227 228 229 230 231 232 233 234 235 236 237 238 239 240 241 242 243 244 245 246 247 248 249 250 251 252 253 254 | 565 963 964 965 966 967 968 969 970 971 972 973 974 975 976 977 978 979 980 981 982 983 984 985 986 987 988 989 990 991 992 993 994 995 996 997 998 999 | 655 1 2 3 4 5 6 | 418 419 420 421 422 423 |
>simulated_k51_l1000_24
 0 768 769 770 771 772 773 774 775 776 777 778 779 780 781 782 783 784 785 786 787 788 789 790 791 792 793 794 | 255 256 257 258 259 260 261 262 263 264 265 266 267 268 269 270 271 272 273 274 275 276 277 278 279 280 281 282 283 | 933 918 919 920 921 922 923 924 925 926 927 928 929 930 931 932 | 917 285 286 287 288 289 290 291 292 293 294 295 296 | 55 1 2 3 4 5 6 | 424 298 299 300 301 302 303 304 305 306 307 308 309 310 311 312 313 314 315 316 317 318 319 320 321 322 323 324 325 326 327 328 329 330 | 962 934 935 936 937 938 | 284 796 797 798 799 800 801 802 803 804 805 806 807 808 809 810 811 812 813 814 815 816 817 818 819 820 821 822 823 824 825 826 827 828 829 830 831 832 833 834 835 836 837 838 839 840 841 842 843 844 845 846 847 848 849 850 851 852 853 854 855 856 857 858 859 860 861 862 863 864 865 866 867 868 869 870 871 872 873 874 875 876 877 878 879 | 767 56 57 58 59 60 61 62 63 64 65 66 67 68 69 70 71 72 73 74 75 76 77 78 79 80 81 82 83 84 85 86 87 88 89 90 91 92 93 94 95 96 97 98 99 | 648 481 482 483 484 485 486 487 488 489 490 491 492 493 494 495 496 497 498 499 500 501 502 503 504 505 506 507 508 509 510 511 512 513 514 515 516 517 518 519 520 521 522 523 524 525 526 527 528 529 530 531 532 533 534 535 536 537 538 539 540 541 542 543 544 545 546 547 548 549 550 551 552 553 554 555 556 557 558 559 560 561 562 563 564 565 566 567 568 569 570 571 572 573 574 575 576 577 578 579 580 581 582 583 584 585 586 587 588 589 590 591 592 593 594 595 596 597 598 599 600 601 602 603 604 605 606 607 608 609 610 611 612 613 614 615 616 617 618 619 620 621 622 623 624 625 626 627 628 629 630 631 632 633 634 635 636 637 638 639 640 641 642 643 644 645 646 647 | 297 963 964 965 966 967 968 969 970 971 972 973 974 975 976 977 978 979 980 981 982 983 984 985 986 987 988 989 990 991 992 993 994 995 996 997 998 999 | 331 332 333 334 335 336 337 338 339 340 341 342 343 344 345 346 347 348 349 350 351 352 353 354 355 356 357 358 359 360 361 362 363 364 365 366 367 368 369 370 371 372 373 374 375 376 377 378 379 380 381 382 383 384 385 386 387 388 389 390 391 392 393 394 395 396 397 398 399 400 401 402 403 404 405 406 407 408 409 410 411 412 413 414 415 416 417 418 419 420 421 422 423 | 7 8 9 10 11 12 13 14 15 16 17 18 19 20 21 22 23 24 25 26 27 28 29 30 31 32 33 34 35 36 37 38 39 40 41 42 43 44 45 46 47 48 49 50 51 52 53 54 | 480 649 650 651 652 653 654 655 656 657 658 659 660 661 662 663 664 665 666 667 668 669 670 671 672 673 674 675 676 | 795 425 426 427 428 429 430 431 432 433 434 435 436 437 438 439 440 441 442 443 444 445 446 447 448 449 450 451 452 453 454 455 456 457 458 459 460 461 462 463 464 465 466 467 468 469 470 471 472 473 474 475 476 477 478 479 | 247 248 249 250 251 252 253 254 | 880 881 882 883 884 885 886 887 888 889 890 891 892 893 894 895 896 897 898 899 900 901 902 903 904 905 906 907 908 909 910 911 912 913 914 915 916 | 939 940 941 942 943 944 945 946 947 948 949 950 951 952 953 954 955 956 957 958 959 960 961 | 100 101 102 103 104 105 106 107 108 109 110 111 112 113 114 115 116 117 118 119 120 121 122 123 124 125 126 127 128 129 130 131 132 133 134 135 136 137 138 139 140 141 142 143 144 145 146 147 148 149 150 151 152 153 154 155 156 157 158 159 160 161 162 163 164 165 166 167 168 169 170 171 172 173 174 175 176 177 178 179 180 181 182 183 184 185 186 187 188 189 190 191 192 193 194 195 196 197 198 199 200 201 202 203 204 205 206 207 208 209 210 211 212 213 214 215 216 217 218 219 220 221 222 223 224 225 226 227 228 229 230 231 232 233 234 235 236 237 238 239 240 241 242 243 244 245 246 | 677 678 679 680 681 682 683 684 685 686 687 688 689 690 691 692 693 694 695 696 697 698 699 700 701 702 703 704 705 706 707 708 709 710 711 712 713 714 715 716 717 718 719 720 721 722 723 724 725 726 727 728 729 730 731 732 733 734 735 736 737 738 739 740 741 742 743 744 745 746 747 748 749 750 751 752 753 754 755 756 757 758 759 760 761 762 763 764 765 766 |
>simulated_k51_l1000_30
 0 402 403 404 405 406 407 408 409 410 411 412 413 414 415 416 417 418 419 420 421 422 423 424 425 426 427 428 429 430 431 432 433 434 435 436 437 | 672 1 2 3 4 5 6 7 8 9 10 11 12 13 14 15 16 17 18 19 20 21 22 23 24 25 26 27 28 29 30 31 32 33 34 35 36 37 38 39 40 41 42 43 44 45 46 47 48 49 50 51 52 53 54 55 56 57 58 | 850 439 440 441 442 443 444 445 446 447 448 449 450 451 452 453 454 455 456 457 458 459 460 461 462 463 464 465 466 467 468 469 470 471 472 473 474 475 476 477 478 479 480 481 482 483 484 | 485 486 487 488 489 490 491 492 493 494 495 496 497 498 499 500 501 502 503 | 994 995 996 997 998 999 | 251 612 613 614 615 616 617 618 619 620 621 622 623 624 625 626 627 628 629 630 631 632 633 634 635 636 637 638 | 318 673 674 675 676 677 678 679 680 681 682 683 684 685 686 687 688 689 690 691 692 693 694 695 696 697 698 699 700 701 702 703 704 705 706 707 708 709 710 711 712 713 714 715 716 717 718 719 720 721 722 723 724 725 726 727 728 729 730 731 732 733 | 64 65 66 67 68 69 70 71 72 73 74 75 76 77 78 79 80 | 438 319 320 321 322 323 324 325 326 327 328 329 330 331 332 333 334 335 336 337 338 339 340 341 342 343 344 345 346 347 348 349 350 351 352 353 354 355 356 357 358 359 360 361 362 363 364 365 366 367 368 369 370 371 372 373 374 375 376 377 378 379 380 381 382 383 384 385 386 387 388 389 390 391 392 393 394 395 396 397 398 399 400 | 81 82 83 84 85 86 87 88 89 90 91 92 93 94 95 96 97 98 99 100 101 102 103 104 105 106 107 108 109 110 111 112 113 114 115 116 117 118 119 120 121 122 123 124 125 126 127 128 129 130 131 132 133 134 135 136 137 138 139 140 141 142 143 144 145 146 147 148 149 150 151 152 153 154 155 156 157 158 159 160 161 162 163 164 165 166 167 168 169 170 171 172 173 174 175 176 177 178 179 180 181 182 183 184 185 186 187 188 189 190 191 192 193 194 195 196 197 198 199 200 201 202 203 204 205 206 207 208 209 210 211 212 213 214 215 216 217 218 219 220 221 222 223 224 225 226 227 228 229 230 231 232 233 234 235 236 237 238 239 240 | 813 814 815 | 816 817 818 819 820 821 822 823 824 825 826 827 828 829 830 831 832 833 834 835 836 837 838 839 840 841 842 843 844 845 846 847 848 849 | 611 851 852 853 854 855 856 857 858 859 860 861 862 863 864 865 866 867 868 869 870 871 872 873 874 875 876 877 878 879 880 881 882 883 884 885 886 887 888 889 890 891 892 893 894 895 896 897 898 899 900 901 902 903 904 905 906 907 908 909 910 911 | 912 913 914 915 916 917 918 919 920 921 922 923 924 925 926 927 928 929 930 931 932 933 934 935 936 937 938 939 940 941 942 943 944 945 946 947 948 949 950 951 952 953 954 955 956 957 958 959 960 961 962 963 964 965 966 967 968 969 970 971 972 973 974 975 976 977 978 979 980 981 982 983 984 985 986 987 988 989 990 991 992 993 | 511 640 641 642 643 644 645 646 647 648 649 650 651 652 653 654 655 656 657 658 659 660 661 662 663 664 665 666 667 668 669 670 671 | 241 242 243 244 245 246 247 248 249 250 | 639 512 513 514 515 516 517 518 519 520 521 522 523 524 525 526 527 528 529 530 531 532 533 534 535 536 537 538 539 540 541 542 543 544 545 546 547 548 549 550 551 552 553 554 555 556 557 558 559 560 561 562 563 564 565 566 567 568 569 570 571 572 573 574 575 576 577 578 579 580 581 582 583 584 585 586 587 588 589 590 591 592 593 594 595 596 597 598 599 600 601 602 603 604 605 606 607 608 609 610 | 734 735 736 737 738 739 740 741 742 743 744 745 746 747 748 749 750 751 752 753 754 755 756 757 758 759 760 761 762 763 764 765 766 767 768 769 770 771 772 773 774 775 776 777 778 779 780 781 782 783 784 785 786 787 788 789 790 791 792 793 794 795 796 797 798 799 800 801 802 803 804 805 806 807 808 809 810 811 812 | 401 252 253 254 255 256 257 258 259 260 261 262 263 264 265 266 267 268 269 270 271 272 273 274 275 276 277 278 279 280 281 282 283 284 285 286 287 288 289 290 291 292 293 294 295 296 297 298 299 300 301 302 303 304 305 306 307 308 309 310 311 312 313 314 315 316 317 | 59 60 61 62 63 | 504 505 506 507 508 509 510 |
>simulated_k51_l1000_32
 0 612 613 614 615 616 617 618 619 620 621 622 623 624 625 626 627 628 629 630 631 632 633 634 635 636 637 638 639 640 641 642 643 644 645 646 647 648 649 650 651 652 653 654 655 656 657 658 659 660 661 662 663 664 665 666 667 668 669 670 671 | 672 319 320 321 322 323 324 325 326 327 328 329 330 331 332 333 334 335 336 337 338 339 340 341 342 343 344 345 346 347 348 349 350 351 352 353 354 355 356 357 358 359 360 361 362 363 364 365 366 367 368 369 370 371 372 373 374 375 376 377 378 379 380 381 382 383 384 385 386 387 388 389 390 391 392 393 394 395 396 397 398 399 400 401 402 403 404 405 406 407 408 409 410 411 412 413 414 415 416 417 418 419 420 421 422 423 424 425 426 427 428 429 430 431 432 433 434 435 436 437 | 850 439 440 441 442 443 444 445 446 447 448 449 450 451 452 453 454 455 456 457 458 459 460 461 462 463 464 465 466 467 468 469 470 471 472 473 474 475 476 477 478 479 480 481 482 483 484 | 485 486 487 488 489 490 491 492 493 494 495 496 497 498 499 500 501 502 503 504 505 506 507 508 509 510 511 512 513 514 515 516 517 518 519 520 521 522 523 524 525 526 527 528 529 530 531 532 533 534 535 536 537 538 539 540 541 542 543 544 545 546 547 548 549 550 551 552 553 554 555 556 557 558 559 560 561 562 563 564 565 566 567 568 569 570 571 572 573 574 575 576 577 578 579 580 581 582 583 584 585 586 587 588 589 590 591 | 994 995 996 997 998 999 | 251 252 253 254 255 256 257 258 259 260 261 262 263 264 265 266 267 268 269 270 271 272 273 274 275 276 277 278 279 280 281 282 283 284 285 286 287 288 289 290 291 292 293 294 295 296 297 298 299 300 301 302 303 304 305 306 307 308 309 310 311 312 313 314 315 316 317 | 318 673 674 675 676 677 678 679 680 681 682 683 684 685 686 687 688 689 690 691 692 693 694 695 696 697 698 699 700 701 702 703 704 705 706 707 708 709 710 711 712 713 714 715 716 717 718 719 720 721 722 723 | 64 65 66 67 68 69 70 71 72 73 74 75 76 | 438 1 2 3 4 5 6 7 8 9 10 11 12 13 14 15 16 17 18 19 20 21 22 23 24 25 26 27 28 29 30 31 32 33 34 35 36 37 38 39 40 41 42 43 44 45 46 47 48 49 50 51 52 53 54 55 56 57 58 59 60 61 62 63 | 81 82 83 84 85 86 87 88 89 90 91 92 93 94 95 96 97 98 99 100 101 102 103 104 105 106 107 108 109 110 111 112 113 114 115 116 117 118 119 120 121 122 123 124 125 126 127 128 129 130 131 132 133 134 135 136 137 138 139 140 141 142 143 144 145 146 147 148 149 150 151 152 153 154 155 156 | 813 814 815 | 816 817 818 819 820 821 822 823 824 825 826 827 828 829 830 831 832 833 834 835 836 837 838 839 840 841 842 843 844 845 846 847 848 849 | 611 851 852 853 854 855 856 857 858 859 860 861 862 863 864 865 866 867 868 869 870 871 872 873 874 875 876 877 878 879 880 881 882 883 884 885 886 887 888 889 890 891 892 893 894 895 896 897 898 899 900 901 902 903 904 905 906 907 908 909 910 911 | 912 913 914 915 916 917 918 919 920 921 922 923 924 925 926 927 928 929 930 931 932 933 934 935 936 937 938 939 940 941 942 943 944 945 946 947 948 949 950 951 952 953 954 955 956 957 958 959 960 961 962 963 964 965 966 967 968 969 970 971 972 973 974 975 976 977 978 979 980 981 982 983 984 985 986 987 988 989 990 991 992 993 | 592 593 594 595 596 597 598 599 600 601 602 603 604 605 606 607 608 609 610 | 724 78 79 80 | 728 729 730 731 732 733 734 735 736 737 738 739 740 741 742 743 744 745 746 747 748 749 750 751 752 753 754 755 756 757 758 759 760 761 762 763 764 765 766 767 768 769 770 771 772 773 774 775 776 777 778 779 780 781 782 783 784 785 786 787 788 789 790 791 792 793 794 795 796 797 798 799 800 801 802 803 804 805 806 807 808 809 810 811 812 | 157 158 159 160 161 162 163 164 165 166 167 168 169 170 171 172 173 174 175 176 177 178 179 180 181 182 183 184 185 186 187 188 189 190 191 192 193 194 195 196 197 198 199 200 201 202 203 204 205 206 207 208 209 210 211 212 213 214 215 216 217 218 219 220 221 222 223 224 225 226 227 228 229 230 231 232 233 234 235 236 237 238 239 240 241 242 243 244 245 246 247 248 249 250 | 77 725 726 727 |
>simulated_k51_l1000_34
 0 612 613 614 615 616 617 618 619 620 621 622 623 624 625 626 627 628 629 630 631 632 633 634 635 636 637 638 | 672 1 2 3 4 5 6 7 8 9 10 11 12 13 14 15 16 17 18 19 20 21 22 23 24 25 26 | 850 995 996 997 998 999 | 485 486 487 488 489 490 491 492 493 494 495 496 497 498 499 500 501 502 503 504 505 506 507 508 509 510 511 512 513 514 515 516 517 518 519 520 521 522 523 524 525 526 527 528 529 530 531 532 533 534 535 536 537 538 539 540 541 542 543 544 545 546 547 548 549 550 551 552 553 554 555 556 557 558 559 560 561 562 563 564 565 566 567 568 569 570 571 572 573 574 575 576 577 578 579 580 581 582 583 584 585 586 587 588 589 590 591 592 593 594 595 596 597 598 599 600 601 602 603 604 605 606 607 608 609 610 | 994 439 440 441 442 443 444 445 446 447 448 449 450 451 452 453 454 455 456 457 458 459 460 461 462 463 464 465 466 467 468 469 470 471 472 473 474 475 476 477 478 479 480 481 482 483 484 | 251 252 253 254 255 256 257 258 259 260 261 262 263 264 265 266 267 268 269 270 271 272 273 274 275 276 277 278 279 280 281 282 283 284 285 286 287 288 289 290 291 292 293 294 295 296 297 298 299 300 301 302 303 304 305 306 307 308 309 310 311 312 313 314 315 316 317 | 318 673 674 675 676 677 678 679 680 681 682 683 684 685 686 687 688 689 690 691 692 693 694 695 696 697 698 699 700 701 702 703 704 705 706 707 708 709 710 711 712 713 714 715 716 717 718 719 720 721 722 723 724 725 726 727 728 729 730 731 732 733 734 735 736 737 738 739 740 741 742 743 744 745 746 747 748 749 750 751 752 753 754 755 756 757 758 759 760 761 762 763 764 765 766 767 768 769 770 771 772 773 774 775 776 777 778 779 780 781 782 783 784 785 786 787 788 789 790 791 792 793 794 795 796 797 798 799 800 801 802 803 804 805 806 807 808 809 810 811 812 | 64 65 66 67 68 69 70 71 72 73 74 75 76 77 78 79 80 | 438 319 320 321 322 323 324 325 326 327 328 329 330 331 332 333 334 335 336 337 338 339 340 341 342 343 344 345 346 347 348 349 350 351 352 353 354 355 356 357 358 359 360 361 362 363 364 365 366 367 368 369 370 371 372 373 374 375 376 377 378 379 380 381 382 383 384 385 386 387 388 389 390 391 392 393 394 395 396 397 398 399 400 401 402 403 404 405 406 407 408 409 410 411 412 413 414 415 416 417 418 419 420 421 422 423 424 425 426 427 428 429 430 431 432 433 434 435 436 437 | 81 82 83 84 85 86 87 | 813 814 815 | 816 817 818 819 820 821 822 823 824 825 826 827 828 829 830 831 832 833 834 835 836 837 838 839 840 841 842 843 844 845 846 847 848 849 | 611 851 852 853 854 855 856 857 858 859 860 861 862 863 864 865 866 867 868 869 870 871 872 873 874 875 876 877 878 879 880 881 882 883 884 885 886 887 888 889 890 891 892 893 894 895 896 897 898 899 900 901 902 903 904 905 906 907 908 909 910 911 | 912 913 914 915 916 917 918 919 920 921 922 923 924 925 926 927 928 929 930 931 932 933 934 935 936 937 938 | 88 89 90 91 92 93 94 95 96 97 98 99 100 101 102 103 104 105 106 107 108 109 110 111 112 113 114 115 116 117 118 119 120 121 122 123 124 125 126 127 128 129 130 131 132 133 134 135 136 137 138 139 140 141 142 143 144 145 146 147 148 149 150 151 152 153 154 155 156 157 158 159 160 161 162 163 164 165 166 167 168 169 170 171 172 173 174 175 176 177 178 179 180 181 182 183 184 185 186 187 188 189 190 191 192 193 194 195 196 197 198 199 200 201 202 203 204 205 206 207 208 209 210 211 212 213 214 215 216 217 218 219 220 221 222 223 224 225 226 227 228 229 230 231 232 233 234 235 236 237 238 239 240 241 242 243 244 245 246 247 248 249 250 | 653 654 655 656 657 658 659 660 661 662 663 664 665 666 667 668 669 670 671 | 976 977 978 979 980 981 982 983 984 985 986 987 988 989 990 991 992 993 | 27 28 29 30 31 32 33 34 35 36 37 38 39 40 41 42 43 44 45 46 47 48 49 50 51 52 53 54 | 639 640 641 642 643 644 645 646 647 648 649 650 651 652 | 939 940 941 942 943 944 945 946 947 948 949 950 951 952 953 954 955 956 957 958 959 960 961 962 963 964 965 966 967 968 969 970 971 972 973 974 975 | 55 56 57 58 59 60 61 62 63 |
>simulated_k51_l1000_37
 0 764 765 766 | 255 256 257 258 259 260 261 262 263 264 265 266 267 268 269 270 271 272 273 274 275 276 277 278 279 280 281 282 283 | 933 918 919 920 921 922 923 924 925 926 927 928 929 930 931 932 | 917 768 769 770 771 772 773 774 775 776 777 778 779 780 781 782 783 784 785 786 787 788 789 790 791 792 793 794 795 796 797 798 799 800 801 802 803 804 805 806 807 808 809 810 811 812 813 814 815 816 817 | 55 1 2 3 4 5 6 | 424 963 964 965 966 967 968 969 970 971 972 973 974 975 976 977 978 979 980 981 982 983 984 985 986 987 988 989 990 991 992 993 994 995 996 997 998 999 | 962 934 935 936 937 938 939 940 941 942 943 944 945 946 947 948 949 950 951 952 953 954 955 956 957 958 959 960 961 | 284 425 426 427 428 429 430 431 432 433 434 435 436 437 438 439 440 441 442 443 444 445 446 447 448 449 450 451 452 453 454 455 456 457 458 459 460 461 462 463 464 465 466 467 468 469 470 471 472 473 474 475 476 477 478 479 480 481 482 483 484 485 486 487 488 489 490 491 492 493 494 495 496 497 498 499 500 501 502 503 504 505 506 507 508 509 510 511 512 513 514 515 516 517 518 519 520 521 522 523 524 525 526 527 528 529 530 531 532 533 534 535 536 537 538 539 540 541 542 543 544 545 546 547 548 549 550 551 552 553 554 555 556 557 558 559 560 561 562 563 564 565 566 567 568 569 570 571 572 573 574 575 576 577 578 579 580 581 582 583 584 585 586 587 588 589 590 591 592 593 594 595 596 597 598 599 600 601 602 603 604 605 606 607 608 609 610 611 612 613 614 615 616 617 618 619 620 621 622 623 624 625 626 627 628 629 630 631 632 633 634 635 636 637 638 639 640 | 767 56 57 58 59 60 61 62 63 64 65 66 67 68 69 70 71 72 73 | 648 649 650 651 652 653 654 655 656 657 658 659 660 661 662 663 664 665 666 667 668 669 670 671 672 673 674 675 676 677 678 679 680 681 682 683 684 685 686 687 688 689 690 691 692 693 694 695 696 697 698 699 700 701 702 703 704 705 706 707 708 709 710 711 712 713 714 715 716 717 718 719 720 721 722 723 724 725 726 727 728 729 730 731 732 733 734 735 736 737 738 739 740 741 742 743 744 745 746 747 748 749 750 751 752 753 754 755 756 757 758 759 760 761 762 | 297 298 299 300 301 302 303 304 305 306 307 308 309 310 311 312 313 314 315 316 317 318 319 320 321 322 323 324 325 326 327 328 329 330 | 331 332 333 334 335 336 337 338 339 340 341 342 343 344 345 346 347 348 349 350 351 352 353 354 355 356 357 358 359 360 361 362 363 364 365 366 367 368 369 370 371 372 373 374 375 376 377 378 379 380 381 382 383 384 385 386 387 388 389 390 391 392 393 394 395 396 397 398 399 400 401 402 403 404 405 406 407 408 409 410 411 412 413 414 415 416 417 418 419 420 421 422 423 | 7 8 9 10 11 12 13 14 15 16 17 18 19 20 21 22 23 24 25 26 27 28 29 30 31 32 33 34 35 36 37 38 39 40 41 42 43 44 45 46 47 48 49 50 51 52 53 54 | 763 285 286 287 288 289 290 291 292 293 294 295 296 | 823 824 825 826 | 818 819 820 821 822 | 827 828 829 830 831 832 833 834 835 836 837 838 839 840 841 842 843 844 845 846 847 848 849 850 851 852 853 854 855 856 857 858 859 860 861 862 863 864 865 866 867 868 869 870 871 872 873 874 875 876 877 878 879 880 881 882 883 884 885 886 887 888 889 890 891 892 893 894 895 896 897 898 899 900 901 902 903 904 905 906 907 908 909 910 911 912 913 914 915 916 | 641 642 643 644 645 646 647 | 74 75 76 77 78 79 80 81 82 83 84 85 86 87 88 89 90 91 92 93 94 95 96 97 98 99 100 101 102 103 104 105 106 107 108 109 110 111 112 113 114 115 116 117 118 119 120 121 122 123 124 125 126 127 128 129 130 131 132 133 134 135 136 137 138 139 140 141 142 143 144 145 146 147 148 149 150 151 152 153 154 155 156 157 158 159 160 161 162 163 164 165 166 167 168 169 170 171 172 173 174 175 176 177 178 179 180 181 182 183 184 185 186 187 188 189 190 191 192 193 194 195 196 197 198 199 200 201 202 203 204 205 206 207 208 209 210 211 212 213 214 215 216 217 218 219 220 221 222 223 224 225 226 227 228 229 230 231 232 233 234 235 236 237 238 239 240 241 242 243 244 245 246 247 248 249 250 251 252 253 254 |
>simulated_k51_l1000_38
 0 285 286 287 288 289 290 291 292 293 294 295 296 | 255 425 426 427 428 429 430 431 432 433 434 435 436 437 438 439 | 933 441 442 443 444 445 446 447 448 449 450 451 452 453 454 455 456 457 458 459 460 461 462 463 464 465 466 467 468 469 470 471 472 473 474 475 476 477 478 479 480 481 482 483 484 485 486 487 488 489 490 491 492 493 494 495 496 497 498 499 500 501 502 503 504 505 506 507 508 509 510 511 512 513 514 515 516 517 518 519 520 521 522 523 524 525 526 527 528 529 530 531 532 533 534 535 536 537 538 539 540 541 542 543 544 545 546 547 548 549 550 551 552 553 554 555 556 557 558 559 | 917 768 769 770 771 772 773 774 775 776 777 778 779 780 781 782 783 784 785 786 787 788 789 790 791 792 793 794 795 796 797 798 799 800 801 802 803 804 805 806 807 808 809 810 811 812 813 814 815 816 817 | 55 1 2 3 4 5 6 | 424 963 964 965 966 967 968 969 970 971 972 973 974 975 976 977 978 979 980 981 982 983 984 985 986 987 988 989 990 991 992 993 994 995 996 997 998 999 | 962 8 9 10 11 12 13 14 15 16 17 18 19 20 21 22 23 24 25 26 27 28 29 30 31 32 33 34 35 36 37 38 39 40 41 42 43 44 45 46 47 48 49 50 51 52 53 54 | 284 256 257 258 259 260 261 262 263 264 265 266 267 268 269 270 271 272 273 274 275 276 277 278 279 280 281 282 283 | 767 56 57 58 59 60 | 648 649 650 651 652 653 654 655 656 657 658 659 660 661 662 663 664 665 666 667 668 669 670 671 672 673 674 675 676 677 678 679 680 681 682 683 684 685 686 687 688 689 690 691 692 693 694 695 696 697 698 699 700 701 702 703 704 705 706 707 708 709 710 711 712 713 714 715 716 717 718 719 720 721 722 723 724 725 726 727 728 729 730 731 732 733 734 735 736 737 738 739 740 741 742 743 744 745 746 747 748 749 750 751 752 753 754 755 756 757 758 759 760 761 762 | 297 841 842 843 844 845 846 847 848 849 850 851 852 853 854 855 856 857 858 859 860 861 862 863 864 865 866 867 868 869 870 871 872 873 874 875 876 877 878 879 880 881 882 883 884 885 886 887 888 889 890 891 892 893 894 895 896 897 898 899 900 901 902 903 904 905 906 907 908 909 910 911 912 913 914 915 916 | 331 332 333 334 335 336 337 338 339 340 341 342 343 344 345 346 347 348 349 350 351 352 353 354 355 356 357 358 359 360 361 362 363 364 365 366 367 368 369 370 371 372 373 374 375 376 377 378 379 380 381 382 383 384 385 386 387 388 389 390 391 392 393 394 395 396 397 398 399 400 401 402 403 404 405 406 407 408 409 410 | 7 934 935 936 937 938 939 940 941 942 943 944 945 946 947 948 949 950 951 952 953 954 955 956 957 958 959 960 961 | 763 764 765 766 | 823 824 825 826 827 828 829 830 831 832 833 834 835 836 837 838 839 | 818 819 820 821 822 | 840 298 299 300 301 302 303 304 305 306 307 308 309 310 311 312 313 314 315 316 317 318 319 320 321 322 323 324 325 326 327 328 329 330 | 61 62 63 64 65 66 67 68 69 70 71 72 73 74 75 76 77 78 79 80 81 82 83 84 85 86 87 88 89 90 91 92 93 94 95 96 97 98 99 100 101 102 103 104 105 106 107 108 109 110 111 112 113 114 115 116 117 118 119 120 121 122 123 124 125 126 127 128 129 130 131 132 133 134 135 136 137 138 139 140 141 142 143 144 145 146 147 148 149 150 151 152 153 154 155 156 157 158 159 160 161 162 163 164 165 166 167 168 169 170 171 172 173 174 175 176 177 178 179 180 181 182 183 184 185 186 187 188 189 190 191 192 193 194 195 196 197 198 199 200 201 202 203 204 205 206 207 208 209 210 211 212 213 214 215 216 217 218 219 220 221 222 223 224 225 226 227 228 229 230 231 232 233 234 235 236 237 238 239 240 241 242 243 244 245 246 247 248 249 250 251 252 | 253 254 | 411 412 413 414 415 416 417 418 419 420 421 422 423 | 440 918 919 920 921 922 923 924 925 926 927 928 929 930 931 932 | 560 561 562 563 564 565 566 567 568 569 570 571 572 573 574 575 576 577 578 579 580 581 582 583 584 585 586 587 588 589 590 591 592 593 594 595 596 597 598 599 600 601 602 603 604 605 606 607 608 609 610 611 612 613 614 615 616 617 618 619 620 621 622 623 624 625 626 627 628 629 630 631 632 633 634 635 636 637 638 639 640 641 642 643 644 645 646 647 |
>simulated_k51_l1000_42
 0 252 253 254 255 256 257 258 259 260 261 262 263 264 265 266 267 268 269 270 271 272 273 274 275 276 277 278 279 280 281 282 283 284 285 286 287 288 289 290 291 292 293 294 295 296 297 298 299 300 301 302 303 304 305 306 307 308 309 310 311 312 313 314 315 316 317 | 672 851 852 853 854 855 856 857 858 859 860 861 862 863 864 865 866 867 868 869 870 871 872 873 874 875 876 877 878 879 880 881 882 883 884 885 886 887 888 889 890 891 892 893 894 895 896 897 898 899 900 901 902 903 904 905 906 907 908 909 910 911 912 913 914 915 916 917 918 919 920 921 922 923 924 925 926 927 928 929 930 931 932 933 934 935 936 937 938 939 940 | 850 82 83 84 85 86 87 88 89 90 91 92 93 94 95 96 97 98 99 100 101 102 103 104 105 106 107 108 109 110 111 112 113 114 115 116 117 118 119 120 121 122 123 124 125 126 127 128 129 130 131 132 133 134 135 136 137 138 139 140 141 142 143 144 145 146 147 148 149 150 151 152 153 154 155 156 157 158 159 160 161 162 163 164 165 166 167 168 169 170 171 172 173 174 175 176 177 178 179 180 181 182 183 184 185 186 187 188 189 190 191 192 193 | 485 486 487 488 489 490 491 492 493 494 495 496 497 498 499 500 501 502 503 504 505 506 507 508 509 510 511 512 513 514 515 516 517 518 519 520 521 | 994 995 996 997 998 999 | 251 327 328 329 330 331 332 333 334 335 336 337 338 339 340 341 342 343 344 345 346 347 348 349 350 351 352 353 354 355 356 357 358 359 360 361 362 363 364 365 366 367 368 369 370 371 372 373 | 318 673 674 675 676 677 678 679 680 681 682 683 684 685 686 687 688 689 690 691 692 693 694 695 696 697 698 699 700 701 702 703 704 705 706 707 708 709 710 711 712 713 714 715 716 717 718 719 720 721 722 723 724 725 726 727 728 729 730 731 732 733 734 735 736 737 738 739 740 741 742 743 744 745 746 747 748 749 750 751 752 753 754 755 756 757 758 759 760 761 762 763 764 765 766 767 768 769 770 771 772 773 774 775 776 777 778 779 780 781 782 783 784 785 786 787 788 789 790 791 792 793 794 795 796 797 798 799 800 801 802 803 804 805 806 807 808 809 810 811 812 813 814 815 816 817 818 819 820 821 822 823 824 825 826 827 828 829 830 831 832 833 834 835 836 837 838 839 840 841 842 843 844 845 846 847 848 849 | 64 65 66 67 68 69 70 71 72 73 74 75 76 77 78 79 80 | 438 439 440 441 442 443 444 445 446 447 448 449 450 451 452 453 454 455 456 457 458 459 460 461 462 463 464 465 466 467 468 469 470 471 472 473 474 475 476 477 478 479 480 481 482 483 484 | 81 1 2 3 4 5 6 7 8 9 10 11 12 13 14 15 16 17 18 19 20 21 22 23 24 25 26 27 28 29 30 31 32 33 34 35 36 37 38 39 40 41 42 43 44 45 46 47 48 49 50 51 52 53 54 55 56 57 58 59 60 61 62 63 | 941 942 943 944 945 946 947 948 949 950 951 952 953 954 955 956 957 958 959 960 961 962 963 964 965 966 967 968 969 970 971 972 973 974 975 976 977 978 979 980 981 982 983 984 985 986 987 988 989 990 991 992 993 | 374 375 376 377 378 379 380 381 382 383 384 385 386 387 388 389 390 391 392 393 394 395 396 397 398 399 400 401 402 403 404 405 406 407 408 409 410 411 412 413 414 415 416 417 418 419 420 421 422 423 424 425 426 427 428 429 430 431 432 433 434 435 436 437 | 326 523 524 525 526 527 528 529 530 531 532 533 534 535 536 537 538 539 540 541 542 543 544 545 546 547 548 549 550 551 552 553 554 555 556 557 558 559 560 561 562 563 564 565 566 567 568 569 570 571 572 573 574 575 576 577 578 579 580 581 582 583 584 585 586 587 588 589 590 591 592 593 594 595 596 597 598 599 600 601 602 603 604 605 606 607 608 609 610 611 612 613 614 615 616 617 618 619 620 621 622 623 624 625 626 627 628 629 630 631 632 633 634 635 636 637 638 639 640 641 642 643 644 645 646 647 648 649 650 651 652 653 654 655 656 657 658 659 660 661 662 663 664 665 666 667 668 669 670 671 | 194 195 196 197 198 199 200 201 202 203 204 205 206 207 208 209 210 211 212 213 214 215 216 217 218 219 220 221 222 223 224 225 226 227 228 229 230 231 232 233 234 235 236 237 238 239 240 241 242 243 244 245 246 247 248 249 250 | 522 319 320 321 322 323 324 325 |
>simulated_k51_l1000_44
 0 425 426 427 428 429 430 431 432 433 434 435 436 437 438 439 440 441 442 443 444 445 446 447 448 449 450 451 452 453 454 455 456 457 458 459 460 461 462 463 464 465 466 467 468 469 470 471 472 473 474 475 476 477 478 479 480 481 482 483 484 485 486 487 488 489 490 491 492 493 494 495 496 497 498 499 500 501 502 503 504 505 506 507 508 509 510 511 512 513 514 515 516 517 518 519 520 521 522 523 524 525 526 527 528 529 530 531 532 533 534 535 536 537 538 539 540 541 542 543 544 545 546 547 548 549 550 551 | 255 649 650 651 652 653 654 655 656 657 658 659 660 661 662 663 664 665 666 667 668 | 933 963 964 965 966 967 968 969 970 971 972 973 974 975 976 977 978 979 980 981 982 983 984 985 986 987 988 989 990 991 992 993 994 995 996 997 998 999 | 917 912 913 914 915 916 | 55 934 935 936 937 938 939 940 941 942 943 944 945 946 947 948 949 950 951 952 953 954 955 956 957 958 959 960 961 | 424 136 137 138 139 140 141 142 143 144 145 146 147 148 149 150 151 152 153 154 155 156 157 158 159 160 161 162 163 164 165 166 167 168 169 170 171 172 173 174 175 176 177 178 179 180 181 182 183 184 185 186 187 188 189 190 191 192 193 194 195 196 197 198 199 200 201 202 203 204 205 206 207 208 209 210 211 212 213 214 215 216 217 218 219 220 221 222 223 224 225 226 227 228 229 230 231 232 233 234 235 236 237 238 239 240 241 242 243 244 245 246 247 248 249 250 251 252 253 254 | 962 56 57 58 59 60 61 62 63 64 65 66 67 68 69 70 71 72 73 74 75 76 77 78 79 80 81 82 83 84 85 86 87 88 89 90 91 92 93 94 95 96 97 98 99 100 101 102 103 104 105 106 107 108 109 110 111 112 113 114 115 116 117 118 119 120 121 122 123 124 125 126 127 128 129 130 131 132 133 134 | 135 1 2 3 4 5 6 7 8 9 10 11 12 | 911 918 919 920 921 922 923 924 925 926 927 928 929 930 931 932 | 288 289 290 291 292 293 294 295 296 297 298 299 300 301 302 303 304 305 306 307 308 309 310 311 312 313 314 315 316 317 318 319 320 321 322 323 324 325 326 327 | 13 329 330 331 332 333 334 335 336 337 338 339 340 341 342 343 344 345 346 347 348 349 350 351 352 353 | 842 843 844 845 846 847 848 849 850 851 852 853 854 855 856 857 858 859 860 861 862 863 864 865 866 867 868 869 870 871 872 873 874 875 876 877 878 879 880 881 882 883 884 885 886 887 888 889 890 891 892 893 894 895 896 897 898 899 900 901 902 903 904 905 906 907 908 909 910 | 552 553 554 555 556 557 558 559 560 561 562 563 564 565 566 567 568 569 570 571 572 573 574 575 576 577 578 579 580 581 582 583 584 585 586 587 588 589 590 591 592 593 594 595 596 597 598 599 600 601 602 603 604 605 606 607 608 609 610 611 612 613 614 615 616 617 618 619 620 621 622 623 624 625 626 627 628 629 630 631 632 633 634 635 636 637 638 639 640 641 642 643 644 645 646 647 | 328 14 15 16 17 18 19 20 21 22 23 24 25 26 27 28 29 30 31 32 33 34 35 36 37 38 39 40 41 42 43 44 45 46 47 48 49 50 51 52 53 54 | 648 256 257 258 259 260 261 262 263 264 265 266 267 268 269 270 271 272 273 274 275 276 277 278 279 280 281 282 283 284 285 286 287 | 669 670 671 672 673 674 675 676 677 678 679 680 681 682 683 684 685 686 687 688 689 690 691 692 693 694 695 696 697 698 699 700 701 702 703 704 705 706 707 708 709 710 711 712 713 714 715 716 717 718 719 720 721 722 723 724 725 726 727 728 729 730 731 732 733 734 735 736 737 738 739 740 741 742 743 744 745 746 747 748 749 750 751 752 753 754 755 756 757 758 759 760 761 762 763 764 765 766 767 768 769 770 771 772 773 774 775 776 777 778 779 780 781 782 783 784 785 786 787 788 789 790 791 792 793 794 795 796 797 798 799 800 801 802 803 804 805 806 807 808 809 810 811 812 813 814 815 816 817 818 819 820 821 822 823 824 825 826 827 828 829 830 831 832 833 834 835 836 837 838 839 840 841 | 354 355 356 357 358 359 360 361 362 363 364 365 366 367 368 369 370 371 372 373 374 375 376 377 378 379 380 381 382 383 384 385 386 387 388 389 390 391 392 393 394 395 396 397 398 399 400 401 402 403 404 405 406 407 408 409 410 411 412 413 414 415 416 417 418 419 420 421 422 423 |
>simulated_k51_l1000_46
 0 425 426 427 428 429 430 431 432 433 434 435 436 437 438 439 440 441 442 443 444 445 446 447 448 449 450 451 452 453 454 455 456 457 458 459 460 461 462 463 464 465 466 467 468 469 470 471 472 473 474 475 476 477 478 479 480 481 482 483 484 485 486 487 488 489 490 491 492 493 494 495 496 497 498 499 500 501 502 503 504 505 506 507 508 509 510 511 512 513 514 515 516 517 518 519 520 521 522 523 524 525 526 527 528 529 530 531 532 533 534 535 536 537 538 539 540 541 542 543 544 545 546 547 548 549 550 551 552 553 554 555 556 557 558 559 560 561 562 563 564 565 566 | 255 289 290 | 933 275 276 277 278 279 280 281 282 283 284 285 286 287 | 917 56 57 58 59 60 61 62 63 64 65 66 67 68 69 70 71 72 73 | 55 934 935 936 937 938 939 940 941 942 943 944 945 946 947 948 949 950 951 952 953 954 955 956 957 958 959 960 961 | 424 963 964 965 966 967 968 969 970 971 972 973 974 975 976 977 978 979 980 981 982 983 984 985 986 987 988 989 990 991 992 993 994 995 996 997 998 999 | 962 630 631 | 135 166 | 911 350 351 352 353 354 355 356 357 358 359 360 361 362 363 364 365 366 367 368 369 370 371 372 373 374 375 376 377 378 379 380 381 382 383 384 385 386 387 388 389 390 391 392 393 394 395 396 397 398 399 400 401 402 403 404 405 406 407 408 409 410 411 412 413 414 415 416 417 418 419 420 421 422 423 | 288 256 257 258 259 260 261 262 263 264 265 266 267 268 269 270 271 272 273 | 167 1 2 3 4 5 6 7 8 9 10 11 12 13 | 14 15 16 17 18 19 20 21 22 23 24 25 26 27 28 29 30 31 32 33 34 35 36 37 38 39 40 41 42 43 44 45 46 47 48 49 50 51 52 53 54 | 798 799 800 801 802 803 804 805 806 807 808 809 810 811 812 | 101 568 569 570 571 572 573 574 575 576 577 578 579 580 581 | 349 168 169 170 171 172 173 174 175 176 177 178 179 180 181 182 183 184 185 186 187 188 189 190 191 192 193 194 195 196 197 198 199 200 201 202 203 204 205 206 207 208 209 210 211 212 213 214 215 216 217 218 219 220 221 222 223 224 225 226 227 228 229 230 231 232 233 234 235 236 237 238 239 240 241 242 243 244 245 246 247 248 249 250 251 252 253 254 | 629 912 913 914 915 916 | 274 136 137 138 139 140 141 142 143 144 145 146 147 148 149 150 151 152 153 154 155 156 157 158 159 160 161 162 163 164 | 132 133 134 | 869 870 871 872 873 874 875 876 877 878 879 880 881 882 883 884 885 886 887 888 889 890 891 892 893 894 895 896 897 898 899 900 901 902 903 904 905 906 907 908 909 910 | 74 75 76 77 78 79 80 81 82 83 84 85 86 87 88 89 90 91 92 93 94 95 96 97 98 99 100 | 632 633 634 635 636 637 638 639 640 641 642 643 644 645 646 647 648 649 650 651 652 653 654 655 656 657 658 659 660 661 662 663 664 665 666 667 668 669 670 671 672 673 674 675 676 677 678 679 680 681 682 683 684 685 686 687 688 689 690 691 692 693 694 695 696 697 698 699 700 701 702 703 704 705 706 707 708 709 710 | 582 583 584 585 586 587 588 589 590 591 592 593 594 595 596 597 598 599 600 601 602 603 604 605 606 607 608 609 610 611 612 613 614 615 616 617 618 619 620 621 622 623 | 567 102 103 104 105 106 107 108 109 110 111 112 113 114 115 116 117 118 119 120 121 122 123 124 125 126 127 128 129 130 131 | 813 814 815 816 817 818 819 820 821 822 823 824 825 826 827 828 829 830 831 832 833 834 835 836 837 838 839 840 841 842 843 844 845 846 847 848 849 850 851 852 853 854 855 856 857 858 859 860 861 862 863 864 865 866 867 868 | 624 625 626 627 628 | 711 712 713 714 715 716 717 718 719 720 721 722 723 724 725 726 727 728 729 730 731 732 733 734 735 736 737 738 739 740 741 742 743 744 745 746 747 748 749 750 751 752 753 754 755 756 757 758 759 760 761 762 763 764 765 766 767 768 769 770 771 772 773 774 775 776 777 778 779 780 781 782 783 784 785 786 787 788 789 790 791 792 793 794 795 796 797 | 165 918 919 920 921 922 923 924 925 926 927 928 929 930 931 932 | 291 292 293 294 295 296 297 298 299 300 301 302 303 304 305 306 307 308 309 310 311 312 313 314 315 316 317 318 319 320 321 322 323 324 325 326 327 328 329 330 331 332 333 334 335 336 337 338 339 340 341 342 343 344 345 346 347 348 |
>simulated_k51_l1000_48
 0 294 295 296 | 255 256 257 258 259 260 261 262 263 264 265 266 267 268 269 270 271 272 273 | 933 918 919 920 921 922 923 924 925 926 927 928 929 930 931 932 | 917 768 769 770 771 772 773 774 775 776 777 778 779 780 781 782 783 784 785 786 787 788 789 790 791 792 793 794 795 796 797 798 799 800 801 802 803 804 805 806 807 808 809 810 811 812 813 814 815 816 817 818 819 820 821 822 823 824 825 826 827 828 829 830 831 832 833 834 835 836 837 838 839 840 841 842 843 844 845 846 847 848 849 850 851 852 853 854 855 856 857 858 859 860 861 862 863 864 865 866 867 868 869 870 871 872 873 874 875 876 877 878 879 880 881 882 883 884 885 886 887 888 889 890 891 892 893 894 895 896 897 898 899 900 901 902 903 904 905 906 907 908 909 910 911 912 913 914 915 916 | 55 1 2 3 4 5 6 | 424 217 218 219 220 221 222 223 224 225 226 227 228 229 230 231 232 233 234 235 236 237 238 239 240 241 242 243 244 245 246 247 248 249 250 251 252 253 254 | 962 298 299 300 301 302 303 304 305 306 307 308 309 310 311 312 313 314 315 316 317 318 319 320 321 322 323 324 325 326 327 328 329 330 | 284 425 426 427 428 429 430 431 432 433 434 435 436 437 438 439 440 441 442 443 444 445 446 447 448 449 450 451 452 453 454 455 456 457 458 459 460 461 462 463 464 465 466 467 468 469 470 471 472 473 474 475 476 477 478 479 480 | 767 56 57 58 59 60 61 62 63 64 65 66 67 68 69 70 71 72 73 74 75 76 77 78 79 80 81 82 83 84 85 86 87 88 89 90 91 92 93 94 95 96 97 98 99 100 101 102 103 104 105 106 107 108 109 110 111 112 113 114 115 116 117 118 119 120 121 122 123 124 125 126 127 128 129 130 131 132 133 134 135 136 137 138 139 140 141 142 143 144 145 146 147 148 149 150 151 152 153 154 155 156 157 158 159 160 161 162 163 164 165 166 167 168 169 170 171 172 173 174 175 176 177 178 179 180 181 182 183 184 185 186 187 188 189 190 191 192 193 194 195 196 197 198 199 200 201 202 203 204 205 206 207 208 209 210 211 212 213 214 215 | 648 649 650 651 652 653 654 655 656 657 658 659 660 661 662 663 664 665 666 667 668 669 670 671 672 673 674 675 676 677 678 679 680 681 682 683 684 685 686 687 688 689 690 691 692 693 694 695 696 697 698 699 700 701 702 703 704 705 706 707 708 709 710 711 712 713 714 715 716 717 718 719 720 721 722 723 724 725 726 727 728 729 730 731 732 733 734 735 736 737 738 739 740 741 742 743 744 745 746 747 748 749 750 751 752 753 754 755 756 757 758 759 760 761 762 763 764 765 766 | 297 332 333 | 331 934 935 936 937 938 939 940 941 942 943 944 945 946 947 948 949 950 951 952 953 954 955 956 957 958 959 960 961 | 7 8 9 10 11 12 13 14 15 16 17 18 19 20 21 22 23 24 25 26 27 28 29 30 31 32 33 34 35 36 37 38 39 40 41 42 43 44 45 46 47 48 49 50 51 52 53 54 | 334 335 336 337 338 339 340 341 342 343 344 345 346 347 348 349 350 351 352 353 354 355 356 357 358 359 360 361 362 363 364 365 366 367 368 369 370 371 372 373 374 375 376 377 378 379 380 381 382 383 384 385 386 387 388 389 390 391 392 393 394 395 396 397 398 399 400 401 402 403 404 405 406 407 408 409 410 411 412 413 414 415 416 417 418 419 420 421 422 423 | 216 963 964 965 966 967 968 969 970 971 972 973 974 975 976 977 978 979 980 981 982 983 984 985 986 987 988 989 990 991 992 993 994 995 996 997 998 999 | 576 285 286 287 288 289 290 291 292 | 274 275 276 277 278 279 280 281 282 283 | 293 577 578 579 580 581 582 583 584 585 586 587 588 589 590 591 592 593 594 595 596 597 598 599 600 601 602 603 604 605 606 607 608 609 610 611 612 613 614 615 616 617 618 619 620 621 622 623 624 625 626 627 628 629 630 631 632 633 634 635 636 637 638 639 640 641 642 643 644 645 646 647 | 481 482 483 484 485 486 487 488 489 490 491 492 493 494 495 496 497 498 499 500 501 502 503 504 505 506 507 508 509 510 511 512 513 514 515 516 517 518 519 520 521 522 523 524 525 526 527 528 529 530 531 532 533 534 535 536 537 538 539 540 541 542 543 544 545 546 547 548 549 550 551 552 553 554 555 556 557 558 559 560 561 562 563 564 565 566 567 568 569 570 571 572 573 574 575 |
>simulated_k51_l1000_49
 0 425 426 427 428 429 430 431 432 433 434 435 436 437 438 439 440 441 442 443 444 445 446 447 448 449 450 451 452 453 454 455 456 457 458 459 460 461 462 463 464 465 466 467 468 469 470 471 472 473 | 255 289 290 291 292 293 294 295 296 297 298 299 300 301 302 303 304 305 306 307 | 933 136 137 138 139 140 141 142 143 144 145 146 147 148 149 150 151 152 153 154 155 156 157 158 159 160 161 162 163 164 165 166 | 917 56 57 58 59 60 61 62 63 64 65 66 67 68 69 70 71 72 73 74 75 76 77 78 79 80 | 55 934 935 936 937 938 939 940 941 942 943 944 945 946 947 948 949 950 951 952 953 954 955 956 957 958 959 960 961 | 424 963 964 965 966 967 968 969 970 971 972 973 974 975 976 977 978 979 980 981 982 983 984 985 986 987 988 989 990 991 992 993 994 995 996 997 998 999 | 962 82 83 84 85 86 87 88 89 90 91 92 93 94 95 96 97 98 99 100 | 135 918 919 920 921 922 923 924 925 926 927 928 929 930 931 932 | 911 1 2 3 4 5 6 7 8 9 10 11 12 13 | 288 256 257 258 259 260 261 262 263 264 265 266 267 268 269 270 271 272 273 274 275 276 277 278 279 280 281 282 283 284 285 286 287 | 167 168 169 170 171 172 173 174 175 176 177 178 179 180 181 182 183 184 185 186 187 188 189 190 191 192 193 194 195 196 197 198 199 200 201 202 203 204 205 206 207 208 209 210 211 212 213 214 215 216 217 218 219 220 221 222 223 224 225 226 227 228 229 230 231 232 233 234 235 236 237 238 239 240 241 242 243 244 245 246 247 248 249 250 251 252 253 254 | 14 15 16 17 18 19 20 21 22 23 24 25 26 27 28 29 30 31 32 33 34 35 36 37 38 39 40 41 42 43 44 45 46 47 48 49 50 51 52 53 54 | 798 799 800 801 802 803 804 805 806 807 808 809 810 811 812 813 814 815 816 817 818 819 820 821 822 823 824 825 826 827 828 829 830 831 832 833 834 835 836 837 838 839 840 841 842 843 844 845 846 847 848 849 850 851 852 853 854 855 856 857 858 859 860 861 862 863 864 865 866 867 868 869 870 871 872 873 874 875 876 877 878 879 880 881 882 883 884 885 886 887 888 889 890 891 892 893 894 895 896 897 898 899 900 901 902 903 904 905 906 907 908 909 910 | 101 102 103 104 105 106 107 108 109 110 111 112 113 114 115 116 117 118 119 120 121 122 123 124 125 126 127 128 129 130 131 132 133 134 | 349 350 351 352 353 354 355 356 357 358 359 360 | 81 912 913 914 915 916 | 474 475 476 477 478 479 480 481 482 483 484 485 486 487 488 489 490 491 492 493 494 495 496 497 498 499 500 501 502 503 504 505 506 507 508 509 510 511 512 513 514 515 516 517 518 519 520 521 522 523 524 525 526 527 528 529 530 531 532 533 534 535 536 537 538 539 540 541 542 543 544 545 546 547 548 549 550 551 552 553 554 555 556 557 558 559 560 561 562 563 564 565 566 567 568 569 570 571 572 573 574 575 576 577 578 579 580 581 582 583 584 585 586 587 588 589 590 591 592 593 594 595 596 | 708 709 710 711 712 713 714 715 716 717 718 719 720 721 722 723 724 725 726 727 728 729 730 731 732 733 734 735 736 737 738 739 740 741 742 743 744 745 746 747 748 749 750 751 752 753 754 755 756 757 758 759 760 761 762 763 764 765 766 767 768 769 770 771 772 773 774 775 776 777 778 779 780 781 782 783 784 785 786 787 788 789 790 791 792 793 794 795 796 797 | 361 362 363 364 365 366 367 368 369 370 371 372 373 374 375 376 377 378 379 380 381 382 383 384 385 386 387 388 389 | 308 309 310 311 312 313 314 315 316 317 318 319 320 321 322 323 324 325 326 327 328 329 330 331 332 333 334 335 336 337 338 339 340 341 342 343 344 345 346 347 348 | 390 391 392 393 394 395 396 397 398 399 400 401 402 403 404 405 406 407 408 409 410 411 412 413 414 415 416 417 418 419 420 421 422 423 | 644 645 646 647 648 649 650 651 652 653 654 655 656 657 658 659 660 661 662 663 664 665 666 667 668 669 670 671 672 673 674 675 676 677 678 679 680 681 682 683 684 685 686 687 688 689 690 691 692 693 694 695 696 697 698 699 700 701 702 703 704 705 706 707 | 597 598 599 600 601 602 603 604 605 606 607 608 609 610 611 612 613 614 615 616 617 618 619 620 621 622 623 624 625 626 627 628 629 630 631 632 633 634 635 636 637 638 639 640 641 642 643 |
>simulated_k51_l1000_50
 0 425 | 255 289 290 291 292 293 294 295 296 297 298 299 300 301 302 303 304 305 306 307 | 933 918 919 920 921 922 923 924 925 926 927 928 929 930 931 932 | 917 912 913 914 915 916 | 55 934 935 936 937 938 939 940 941 942 943 944 945 946 947 948 949 950 951 952 953 954 955 956 957 958 959 960 961 | 424 963 964 965 966 967 968 969 970 971 972 973 974 975 976 977 978 979 980 981 982 983 984 985 986 987 988 989 990 991 992 993 994 995 996 997 998 999 | 962 82 83 84 85 86 87 88 89 90 91 92 93 94 95 96 97 98 99 100 | 135 136 137 138 139 140 141 142 143 144 145 146 147 148 149 150 151 152 153 154 155 156 157 158 159 160 161 162 163 164 165 166 | 911 799 800 801 802 803 804 805 806 807 808 809 810 811 812 813 814 815 816 817 818 819 820 821 822 823 824 825 826 827 828 829 830 831 832 833 834 835 836 837 838 839 840 841 842 843 844 845 846 847 848 849 850 851 852 853 854 855 856 857 858 859 860 861 862 863 864 865 866 867 868 869 870 871 872 873 874 875 876 877 878 879 880 881 882 883 884 885 886 887 888 889 890 891 892 893 894 895 896 897 898 899 900 901 902 903 904 905 906 907 908 909 910 | 288 256 257 258 259 260 261 262 263 264 265 266 267 268 269 270 271 272 273 274 275 276 277 278 279 280 281 282 283 284 285 286 287 | 167 168 169 170 171 172 173 174 175 176 177 178 179 180 181 182 183 184 185 186 187 188 189 190 191 192 193 194 195 196 197 198 199 200 201 202 203 204 205 206 207 208 209 210 211 212 213 214 215 216 217 218 219 220 221 222 223 224 225 226 227 228 229 230 231 232 233 234 235 236 237 238 239 240 241 242 243 244 245 246 247 248 249 250 251 252 253 254 | 14 15 16 17 18 19 20 21 22 23 24 25 26 27 28 29 30 31 32 33 34 35 36 37 38 39 40 41 42 43 44 45 46 47 48 49 50 51 52 53 54 | 798 1 2 3 4 5 6 7 8 9 10 11 12 13 | 101 102 103 104 105 106 107 108 109 110 111 112 113 114 115 116 117 118 119 120 121 122 123 124 125 126 127 128 129 130 131 132 133 134 | 349 350 351 352 353 354 355 356 357 358 359 360 | 81 56 57 58 59 60 61 62 63 64 65 66 67 68 69 70 71 72 73 74 75 76 77 78 79 80 | 474 475 476 477 478 479 480 481 482 483 484 485 486 487 488 489 490 491 492 493 494 495 496 497 498 499 500 501 502 503 504 505 506 507 508 509 510 511 512 513 514 515 516 517 518 519 520 521 522 523 524 525 526 527 528 529 530 531 532 533 534 535 536 537 538 539 540 541 542 543 544 545 546 547 548 549 550 551 552 553 554 555 556 557 558 559 560 561 562 563 564 565 566 567 568 569 570 571 572 573 574 575 576 577 578 579 580 581 582 583 584 585 586 | 708 709 710 711 712 713 714 715 716 717 718 719 720 721 722 723 724 725 726 727 728 729 730 731 732 733 734 735 736 737 738 739 740 741 742 743 744 745 746 747 748 749 750 751 752 753 754 755 756 757 758 759 760 761 762 763 764 765 766 767 768 | 361 362 363 364 365 366 367 368 369 370 371 372 373 374 375 376 377 378 379 380 381 382 383 384 385 386 387 388 389 390 391 392 393 394 395 396 397 398 399 400 401 402 403 404 405 406 407 408 409 410 411 412 413 414 415 416 417 418 419 420 421 422 423 | 308 309 310 311 312 | 629 630 631 632 633 634 635 636 637 638 639 640 641 642 643 644 645 646 647 648 649 650 651 652 653 654 655 656 657 658 659 660 661 662 663 664 665 666 667 668 669 670 671 672 673 674 675 676 677 678 679 680 681 682 683 684 685 686 687 688 689 690 691 692 693 694 695 696 697 698 699 700 701 702 703 704 705 706 707 | 587 588 589 590 591 592 593 594 595 596 597 598 599 600 601 602 603 604 605 606 607 608 609 610 611 612 613 614 615 616 617 618 619 620 621 622 623 624 625 626 627 628 | 313 314 315 316 317 318 319 320 321 322 323 324 325 326 327 328 329 330 331 332 333 334 335 336 337 338 339 340 341 342 343 344 345 346 347 348 | 769 770 771 772 773 774 775 776 777 778 779 780 781 782 783 784 785 786 787 788 789 790 791 792 793 794 795 796 797 | 426 427 428 429 430 431 432 433 434 435 436 437 438 439 440 441 442 443 444 445 446 447 448 449 450 451 452 453 454 455 456 457 458 459 460 461 462 463 464 465 466 467 468 469 470 471 472 473 |
>simulated_k51_l1000_51
 0 425 426 427 428 429 430 431 432 433 434 435 436 437 438 439 440 441 442 443 444 445 446 447 448 449 450 451 452 453 454 455 456 457 458 459 460 461 462 463 464 465 466 467 468 469 470 471 472 473 474 475 476 477 478 479 480 481 482 483 484 485 486 487 488 489 490 491 492 493 494 495 496 497 498 499 500 501 502 503 504 505 506 507 508 509 510 511 512 513 514 515 516 517 518 519 520 521 522 523 524 525 526 527 528 529 530 531 532 533 534 535 536 537 538 539 540 541 542 543 544 545 546 547 548 549 550 551 552 553 554 555 556 557 558 559 560 561 562 563 564 565 566 | 255 289 290 291 292 293 294 295 296 297 298 299 300 301 302 303 304 305 306 307 308 309 310 311 312 313 314 315 316 317 318 319 320 321 322 323 324 325 326 327 328 329 330 331 332 333 334 335 336 337 338 339 340 341 342 343 344 345 346 347 348 | 933 136 137 138 139 140 141 142 143 144 145 146 147 148 149 150 151 152 153 154 155 156 157 158 159 160 161 162 163 164 165 166 | 917 56 57 58 59 60 61 62 63 64 65 66 67 68 69 70 71 72 73 | 55 870 871 872 873 874 875 876 877 878 879 880 881 882 883 884 885 886 887 888 889 890 891 892 893 894 895 896 897 898 899 900 901 902 903 904 905 906 907 908 909 910 | 424 799 800 801 802 803 804 805 806 807 808 809 810 811 812 813 814 815 816 817 818 819 820 821 822 823 824 825 826 827 828 829 830 831 832 833 834 835 836 837 838 839 840 841 842 843 844 845 846 847 848 849 850 851 852 853 854 855 856 857 858 859 860 861 862 863 864 865 866 867 868 | 962 630 631 | 135 918 919 920 921 922 923 924 925 926 927 928 929 930 931 932 | 911 350 351 352 353 354 355 356 357 358 359 360 361 362 363 364 365 366 367 368 369 370 371 372 373 374 375 376 377 378 379 380 381 382 383 384 385 386 387 388 389 390 391 392 393 394 395 396 397 398 399 400 401 402 403 404 405 406 407 408 409 410 411 | 288 256 257 258 259 260 261 262 263 264 265 266 267 268 269 270 271 272 273 | 167 168 169 170 171 172 173 174 175 176 177 178 179 180 181 182 183 184 185 186 187 188 189 190 191 192 193 194 195 196 197 198 199 200 201 202 203 204 205 206 207 208 209 210 211 212 213 214 215 216 217 218 219 220 221 222 223 224 225 226 227 228 229 230 231 232 233 234 235 236 237 238 239 240 241 242 243 244 245 246 247 248 249 250 251 252 253 254 | 14 15 16 17 18 19 20 21 22 23 24 25 26 27 28 29 30 31 32 33 34 35 36 37 38 39 40 41 42 43 44 45 46 47 48 49 50 51 52 53 54 | 798 963 964 965 966 967 968 969 970 971 972 973 974 975 976 977 978 979 980 981 982 983 984 985 986 987 988 989 990 991 992 993 994 995 996 997 998 999 | 101 934 935 936 937 938 939 940 941 942 943 944 945 946 947 948 949 950 951 952 953 954 955 956 957 958 959 960 961 | 349 1 2 3 4 5 6 7 8 9 10 11 12 13 | 629 133 134 | 274 275 276 277 278 279 280 281 282 283 284 285 286 287 | 132 912 913 914 915 916 | 869 102 103 104 105 106 107 108 109 110 111 112 113 114 115 116 117 118 119 120 121 122 123 124 125 126 127 128 129 130 131 | 74 75 76 77 78 79 80 81 82 83 84 85 86 87 88 89 90 91 92 93 94 95 96 97 98 99 100 | 632 633 634 635 636 637 638 639 640 641 642 643 644 645 646 647 648 649 650 651 652 653 654 655 656 657 658 659 660 661 662 663 664 665 666 667 668 669 670 671 672 673 674 675 676 677 678 679 680 681 682 683 684 685 686 687 688 689 690 691 692 693 694 695 696 697 698 699 700 701 702 703 704 705 706 707 708 709 710 711 712 713 714 715 716 717 718 719 720 721 722 723 724 725 726 727 728 729 730 731 732 733 734 735 736 737 738 739 740 741 742 743 744 745 746 747 748 749 750 751 752 753 754 755 756 757 758 759 760 761 762 763 764 765 766 767 768 769 770 771 772 773 774 775 776 777 778 779 780 781 782 783 784 785 786 787 788 789 790 791 792 793 794 795 796 797 | 582 583 584 585 586 587 588 589 590 591 592 593 594 595 596 597 598 599 600 601 602 603 604 605 606 607 608 609 610 611 612 613 614 615 616 617 618 619 620 621 622 623 624 625 626 627 628 | 567 568 569 570 571 572 573 574 575 576 577 578 579 580 581 | 412 413 414 415 416 417 418 419 420 421 422 423 |
>simulated_k51_l1000_52
 0 963 964 965 966 967 968 969 970 971 972 973 974 975 976 977 978 979 980 981 982 983 984 985 986 987 988 989 990 991 992 993 994 995 996 997 998 999 | 255 289 290 291 292 293 294 295 296 297 298 299 300 301 302 303 304 305 306 307 308 309 310 311 312 313 314 315 316 317 318 319 320 321 322 323 324 325 326 327 328 329 330 331 332 333 334 335 336 337 338 339 340 341 342 343 344 345 346 347 348 | 933 136 137 138 139 140 141 142 143 144 145 146 147 148 149 150 151 152 153 154 155 156 157 158 159 160 161 162 163 164 165 166 | 917 56 57 58 59 60 61 62 63 64 65 66 67 68 69 70 71 72 73 | 55 870 871 872 873 874 875 876 877 878 879 880 881 882 883 884 885 886 887 888 889 890 891 892 893 894 895 896 897 898 899 900 901 902 903 904 905 906 907 908 909 910 | 424 799 800 801 802 803 804 805 806 807 808 809 810 811 812 813 814 815 816 817 818 819 820 821 822 823 824 825 826 827 828 829 830 831 832 833 834 835 836 837 838 839 840 841 842 843 844 845 846 847 848 849 850 851 852 853 854 855 856 857 858 859 860 861 862 863 864 865 866 867 868 | 962 630 631 | 135 918 919 920 921 922 923 924 925 926 927 928 929 930 931 932 | 911 350 351 352 353 354 355 356 357 358 359 360 361 362 363 364 365 366 367 368 369 370 371 372 373 374 375 376 377 378 379 380 381 382 383 384 385 386 387 388 389 390 391 392 393 394 395 396 397 398 399 400 401 402 403 404 405 406 407 408 409 410 411 412 413 414 415 416 417 418 419 420 421 422 423 | 288 256 257 258 259 260 261 262 263 264 265 266 267 268 269 270 271 272 273 | 167 168 169 170 171 172 173 174 175 176 177 178 179 180 181 182 183 184 185 186 187 188 189 190 191 192 193 194 195 196 197 198 199 200 201 202 203 204 205 206 207 208 209 210 211 212 213 214 215 216 217 218 219 220 221 222 223 224 225 226 227 228 229 230 231 232 233 234 235 236 237 238 239 240 241 242 243 244 245 246 247 248 249 250 251 252 253 254 | 14 15 16 17 18 19 20 21 22 23 24 25 26 27 28 29 30 31 32 33 34 35 36 37 38 39 40 41 42 43 44 45 46 47 48 49 50 51 52 53 54 | 798 425 426 427 428 429 430 431 432 433 434 435 436 437 438 439 440 441 442 443 444 445 446 447 448 449 450 451 452 453 454 455 456 457 458 459 460 461 462 463 464 465 466 467 468 469 470 471 472 473 474 475 476 477 478 479 480 481 482 483 484 485 486 487 488 489 490 491 492 493 494 495 496 497 498 499 500 501 502 503 504 505 506 507 508 509 510 511 512 513 514 515 516 517 518 519 520 521 522 523 524 525 526 527 528 529 530 531 532 533 534 535 536 537 538 539 540 541 542 543 544 545 546 547 548 549 550 551 552 553 554 555 556 557 558 559 560 561 562 563 564 565 566 | 101 102 103 104 105 106 107 108 109 110 111 112 113 114 115 116 117 118 119 120 121 122 123 124 125 126 127 128 129 130 131 | 349 1 2 3 4 5 6 7 8 9 10 11 12 13 | 629 133 134 | 274 275 276 277 278 279 280 281 282 283 284 285 286 287 | 132 912 913 914 915 916 | 869 934 935 936 937 938 939 940 941 942 943 944 945 946 947 948 949 950 951 952 953 954 955 956 957 958 959 960 961 | 74 75 76 77 78 79 80 81 82 83 84 85 86 87 88 89 90 91 92 93 94 95 96 97 98 99 100 | 632 633 634 635 636 637 638 639 640 641 642 643 644 645 646 647 648 649 650 651 652 653 654 655 656 657 658 659 660 661 662 663 664 665 666 667 668 669 670 671 672 673 674 675 676 677 678 679 680 681 682 683 684 685 686 687 688 689 690 691 692 693 694 695 696 697 698 699 700 701 702 703 704 705 706 707 708 709 710 711 712 713 714 715 716 717 718 719 720 721 722 723 724 725 726 727 728 729 730 731 732 733 734 735 736 737 738 739 740 741 742 743 744 745 746 747 748 749 750 751 752 753 754 755 756 757 758 759 760 761 762 763 764 765 766 767 768 769 770 771 772 773 774 775 776 777 778 779 780 781 782 783 784 785 786 787 788 789 790 791 792 793 794 795 796 797 | 582 583 584 585 586 587 588 589 590 591 592 593 594 595 596 597 598 599 600 601 602 603 604 605 606 607 608 609 610 611 612 613 614 615 616 617 618 619 620 621 622 623 624 625 626 627 628 | 567 568 569 570 571 572 573 574 575 576 577 578 579 580 581 |
>simulated_k51_l1000_54
 0 285 286 287 288 289 290 291 292 293 294 295 296 | 255 332 333 | 933 918 919 920 921 922 923 924 925 926 927 928 929 930 931 932 | 917 768 769 770 771 772 773 774 775 776 777 778 779 780 781 782 783 784 785 786 787 788 789 790 791 792 793 794 795 796 797 798 799 800 801 802 803 804 805 806 807 808 809 810 811 812 813 814 815 816 817 818 819 820 821 822 823 824 825 826 827 828 829 830 831 832 833 834 835 836 837 838 839 840 841 842 843 844 845 846 847 848 849 850 851 852 853 854 855 856 857 858 859 860 861 862 863 864 865 866 867 868 869 870 871 872 873 874 875 876 877 878 | 55 1 2 3 4 5 6 | 424 217 218 219 220 221 222 223 224 225 226 227 228 229 230 231 232 233 234 235 236 237 238 239 240 241 242 243 244 245 246 247 248 249 250 251 252 253 254 | 962 298 299 300 301 302 303 304 305 306 307 308 309 310 311 312 313 314 315 316 317 318 319 320 321 322 323 324 325 326 327 328 329 330 | 284 256 257 258 259 260 261 262 263 264 265 266 267 268 269 270 271 272 273 274 275 276 277 278 279 280 281 282 283 | 767 56 57 58 59 60 61 62 63 64 65 66 67 68 69 70 71 72 73 74 75 76 77 78 79 80 81 82 83 84 85 86 | 648 649 650 651 652 653 654 655 656 657 658 659 660 661 662 663 664 665 666 667 668 669 670 671 672 673 674 675 676 677 678 679 680 681 682 683 684 685 686 687 688 689 690 691 692 693 694 695 696 697 698 699 700 701 702 703 704 705 706 707 708 709 710 711 712 713 714 715 716 717 718 719 720 721 722 723 724 725 726 727 728 729 730 731 732 733 734 735 736 737 738 739 740 741 742 743 744 745 746 747 748 749 750 751 752 753 754 755 756 757 758 759 760 761 762 763 764 765 766 | 297 425 426 427 428 429 430 431 432 433 434 435 436 437 438 439 440 441 442 443 444 445 446 | 331 934 935 936 937 938 939 940 941 942 943 944 945 946 947 948 949 950 951 952 953 954 955 956 957 958 959 960 961 | 7 8 9 10 11 12 13 14 15 16 17 18 19 20 21 22 23 24 25 26 27 28 29 30 31 32 33 34 35 36 37 38 39 40 41 42 43 44 45 46 47 48 49 50 51 52 53 54 | 334 335 336 337 338 339 340 341 342 343 344 345 346 347 348 349 350 351 352 353 354 355 356 357 358 359 360 361 362 363 364 365 366 367 368 369 370 371 372 373 374 375 376 377 378 379 380 381 382 383 384 385 386 387 388 389 390 391 392 393 394 395 396 397 398 399 400 401 402 403 404 405 406 407 408 409 410 411 412 413 414 415 416 417 418 419 420 421 422 423 | 216 963 964 965 966 967 968 969 970 971 972 973 974 975 976 977 978 979 980 981 982 983 984 985 986 987 988 989 990 991 992 993 994 995 996 997 998 999 | 576 577 578 579 580 581 582 583 584 585 586 587 588 589 590 591 592 593 594 595 596 597 598 599 600 601 602 603 604 605 606 607 608 609 610 611 612 613 614 615 616 617 618 619 620 621 622 623 624 625 626 627 628 629 630 631 632 633 634 635 636 637 638 639 640 641 642 643 644 645 646 647 | 87 88 89 90 91 92 93 94 95 96 97 98 99 100 101 102 103 104 105 106 107 108 109 110 111 112 113 114 115 116 117 118 119 120 121 122 123 124 125 126 127 128 129 130 131 132 133 134 135 136 137 138 139 140 141 142 143 144 145 146 147 148 149 150 151 152 153 154 155 156 157 158 159 160 161 162 163 164 165 166 167 168 169 170 171 172 173 174 175 176 177 178 179 180 181 182 183 184 185 186 187 188 189 190 191 192 193 194 195 196 197 198 199 200 201 202 203 204 205 206 207 208 209 210 211 212 213 214 215 | 879 880 881 882 883 884 885 886 887 888 889 890 891 892 893 894 895 896 897 898 899 900 901 902 903 904 905 906 907 908 909 910 911 912 913 914 915 916 | 447 448 449 450 451 452 453 454 455 456 457 458 459 460 461 462 463 464 465 466 467 468 469 470 471 472 473 474 475 476 477 478 479 480 481 482 483 484 485 486 487 488 489 490 491 492 493 494 495 496 497 498 499 500 501 502 503 504 505 506 507 508 509 510 511 512 513 514 515 516 517 518 519 520 521 522 523 524 525 526 527 528 529 530 531 532 533 534 535 536 537 538 539 540 541 542 543 544 545 546 547 548 549 550 551 552 553 554 555 556 557 558 559 560 561 562 | 563 564 565 566 567 568 569 570 571 572 573 574 575 |
>simulated_k51_l1000_57
 0 285 286 287 288 | 255 256 257 258 259 260 261 262 263 264 265 266 267 268 269 270 271 272 273 274 275 276 277 278 279 280 281 282 283 | 933 918 919 920 921 922 923 924 925 926 927 928 929 930 931 932 | 917 768 769 770 771 772 773 774 775 776 777 778 779 780 781 782 783 784 785 786 787 788 789 790 791 792 793 794 795 796 797 798 799 800 801 802 803 804 805 806 807 808 809 810 811 812 813 814 815 816 817 818 819 820 821 822 823 824 825 826 827 828 829 830 831 832 833 834 835 836 837 838 839 840 841 842 843 844 845 846 847 848 849 850 851 852 853 854 855 856 857 858 859 860 861 862 863 864 865 866 867 868 869 870 871 872 873 874 875 876 877 878 879 880 881 882 883 884 885 886 887 888 889 890 891 892 893 894 895 896 897 898 899 900 901 902 903 904 905 906 907 908 909 910 911 912 913 914 915 916 | 55 1 2 3 4 5 6 | 424 217 218 219 220 221 222 223 224 225 226 227 228 229 230 231 232 233 234 235 236 237 238 239 240 241 242 243 244 245 246 247 248 249 250 251 252 253 254 | 962 298 299 300 301 302 303 304 305 306 307 308 309 310 311 312 313 314 315 316 317 318 319 320 321 322 323 324 325 326 327 328 329 330 | 284 425 426 427 428 429 430 431 432 433 434 435 436 437 438 439 440 441 442 443 444 445 446 447 448 449 450 451 452 453 454 455 456 457 458 459 460 461 462 463 464 465 466 467 468 469 470 471 472 473 474 475 476 477 478 479 480 481 482 483 484 485 486 487 488 489 490 491 492 493 494 495 496 497 498 499 500 501 502 503 504 505 506 507 508 509 510 511 512 513 514 515 516 517 518 519 520 521 522 523 524 525 526 527 528 529 530 531 532 533 534 535 536 537 538 539 540 541 542 543 544 545 546 547 548 549 550 551 552 553 554 555 556 557 558 559 560 561 562 563 564 565 566 567 568 569 570 571 572 573 574 575 | 767 56 57 58 59 60 61 62 63 64 65 66 67 68 69 70 71 72 73 74 75 76 77 78 79 80 81 82 83 84 85 86 87 88 89 90 91 92 93 94 95 96 97 98 99 100 101 102 103 104 105 106 107 108 109 110 111 112 113 114 115 116 117 118 119 120 121 122 123 124 125 126 127 128 129 130 131 132 133 134 135 136 137 138 139 140 141 142 143 144 145 146 147 148 149 150 151 152 153 154 155 156 157 158 159 160 161 162 163 164 165 166 167 168 169 170 171 172 173 174 175 176 177 178 179 180 181 182 183 184 185 186 187 188 189 190 191 192 193 194 195 196 197 198 199 200 201 202 203 204 205 206 207 208 209 210 211 212 213 214 215 | 648 649 650 651 652 653 654 655 656 657 658 659 660 661 662 663 664 665 666 667 668 669 670 671 672 673 674 675 676 677 678 679 680 681 682 683 684 685 686 687 688 689 690 691 692 693 694 695 696 697 698 699 700 701 702 703 704 705 706 707 708 709 710 711 712 713 714 715 716 717 718 719 720 721 722 723 724 725 726 727 728 729 730 731 732 733 734 735 736 737 738 739 740 741 742 743 744 745 746 747 748 749 750 751 752 753 754 755 756 757 758 759 760 761 762 763 764 765 766 | 297 963 964 965 966 967 968 969 970 971 972 973 974 975 976 977 978 979 980 981 982 983 984 985 986 987 988 989 990 991 992 993 994 995 996 997 998 999 | 331 934 935 936 937 938 939 940 941 942 943 944 945 946 947 948 949 950 951 952 953 954 955 956 957 958 959 960 961 | 7 8 9 10 11 12 13 14 15 16 17 18 19 20 21 22 23 24 25 26 27 28 29 30 31 32 33 34 35 36 37 38 39 40 41 42 43 44 45 46 47 48 49 50 51 52 53 54 | 334 335 336 337 338 339 340 341 342 343 344 345 346 347 348 349 350 351 352 353 354 355 356 357 358 359 360 361 362 363 364 365 366 367 368 369 370 371 372 373 374 375 376 377 378 379 380 381 382 383 384 385 386 387 388 389 390 391 392 393 394 395 396 397 398 399 400 401 402 403 404 405 406 407 408 409 410 411 412 413 414 415 416 417 418 419 420 421 422 423 | 216 332 333 | 576 577 578 579 580 581 582 583 584 585 586 587 588 589 590 591 592 593 594 595 596 597 598 599 600 601 602 603 604 605 606 607 608 609 610 611 612 613 614 615 616 617 618 619 620 621 622 623 624 625 626 627 628 629 630 631 632 633 634 635 636 637 638 639 640 641 642 643 644 645 646 647 | 289 290 291 292 293 294 295 296 |
>simulated_k51_l1000_58
 0 285 286 287 288 289 290 291 292 293 294 295 296 | 255 256 257 258 259 260 261 262 263 264 265 266 267 268 269 270 271 272 273 274 275 276 277 278 279 280 281 282 283 | 933 918 919 920 921 922 923 924 925 926 927 928 929 930 931 932 | 917 768 769 770 771 772 773 774 775 776 777 778 779 780 781 782 783 784 785 786 787 788 789 790 791 792 793 794 795 796 797 798 799 800 801 802 803 804 805 806 807 808 809 810 811 812 813 814 815 816 817 818 819 820 821 822 823 824 825 826 827 828 829 830 831 832 833 834 835 836 837 838 839 840 841 842 843 844 845 846 847 848 849 850 851 852 853 854 855 856 857 858 859 860 861 862 863 864 865 866 867 868 869 870 871 872 873 874 875 876 877 878 879 880 881 882 883 884 885 886 887 888 889 890 891 892 893 894 895 896 897 898 899 900 901 902 903 904 905 906 907 908 909 910 911 912 913 914 915 916 | 55 1 2 3 4 5 6 | 424 217 218 219 220 221 222 223 224 225 226 227 228 229 230 231 232 233 234 235 236 237 238 239 240 241 242 243 244 245 246 247 248 249 250 251 252 253 254 | 962 298 299 300 301 302 303 304 305 306 307 308 309 310 311 312 313 314 315 316 317 318 319 320 321 322 323 324 325 326 327 328 329 330 | 284 425 426 427 428 429 430 431 432 433 434 435 436 437 438 439 440 441 442 443 444 445 446 447 448 449 450 451 452 453 454 455 456 457 458 459 460 461 462 463 464 465 466 467 468 469 470 471 472 473 474 475 476 477 478 479 480 481 482 483 484 485 486 487 488 489 490 491 492 493 494 495 496 497 498 499 500 501 502 503 504 505 506 507 508 509 510 511 512 513 514 515 516 517 518 519 520 521 522 523 524 525 526 527 528 529 530 531 532 533 534 535 536 537 538 539 540 541 542 543 544 545 546 547 548 549 550 551 552 553 554 555 556 557 558 559 560 561 562 563 564 565 566 567 568 569 570 571 572 573 574 575 | 767 56 57 58 59 60 61 62 63 64 65 66 67 68 69 70 71 72 73 74 75 76 77 78 79 80 81 82 83 84 85 86 87 88 89 90 91 92 93 94 95 96 97 98 99 100 101 102 103 104 105 106 107 108 109 110 111 112 113 114 115 116 117 118 119 120 121 122 123 124 125 126 127 128 129 130 131 132 133 134 135 136 137 138 139 140 141 142 143 144 145 146 147 148 149 150 151 152 153 154 155 156 157 158 159 160 161 162 163 164 165 166 167 168 169 170 171 172 173 174 175 176 177 178 179 180 181 182 183 184 185 186 187 188 189 190 191 192 193 194 195 196 197 198 199 200 201 202 203 204 205 206 207 208 209 210 211 212 213 214 215 | 648 649 650 651 652 653 654 655 656 657 658 659 660 661 662 663 664 665 666 667 668 669 670 671 672 673 674 675 676 677 678 679 680 681 682 683 684 685 686 687 688 689 690 691 692 693 694 695 696 697 698 699 700 701 702 703 704 705 706 707 708 709 710 711 712 713 714 715 716 717 718 719 720 721 722 723 724 725 726 727 728 729 730 731 732 733 734 735 736 737 738 739 740 741 742 743 744 745 746 747 748 749 750 751 752 753 754 755 756 757 758 | 297 332 333 | 331 934 935 936 937 938 939 940 941 942 943 944 945 946 947 948 949 950 951 952 953 954 955 956 957 958 959 960 961 | 7 335 336 337 338 339 340 341 342 343 344 345 346 347 348 349 350 351 352 353 354 355 356 357 358 359 360 361 362 363 364 365 366 367 368 369 370 371 372 373 374 375 376 377 378 379 380 381 382 383 384 385 386 387 388 389 390 391 392 393 394 395 396 397 398 399 400 401 402 403 404 405 406 407 408 409 410 411 412 413 414 415 416 417 418 419 420 421 422 423 | 334 8 9 10 11 12 13 14 15 16 17 18 19 20 21 22 23 24 25 26 27 28 29 30 31 32 33 34 35 36 37 38 39 40 41 42 43 44 45 46 47 48 49 50 51 52 53 54 | 216 963 964 965 966 967 968 969 970 971 972 973 974 975 976 977 978 979 980 981 982 983 984 985 986 987 988 989 990 991 992 993 994 995 996 997 998 999 | 576 577 578 579 580 581 582 583 584 585 586 587 588 589 590 591 592 593 594 595 596 597 598 599 600 601 602 603 604 605 606 607 608 609 610 611 612 613 614 615 616 617 618 619 620 621 622 623 624 625 626 627 628 629 630 631 632 633 634 635 636 637 638 639 640 641 642 643 644 645 646 647 | 759 760 761 762 763 764 765 766 |
>simulated_k51_l1000_61
 0 649 650 651 652 653 654 655 656 657 658 659 660 661 662 663 664 665 666 667 668 669 670 671 672 673 674 675 676 677 678 679 680 681 682 683 684 685 686 687 688 689 690 691 692 693 694 695 696 697 698 699 700 701 702 703 704 705 706 707 708 709 710 711 712 713 714 715 716 717 718 719 720 721 722 723 724 725 726 727 728 729 730 731 732 733 734 735 736 | 255 256 257 258 259 260 261 262 263 264 265 266 267 268 269 270 271 272 273 274 275 276 277 278 279 280 281 282 283 | 933 248 249 250 251 252 253 254 | 917 285 286 287 288 289 290 291 292 293 294 295 296 | 55 298 299 300 301 302 303 304 305 306 307 308 309 310 311 312 313 314 315 316 317 318 319 320 321 322 323 324 325 326 327 328 329 330 | 424 1 2 3 4 5 6 | 962 934 935 936 937 938 939 940 941 942 943 944 945 946 | 284 796 797 798 799 800 801 802 803 804 805 806 807 808 809 810 811 812 813 814 815 816 817 818 819 820 821 822 823 824 825 826 827 828 829 830 831 832 833 834 835 836 837 838 839 840 841 842 843 844 845 846 847 848 849 850 851 852 853 854 855 856 857 858 859 860 861 862 863 864 865 866 867 868 869 870 871 872 873 874 875 876 877 878 879 880 881 882 883 884 885 886 887 888 889 890 891 892 893 894 895 896 897 898 899 900 901 902 903 904 905 906 907 908 909 910 911 912 913 914 915 916 | 767 332 333 334 335 336 337 338 339 340 341 342 343 344 345 346 347 348 349 350 351 352 353 354 355 356 357 358 359 360 361 362 363 364 365 366 367 368 369 370 371 372 373 374 375 376 377 378 379 | 648 768 769 770 771 772 773 774 775 776 777 778 779 780 781 782 783 784 785 786 787 788 789 790 791 792 793 794 | 297 963 964 965 966 967 968 969 970 971 972 973 974 975 976 977 978 979 980 981 982 983 984 985 986 987 988 989 990 991 992 993 994 995 996 997 998 999 | 331 56 57 58 59 60 61 62 63 64 65 66 67 68 69 70 71 72 73 74 75 76 77 78 79 80 81 82 83 84 85 86 87 88 89 90 91 92 93 94 95 96 97 98 99 100 101 102 103 104 105 106 107 108 109 110 111 112 113 114 115 116 117 118 119 120 121 122 123 124 125 126 127 128 129 130 131 132 133 134 135 136 137 138 139 140 141 142 143 144 145 146 147 148 | 7 738 739 740 741 742 743 744 745 746 747 748 749 750 751 752 753 754 755 756 757 758 759 760 761 762 763 764 765 766 | 480 556 557 558 559 560 561 562 563 564 565 566 567 568 569 570 571 572 573 574 575 576 577 578 579 580 581 582 583 584 585 586 587 588 589 590 591 592 | 795 8 9 10 11 12 13 14 15 16 17 18 19 20 21 22 23 24 25 26 27 28 29 30 31 32 33 34 35 36 37 38 39 40 41 42 43 44 45 46 47 48 49 50 51 52 53 54 | 247 918 919 | 555 481 482 483 484 485 486 487 488 489 490 491 492 493 494 495 496 497 498 499 500 501 502 503 504 505 506 507 508 509 510 511 512 513 514 515 516 517 518 519 520 521 522 523 524 525 526 527 528 529 530 531 532 533 534 535 536 537 538 539 540 541 542 543 544 545 546 547 548 549 550 551 552 553 554 | 737 425 426 427 428 429 430 431 | 432 433 434 435 436 437 438 439 440 441 442 443 444 445 446 447 448 449 450 451 452 453 454 455 456 457 458 459 460 461 462 463 464 465 466 467 468 469 470 471 472 473 474 475 476 477 478 479 | 947 948 949 950 951 952 953 954 955 956 957 958 959 960 961 | 920 921 922 923 924 925 926 927 928 929 930 931 932 | 149 150 151 152 153 154 155 156 157 158 159 160 161 162 163 164 165 166 167 168 169 170 171 172 173 174 175 176 177 178 179 180 181 182 183 184 185 186 187 188 189 190 191 192 193 194 195 196 197 198 199 200 201 202 203 204 205 206 207 208 209 210 211 212 213 214 215 216 217 218 219 220 221 222 223 224 225 226 227 228 229 230 231 232 233 234 235 236 237 238 239 240 241 242 243 244 245 246 | 593 594 595 596 597 598 599 600 601 602 603 604 605 606 607 608 609 610 611 612 613 614 615 616 617 618 619 620 621 622 623 624 625 626 627 628 629 630 631 632 633 634 635 636 637 638 639 640 641 642 643 644 645 646 647 | 380 381 382 383 384 385 386 387 388 389 390 391 392 393 394 395 396 397 398 399 400 401 402 403 404 405 406 407 408 409 410 411 412 413 414 415 416 417 418 419 420 421 422 423 |
>simulated_k51_l1000_62
 0 768 769 770 771 772 773 774 775 776 777 778 779 780 781 782 783 784 785 786 787 788 789 790 791 792 793 794 | 255 256 257 258 259 260 261 262 263 264 265 266 267 268 269 270 271 272 273 274 275 276 277 278 279 280 281 282 283 | 933 248 249 250 251 252 253 254 | 917 285 286 287 288 289 290 291 292 293 294 295 296 | 55 382 383 384 385 386 387 388 389 390 391 392 393 394 395 396 397 398 399 400 401 402 403 404 405 406 407 408 409 410 411 412 413 414 415 416 417 418 419 420 421 422 423 | 424 1 2 3 4 5 6 | 962 934 935 936 937 938 939 940 941 942 943 944 945 946 | 284 796 797 798 799 800 801 802 803 804 805 806 807 808 809 810 811 812 813 814 815 816 817 818 819 820 821 822 823 824 825 826 827 828 829 830 831 832 833 834 835 | 767 56 57 58 59 60 61 62 63 64 65 66 67 68 69 70 71 72 73 74 75 76 77 78 79 80 81 82 83 84 85 86 87 88 89 90 91 92 93 94 95 96 97 98 99 100 101 102 103 104 105 106 107 108 109 110 111 112 113 114 115 116 117 118 119 120 121 122 123 124 125 126 127 128 129 130 131 132 133 134 135 136 137 138 139 140 141 142 143 144 145 146 147 148 149 150 151 152 153 154 155 156 157 158 159 160 161 162 163 164 165 166 167 168 169 170 171 172 173 174 | 648 649 650 651 652 653 654 655 656 657 658 659 660 661 662 663 664 665 666 667 668 669 670 671 672 673 674 675 676 677 678 679 680 681 682 683 684 685 686 687 688 689 690 691 692 693 694 695 696 697 698 699 700 701 702 703 704 705 706 707 708 709 710 711 712 713 714 715 716 717 718 719 720 721 722 723 724 725 726 727 728 729 730 731 732 733 734 735 736 | 297 963 964 965 966 967 968 969 970 971 972 973 974 975 976 977 978 979 980 981 982 983 984 985 986 987 988 989 990 991 992 993 994 995 996 997 998 999 | 331 332 333 334 335 336 337 338 339 340 341 342 343 344 345 346 347 348 349 350 351 352 353 354 355 356 357 358 359 360 361 362 363 364 365 366 367 368 369 370 371 372 373 374 375 376 377 378 379 380 | 7 425 426 427 428 429 430 431 | 480 481 482 483 484 485 486 487 488 489 490 491 492 493 494 495 496 497 498 499 500 501 502 503 504 505 506 507 508 509 510 511 512 513 514 515 516 517 518 519 520 521 522 523 524 525 526 527 528 529 530 531 532 533 534 535 536 537 538 539 540 541 542 543 544 545 546 547 548 549 550 551 552 553 554 | 795 8 9 10 11 12 13 14 15 16 17 18 19 20 21 22 23 24 25 26 27 28 29 30 31 32 33 34 35 36 37 38 39 40 41 42 43 44 45 46 47 48 49 50 51 52 53 54 | 247 918 919 920 921 922 923 924 925 926 927 928 929 930 931 932 | 555 948 949 950 951 952 953 954 955 956 957 958 959 960 961 | 737 738 739 740 741 742 743 744 745 746 747 748 749 750 751 752 753 754 755 756 757 758 759 760 761 762 763 764 765 766 | 432 433 434 435 436 437 438 439 440 441 442 443 444 445 446 447 448 449 450 451 452 453 454 455 456 457 458 459 460 461 462 463 464 465 466 467 468 469 470 471 472 473 474 475 476 477 478 479 | 947 556 557 558 559 560 561 562 563 564 565 566 567 568 569 570 571 572 573 574 575 576 577 578 579 580 581 582 583 584 585 586 587 588 589 590 591 592 593 594 595 596 597 598 599 600 601 602 603 604 605 606 607 608 609 610 611 612 613 614 615 616 617 618 619 620 621 622 623 624 625 626 627 628 629 630 631 632 633 634 635 636 637 638 639 640 641 642 643 644 645 646 647 | 381 298 299 300 301 302 303 304 305 306 307 308 309 310 311 312 313 314 315 316 317 318 319 320 321 | 175 176 177 178 179 180 181 182 183 184 185 186 187 188 189 190 191 192 193 194 195 196 197 198 199 200 201 202 203 204 205 206 207 208 209 210 211 212 213 214 215 216 217 218 219 220 221 222 223 224 225 226 227 228 229 230 231 232 233 234 235 236 237 238 239 240 241 242 243 244 245 246 | 322 323 324 325 326 327 328 329 330 | 836 837 838 839 840 841 842 843 844 845 846 847 848 849 850 851 852 853 854 855 856 857 858 859 860 861 862 863 864 865 866 867 868 869 870 871 872 873 874 875 876 877 878 879 880 881 882 883 884 885 886 887 888 889 890 891 892 893 894 895 896 897 898 899 900 901 902 903 904 905 906 907 908 909 910 911 912 913 914 915 916 |
>simulated_k51_l1000_64
 0 252 253 254 255 256 257 258 259 260 261 262 263 264 265 266 267 268 269 270 271 272 273 274 275 276 277 278 279 280 281 282 283 284 285 286 287 288 289 290 291 292 293 294 295 296 297 298 299 | 672 851 852 853 854 855 856 857 858 859 860 861 862 863 864 865 866 867 868 869 870 871 872 873 874 875 876 877 | 850 319 320 321 322 323 324 325 326 327 328 329 330 331 332 333 334 335 336 337 338 339 340 341 342 343 344 345 346 347 348 349 350 351 352 353 354 355 356 357 358 359 360 361 362 363 364 365 366 367 368 369 370 371 372 373 374 375 376 377 378 379 380 381 382 383 384 385 386 387 388 | 485 486 487 488 489 490 491 492 493 494 495 496 497 498 499 500 501 502 503 504 505 506 507 508 509 510 511 512 513 | 994 995 996 997 998 999 | 251 1 2 3 4 5 6 7 8 9 10 11 12 13 14 15 16 17 18 19 20 21 22 23 24 25 26 27 28 29 30 31 32 33 34 35 36 37 38 39 40 41 42 43 44 45 46 47 48 49 50 51 52 53 54 55 56 57 58 59 60 61 62 63 | 318 673 674 675 676 677 678 679 680 681 682 683 684 685 686 687 688 689 690 691 692 693 694 695 696 697 698 699 700 701 702 703 704 705 706 707 708 709 710 711 712 713 714 715 716 717 718 719 720 721 722 723 724 725 726 727 728 729 730 731 732 733 734 735 736 737 738 739 740 741 742 743 744 745 746 747 748 749 750 751 752 753 754 755 756 757 758 759 760 761 762 763 764 765 766 767 768 769 770 771 772 773 774 775 776 777 778 779 780 781 782 783 784 785 786 787 788 789 790 791 792 793 794 795 796 797 798 799 800 801 802 803 804 805 806 807 808 809 810 811 812 813 814 815 816 817 818 819 820 821 822 823 824 825 826 827 828 829 830 831 832 833 834 835 836 | 64 65 66 67 68 69 70 71 72 73 74 75 76 77 78 79 80 | 438 439 440 441 442 443 444 445 446 447 448 449 450 451 452 453 454 455 456 457 458 459 460 461 462 463 464 465 466 467 468 469 470 471 472 473 474 475 476 477 478 479 480 481 482 483 484 | 81 82 83 84 85 86 87 88 89 90 91 92 93 94 95 96 97 98 99 100 101 102 103 104 105 106 107 108 109 110 111 112 113 114 115 116 117 118 119 120 121 122 123 124 | 523 838 839 840 841 842 843 844 845 846 847 848 849 | 837 524 525 526 527 528 529 530 531 532 533 534 535 536 537 538 539 540 541 542 543 544 545 546 547 548 549 550 551 552 553 554 555 556 557 558 559 560 561 562 563 564 565 566 567 568 569 570 571 572 573 574 575 576 577 578 579 580 581 582 583 584 585 586 587 588 589 590 591 592 593 594 595 596 597 598 599 600 601 602 603 604 605 606 607 608 609 610 611 612 613 614 615 616 617 618 619 620 621 622 623 624 625 626 627 628 629 630 631 632 633 634 635 636 637 638 639 640 641 642 643 644 645 646 647 648 649 650 651 652 653 654 655 656 657 658 659 660 661 662 663 664 665 666 667 668 669 670 671 | 953 954 955 956 957 958 959 960 961 962 963 964 965 966 967 968 969 970 971 972 973 974 975 976 977 978 979 980 981 982 983 984 985 986 987 988 989 990 991 992 993 | 514 515 516 517 518 519 520 521 522 | 125 126 | 300 301 302 303 304 305 306 307 308 309 310 311 312 313 314 315 316 317 | 389 390 391 392 393 394 395 396 397 398 399 400 401 402 403 404 405 406 407 408 409 410 411 412 413 414 415 416 417 418 419 420 421 422 423 424 425 426 427 428 429 430 431 432 433 434 435 436 437 | 225 226 227 228 229 230 231 232 233 234 235 236 237 238 239 240 241 242 243 244 245 246 247 248 249 250 | 878 879 880 881 882 883 884 885 886 887 888 889 890 891 892 893 894 895 896 897 898 899 900 901 902 903 904 905 906 907 908 909 910 911 912 913 914 915 916 917 918 919 920 921 922 923 924 925 926 927 928 929 930 931 932 933 934 935 936 937 938 939 940 941 942 943 944 945 946 947 948 949 950 951 952 | 127 128 129 130 131 132 133 134 135 136 137 138 139 140 141 142 143 144 145 146 147 148 149 150 151 152 153 154 155 156 157 158 159 160 161 162 163 164 165 166 167 168 169 170 171 172 173 174 175 176 177 178 179 180 181 182 183 184 185 186 187 188 189 190 191 192 193 194 195 196 197 198 199 200 201 202 203 204 205 206 207 208 209 210 211 212 213 214 215 216 217 218 219 220 221 222 223 224 |
>simulated_k51_l1000_66
 0 1 2 3 4 5 6 7 8 9 10 11 12 13 14 15 16 17 18 19 20 21 22 23 24 25 26 27 28 29 30 31 32 33 34 35 | 672 851 852 853 854 855 856 857 858 859 860 861 862 863 864 865 866 867 868 869 870 871 872 873 874 875 876 877 878 879 880 881 882 883 884 885 886 887 888 889 890 891 892 893 894 895 896 897 898 899 900 901 902 903 904 905 906 907 908 909 910 911 912 913 914 915 916 917 918 919 920 921 922 923 924 925 926 927 928 929 930 931 932 933 934 935 936 937 938 939 940 | 850 375 376 377 378 379 380 381 382 383 384 385 386 387 388 389 390 391 392 393 394 395 396 397 398 399 400 401 402 403 404 405 406 407 408 409 410 411 412 413 414 415 416 417 418 419 420 421 422 423 424 425 426 427 428 429 430 431 432 433 434 435 436 437 | 485 486 487 488 489 490 491 492 493 494 495 496 497 498 499 500 501 502 503 504 505 506 507 508 509 510 511 512 513 514 515 516 517 518 519 520 521 522 523 524 525 526 527 528 529 530 531 532 533 534 535 536 537 538 539 540 541 542 543 544 545 546 547 548 549 550 551 552 553 554 555 556 557 558 559 560 561 562 563 564 565 566 567 568 569 570 571 572 573 574 575 576 577 578 579 580 581 582 | 994 995 996 997 998 999 | 251 252 253 254 255 256 257 258 259 260 261 262 263 264 265 266 267 268 269 270 271 272 273 274 275 276 277 278 279 280 281 282 283 284 285 286 287 288 289 290 291 292 293 294 295 296 297 298 299 300 301 302 303 304 305 306 307 308 309 310 311 312 313 314 315 316 317 | 318 673 674 675 676 677 678 679 680 681 682 683 684 685 686 687 688 689 690 691 692 693 694 695 696 697 698 699 700 701 702 703 704 705 706 707 708 709 710 711 712 713 714 715 716 717 718 719 720 721 722 723 724 725 726 727 728 729 730 731 732 733 734 735 736 737 738 739 740 741 742 743 744 745 746 747 748 749 750 751 752 753 754 755 756 757 758 759 760 761 762 763 764 765 766 767 768 769 770 771 772 773 774 775 776 777 778 779 780 781 782 783 784 785 786 787 788 789 790 791 792 793 794 795 796 797 798 799 800 801 802 803 804 805 806 807 808 809 810 811 812 813 814 815 816 817 818 819 820 821 822 823 824 825 826 827 828 829 830 831 832 833 834 835 836 837 838 839 840 841 842 843 844 845 846 847 848 849 | 64 65 66 67 68 69 70 71 72 73 74 75 76 77 78 79 80 | 438 82 83 84 85 86 87 88 89 90 91 92 93 94 95 96 97 98 99 100 101 102 103 104 105 106 107 108 109 110 111 112 113 114 115 116 117 118 119 120 121 122 123 124 125 126 127 128 129 130 131 132 133 134 135 136 137 138 139 140 141 142 143 144 145 146 147 148 149 150 151 152 153 154 155 156 157 158 159 160 161 162 163 164 165 166 167 168 169 170 171 172 173 174 175 176 177 178 179 180 181 182 183 184 185 186 187 188 189 190 191 192 193 194 195 196 197 198 199 200 201 202 203 204 205 206 207 208 209 210 211 212 213 214 215 216 217 218 219 220 221 222 223 224 225 226 227 228 229 230 231 232 233 234 235 236 237 238 239 240 241 242 243 244 245 246 247 248 249 250 | 81 439 440 441 442 443 444 445 446 447 448 449 450 451 452 453 454 455 456 457 458 459 460 461 462 463 464 465 466 467 468 469 470 471 472 473 474 475 476 477 478 479 480 481 482 483 484 | 941 942 943 944 945 946 947 948 949 950 951 952 953 954 955 956 957 958 959 960 961 962 963 964 965 966 967 968 969 970 971 972 973 974 975 976 977 978 979 980 981 982 983 984 985 986 987 988 989 990 991 992 993 | 374 327 328 329 330 331 332 333 334 335 336 337 338 339 340 341 342 343 344 345 346 347 348 349 350 351 352 353 354 355 356 357 358 359 360 361 362 363 364 365 366 367 368 369 370 371 372 373 | 326 319 320 321 322 323 324 325 | 583 584 585 586 587 588 589 590 591 592 593 594 595 596 597 598 599 600 601 602 603 604 605 606 607 608 609 610 611 612 613 614 615 616 617 618 619 620 621 622 623 624 625 626 627 628 629 630 631 632 633 634 635 636 637 638 639 640 641 642 643 644 645 646 647 648 649 650 651 652 653 654 655 656 657 658 659 660 661 662 663 664 665 666 667 668 669 670 671 | 36 37 38 39 40 41 42 43 44 45 46 47 48 49 50 51 52 53 54 55 56 57 58 59 60 61 62 63 |
>simulated_k51_l1000_67
 0 252 253 254 255 256 257 258 259 260 261 262 263 264 265 266 267 268 269 270 271 272 273 274 275 276 277 278 279 280 281 282 283 284 285 286 287 288 289 290 291 292 293 294 295 296 297 298 299 | 672 851 852 853 854 855 856 857 858 859 860 861 862 863 864 865 866 867 868 869 870 871 872 873 874 875 876 877 878 879 880 881 882 883 884 885 886 887 888 889 890 891 892 893 894 895 896 897 898 899 900 901 902 903 904 905 906 907 908 909 910 911 912 913 914 915 | 850 319 320 321 322 323 324 325 326 327 328 329 330 331 332 333 334 335 336 337 338 339 340 341 342 343 344 345 346 347 348 349 350 351 352 353 354 355 356 357 358 359 360 361 362 363 364 365 366 367 368 369 370 371 372 373 374 375 376 377 378 379 380 381 382 383 384 385 386 387 388 389 390 391 392 393 394 395 396 397 398 399 400 401 402 403 404 405 406 407 408 409 410 411 412 413 414 415 416 417 418 419 420 421 422 423 424 425 426 427 428 429 430 431 432 433 434 435 436 437 | 485 486 487 488 489 490 491 492 493 494 495 496 497 498 499 500 501 502 503 504 505 506 507 508 509 510 511 512 513 | 994 995 996 997 998 999 | 251 1 2 3 4 5 6 7 8 9 10 11 12 13 14 15 16 17 18 19 20 21 22 23 24 25 26 27 28 29 30 31 32 33 34 35 36 37 38 39 40 41 42 43 44 45 46 47 48 49 50 51 52 53 54 55 56 57 58 59 60 61 62 63 | 318 673 674 675 676 677 678 679 680 681 682 683 684 685 686 687 688 689 690 691 692 693 694 695 696 697 698 699 700 701 702 703 704 705 706 707 708 709 710 711 712 713 714 715 716 717 718 719 720 721 722 723 724 725 726 727 728 729 730 731 732 733 734 735 736 737 738 739 740 741 742 743 744 745 746 747 748 749 750 751 752 753 754 755 756 757 758 759 760 761 762 763 764 765 766 767 768 769 770 771 772 773 774 775 776 777 778 779 780 781 782 783 784 785 786 787 788 789 790 791 792 793 794 795 796 797 798 799 800 801 802 803 804 805 806 807 808 809 810 811 812 813 814 815 816 817 818 819 820 821 822 823 824 825 826 827 828 829 830 831 832 833 834 835 836 | 64 65 66 67 68 69 70 71 72 73 74 75 76 77 78 79 80 | 438 439 440 441 442 443 444 445 446 447 448 449 450 451 452 453 454 455 456 457 458 459 460 461 462 463 464 465 466 467 468 469 470 471 472 473 474 475 476 477 478 479 480 481 482 483 484 | 81 82 83 84 85 86 87 88 89 90 91 92 93 94 95 96 97 98 99 100 101 102 103 104 105 106 107 108 109 110 111 112 113 114 115 116 117 118 119 120 121 122 123 124 | 523 961 962 963 964 965 966 967 968 969 970 971 972 973 974 975 976 977 978 979 980 981 982 983 984 985 986 987 988 989 990 991 992 993 | 837 301 302 303 304 305 306 307 308 309 310 311 312 313 314 315 316 317 | 953 954 955 956 957 958 959 | 514 515 516 517 518 519 520 521 522 | 125 126 127 128 129 130 131 132 133 134 135 136 137 138 139 140 141 142 143 144 145 146 147 148 149 150 151 152 153 154 155 156 157 158 159 160 161 162 163 164 165 166 167 168 169 170 171 172 173 174 175 176 177 178 179 180 181 182 183 184 185 186 187 188 189 190 191 192 193 194 195 196 197 198 199 200 201 202 203 204 205 206 207 208 209 210 211 212 213 214 215 216 217 218 219 220 221 222 223 224 225 226 227 228 229 230 231 232 233 234 235 236 237 238 239 240 241 242 243 244 245 246 247 248 249 250 | 300 524 525 526 527 528 529 530 531 532 533 534 535 536 537 538 539 540 541 542 543 544 545 546 547 548 549 550 551 552 553 554 555 556 557 558 559 560 561 562 563 564 565 566 567 568 569 570 571 572 573 574 575 576 577 578 579 580 581 582 583 584 585 586 587 588 589 590 591 592 593 594 595 596 597 598 599 600 601 602 603 604 605 606 607 608 609 610 611 612 613 614 615 616 617 618 619 620 621 622 623 624 625 626 627 628 629 630 631 632 633 634 635 636 637 638 639 640 641 642 643 644 645 646 647 648 649 | 916 917 918 919 920 921 922 923 924 925 926 927 928 929 930 931 932 933 934 935 936 937 938 939 940 941 942 943 944 945 946 947 948 949 950 951 952 | 960 838 839 840 841 842 843 844 845 846 847 848 849 | 650 651 652 653 654 655 656 657 658 659 660 661 662 663 664 665 666 667 668 669 670 671 |
>simulated_k51_l1000_68
 0 252 253 254 255 256 257 258 259 260 261 262 263 264 265 266 267 268 269 270 271 272 273 274 275 276 277 278 279 280 281 282 283 284 285 286 287 288 289 290 291 292 293 294 295 296 297 298 299 | 672 851 852 853 854 855 856 857 858 859 860 861 862 863 864 865 866 867 868 869 870 871 872 873 874 875 876 877 878 879 880 881 882 883 884 885 886 887 888 889 890 891 892 893 894 895 896 897 898 899 900 901 902 903 904 905 906 907 908 909 910 911 912 913 914 915 916 917 918 919 920 921 922 923 924 925 926 927 928 929 930 931 932 933 934 935 936 937 938 939 940 941 942 943 944 945 946 947 948 949 950 951 952 | 850 319 320 321 322 323 324 325 326 327 328 329 330 331 332 333 334 335 336 337 338 339 340 341 342 343 344 345 346 347 348 349 350 351 352 353 354 355 356 357 358 | 485 486 487 488 489 490 491 492 493 494 495 496 497 498 499 500 501 502 503 504 505 506 507 508 509 510 511 512 513 | 994 995 996 997 998 999 | 251 1 2 3 4 5 6 7 8 9 10 11 12 13 14 15 16 17 18 19 20 21 22 23 24 25 26 27 28 29 30 31 32 33 34 35 36 37 38 39 40 41 42 43 44 45 46 47 48 49 50 51 52 53 54 55 56 57 58 59 60 61 62 63 | 318 673 674 675 676 677 678 679 680 681 682 683 684 685 686 687 688 689 690 691 692 693 694 695 696 697 698 699 700 701 702 703 704 705 706 707 708 709 710 711 712 713 714 715 716 717 718 719 720 721 722 723 724 725 726 727 728 729 730 731 732 733 734 735 736 737 738 739 740 741 742 743 744 745 746 747 748 749 750 751 752 753 754 755 756 757 758 759 760 761 762 763 764 765 766 767 768 769 770 771 772 773 774 775 776 777 778 779 780 781 782 783 784 785 786 787 788 789 790 791 792 793 794 795 796 797 798 799 800 801 802 803 804 805 806 807 808 809 810 811 812 813 814 815 816 817 818 819 820 821 822 823 824 825 826 827 828 829 830 831 832 833 834 835 836 | 64 65 66 67 68 69 70 71 72 73 74 75 76 77 78 79 80 | 438 838 839 840 841 842 843 844 845 846 847 848 849 | 81 82 83 84 85 86 87 88 89 90 91 92 93 94 95 96 97 98 99 100 101 102 103 104 105 106 107 108 109 110 111 112 113 114 115 116 117 118 119 120 121 122 123 124 | 523 439 440 441 442 443 444 445 446 447 448 449 450 451 452 453 454 455 456 457 458 459 460 461 462 463 464 465 466 467 468 469 470 471 472 473 474 475 476 477 478 479 480 481 482 483 484 | 837 301 302 303 304 305 306 307 308 309 310 311 312 313 314 315 316 317 | 953 954 955 956 957 958 959 960 961 962 963 964 965 966 967 968 969 970 971 972 973 974 975 976 977 978 979 980 981 982 983 984 985 986 987 988 989 990 991 992 993 | 514 515 516 517 518 519 520 521 522 | 125 126 127 128 129 130 131 132 133 134 135 136 137 138 139 140 141 142 143 144 145 146 147 148 149 150 151 152 153 154 155 156 157 158 159 160 161 162 163 164 165 166 167 168 169 170 171 172 173 174 175 176 177 178 179 180 181 182 183 184 185 186 187 188 189 190 191 192 193 194 195 196 197 198 199 200 201 202 203 204 205 206 207 208 209 210 211 212 213 214 215 216 217 218 219 220 221 222 223 224 225 226 227 228 229 230 231 232 233 234 235 236 237 238 239 240 241 242 243 244 245 246 247 248 249 250 | 300 524 525 526 527 528 529 530 531 532 533 534 535 536 537 538 539 540 541 542 543 544 545 546 547 548 549 550 551 552 553 554 555 556 557 558 559 560 561 562 563 564 565 566 567 568 569 570 571 572 573 574 575 576 577 578 579 580 581 582 583 584 585 586 587 588 589 590 591 592 593 594 595 596 597 598 599 600 601 602 603 604 605 606 607 608 609 610 611 612 613 614 615 616 617 618 619 620 621 622 623 624 625 626 627 628 629 630 631 632 633 634 635 636 637 638 639 640 641 642 643 644 645 646 647 648 649 650 651 652 653 654 655 656 657 658 659 660 661 662 663 664 665 666 667 668 669 670 671 | 359 360 361 362 363 364 365 366 367 368 369 370 371 372 373 374 375 376 377 378 379 380 381 382 383 384 385 386 387 388 389 390 391 392 393 394 395 396 397 398 399 400 401 402 403 404 405 406 407 408 409 410 411 412 413 414 415 416 417 418 419 420 421 422 423 424 425 426 427 428 429 430 431 432 433 434 435 436 437 |
>simulated_k51_l1000_69
 0 1 2 3 4 5 6 7 8 9 10 11 12 13 14 15 16 17 18 19 20 21 22 23 24 25 26 27 28 29 30 31 32 33 34 35 36 37 38 39 40 41 42 43 44 45 46 47 48 49 50 51 52 53 54 55 56 57 58 59 60 61 62 63 | 672 486 487 488 489 490 491 492 493 494 495 496 497 498 499 500 501 502 503 504 505 506 507 508 509 510 511 512 513 514 515 516 517 518 519 520 521 522 523 524 525 526 527 528 529 530 531 532 533 534 535 536 537 538 539 540 541 542 543 544 545 546 547 548 549 550 551 552 553 554 555 556 557 558 559 560 561 562 563 564 565 566 567 568 569 570 571 572 573 574 575 576 577 578 579 580 581 582 583 584 585 586 587 588 589 590 591 592 593 594 595 596 597 598 599 600 601 602 603 604 605 606 607 608 609 610 611 612 613 614 615 616 617 618 619 620 621 622 623 624 625 626 627 628 629 630 631 632 633 634 635 636 637 638 639 640 641 642 643 644 645 646 647 648 649 650 651 652 653 654 655 656 657 658 659 660 661 662 663 664 665 666 667 668 669 670 671 | 850 319 320 321 322 323 324 325 326 327 328 329 330 331 332 333 334 335 336 337 338 339 340 341 342 343 344 345 346 347 348 349 350 351 352 353 354 355 356 357 358 359 360 361 362 363 364 365 366 367 368 369 370 371 372 373 | 485 252 253 254 255 256 257 258 259 260 261 262 263 264 265 266 267 268 269 270 271 272 273 274 275 276 277 278 279 280 281 282 283 284 285 286 287 288 289 290 291 292 293 294 295 296 297 298 299 300 301 302 303 304 305 306 307 308 309 310 311 312 313 314 315 316 317 | 994 942 943 944 945 946 947 948 949 950 951 952 953 954 955 956 957 958 959 960 961 962 963 964 965 966 967 968 969 970 971 972 973 974 975 976 977 978 979 980 981 982 983 984 985 986 987 988 989 990 991 992 993 | 251 384 385 386 387 388 389 390 391 392 393 394 395 396 397 398 399 400 401 402 403 404 405 406 407 408 409 410 411 412 413 414 415 416 417 418 419 420 421 422 423 424 425 426 427 428 429 430 431 432 433 434 435 436 437 | 318 82 83 84 85 86 87 88 89 90 91 92 93 94 95 96 97 98 99 100 101 102 103 104 105 106 107 108 109 110 111 112 113 114 115 116 117 118 119 120 121 122 123 124 125 126 127 128 129 130 131 132 133 134 135 136 137 138 139 140 141 142 143 144 145 146 147 148 149 150 151 152 153 154 155 156 157 158 159 160 161 162 163 164 165 166 167 168 169 170 171 172 173 174 175 176 177 178 179 180 181 182 183 184 185 186 187 188 189 190 191 192 193 194 195 196 197 198 199 200 201 202 203 204 205 206 207 208 209 210 211 212 213 214 215 216 217 218 219 220 221 222 223 224 225 226 227 228 229 230 231 232 233 234 235 236 237 238 239 240 241 242 243 244 245 246 247 248 249 250 | 64 65 66 67 68 69 70 71 72 73 74 75 76 77 78 79 80 | 438 439 440 441 442 443 444 445 446 447 448 449 450 451 452 453 454 455 456 457 458 459 460 461 462 463 464 465 466 467 468 469 470 471 472 473 474 475 476 477 478 479 480 481 482 483 484 | 81 926 927 928 929 930 931 932 933 934 935 936 937 938 939 940 | 941 995 996 997 998 999 | 374 375 376 377 378 379 380 381 382 | 925 673 674 675 676 677 678 679 680 681 682 683 684 685 686 687 688 689 690 691 692 693 694 695 696 697 698 699 700 701 702 703 704 705 706 707 708 709 710 711 712 713 714 715 716 717 718 719 720 721 722 723 724 725 726 727 728 729 730 731 732 733 734 735 736 737 738 739 740 741 742 743 744 745 746 747 748 749 750 751 752 753 754 755 756 757 758 759 760 | 761 762 763 764 765 766 767 768 769 770 771 772 773 774 775 776 777 778 779 780 781 782 783 784 785 786 787 788 789 790 791 792 793 794 795 796 797 798 799 800 801 802 803 804 805 806 807 808 809 810 811 812 813 814 815 816 817 818 819 820 821 822 823 824 825 826 827 828 829 830 831 832 833 834 835 836 837 838 839 840 841 842 843 844 845 846 847 848 849 | 383 851 852 853 854 855 856 857 858 859 860 861 862 863 864 865 866 867 868 869 870 871 872 873 874 875 876 877 878 879 880 881 882 883 884 885 886 887 888 889 890 891 892 893 894 895 896 897 898 899 900 901 902 903 904 905 906 907 908 909 910 911 912 913 914 915 916 917 918 919 920 921 922 923 924 |
>simulated_k51_l1000_70
 0 1 2 3 4 5 6 7 8 9 10 11 12 13 14 15 16 17 18 19 20 21 22 23 24 25 26 27 28 29 30 31 32 33 34 35 36 37 38 39 40 41 42 43 44 45 46 47 48 49 50 51 52 53 54 55 56 57 58 59 60 61 62 63 | 672 252 253 254 255 256 257 258 259 260 261 262 263 264 265 266 267 268 269 270 271 272 273 274 275 276 277 278 279 280 281 282 283 284 285 286 287 288 289 290 291 292 293 294 295 296 297 298 299 300 301 302 303 304 305 306 307 308 309 310 311 312 313 314 315 316 317 | 850 319 320 321 322 323 324 325 326 327 328 329 330 331 332 333 334 335 336 337 338 339 340 341 342 343 344 345 346 347 348 349 350 351 352 353 354 355 356 357 358 359 360 361 362 363 364 365 366 367 368 369 370 371 372 373 | 485 486 487 488 489 490 491 492 493 494 495 496 497 498 499 500 501 502 503 504 505 506 507 508 509 510 511 512 513 514 515 516 517 518 519 520 521 522 523 524 525 526 527 528 529 530 531 532 533 534 535 536 537 538 539 540 541 542 543 544 545 546 547 548 549 550 551 552 553 554 555 556 557 558 559 560 561 562 | 994 942 943 944 945 946 947 948 949 950 951 952 953 954 955 956 957 958 959 960 961 962 963 964 965 966 967 968 969 970 971 972 973 974 975 976 977 978 979 980 981 982 983 984 985 986 987 988 989 990 991 992 993 | 251 851 852 853 854 855 856 857 858 859 860 861 862 863 864 865 866 867 868 869 870 871 872 873 874 875 876 877 878 879 880 881 882 883 884 885 886 887 888 889 890 891 892 893 894 895 896 897 898 899 900 901 902 903 904 905 906 907 908 909 910 911 912 913 914 915 916 917 918 919 920 921 922 923 924 | 318 673 674 675 676 677 678 679 680 681 682 683 684 685 686 687 688 689 690 691 692 693 694 695 696 697 698 699 700 701 702 703 704 705 706 707 708 709 710 711 712 713 714 715 716 717 718 719 720 721 722 723 724 725 726 727 728 729 730 731 732 733 734 735 736 737 738 739 740 741 742 743 744 745 746 747 748 749 750 751 752 753 754 755 756 757 758 759 760 761 762 763 764 765 766 767 768 769 770 771 772 773 774 775 776 777 778 779 780 781 782 783 784 785 786 787 788 789 790 791 792 793 794 795 796 797 798 799 800 801 802 803 804 805 806 807 808 809 810 811 812 813 814 815 816 817 818 819 820 821 822 823 824 825 826 827 828 829 830 831 832 833 834 835 836 837 838 839 840 841 842 843 844 845 846 847 848 849 | 64 65 66 67 68 69 70 71 72 73 74 75 76 77 78 79 80 | 438 439 440 441 442 443 444 445 446 447 448 449 450 451 452 453 454 455 456 457 458 459 460 461 462 463 464 465 466 467 468 469 470 471 472 473 474 475 476 477 478 479 480 481 482 483 484 | 81 82 83 84 85 86 87 88 89 90 91 92 93 94 95 96 97 98 99 100 101 102 | 941 995 996 997 998 999 | 374 375 376 377 378 379 380 381 382 383 384 385 386 387 388 389 390 391 392 393 394 395 396 397 398 399 400 401 402 403 404 405 406 407 408 409 410 411 412 413 414 415 416 417 418 419 420 421 422 423 424 425 426 427 428 429 430 431 432 433 434 435 436 437 | 925 926 927 928 929 930 931 932 933 934 935 936 937 938 939 940 | 103 104 105 106 107 108 109 110 111 112 113 114 115 116 117 118 119 120 121 122 123 124 125 126 127 128 129 130 131 132 133 134 135 136 137 138 139 140 141 142 143 144 145 146 147 148 149 150 151 152 153 154 155 156 157 158 159 160 161 162 163 164 165 166 167 168 169 170 171 172 173 174 175 176 177 178 179 180 181 182 183 184 185 186 187 188 189 190 191 192 193 194 195 196 197 198 199 200 201 202 203 204 205 206 207 208 209 210 211 212 213 214 215 216 217 218 219 220 221 222 223 224 225 226 227 228 229 230 231 232 233 234 235 236 237 | 563 564 565 566 567 568 569 570 571 572 573 574 575 576 577 578 579 580 581 582 583 584 585 586 587 588 589 590 591 592 593 594 595 596 597 598 599 600 601 602 603 604 605 606 607 608 609 610 611 612 613 614 615 616 617 618 619 620 621 622 623 624 625 626 627 628 629 630 631 632 633 634 635 636 637 638 639 640 641 642 643 644 645 646 647 648 649 650 651 652 653 654 655 656 657 658 659 660 661 662 663 664 665 666 667 668 669 670 671 | 238 239 240 241 242 243 244 245 246 247 248 249 250 |
>simulated_k51_l1000_71
 0 285 286 287 288 289 290 291 292 293 294 295 296 | 255 256 257 258 259 260 261 262 263 264 265 266 267 268 269 270 271 272 273 274 275 276 277 278 279 280 281 282 283 | 933 918 919 920 921 922 923 924 925 926 927 928 929 930 931 932 | 917 768 769 770 771 772 773 774 775 | 55 1 2 3 4 5 6 | 424 963 964 965 966 967 968 969 970 971 972 973 974 975 976 977 978 979 980 981 982 983 984 985 986 987 988 989 990 991 992 993 994 995 996 997 998 999 | 962 472 473 | 284 425 | 767 56 57 58 59 60 61 62 63 64 65 66 67 68 69 70 71 72 73 74 75 76 77 78 79 80 81 82 83 84 85 86 87 88 89 90 91 92 93 94 95 96 97 98 99 100 101 102 103 104 105 106 107 108 109 110 111 112 113 114 115 116 117 118 119 120 121 122 123 124 125 126 127 128 129 130 131 132 133 134 135 136 137 138 139 140 141 142 143 144 145 146 147 148 149 150 151 152 153 154 155 156 157 158 159 160 161 162 163 164 165 166 167 168 169 170 171 172 173 174 175 176 177 178 179 180 181 182 183 184 185 186 187 188 189 190 191 192 193 194 195 196 197 198 199 200 201 202 203 204 205 206 207 208 209 210 211 212 213 214 215 216 217 218 219 220 221 222 223 224 225 226 227 228 229 230 231 232 233 234 235 236 237 238 239 240 241 242 243 244 245 246 247 248 249 250 251 252 253 254 | 648 649 650 651 652 653 654 655 656 657 658 659 660 661 662 663 664 665 666 667 668 669 670 671 672 673 674 675 676 677 678 679 680 681 682 683 684 685 686 687 688 689 690 691 692 693 694 695 696 697 698 699 700 701 702 703 704 705 706 707 708 709 710 711 712 713 714 715 716 717 718 719 720 721 722 723 724 725 726 727 728 729 730 731 732 733 734 735 736 737 738 739 740 741 742 743 744 745 746 747 748 749 750 751 752 753 754 755 756 757 758 759 760 761 762 | 297 298 299 300 301 302 303 304 305 306 307 308 309 310 311 | 331 819 820 821 822 | 7 8 9 10 11 12 13 14 15 16 17 18 19 20 21 22 23 24 25 26 27 28 29 30 31 32 33 34 35 36 37 38 39 40 41 42 43 44 45 46 47 48 49 50 51 52 53 54 | 763 764 765 766 | 823 824 825 826 827 828 829 830 831 832 833 834 835 836 837 838 839 840 841 842 843 844 845 846 847 848 849 850 851 852 853 854 855 856 857 858 859 860 861 862 863 864 865 866 867 868 869 870 871 872 873 874 875 876 877 878 879 880 881 882 883 884 885 886 887 888 889 | 818 332 333 334 335 336 337 338 339 340 341 342 343 344 345 346 347 348 349 350 351 352 353 354 355 356 357 358 359 360 361 362 363 364 365 366 367 368 369 370 371 372 373 374 375 376 377 378 379 380 381 382 383 384 385 386 387 388 389 390 391 392 393 394 395 396 397 398 399 400 401 402 403 404 405 406 | 312 313 314 315 316 317 318 319 320 321 322 323 324 325 326 327 328 329 330 | 776 427 428 429 430 431 432 433 434 435 436 437 438 439 440 441 442 443 444 445 446 447 448 449 450 451 452 453 454 455 456 457 458 459 460 461 462 463 464 465 466 467 468 469 470 | 500 501 502 503 504 505 506 507 508 509 510 511 512 | 513 514 515 516 517 518 519 520 521 522 523 524 525 526 527 528 529 530 531 532 533 534 535 536 537 538 539 540 541 542 543 544 545 546 547 548 549 550 551 552 553 554 555 556 557 558 559 560 561 562 563 564 565 566 567 568 569 570 571 572 573 574 575 576 577 578 579 580 581 582 583 584 585 586 587 588 589 590 591 592 593 594 595 596 597 598 599 600 601 602 603 604 605 606 607 608 609 610 611 612 613 614 615 616 617 618 619 620 621 622 623 624 625 626 627 628 629 630 631 632 633 634 635 636 637 638 639 640 641 642 643 644 645 646 647 | 426 777 778 779 780 781 782 783 784 785 786 787 788 789 790 791 792 793 794 795 796 797 798 799 800 801 802 803 804 805 806 807 808 809 810 811 812 813 814 815 816 817 | 471 934 935 936 937 938 939 940 941 942 943 944 945 946 947 948 949 950 951 952 953 954 955 956 957 958 959 960 961 | 890 891 892 893 894 895 896 897 898 899 900 901 902 903 904 905 906 907 908 909 910 911 912 913 914 915 916 | 407 408 409 410 411 412 413 414 415 416 417 418 419 420 421 422 423 | 474 475 476 477 478 479 480 481 482 483 484 485 486 487 488 489 490 491 492 493 494 495 496 497 498 499 |
>simulated_k51_l1000_72
 0 285 286 287 288 289 290 291 292 293 294 295 296 | 255 256 257 258 259 260 261 262 263 264 265 266 267 268 269 270 271 272 273 274 275 276 277 278 279 280 281 282 283 | 933 918 919 920 921 922 923 924 925 926 927 928 929 930 931 932 | 917 768 769 770 771 772 773 774 775 | 55 1 2 3 4 5 6 | 424 963 964 965 966 967 968 969 970 971 972 973 974 975 976 | 962 934 935 936 937 938 939 940 941 942 943 944 945 946 947 948 949 950 951 952 953 954 955 956 957 958 959 960 961 | 284 425 | 767 56 57 58 59 60 61 62 63 64 65 66 67 68 69 70 71 72 73 74 75 76 77 78 79 80 81 82 83 84 85 86 87 88 89 90 91 92 93 94 95 96 97 98 99 100 101 102 103 104 105 106 107 108 109 110 111 112 113 114 115 116 117 118 119 120 121 122 123 124 125 126 127 128 129 130 131 132 133 134 135 136 137 138 139 140 141 142 143 144 145 146 147 148 149 150 151 152 153 154 155 156 157 158 159 160 161 162 163 164 165 166 167 168 169 170 171 172 173 174 175 176 177 178 179 180 181 182 183 184 185 186 187 188 189 190 191 192 193 194 195 196 197 198 199 200 201 202 203 204 205 206 207 208 209 210 211 212 213 214 215 216 217 218 219 220 221 222 223 224 225 226 227 228 229 230 231 232 233 234 235 236 237 238 239 240 241 242 243 244 245 246 247 248 249 250 251 252 253 254 | 648 649 650 651 652 653 654 655 656 657 658 659 660 661 662 663 664 665 666 667 668 669 670 671 672 673 674 675 676 677 678 679 680 681 682 683 684 685 686 687 688 689 690 691 692 693 694 695 696 697 698 699 700 701 702 703 704 705 706 707 708 709 710 711 712 713 714 715 716 717 718 719 720 721 722 723 724 725 726 727 728 729 730 731 732 733 734 735 736 737 738 739 740 741 742 743 744 745 746 747 748 749 750 751 752 753 754 755 756 757 758 759 760 761 762 | 297 298 299 300 301 302 303 304 305 306 307 308 309 310 311 | 331 332 333 334 335 336 337 338 339 340 341 342 343 344 345 346 347 348 349 350 351 352 353 354 355 356 357 358 359 360 361 362 363 364 365 366 367 368 369 370 371 372 373 374 375 376 377 378 379 380 381 382 383 384 385 386 387 388 389 390 391 392 393 394 395 396 397 398 399 400 401 402 403 404 405 406 407 408 409 410 411 412 413 414 415 416 417 418 419 420 421 422 423 | 7 8 9 10 11 12 13 14 15 16 17 18 19 20 21 22 23 24 25 26 27 28 29 30 31 32 33 34 35 36 37 38 39 40 41 42 43 44 45 46 47 48 49 50 51 52 53 54 | 763 764 765 766 | 823 824 825 826 827 828 829 830 831 832 833 834 835 836 837 838 839 840 841 842 843 844 845 846 847 848 849 850 851 852 853 854 855 856 857 858 859 860 861 862 863 864 865 866 867 868 869 870 871 872 873 874 875 876 877 878 879 880 881 882 883 884 885 886 887 888 889 890 891 892 893 894 895 896 897 898 899 900 901 902 903 904 905 906 907 908 909 910 911 912 913 914 915 916 | 818 819 820 821 822 | 312 313 314 315 316 317 318 319 320 321 322 323 324 325 326 327 328 329 330 | 776 427 428 429 430 431 432 433 434 435 436 437 438 439 440 441 442 443 444 445 446 447 448 449 450 451 452 453 454 455 456 457 458 459 460 461 462 463 464 465 466 467 468 469 470 | 500 501 502 503 504 505 506 507 508 509 510 511 512 | 513 514 515 516 517 518 519 520 521 522 523 524 525 526 527 528 529 530 531 532 533 534 535 536 537 538 539 540 541 542 543 544 545 546 547 548 549 550 551 552 553 554 555 556 557 558 559 560 561 562 563 564 565 566 567 568 569 570 571 572 573 574 575 576 577 578 579 580 581 582 583 584 585 586 587 588 589 590 591 592 593 594 595 596 597 598 599 600 601 602 603 604 605 606 607 608 609 610 611 612 613 614 615 616 617 618 619 620 621 622 623 624 625 626 | 426 777 778 779 780 781 782 783 784 785 786 787 788 789 790 | 471 472 473 474 475 476 477 478 479 480 481 482 483 484 485 486 487 488 489 490 491 492 493 494 495 496 497 498 499 | 977 978 979 980 981 982 983 984 985 986 987 988 989 990 991 992 993 994 995 996 997 998 999 | 627 628 629 630 631 632 633 634 635 636 637 638 639 640 641 642 643 644 645 646 647 | 791 792 793 794 795 796 797 798 799 800 801 802 803 804 805 806 807 808 809 810 811 812 813 814 815 816 817 |
>simulated_k51_l1000_73
 0 1 2 3 4 5 6 7 8 9 10 11 12 13 14 15 16 17 18 19 20 21 22 23 24 25 26 27 28 29 30 31 32 33 34 35 | 672 851 852 853 854 855 856 857 858 859 860 861 862 863 864 865 866 867 868 869 870 871 872 873 874 875 876 877 878 879 880 881 882 883 884 885 886 887 888 889 890 891 892 893 894 895 896 897 898 899 900 901 902 903 904 905 906 907 908 909 910 911 912 913 914 915 916 917 918 919 920 921 922 923 924 925 926 927 928 929 930 931 932 933 934 935 936 937 938 939 940 | 850 319 320 321 322 323 324 325 | 485 486 487 488 489 490 491 492 493 494 495 496 497 498 499 500 501 502 503 504 505 506 507 508 509 510 511 512 513 514 515 516 517 518 | 994 995 996 997 998 999 | 251 252 253 254 255 256 257 258 259 260 261 262 263 264 265 266 267 268 269 270 271 272 273 274 275 276 277 278 279 280 281 282 283 284 285 286 287 288 289 290 291 292 293 294 295 296 297 298 299 300 301 302 303 304 305 306 307 308 309 310 311 312 313 314 315 316 317 | 318 673 674 675 676 677 678 679 680 681 682 683 684 685 686 687 688 689 690 691 692 693 694 695 696 697 698 699 700 701 702 703 704 705 706 707 708 709 710 711 712 713 714 715 716 717 718 719 720 721 722 723 724 725 726 727 728 729 730 731 732 733 734 735 736 737 738 739 740 741 742 743 744 745 746 747 748 749 750 751 752 753 754 755 756 757 758 759 760 761 762 763 764 765 766 767 768 769 770 771 772 773 774 775 776 777 778 779 780 781 782 783 784 785 786 787 788 789 790 791 792 793 794 795 796 797 798 799 800 801 802 803 804 805 806 807 808 809 810 811 812 813 814 815 816 817 818 819 820 821 822 823 824 825 826 827 828 829 830 831 832 833 834 835 836 837 838 839 840 841 842 843 844 845 846 847 848 849 | 64 65 66 67 68 69 70 71 72 73 74 75 76 77 78 79 80 | 438 439 440 441 442 443 444 445 446 447 448 449 450 451 452 453 454 455 456 457 458 459 460 461 462 463 464 465 466 467 468 469 470 471 472 473 474 475 476 477 478 479 480 481 482 483 484 | 81 82 83 84 85 86 87 88 89 90 91 92 93 94 95 96 97 98 99 100 101 102 103 104 105 106 107 108 109 110 111 112 113 114 115 116 117 118 119 120 121 122 123 124 125 126 127 128 129 130 131 132 133 134 135 136 137 138 139 140 141 142 143 144 145 146 147 148 149 150 151 152 153 154 155 156 157 158 159 160 161 162 163 164 165 166 167 168 169 170 171 172 173 174 175 176 177 178 179 180 181 182 183 184 185 186 187 188 189 190 191 192 193 194 195 196 197 198 199 200 201 202 203 204 205 206 207 208 209 210 211 212 213 214 215 216 217 218 219 220 221 222 223 224 225 226 227 228 229 230 231 232 233 234 235 236 237 238 239 240 241 242 243 244 245 246 247 248 249 250 | 941 942 943 944 945 946 947 948 949 950 951 952 953 954 955 956 | 374 375 376 377 378 379 380 381 382 383 384 385 386 387 388 389 390 391 392 393 394 395 396 397 398 399 400 401 402 403 404 405 406 407 408 409 410 411 412 413 414 415 416 417 418 419 420 421 422 423 424 425 426 427 428 429 430 431 432 433 434 435 436 437 | 326 327 328 329 330 331 332 333 334 335 336 337 338 339 340 341 342 343 | 583 584 585 586 587 588 589 590 591 592 593 594 595 596 597 598 599 600 601 602 603 604 605 606 607 608 609 610 611 612 613 614 615 616 617 618 619 620 621 622 623 624 625 626 627 628 629 630 631 632 633 634 635 636 637 638 639 640 641 642 643 644 645 646 647 648 649 650 651 652 653 654 655 656 657 658 659 660 661 662 663 664 665 666 667 668 669 670 671 | 36 37 38 39 40 41 42 43 44 45 46 47 48 49 50 51 52 53 54 55 56 57 58 59 60 61 62 63 | 957 958 959 960 961 962 963 964 965 966 967 968 969 970 971 972 973 974 975 976 977 978 979 980 981 982 983 984 985 986 987 988 989 990 991 992 993 | 344 345 346 347 348 349 350 351 352 353 354 355 356 357 358 359 360 361 362 363 364 365 366 367 368 | 369 370 371 372 373 | 519 520 521 522 523 524 525 526 527 528 529 530 531 532 533 534 535 536 537 538 539 540 541 542 543 544 545 546 547 548 549 550 551 552 553 554 555 556 557 558 559 560 561 562 563 564 565 566 567 568 569 570 571 572 573 574 575 576 577 578 579 580 581 582 |
>simulated_k51_l1000_74
 0 995 996 997 998 999 | 672 851 852 853 854 855 856 857 858 859 860 861 862 863 864 865 866 867 868 869 870 871 872 873 874 875 876 877 878 879 880 881 882 883 884 885 886 887 888 889 890 891 892 893 894 895 896 897 898 899 900 901 902 903 904 905 906 907 908 909 910 911 912 913 914 915 916 917 918 919 920 921 922 923 924 925 926 927 928 929 930 931 932 933 934 935 936 937 938 939 940 | 850 319 320 321 322 323 324 325 | 485 486 487 488 489 490 491 492 493 494 495 496 497 498 499 500 501 502 503 504 505 506 507 508 509 510 511 512 513 514 515 516 517 518 519 520 521 522 523 524 525 526 527 528 529 530 531 532 533 534 535 536 537 538 539 540 541 542 543 544 545 546 547 548 549 550 551 552 553 554 555 556 557 558 559 560 561 562 563 564 565 566 567 568 569 570 571 572 573 574 575 576 577 578 579 580 581 582 | 994 1 2 3 4 5 6 7 8 9 10 11 12 13 14 15 16 17 18 19 20 21 22 23 24 25 26 27 28 29 30 31 32 33 34 35 | 251 252 253 254 255 256 257 258 259 260 261 262 263 264 265 266 267 268 269 270 271 272 273 274 275 276 277 278 279 280 281 282 283 284 285 286 287 288 289 290 291 292 293 294 295 296 297 298 299 300 301 302 303 304 305 306 307 308 309 310 311 | 318 673 674 675 676 677 678 679 680 681 682 683 684 685 686 687 688 689 690 691 692 693 694 695 696 697 698 699 700 701 702 703 704 705 706 707 708 709 710 711 712 713 714 715 716 717 718 719 720 721 722 723 724 725 726 727 728 729 730 731 732 733 734 735 736 737 738 739 740 741 742 743 744 745 746 747 748 749 750 751 752 753 754 755 756 757 758 759 760 761 762 763 764 765 766 767 768 769 770 771 772 773 774 775 776 777 778 779 780 781 782 783 784 785 786 787 788 789 790 791 792 793 794 795 796 797 798 799 800 801 802 803 804 805 806 807 808 809 810 811 812 813 814 815 816 817 818 819 820 821 822 823 824 825 826 827 828 829 830 831 832 833 834 835 836 837 838 839 840 841 842 843 844 845 846 847 848 849 | 64 65 66 67 68 69 70 71 72 73 74 75 76 77 78 79 80 | 438 439 440 441 442 443 444 445 446 447 448 449 450 451 452 453 454 455 456 457 458 459 460 461 462 463 464 465 466 467 468 469 470 471 472 473 474 475 476 477 478 479 480 481 482 483 484 | 81 82 83 84 85 86 87 88 89 90 91 92 93 94 95 96 97 98 99 100 101 102 103 104 105 106 107 108 109 110 111 112 113 114 115 116 117 118 119 120 121 122 123 124 125 126 127 128 129 130 131 132 133 134 135 136 137 138 139 140 141 142 143 144 145 146 147 148 149 150 151 152 153 154 155 156 157 158 159 160 161 162 163 164 165 166 167 168 169 170 171 172 173 174 175 176 177 178 179 180 181 182 183 184 185 186 187 188 189 190 191 192 193 194 195 196 197 198 199 200 201 202 203 204 205 206 207 208 209 210 211 212 213 214 215 216 217 218 219 220 221 222 223 224 225 226 227 228 229 230 231 232 233 234 235 236 237 238 239 240 241 242 243 244 245 246 247 248 249 250 | 941 942 943 944 945 946 947 948 949 950 951 952 953 954 955 956 | 374 375 376 377 378 379 380 381 382 383 384 385 386 | 326 327 328 329 330 331 332 333 334 335 336 337 338 339 340 341 342 343 344 345 346 347 348 349 350 351 352 353 354 355 356 357 358 359 360 361 362 363 364 365 366 367 368 369 370 371 372 373 | 583 584 585 586 587 588 589 590 591 592 593 594 595 596 597 598 599 600 601 602 603 604 605 606 607 608 609 610 611 612 613 614 615 616 617 618 619 620 621 622 623 624 625 626 627 628 629 630 631 632 633 634 635 636 637 638 639 640 641 642 643 644 645 646 647 648 649 650 651 652 653 654 655 656 657 658 659 660 661 662 663 664 665 666 667 668 669 670 671 | 36 37 38 39 40 41 42 43 44 45 46 47 48 49 50 51 52 53 54 55 56 57 58 59 60 61 62 63 | 312 313 314 315 316 317 | 957 958 959 960 961 962 963 964 965 966 967 968 969 970 971 972 973 974 975 976 977 978 979 980 981 982 983 984 985 986 987 988 989 990 991 992 993 | 387 388 389 390 391 392 393 394 395 396 397 398 399 400 401 402 403 404 405 406 407 408 409 410 411 412 413 414 415 416 417 418 419 420 421 422 423 424 425 426 427 428 429 430 431 432 433 434 435 436 437 |
>simulated_k51_l1000_76
 0 425 426 427 428 429 430 431 432 433 434 435 436 437 438 439 440 441 442 443 444 445 446 447 448 449 450 451 452 453 454 455 456 457 458 459 460 461 462 463 464 465 466 467 468 469 470 471 472 473 474 475 476 477 478 479 480 481 482 483 484 485 486 487 488 489 490 491 492 493 494 495 496 497 498 499 500 501 502 503 504 505 506 507 508 509 510 511 512 513 514 | 255 289 290 291 292 293 294 295 296 297 298 299 300 301 302 303 304 305 306 307 308 309 310 311 312 313 314 315 316 317 318 319 320 321 322 323 324 325 326 327 328 329 330 331 332 333 334 335 336 337 338 339 340 341 342 343 344 345 346 347 348 349 350 351 352 353 354 355 356 357 358 359 360 361 362 363 364 365 366 367 368 369 370 371 372 373 374 375 376 377 378 379 380 381 382 383 384 | 933 136 137 138 139 140 141 142 143 144 145 146 147 148 149 150 151 152 153 154 155 156 157 158 159 160 161 162 163 164 165 166 | 917 56 | 55 883 884 885 886 887 888 889 890 891 892 893 894 895 896 897 898 899 900 901 902 903 904 905 906 907 908 909 910 | 424 963 964 965 966 967 968 969 970 971 972 973 974 975 976 977 978 979 980 981 982 983 984 985 986 987 988 989 990 991 992 993 994 995 996 997 998 999 | 962 912 913 914 915 916 | 135 918 919 920 921 922 923 924 925 926 927 928 929 930 931 932 | 911 1 2 3 4 5 6 7 8 9 10 11 12 13 | 288 256 257 258 259 260 261 262 263 | 167 168 169 170 171 172 173 174 175 176 177 178 179 180 181 182 183 184 185 186 187 188 189 190 191 192 193 194 195 196 197 198 199 200 201 202 203 204 205 206 207 208 209 210 211 212 213 214 215 216 217 218 219 220 221 222 223 224 225 226 227 228 229 230 231 232 233 234 235 236 237 238 239 240 241 242 243 244 245 246 247 248 249 250 251 252 253 254 | 14 15 16 17 18 19 20 21 22 23 24 25 26 27 28 29 30 31 32 33 34 35 36 37 38 39 40 41 | 798 799 800 801 802 803 804 805 806 807 808 809 810 811 812 813 814 815 816 817 818 819 820 821 822 823 824 825 826 827 828 829 830 831 832 833 834 835 836 837 838 839 840 841 842 843 844 845 846 847 848 849 850 851 852 853 854 855 856 857 858 859 860 861 862 863 864 865 866 867 868 869 870 871 872 873 874 875 876 | 877 878 879 880 881 | 42 934 935 936 937 938 939 940 941 942 943 944 945 946 947 948 949 950 951 952 953 954 | 955 956 957 958 959 960 961 | 385 386 387 388 389 390 391 392 393 394 395 396 397 398 399 400 401 402 403 404 405 406 407 408 409 410 411 412 413 414 415 416 417 418 419 420 421 422 423 | 585 586 587 588 589 590 591 592 593 594 595 596 597 598 599 600 601 602 603 604 605 606 607 608 609 610 611 612 613 614 615 616 617 618 619 620 621 622 623 624 625 626 627 628 629 630 631 632 633 634 635 636 637 638 639 640 641 642 643 644 645 646 647 648 649 650 651 652 653 654 655 656 657 658 659 660 661 662 663 664 665 666 667 668 669 670 671 672 673 674 675 676 677 678 679 680 681 | 515 516 517 518 519 520 521 522 523 524 525 526 527 528 529 530 531 532 533 534 535 536 537 538 539 540 541 542 543 544 545 546 547 548 549 550 551 552 553 554 555 556 557 558 559 560 561 562 563 564 565 566 567 568 569 570 571 572 573 574 575 576 577 578 579 580 581 582 583 584 | 79 80 81 82 83 84 85 86 87 88 89 90 91 92 93 94 95 96 97 98 99 100 101 102 103 104 105 106 107 108 109 110 111 112 113 114 115 116 117 118 119 120 121 122 123 124 125 126 127 128 129 130 131 132 133 134 | 57 58 59 60 61 62 63 64 65 66 67 68 69 70 71 72 73 74 75 76 77 78 | 264 265 266 267 268 269 270 271 272 273 274 275 276 277 278 279 280 281 282 283 284 285 286 287 | 882 43 44 45 46 47 48 49 50 51 52 53 54 | 775 776 777 778 779 780 781 782 783 784 785 786 787 788 789 790 791 792 793 794 795 796 797 | 682 683 684 685 686 687 688 689 690 691 692 693 694 695 696 697 698 699 700 701 702 703 704 705 706 707 708 709 710 711 712 713 714 715 716 717 718 719 720 721 722 723 724 725 726 727 728 729 730 731 732 733 734 735 736 737 738 739 740 741 742 743 744 745 746 747 748 749 750 751 752 753 754 755 756 757 758 759 760 761 762 763 764 765 766 767 768 769 770 771 772 773 774 |
>simulated_k51_l1000_78
 0 285 286 287 288 289 290 291 292 293 294 295 296 | 255 256 257 258 259 260 261 262 263 264 265 266 267 268 269 270 271 272 273 274 275 276 277 278 279 280 281 282 283 | 933 918 919 920 921 922 923 924 925 926 927 928 929 930 931 932 | 917 768 769 770 771 772 773 774 775 776 777 778 779 780 781 782 783 784 785 786 787 788 789 790 791 792 793 794 795 796 797 798 799 800 801 802 803 804 805 806 807 808 809 810 811 812 813 814 815 816 817 | 55 1 2 3 4 5 6 | 424 963 964 965 966 967 968 969 970 971 972 973 974 975 976 977 978 979 980 981 982 983 984 985 986 987 988 989 990 991 992 993 994 995 996 997 998 999 | 962 934 935 936 937 938 939 940 941 942 943 944 945 946 947 948 949 950 951 952 953 954 955 956 957 958 959 960 961 | 284 425 426 427 428 429 430 431 432 433 434 435 436 437 438 439 440 441 442 443 444 445 446 447 448 449 450 451 452 453 454 455 456 457 458 459 460 461 462 463 464 465 466 467 468 469 470 471 472 473 474 475 476 477 478 479 480 481 482 483 484 485 486 487 488 489 490 491 492 493 494 495 496 497 498 499 500 501 502 503 504 505 506 507 508 509 510 511 512 513 514 515 516 517 | 767 56 57 58 59 60 61 62 63 64 | 648 649 650 651 652 653 654 655 656 657 658 659 660 661 | 297 298 299 300 301 302 303 304 305 306 307 308 309 310 311 312 313 314 315 316 317 318 319 320 321 322 323 324 325 326 327 328 329 330 | 331 332 333 334 335 336 337 338 339 340 341 342 343 344 345 | 7 8 9 10 11 12 13 14 15 16 17 18 19 20 21 22 23 24 25 26 27 28 29 30 31 32 33 34 35 36 37 38 39 40 41 42 43 44 45 46 47 48 49 50 51 52 53 54 | 763 764 765 766 | 823 824 825 | 818 819 820 821 822 | 65 66 67 68 69 70 71 72 73 74 75 76 77 78 79 80 81 82 83 84 85 86 87 88 89 90 91 92 93 94 95 96 97 98 99 100 101 102 103 104 105 106 107 108 109 110 111 112 113 114 115 116 117 118 119 120 121 122 123 124 125 126 127 128 129 130 131 132 133 134 135 136 137 138 139 140 141 142 143 144 145 146 147 148 149 150 151 152 153 154 155 156 157 158 159 160 161 162 163 164 165 166 167 168 169 170 171 172 173 174 175 176 177 178 179 180 181 182 183 184 185 186 187 188 189 190 191 192 193 194 195 196 197 198 199 200 201 202 203 204 205 206 207 208 209 210 211 212 213 214 215 216 217 218 219 220 221 222 223 224 225 226 227 228 229 230 231 232 233 234 235 236 237 238 239 240 241 242 243 244 245 246 247 248 249 250 251 252 253 254 | 388 389 390 391 392 393 394 395 396 397 398 399 400 401 402 403 404 405 406 407 408 409 410 411 412 413 414 415 416 417 418 419 420 421 422 423 | 867 663 664 665 666 667 668 669 670 671 672 673 674 675 676 677 678 679 680 681 682 683 684 685 686 687 688 689 690 691 692 693 694 695 696 697 698 699 700 701 702 703 704 705 706 707 708 709 710 711 712 713 714 715 716 717 718 719 720 721 722 723 724 725 726 727 728 729 730 731 732 733 734 735 736 737 738 739 740 741 742 743 744 745 746 747 748 749 750 751 752 753 754 755 756 757 758 759 760 761 762 | 826 827 828 829 830 831 832 833 834 835 836 837 838 839 840 841 842 843 844 845 846 847 848 849 850 851 852 853 854 855 856 857 858 859 860 861 862 863 864 865 866 | 346 347 348 349 350 351 352 353 354 355 356 357 358 359 360 361 362 363 364 365 366 367 368 369 370 371 372 373 374 375 376 377 378 379 380 381 382 383 384 385 386 387 | 518 519 520 521 522 523 524 525 526 527 528 529 530 531 532 533 534 535 536 537 538 539 540 541 542 543 544 545 546 547 548 549 550 551 552 553 554 555 556 557 558 559 560 561 562 563 564 565 566 567 568 569 570 571 572 573 574 575 576 577 578 579 580 581 582 583 584 585 586 587 588 589 590 591 592 593 594 595 596 597 598 599 600 601 602 603 604 605 606 607 608 609 610 611 612 613 614 615 616 617 618 619 620 621 622 623 624 625 626 627 628 629 630 631 632 633 634 635 636 637 638 639 640 641 642 643 644 645 646 647 | 662 868 869 870 871 872 873 874 875 876 877 878 879 880 881 882 883 884 885 886 887 888 889 890 891 892 893 894 895 896 897 898 899 900 901 902 903 904 905 906 907 908 909 910 911 912 913 914 915 916 |
>simulated_k51_l1000_80
 0 1 2 3 4 5 6 7 8 9 10 11 12 13 14 15 16 17 18 19 20 21 22 23 24 25 26 27 28 29 30 31 32 33 34 35 | 672 851 852 853 854 855 856 857 858 859 860 861 862 863 864 865 866 867 868 869 870 871 872 873 874 875 876 877 878 879 880 881 882 883 884 885 886 887 888 889 890 891 892 893 894 895 896 897 898 899 900 901 902 903 904 905 906 907 908 909 910 911 912 913 914 915 916 917 918 919 920 921 922 923 924 925 926 927 928 929 930 931 932 933 934 935 936 937 938 939 940 | 850 319 320 321 322 323 324 325 | 485 486 487 488 489 490 491 492 493 494 495 496 497 498 499 500 501 502 503 504 505 506 507 508 509 510 511 512 513 514 515 516 517 518 519 520 521 522 523 524 525 526 527 528 529 530 531 532 533 534 535 536 537 538 539 540 541 542 543 544 545 546 547 548 549 550 551 552 553 554 555 556 557 558 559 560 561 562 563 564 565 566 567 568 569 570 571 572 573 574 575 576 577 578 579 580 581 582 | 994 995 996 997 998 999 | 251 252 253 254 255 256 257 258 259 260 261 262 263 264 265 266 267 268 269 270 271 272 273 274 275 276 277 278 279 280 281 282 283 284 285 286 287 288 289 290 291 292 293 294 295 296 297 298 299 300 301 302 303 304 305 306 307 308 309 310 311 312 313 314 315 316 317 | 318 673 674 675 676 677 678 679 680 681 682 683 684 685 686 687 688 689 690 691 692 693 694 695 696 697 698 699 700 701 702 703 704 705 706 707 708 709 710 711 712 713 714 715 716 717 718 719 720 721 722 723 724 725 726 727 728 729 730 731 732 733 734 735 736 737 738 739 740 741 742 743 744 745 746 747 748 749 750 751 752 753 754 755 756 757 758 759 760 761 762 763 764 765 766 767 768 769 770 771 772 773 774 775 776 777 778 779 780 781 782 783 784 785 786 787 788 789 790 791 792 793 794 795 796 797 798 799 800 801 802 803 804 805 806 807 808 809 810 811 812 813 814 815 816 817 818 819 820 821 822 823 824 825 826 827 828 829 830 831 832 833 834 835 836 837 838 839 840 841 842 843 844 845 846 847 848 849 | 64 439 440 441 442 443 444 445 446 447 448 449 450 451 452 453 454 455 456 457 458 459 460 461 462 463 464 465 466 467 468 469 470 471 472 473 474 475 476 477 478 479 480 481 482 483 484 | 438 65 66 67 68 69 70 71 72 73 74 75 76 77 78 79 80 | 81 82 83 84 85 86 | 941 942 943 944 945 946 947 948 949 950 951 952 953 954 955 956 957 958 959 960 961 962 963 964 965 966 967 968 969 970 971 972 973 974 975 976 977 978 979 980 981 982 | 374 375 376 377 378 379 380 381 382 383 384 385 386 387 388 389 390 391 392 393 394 395 396 397 398 399 400 401 402 403 404 405 406 407 408 409 410 411 412 413 414 415 416 417 418 419 420 421 422 423 424 425 426 427 428 429 430 431 432 433 434 435 436 437 | 326 327 328 329 330 331 332 333 334 335 336 337 338 339 340 341 342 343 344 345 346 347 348 349 350 351 352 353 354 355 356 357 358 359 360 361 362 363 364 365 366 367 368 369 370 371 372 373 | 583 584 585 586 587 588 589 590 591 592 593 594 595 596 597 598 599 600 601 602 603 604 605 606 607 608 609 610 611 612 613 614 615 616 617 618 619 620 621 622 623 624 625 626 627 628 629 630 631 632 633 634 635 636 637 638 639 640 641 642 643 644 645 646 647 648 649 650 651 652 653 654 655 656 657 658 659 660 661 662 663 664 665 666 667 668 669 670 671 | 36 37 38 39 40 41 42 43 44 45 46 47 48 49 50 51 52 53 54 55 56 57 58 59 60 61 62 63 | 983 984 985 986 987 988 989 990 991 992 993 | 87 88 89 90 91 92 93 94 95 96 97 98 99 100 101 102 103 104 105 106 107 108 109 110 111 112 113 114 115 116 117 118 119 120 121 122 123 124 125 126 127 128 129 130 131 132 133 134 135 136 137 138 139 140 141 142 143 144 145 146 147 148 149 150 151 152 153 154 155 156 157 158 159 160 161 162 163 164 165 166 167 168 169 170 171 172 173 174 175 176 177 178 179 180 181 182 183 184 185 186 187 188 189 190 191 192 193 194 195 196 197 198 199 200 201 202 203 204 205 206 207 208 209 210 211 212 213 214 215 216 217 218 219 220 221 222 223 224 225 226 227 228 229 230 231 232 233 234 235 236 237 238 239 240 241 242 243 244 245 246 247 248 249 250 |
>simulated_k51_l1000_81
 0 425 426 427 428 429 430 431 432 433 434 435 436 437 438 439 440 441 442 443 444 445 446 447 448 449 450 451 452 453 454 455 456 457 458 459 460 461 462 463 464 465 466 467 468 469 470 471 472 473 474 475 476 477 478 479 480 481 482 483 484 485 486 487 488 489 490 491 492 493 494 495 496 497 498 499 500 501 502 503 504 505 506 507 508 509 510 511 512 513 514 | 255 934 935 936 937 938 939 940 941 942 943 944 945 946 947 948 949 950 951 952 953 954 | 933 136 137 138 139 140 141 142 143 144 145 146 147 148 149 150 151 152 153 154 155 156 157 158 159 160 161 162 163 164 165 166 | 917 56 | 55 883 884 885 886 887 888 889 890 891 892 893 894 895 896 897 898 | 424 963 964 965 966 967 968 969 970 971 972 973 974 975 976 977 978 979 980 981 982 983 984 985 986 987 988 989 990 991 992 993 994 995 996 997 998 999 | 962 912 913 914 915 916 | 135 918 919 920 921 922 923 924 925 926 927 928 929 930 931 932 | 911 1 2 3 4 5 6 7 8 9 10 11 12 13 | 288 256 257 258 259 260 261 262 263 | 167 168 169 170 171 172 173 174 175 176 177 178 179 180 181 182 183 184 185 186 187 188 189 190 191 192 193 194 195 196 197 198 199 200 201 202 203 204 205 206 207 208 209 210 211 212 213 214 215 216 217 218 219 220 221 222 223 224 225 226 227 228 229 230 231 232 233 234 235 236 237 238 239 240 241 242 243 244 245 246 247 248 249 250 251 252 253 254 | 14 15 16 17 18 19 20 21 22 23 24 25 26 27 28 29 30 31 32 33 34 35 36 37 38 39 40 41 | 798 799 800 801 802 803 804 805 806 807 808 809 810 811 812 813 814 815 816 817 818 819 820 821 822 823 824 825 826 827 828 829 830 831 832 833 834 835 836 837 838 839 840 841 842 843 844 845 846 847 848 849 850 851 852 853 854 855 856 857 858 859 860 861 862 863 864 865 866 867 868 869 870 871 872 873 874 875 876 | 877 878 879 880 881 | 42 289 290 291 292 293 294 295 296 297 298 299 300 301 302 303 304 305 306 307 308 309 310 311 312 313 314 315 316 317 318 319 320 321 322 323 324 325 326 327 328 329 330 331 332 333 334 335 336 337 338 339 340 341 342 343 344 345 346 347 348 349 350 351 352 353 354 355 356 357 358 359 360 361 362 363 364 365 366 367 368 369 370 371 372 373 374 375 376 377 378 379 380 381 382 383 384 | 955 956 957 958 959 960 961 | 385 386 387 388 389 390 391 392 393 394 395 396 397 398 399 400 401 402 403 404 405 406 407 408 409 410 411 412 413 414 415 416 417 418 419 420 421 422 423 | 585 643 644 645 646 647 648 649 650 651 652 653 654 655 656 657 658 659 660 661 662 663 664 665 666 667 668 669 670 671 672 673 674 675 676 677 678 679 680 681 682 683 684 685 686 687 688 689 690 691 692 693 694 695 696 697 698 699 700 701 702 703 704 705 706 707 708 709 710 711 712 713 714 715 716 717 718 719 720 721 722 723 724 725 726 727 728 729 730 731 732 733 734 735 736 737 738 739 740 741 742 743 744 745 746 747 748 749 750 751 752 753 754 755 756 757 758 759 760 761 762 763 764 765 766 767 768 769 770 771 772 773 774 | 515 516 517 518 519 520 521 522 523 524 525 526 527 528 529 530 531 532 533 534 535 536 537 538 539 540 541 542 543 544 545 546 547 548 549 550 551 552 553 554 555 556 557 558 559 560 561 562 563 564 565 566 567 568 569 570 571 572 573 574 575 576 577 578 579 580 581 582 583 584 | 79 80 81 82 83 84 85 86 87 88 89 90 91 92 93 94 95 96 97 98 | 57 58 59 60 61 62 63 64 65 66 67 68 69 70 71 72 73 74 75 76 77 78 | 264 265 266 267 268 269 270 271 272 273 274 275 276 277 278 279 280 281 282 283 284 285 286 287 | 882 43 44 45 46 47 48 49 50 51 52 53 54 | 775 776 777 778 779 780 781 782 783 784 785 786 787 788 789 790 791 792 793 794 795 796 797 | 642 586 587 588 589 590 591 592 593 594 595 596 597 598 599 600 601 602 603 604 605 606 607 608 609 610 611 612 613 614 615 616 617 618 619 620 621 622 623 624 625 626 627 628 629 630 631 632 633 634 635 636 637 638 639 640 641 | 899 900 901 902 903 904 905 906 907 908 909 910 | 99 100 101 102 103 104 105 106 107 108 109 110 111 112 113 114 115 116 117 118 119 120 121 122 123 124 125 126 127 128 129 130 131 132 133 134 |
>simulated_k51_l1000_82
 0 425 426 427 428 429 430 431 432 433 434 435 436 437 438 439 440 441 442 443 444 445 446 447 448 449 450 451 452 453 454 | 255 289 290 291 292 293 294 295 296 297 298 299 300 301 302 303 304 305 306 | 933 136 137 138 139 140 141 142 143 144 145 146 147 148 149 150 151 152 153 154 155 156 157 158 159 160 161 162 163 164 165 166 | 917 56 | 55 883 884 885 886 887 888 889 890 891 892 893 894 895 896 897 898 | 424 963 964 965 966 967 968 969 970 971 972 973 974 975 976 977 978 979 980 981 982 983 984 985 986 987 988 989 990 991 992 993 994 995 996 997 998 999 | 962 912 913 914 915 916 | 135 918 919 920 921 922 923 924 925 926 927 928 929 930 931 932 | 911 1 2 3 4 5 6 7 8 9 10 11 12 13 | 288 256 257 258 259 260 261 262 263 | 167 168 169 170 171 172 173 174 175 176 177 178 179 180 181 182 183 184 185 186 187 188 189 190 191 192 193 194 195 196 197 198 199 200 201 202 203 204 205 206 207 208 209 210 211 212 213 214 215 216 217 218 219 220 221 222 223 224 225 226 227 228 229 230 231 232 233 234 235 236 237 238 239 240 241 242 243 244 245 246 247 248 249 250 251 252 253 254 | 14 15 16 17 18 19 20 21 22 23 24 25 26 27 28 29 30 31 32 33 34 35 36 37 38 39 40 41 | 798 799 800 801 802 803 804 805 806 807 808 809 810 811 812 813 814 815 816 817 818 819 820 821 822 823 824 825 826 827 828 829 830 831 832 833 834 835 836 837 838 839 840 841 842 843 844 845 846 847 848 849 850 851 852 853 854 855 856 857 858 859 860 861 862 863 864 865 866 867 868 869 870 871 872 873 874 875 876 | 877 878 879 880 881 | 42 934 935 936 937 938 939 940 941 942 943 944 945 946 947 948 949 950 951 952 953 954 | 955 956 957 958 959 960 961 | 385 386 387 388 389 390 391 392 393 394 395 396 397 398 399 400 401 402 403 404 405 406 407 408 409 410 411 412 413 414 415 416 417 418 419 420 421 422 423 | 585 643 644 645 646 647 648 649 650 651 652 653 654 655 656 657 658 659 660 661 662 663 664 665 666 667 668 669 670 671 672 673 674 675 676 677 678 679 680 681 682 683 684 685 686 687 688 689 690 691 692 693 694 695 696 697 698 699 700 701 702 703 704 705 706 707 708 709 710 711 712 713 714 715 716 717 718 719 720 721 722 723 724 725 726 727 728 729 730 731 732 733 734 735 736 737 738 739 740 741 742 743 744 745 746 747 748 749 750 751 752 753 754 755 756 757 758 759 760 761 762 763 764 765 766 767 768 769 770 771 772 773 774 | 515 516 517 518 519 520 521 522 523 524 525 526 527 528 529 530 531 532 533 534 535 536 537 538 539 540 541 542 543 544 545 546 547 548 549 550 551 552 553 554 555 556 557 558 559 560 561 562 563 564 565 566 567 568 569 570 571 572 573 574 575 576 577 578 579 580 581 582 583 584 | 79 80 81 82 83 84 85 86 87 88 89 90 91 92 93 94 95 96 97 98 99 100 101 102 103 104 105 106 107 108 109 110 111 112 113 114 115 116 117 118 119 120 121 122 123 124 125 126 127 128 129 130 131 132 133 134 | 57 58 59 60 61 62 63 64 65 66 67 68 69 70 71 72 73 74 75 76 77 78 | 264 265 266 267 268 269 270 271 272 273 274 275 276 277 278 279 280 281 282 283 284 285 286 287 | 882 43 44 45 46 47 48 49 50 51 52 53 54 | 775 776 777 778 779 780 781 782 783 784 785 786 787 788 789 790 791 792 793 794 795 796 797 | 642 586 587 588 589 590 591 592 593 594 595 596 597 598 599 600 601 602 603 604 605 606 607 608 609 610 611 612 613 614 615 616 617 618 619 620 621 622 623 624 625 626 627 628 629 630 631 632 633 634 635 636 637 638 639 640 641 | 899 900 901 902 903 904 905 906 907 908 909 910 | 307 308 | 309 310 311 312 313 314 315 316 317 318 319 320 321 322 323 324 325 326 327 328 329 330 331 332 333 334 335 336 337 338 339 340 341 342 343 344 345 346 347 348 349 350 351 352 353 354 355 356 357 358 359 360 361 362 363 364 365 366 367 368 369 370 371 372 373 374 375 376 377 378 379 380 381 382 383 384 | 455 456 457 458 459 460 461 462 463 464 465 466 467 468 469 470 471 472 473 474 475 476 477 478 479 480 481 482 483 484 485 486 487 488 489 490 491 492 493 494 495 496 497 498 499 500 501 502 503 504 505 506 507 508 509 510 511 512 513 514 |
>simulated_k51_l1000_84
 0 425 426 427 428 429 430 431 432 433 434 435 436 437 438 439 440 441 442 443 444 445 446 447 448 449 450 451 452 453 454 455 456 457 458 459 460 461 462 463 464 465 466 467 468 469 470 471 472 473 474 475 476 477 478 479 480 481 482 483 484 485 486 487 488 489 490 491 492 493 494 495 496 497 498 499 500 501 502 503 504 505 506 507 508 509 510 511 512 513 514 515 516 517 518 519 520 521 522 523 524 525 526 527 528 529 530 531 532 533 534 535 536 537 538 539 540 541 542 543 544 545 546 547 548 549 550 551 | 255 649 650 651 652 653 654 655 656 657 658 659 660 661 662 663 664 665 666 667 668 669 670 671 672 673 674 675 676 677 678 679 680 681 682 683 684 685 686 687 688 689 690 691 692 693 694 695 696 697 698 699 700 701 702 703 704 705 706 707 708 709 710 711 712 713 714 715 716 717 718 719 720 721 722 723 724 725 726 727 728 729 730 731 732 733 734 735 736 737 738 739 740 741 742 743 744 745 746 747 748 749 750 751 752 753 754 755 756 757 758 759 760 761 762 763 764 765 766 767 768 769 770 771 772 773 774 775 776 777 778 779 780 781 782 783 784 785 786 787 788 789 790 791 792 793 794 795 796 797 798 799 800 801 802 803 804 805 806 807 808 809 810 811 812 813 814 815 816 817 818 819 820 821 822 823 824 825 826 827 828 829 830 831 832 833 834 835 836 837 838 839 840 841 | 933 963 964 965 966 967 968 969 970 971 972 973 974 975 976 977 978 979 980 981 982 983 984 985 986 987 988 989 990 991 992 993 994 995 996 997 998 999 | 917 56 57 58 59 60 61 62 63 64 65 66 67 68 69 70 71 72 73 74 75 76 77 78 79 80 81 82 83 84 85 86 87 88 89 90 91 92 93 94 95 96 97 98 99 100 101 102 103 104 105 106 107 108 109 110 111 112 113 114 115 116 117 118 119 120 121 122 123 124 125 126 127 128 129 130 131 132 133 134 | 55 1 2 3 4 5 6 7 8 9 10 11 12 | 424 136 137 138 139 140 141 142 143 144 145 146 147 148 149 150 151 152 153 154 155 156 157 158 159 160 161 162 163 164 165 166 167 168 169 170 171 172 173 174 175 176 177 178 179 180 181 182 183 184 185 186 187 188 189 190 191 192 193 194 195 196 197 198 199 200 201 202 203 204 205 206 207 208 209 210 211 212 213 214 215 216 217 218 219 220 221 222 223 224 225 226 227 228 229 230 231 232 233 234 235 236 237 238 239 240 241 242 243 244 245 246 247 248 249 250 251 252 253 254 | 962 912 913 914 915 916 | 135 934 935 936 937 938 939 940 941 942 943 944 945 946 947 948 949 950 951 952 953 954 955 956 957 958 959 960 961 | 911 918 919 920 921 922 923 924 925 926 927 928 929 930 931 932 | 288 289 290 291 292 293 294 295 296 297 298 299 300 301 302 303 304 305 306 307 308 309 310 311 312 313 314 315 316 317 318 319 320 321 322 323 324 325 326 327 | 13 329 330 331 332 333 334 335 336 337 338 339 340 341 342 343 344 345 346 347 348 349 350 351 352 353 354 355 356 357 358 359 360 361 362 363 364 365 366 367 368 369 370 371 372 373 374 375 376 377 378 379 380 381 382 383 384 385 386 387 388 389 390 391 392 393 394 395 396 397 398 399 400 401 402 403 404 405 406 407 408 409 410 411 412 413 414 415 416 417 418 419 420 421 422 423 | 842 843 844 845 846 847 848 849 850 851 852 853 854 855 856 857 858 859 860 861 862 863 864 865 866 867 868 869 870 871 872 873 874 875 876 877 878 879 880 881 882 883 884 885 886 887 888 889 890 891 892 893 894 895 896 897 898 899 900 901 902 903 904 905 906 907 908 909 910 | 552 553 554 555 556 557 558 559 560 561 562 563 564 565 566 567 568 569 570 571 572 573 574 575 576 577 578 579 580 581 582 583 584 585 586 587 588 589 590 591 592 593 594 595 596 597 598 599 600 601 602 603 604 605 606 607 608 609 610 611 612 613 614 615 616 617 618 619 620 621 622 623 624 625 626 627 628 629 630 631 632 633 634 635 636 637 638 639 640 641 642 643 644 645 646 647 | 328 14 15 16 17 18 19 20 21 22 23 24 25 26 27 28 29 30 31 32 33 34 35 36 37 38 39 40 41 42 43 44 45 46 47 48 49 50 51 52 53 54 | 648 256 257 258 259 260 261 262 263 264 265 266 267 268 269 270 271 272 273 274 275 276 277 278 279 280 281 282 283 284 285 286 287 |
>simulated_k51_l1000_86
 0 1 2 3 4 5 6 7 8 9 10 11 12 13 14 15 16 17 18 19 20 21 22 23 24 25 26 27 28 29 30 31 32 33 34 35 36 37 38 39 40 41 42 43 44 45 46 47 48 49 50 51 52 53 54 55 56 57 58 59 60 61 62 63 | 672 252 253 254 255 256 257 258 259 260 261 262 263 264 265 266 267 268 269 270 271 272 273 274 275 276 277 278 279 280 281 282 283 284 285 286 287 288 289 290 291 292 293 294 295 296 297 298 299 300 301 302 303 304 305 306 307 308 309 310 311 312 313 314 315 316 317 | 850 319 320 321 322 323 324 325 326 327 328 329 330 331 332 333 334 335 336 | 485 486 487 488 489 490 491 492 493 494 495 496 497 498 499 500 501 502 503 504 505 506 507 508 509 510 511 512 513 514 515 516 517 518 519 520 521 522 523 524 525 526 527 528 529 530 531 532 533 534 535 536 537 538 539 540 541 542 543 544 545 546 547 548 549 550 551 552 553 554 555 556 557 558 559 560 561 562 563 564 565 566 567 568 569 570 571 572 573 574 575 576 577 578 579 580 581 582 583 584 585 586 587 588 589 590 591 592 593 594 595 596 597 598 599 600 601 602 603 604 605 606 607 608 609 610 611 612 613 614 615 616 617 618 619 620 621 622 623 624 625 626 627 628 629 630 631 632 633 634 635 636 637 638 639 640 641 642 643 644 645 646 647 648 649 650 651 652 653 654 655 656 657 658 659 660 661 662 663 664 665 666 667 | 994 942 943 944 945 946 947 948 949 950 951 952 953 954 955 956 957 958 959 960 961 962 963 964 965 966 967 968 969 970 971 972 973 974 975 976 977 978 979 980 981 982 983 984 985 986 987 988 989 990 991 992 993 | 251 851 852 853 854 855 856 857 858 859 860 861 862 863 864 865 866 867 868 869 870 871 872 873 874 875 876 877 878 879 880 881 882 883 884 885 886 887 888 889 890 891 892 893 894 895 896 897 898 899 900 901 902 903 904 905 906 907 908 909 910 911 912 913 914 915 916 917 918 919 920 921 922 923 924 | 318 673 674 675 676 677 678 679 680 681 682 683 684 685 686 687 688 689 690 691 692 693 694 695 696 697 698 699 700 701 702 703 704 705 706 707 708 709 710 711 712 713 714 715 716 717 718 719 720 721 722 723 724 725 726 727 728 729 730 731 732 733 734 735 736 737 738 739 740 741 742 743 744 745 746 747 748 749 750 751 752 753 754 755 756 757 758 759 760 761 762 763 764 765 766 767 768 769 770 771 772 773 774 775 776 777 778 779 780 781 782 783 784 785 786 787 788 789 790 791 792 793 794 795 796 797 798 799 800 801 802 803 804 805 806 807 808 809 810 811 812 813 814 815 816 817 818 819 820 821 822 823 824 825 826 827 828 829 830 831 832 833 834 835 836 837 838 839 840 841 842 843 844 845 846 847 848 849 | 64 65 66 67 68 69 70 71 72 73 74 75 76 77 78 79 80 | 438 155 156 157 158 159 160 161 162 163 164 165 166 167 168 169 170 171 172 173 174 175 176 177 178 179 180 181 182 183 184 185 186 187 188 189 190 191 192 193 194 195 196 197 198 199 200 201 202 203 204 205 206 207 208 209 210 211 212 213 214 215 216 217 218 219 220 221 222 223 224 225 226 227 228 229 230 231 232 233 234 235 236 237 238 239 240 241 242 243 244 245 246 247 248 249 250 | 81 82 83 84 85 86 87 88 89 90 91 92 93 94 95 96 97 98 99 100 101 102 103 104 105 106 107 108 109 110 111 112 113 114 115 116 117 118 119 120 121 122 123 124 125 126 127 128 129 130 131 132 133 134 135 136 137 138 139 140 141 142 143 144 145 146 147 148 149 150 151 152 153 | 941 995 996 997 998 999 | 374 375 376 377 378 379 380 381 382 383 384 385 386 387 388 389 390 391 392 393 394 395 396 397 398 399 400 401 402 403 404 405 406 407 408 409 410 411 412 413 414 415 416 417 418 419 420 421 422 423 424 425 426 427 428 429 430 431 432 433 434 435 436 437 | 925 926 927 928 929 930 931 932 933 934 935 936 937 938 939 940 | 337 338 339 340 341 342 343 344 345 346 347 348 349 350 351 352 353 354 355 356 357 358 359 360 361 362 363 364 365 366 367 368 369 370 371 372 373 | 154 439 440 441 442 443 444 445 446 447 448 449 450 451 452 453 454 455 456 457 458 459 460 461 462 463 464 465 466 467 468 469 470 471 472 473 474 475 476 477 478 479 480 481 482 483 484 | 668 669 670 671 |
>simulated_k51_l1000_87
 0 335 336 337 338 339 340 341 342 343 344 345 346 347 348 349 350 351 352 353 354 355 356 357 358 359 360 361 362 363 364 365 366 367 368 369 370 371 372 373 374 375 376 377 378 379 380 381 382 383 384 385 386 387 388 389 390 391 392 393 394 395 396 397 398 399 400 401 402 403 404 405 406 407 408 409 410 411 412 413 414 415 416 417 418 419 420 421 422 423 | 255 285 286 287 288 289 290 291 292 293 294 295 296 | 933 963 964 965 966 967 968 969 970 971 972 973 974 975 976 977 978 979 980 981 982 983 984 985 986 987 988 989 990 991 992 993 994 995 996 997 998 999 | 917 768 769 770 771 772 773 774 775 776 777 778 779 780 781 782 783 784 785 786 787 788 789 790 791 792 793 794 795 796 797 798 799 800 801 802 803 804 805 806 807 808 809 810 811 812 813 814 815 816 817 818 819 820 821 822 823 824 825 826 827 828 829 830 831 832 833 834 835 836 837 838 839 840 841 842 843 844 845 846 847 848 849 850 851 852 853 854 855 856 857 858 859 860 861 862 863 864 865 866 867 868 869 870 871 872 873 874 875 876 877 878 879 880 881 882 883 884 885 886 887 888 889 890 891 892 893 894 895 896 897 898 899 900 901 902 903 904 905 906 907 908 909 910 911 912 913 914 915 916 | 55 1 2 3 4 5 6 | 424 918 919 920 921 922 923 924 925 926 927 928 929 930 931 932 | 962 298 299 300 301 302 303 304 305 306 307 308 309 310 311 312 313 314 315 316 317 318 319 320 321 322 323 324 325 326 327 328 329 330 | 284 425 426 427 428 429 430 431 432 433 434 435 436 437 438 439 440 441 442 443 444 445 446 447 448 449 450 451 452 453 454 455 456 457 458 459 460 461 462 463 464 465 466 467 468 469 470 471 472 473 474 475 476 477 478 479 480 481 482 483 484 485 486 487 488 489 490 491 492 493 494 495 496 497 498 499 500 501 502 503 504 505 506 507 508 509 510 511 512 513 514 515 516 517 518 519 520 521 522 523 524 525 526 527 528 529 530 531 532 533 534 535 536 537 538 539 540 541 542 543 544 545 546 547 548 549 550 551 552 553 554 555 556 557 558 559 560 561 562 563 564 565 566 567 568 569 570 571 572 573 574 575 576 577 578 579 580 581 582 583 584 585 586 587 588 589 590 591 592 593 594 595 596 597 598 599 600 601 602 603 604 605 606 607 608 609 610 611 612 613 614 615 616 617 618 619 620 621 622 623 624 625 626 627 628 629 630 631 632 633 634 635 636 637 638 639 640 641 642 643 644 645 646 647 | 767 56 57 58 59 60 61 62 63 64 65 66 67 68 69 70 71 72 73 74 75 | 648 649 650 651 652 653 654 655 656 657 658 | 297 332 333 | 331 934 935 936 937 938 939 940 941 942 943 944 945 946 947 948 949 950 951 952 953 954 955 956 957 958 959 960 961 | 7 8 9 10 11 12 13 14 15 16 17 18 19 20 21 22 23 24 25 26 27 28 29 30 31 32 33 34 35 36 37 38 39 40 41 42 43 44 45 46 47 48 49 50 51 52 53 54 | 334 256 257 258 259 260 261 262 263 264 265 266 267 268 269 270 271 272 273 274 275 276 277 278 279 280 281 282 283 | 216 217 218 219 220 221 222 223 224 225 226 227 228 229 230 231 232 233 234 235 236 237 238 239 240 241 242 243 244 245 246 247 248 249 250 251 252 253 254 | 76 77 78 79 80 81 82 83 84 | 85 660 661 662 663 664 665 666 667 668 669 670 671 672 673 674 675 676 677 678 679 680 681 682 683 684 685 686 687 688 689 690 691 692 693 694 695 696 697 698 699 700 701 702 703 704 705 706 707 708 709 710 711 712 713 714 715 716 717 718 719 720 721 722 723 724 725 726 727 728 729 730 731 732 733 734 735 736 737 738 739 740 741 742 743 744 745 746 747 748 749 750 751 752 753 754 755 756 757 758 759 760 761 762 763 764 765 766 | 659 86 87 88 89 90 91 92 93 94 95 96 97 98 99 100 101 102 103 104 105 106 107 108 109 110 111 112 113 114 115 116 117 118 119 120 121 122 123 124 125 126 127 128 129 130 131 132 133 134 135 136 137 138 139 140 141 142 143 144 145 146 147 148 149 150 151 152 153 154 155 156 157 158 159 160 161 162 163 164 165 166 167 168 169 170 171 172 173 174 175 176 177 178 179 180 181 182 183 184 185 186 187 188 189 190 191 192 193 194 195 196 197 198 199 200 201 202 203 204 205 206 207 208 209 210 211 212 213 214 215 |
>simulated_k51_l1000_88
 0 335 336 337 338 339 340 341 342 343 344 345 346 347 348 349 350 351 352 353 354 355 356 357 358 359 360 361 362 363 364 365 366 367 368 369 370 371 372 373 374 375 376 377 378 379 380 381 382 383 384 385 386 387 388 389 390 391 392 393 394 395 396 397 398 399 400 401 402 403 404 405 406 407 408 409 410 411 412 413 414 415 416 417 418 419 420 421 422 423 | 255 285 286 287 288 289 290 291 292 293 294 295 296 | 933 918 919 920 921 922 923 924 925 926 927 928 929 930 931 932 | 917 768 769 770 771 772 773 774 775 776 777 778 779 780 781 782 783 784 785 786 787 788 789 790 791 792 793 794 795 796 797 798 799 800 801 802 803 804 805 806 807 808 809 810 811 812 813 814 815 816 817 818 819 820 821 822 823 824 825 826 827 828 829 830 831 832 833 834 835 836 837 838 839 840 841 842 843 844 845 846 847 848 849 850 851 852 853 854 855 856 857 858 859 860 861 862 863 864 865 866 867 868 869 870 871 872 873 874 875 876 877 878 879 880 881 882 883 884 885 886 887 888 889 890 891 892 893 894 895 896 897 898 899 900 901 902 903 904 905 906 907 908 909 910 911 912 913 914 915 916 | 55 1 2 3 4 5 6 | 424 963 964 965 966 967 968 969 970 971 972 973 974 975 976 977 978 979 980 981 982 983 984 985 986 987 988 989 990 991 992 993 994 995 996 997 998 999 | 962 298 299 300 301 302 303 304 305 306 307 308 309 310 311 312 313 314 315 316 317 318 319 320 321 322 323 324 325 326 327 328 329 330 | 284 425 426 427 428 429 430 431 432 433 434 435 436 437 438 439 440 441 442 443 444 445 446 447 448 449 450 451 452 453 454 455 456 457 458 459 460 461 462 463 464 465 466 467 468 469 470 471 472 473 474 475 476 477 478 479 480 481 482 483 484 485 486 487 488 489 490 491 492 493 494 495 496 497 498 499 500 501 502 503 504 505 506 507 508 509 510 511 512 513 514 515 516 517 518 519 520 521 522 523 524 525 526 527 528 529 530 531 532 533 534 535 536 537 538 539 540 541 542 543 544 545 546 547 548 549 550 551 552 553 554 555 556 557 558 559 560 561 562 563 564 565 566 567 568 569 570 571 572 573 574 575 576 577 578 579 580 581 582 583 584 585 586 587 588 589 590 591 592 593 594 595 596 597 598 599 600 601 602 603 604 605 606 607 608 609 610 611 612 613 614 615 616 617 618 619 620 621 622 623 624 625 626 627 628 629 630 631 632 633 634 635 636 637 638 639 640 641 642 643 644 645 646 647 | 767 56 57 58 59 60 61 62 63 64 65 66 67 68 69 70 71 72 73 74 75 | 648 649 650 651 652 653 654 655 656 657 658 659 660 661 662 663 664 665 666 667 668 669 670 671 672 673 674 675 676 677 678 679 680 681 682 683 684 685 686 687 688 689 690 691 692 693 694 695 696 697 698 699 700 701 702 703 704 705 706 707 708 709 710 711 712 713 714 715 716 717 718 719 720 721 722 723 724 725 726 727 728 729 730 731 732 733 734 735 736 737 738 739 740 741 742 743 744 745 746 747 748 749 750 751 752 753 754 755 756 757 758 759 760 761 762 763 764 765 766 | 297 332 333 | 331 934 935 936 937 938 939 940 941 942 943 944 945 946 947 948 949 950 951 952 953 954 955 956 957 958 959 960 961 | 7 8 9 10 11 12 13 14 15 16 17 18 19 20 21 22 23 24 25 26 27 28 29 30 31 32 33 34 35 36 37 38 39 40 41 42 43 44 45 46 47 48 49 50 51 52 53 54 | 334 256 257 258 259 260 261 262 263 264 265 266 267 268 269 270 271 272 273 274 275 276 277 278 279 280 281 282 283 | 216 217 218 219 220 221 222 223 224 225 226 227 228 229 230 231 232 233 234 235 236 237 238 239 240 241 242 243 244 245 246 247 248 249 250 251 252 253 254 | 76 77 78 79 80 81 82 83 84 | 85 86 87 88 89 90 91 92 93 94 95 96 97 98 99 100 101 102 103 104 105 106 107 108 109 110 111 112 113 114 115 116 117 118 119 120 121 122 123 124 125 126 127 128 129 130 131 132 133 134 135 136 137 138 139 140 141 142 143 144 145 146 147 148 149 150 151 152 153 154 155 156 157 158 159 160 161 162 163 164 165 166 167 168 169 170 171 172 173 174 175 176 177 178 179 180 181 182 183 184 185 186 187 188 189 190 191 192 193 194 195 196 197 198 199 200 201 202 203 204 205 206 207 208 209 210 211 212 213 214 215 |
>simulated_k51_l1000_89
 0 1 2 3 4 5 6 7 8 9 10 11 12 13 14 15 16 17 18 19 20 21 22 23 24 25 26 27 28 29 30 31 32 33 34 35 36 37 38 39 40 41 42 43 44 45 46 47 48 49 50 51 52 53 54 55 56 57 58 59 60 61 62 63 | 672 252 253 254 255 256 257 258 259 260 261 262 263 264 265 266 267 268 269 270 271 272 273 274 275 276 277 278 279 280 281 282 283 284 285 286 287 288 289 290 291 292 293 294 295 296 297 298 299 300 301 302 303 304 305 306 307 308 309 310 311 312 313 314 315 316 317 | 850 319 320 321 322 323 324 325 326 327 328 329 330 331 332 333 334 335 336 | 485 486 487 488 489 490 491 492 493 494 495 496 497 498 499 500 501 502 503 504 505 506 507 508 509 510 511 512 513 514 515 516 517 518 519 520 521 522 523 524 525 526 527 528 529 530 531 532 533 534 535 536 537 538 539 540 541 542 543 544 545 546 547 548 549 550 551 552 553 554 555 556 557 558 559 560 561 562 563 564 565 566 567 568 569 570 571 572 573 574 575 576 577 578 579 580 581 582 583 584 585 586 587 588 589 590 591 592 593 594 595 596 597 598 599 600 601 602 603 604 605 606 607 608 609 610 611 612 613 614 615 616 617 618 619 620 621 622 623 624 625 626 627 628 629 630 631 632 633 634 635 636 637 638 639 640 641 642 643 644 645 646 647 648 649 650 651 652 653 654 655 656 657 658 659 660 661 662 663 664 665 666 667 668 669 670 671 | 994 942 943 944 945 946 947 948 949 950 951 952 953 954 955 956 957 958 959 960 961 962 963 964 965 966 967 968 969 970 971 972 973 974 975 976 977 978 979 980 981 982 983 984 985 986 987 988 989 990 991 992 993 | 251 851 852 853 854 855 856 857 858 859 860 861 862 863 864 865 866 867 868 869 870 871 872 873 874 875 876 877 878 879 880 881 882 883 884 885 886 887 888 889 890 891 892 893 894 895 896 897 898 899 900 901 902 903 904 905 906 907 908 909 910 911 912 913 914 915 916 917 918 919 920 921 922 923 924 | 318 673 674 675 676 677 678 679 680 681 682 683 684 685 686 687 688 689 690 691 692 693 694 695 696 697 698 699 700 701 702 703 704 705 706 707 708 709 710 711 712 713 714 715 716 717 718 719 720 721 722 723 724 725 726 727 728 729 730 731 732 733 734 735 736 737 738 739 740 741 742 743 744 745 746 747 748 749 750 751 752 753 754 755 756 757 758 759 760 761 762 763 764 765 766 767 768 769 770 771 772 773 774 775 776 777 778 779 780 781 782 783 784 785 786 787 788 789 790 791 792 793 794 795 796 797 798 799 800 801 802 803 804 805 806 807 808 809 810 811 812 813 814 815 816 817 818 819 820 821 822 823 824 825 826 827 828 829 830 831 832 833 834 835 836 837 838 839 840 841 842 843 844 845 846 847 848 849 | 64 65 66 67 68 69 70 71 72 73 74 75 76 77 78 79 80 | 438 155 156 157 158 159 160 161 162 163 164 165 166 167 168 169 170 171 172 173 174 175 176 177 178 179 180 181 182 183 184 185 186 187 188 189 190 191 192 193 194 195 196 197 198 199 200 201 202 203 204 205 206 207 208 209 210 211 212 213 214 215 216 217 218 219 220 221 222 223 224 225 226 227 228 229 230 231 232 233 234 235 236 237 238 239 240 241 242 243 244 245 246 247 248 249 250 | 81 82 83 84 85 86 87 88 89 90 91 92 93 94 95 96 97 98 99 100 101 102 103 104 105 106 107 108 109 110 111 112 113 114 115 116 117 118 119 120 121 122 123 124 125 126 127 128 129 130 131 132 133 134 135 136 137 138 139 140 141 142 143 144 145 146 147 148 149 150 151 152 153 | 941 995 996 997 998 999 | 374 375 376 377 378 379 380 381 382 383 384 385 386 387 388 389 390 391 392 393 394 395 396 397 398 399 400 401 402 403 404 405 406 407 408 409 410 411 412 413 414 415 416 417 418 419 420 421 422 423 424 425 426 427 428 429 430 431 432 433 434 435 436 437 | 925 926 927 928 929 930 931 932 933 934 935 936 937 938 939 940 | 337 338 339 340 341 342 343 344 345 346 347 348 349 350 351 352 353 354 355 356 357 358 359 360 361 362 363 364 365 366 367 368 369 370 371 372 373 | 154 439 440 441 442 443 444 445 446 447 448 449 450 451 452 453 454 455 456 457 458 459 460 461 462 463 464 465 466 467 468 469 470 471 472 473 474 475 476 477 478 479 480 481 482 483 484 |
>simulated_k51_l1000_90
 0 1 2 3 4 5 6 7 8 9 10 11 12 13 14 15 16 17 18 19 20 21 22 23 24 25 26 27 28 29 30 31 32 33 34 35 36 37 38 39 40 41 42 43 44 45 46 47 48 49 50 51 52 53 54 55 56 57 58 59 60 61 62 63 | 672 252 253 254 255 256 257 258 259 260 261 262 263 264 265 266 267 268 269 270 271 272 273 274 275 276 277 278 279 280 281 282 283 284 285 286 287 288 289 290 291 292 293 294 295 296 297 298 299 300 301 302 303 304 305 306 307 308 309 310 311 312 313 314 315 316 317 | 850 319 320 321 322 323 324 325 326 327 328 329 330 331 332 333 334 335 336 | 485 486 487 488 489 490 491 492 493 494 495 496 497 498 499 500 501 502 503 504 505 506 507 508 509 510 511 512 513 514 515 516 517 518 519 520 521 522 523 524 525 526 527 528 529 530 531 532 533 534 535 536 537 538 539 540 541 542 543 544 545 546 547 548 549 550 551 552 553 554 555 556 557 558 559 560 561 562 563 564 565 566 567 568 569 570 571 572 573 574 575 576 577 578 579 580 581 582 583 584 585 586 587 588 589 590 591 592 593 594 595 596 597 598 599 600 601 602 603 604 605 606 607 608 609 610 611 612 613 614 615 616 617 618 619 620 621 622 623 624 625 626 627 628 629 630 631 632 633 634 635 636 637 638 639 640 641 642 643 644 645 646 647 648 649 650 651 652 653 654 655 656 657 658 659 660 661 662 663 664 665 666 667 668 669 670 671 | 994 942 943 944 945 946 947 948 949 950 951 952 953 954 955 956 957 958 959 960 961 962 963 964 965 966 967 968 969 970 971 972 973 974 975 976 977 978 979 980 981 982 983 984 985 986 987 988 989 990 991 992 993 | 251 851 852 853 854 855 856 857 858 859 860 861 862 863 864 865 866 867 868 869 870 871 872 873 874 875 876 877 878 879 880 881 882 883 884 885 886 887 888 889 890 891 892 893 894 895 896 897 898 899 900 901 902 903 904 905 906 907 908 909 910 911 912 913 914 915 916 917 918 919 920 921 922 923 924 | 318 673 674 675 676 677 678 679 680 681 682 683 684 685 686 687 688 689 690 691 692 693 694 695 696 697 698 699 700 701 702 703 704 705 706 707 708 709 710 711 712 713 714 715 716 717 718 719 720 721 722 723 724 725 726 727 728 729 730 731 732 733 734 735 736 737 738 739 740 741 742 743 744 745 746 747 748 749 750 751 752 753 754 755 756 757 758 759 760 761 762 763 764 765 766 767 768 769 770 771 772 773 774 775 776 777 778 779 780 781 782 783 784 785 786 787 788 789 790 791 792 793 794 795 796 797 798 799 800 801 802 803 804 805 806 807 808 809 810 811 812 813 814 815 816 817 818 819 820 821 822 823 824 825 826 827 828 829 830 831 832 833 834 835 836 837 838 839 840 841 842 843 844 845 846 847 848 849 | 64 65 66 67 68 69 70 71 72 73 74 75 76 77 78 79 80 | 438 155 156 157 158 159 160 161 162 163 164 165 166 167 168 169 170 171 172 173 174 175 176 177 178 179 180 181 182 183 184 185 186 187 188 189 190 191 192 193 194 195 196 197 198 199 200 201 202 203 204 205 206 207 208 209 210 211 212 213 214 215 216 217 218 219 220 221 222 223 224 225 226 227 228 229 230 231 232 233 234 235 236 237 238 239 240 241 242 243 244 245 246 247 248 249 250 | 81 82 83 84 85 86 87 88 89 90 91 92 93 94 95 96 97 98 99 100 101 102 103 104 105 106 107 108 109 110 111 112 113 114 115 116 117 118 119 120 121 122 123 124 125 126 127 128 129 130 131 132 133 134 135 136 137 138 139 140 141 142 143 144 145 146 147 148 149 150 151 152 153 | 941 995 996 997 998 999 | 374 375 376 377 378 379 380 381 382 383 384 385 386 387 388 389 390 391 392 393 394 395 396 397 398 399 400 401 402 403 404 405 406 407 408 409 410 411 412 413 414 415 416 417 418 419 420 421 422 423 424 425 426 427 428 429 430 431 432 433 434 435 436 437 | 925 926 927 928 929 930 931 932 933 934 935 936 937 938 939 940 | 337 338 339 340 341 342 343 344 345 346 347 348 349 350 351 352 353 354 355 356 357 358 359 360 361 362 363 364 365 366 367 368 369 370 371 372 373 | 154 439 440 441 442 443 444 445 446 447 448 449 450 451 452 453 454 455 456 457 458 459 460 461 462 463 464 465 466 467 468 469 470 471 472 473 474 475 476 477 478 479 480 481 482 483 484 |
>simulated_k51_l1000_91
 0 425 426 427 428 429 430 431 432 433 434 435 436 437 438 439 440 441 442 443 444 445 446 447 448 449 450 451 452 453 454 455 456 457 458 459 460 461 462 463 464 465 466 467 468 469 470 471 472 473 474 475 476 477 478 479 480 481 482 483 484 485 486 487 488 489 490 491 492 493 494 495 496 497 498 499 500 501 502 503 504 505 506 507 508 509 510 511 512 513 514 515 516 517 518 519 520 521 522 523 524 525 526 527 528 529 530 531 532 533 534 535 536 537 538 539 540 541 542 543 544 545 546 547 548 549 550 551 | 255 649 650 651 652 653 654 655 656 657 658 659 660 661 662 663 664 665 666 667 668 669 670 671 672 673 674 675 676 677 678 679 680 681 682 683 684 685 686 687 688 689 690 691 692 693 694 695 696 697 698 699 700 701 702 703 704 705 706 707 708 709 710 711 712 713 714 715 716 717 718 719 720 721 722 723 724 725 726 727 728 729 730 | 933 963 964 965 966 967 968 969 970 971 972 973 974 975 976 977 978 979 980 981 982 983 984 985 986 987 988 989 990 991 992 993 994 995 996 997 998 999 | 917 56 57 58 59 60 61 62 63 64 65 66 67 68 69 70 71 72 73 74 75 76 77 78 79 80 81 82 83 84 85 86 87 88 89 90 91 92 93 94 95 96 97 98 99 100 101 102 103 104 105 106 107 108 109 110 111 112 113 114 115 116 117 118 119 120 121 122 123 124 125 126 127 128 129 130 131 132 133 134 | 55 1 2 3 4 5 6 7 8 9 10 11 12 | 424 136 137 138 139 140 141 142 143 144 145 146 147 148 149 150 151 152 153 154 155 156 157 158 159 160 161 162 163 164 165 166 167 168 169 170 171 172 173 174 175 176 177 178 179 180 181 182 183 184 185 186 187 188 189 190 191 192 193 194 195 196 197 198 199 200 201 202 203 204 205 206 207 208 209 210 211 212 213 214 215 216 217 218 219 220 221 222 223 224 225 226 227 228 229 230 231 232 233 234 235 236 237 238 239 240 241 242 243 244 245 246 247 248 249 250 251 252 253 254 | 962 912 913 914 915 916 | 135 934 935 936 937 938 939 940 941 942 943 944 945 946 947 948 949 950 951 952 953 954 955 956 957 958 959 960 961 | 911 918 919 920 921 922 923 924 925 926 927 928 929 930 931 932 | 288 289 290 291 292 293 294 295 296 297 298 299 300 301 302 303 304 305 306 307 308 309 310 311 312 313 314 315 316 317 318 319 320 321 322 323 324 325 326 327 | 13 329 330 331 332 333 334 335 336 337 338 339 340 341 342 343 344 345 346 347 348 349 350 351 352 353 354 355 356 357 358 359 360 361 362 363 364 365 366 367 368 369 370 371 372 | 842 843 844 845 846 847 848 849 850 851 852 853 854 855 856 857 858 859 860 861 862 863 864 865 866 867 868 869 870 871 872 873 874 875 876 877 878 879 880 881 882 883 884 885 886 887 888 889 890 891 892 893 894 895 896 897 898 899 900 901 902 903 904 905 906 907 908 909 910 | 552 553 554 555 556 557 558 559 560 561 562 563 564 565 566 567 568 569 570 571 572 573 574 575 576 577 578 579 580 581 582 583 584 585 586 587 588 589 590 591 592 593 594 595 596 597 598 599 600 601 602 603 604 605 606 607 608 609 610 611 612 613 614 615 616 617 618 619 620 621 622 623 624 625 626 627 628 629 630 631 632 633 634 635 636 637 638 639 640 641 642 643 644 645 646 647 | 328 14 15 16 17 18 19 20 21 22 23 24 25 26 27 28 29 30 31 32 33 34 35 36 37 38 39 40 41 42 43 44 45 46 47 48 49 50 | 648 256 257 258 259 260 261 262 263 264 265 266 267 268 269 270 271 272 273 274 275 276 277 278 279 280 281 282 283 284 285 286 287 | 373 374 375 376 377 378 379 380 381 382 383 384 385 386 387 388 389 390 391 392 393 394 395 396 397 398 399 400 401 402 403 404 405 406 407 408 409 410 411 412 413 414 415 416 417 418 419 420 421 422 423 | 51 52 53 54 | 768 769 770 771 772 773 774 775 776 777 778 779 780 781 782 783 784 785 786 787 788 789 790 791 792 793 794 795 796 797 798 799 800 801 802 803 804 805 806 807 808 809 810 811 812 813 814 815 816 817 818 819 820 821 822 823 824 825 826 827 828 829 830 831 832 833 834 835 836 837 838 839 840 841 | 731 732 733 734 735 736 737 738 739 740 741 742 743 744 745 746 747 748 749 750 751 752 753 754 755 756 757 758 759 760 761 762 763 764 765 766 767 |
>simulated_k51_l1000_92
 0 425 426 427 428 429 430 431 432 433 434 435 436 437 438 439 440 441 442 443 444 445 446 447 448 449 450 451 452 453 454 455 456 457 458 459 460 461 462 463 464 465 466 467 468 469 470 471 472 473 474 475 476 477 478 479 480 481 482 483 484 485 486 487 488 489 490 491 492 493 494 495 496 497 498 499 500 501 502 503 504 505 506 507 508 509 510 511 512 513 514 515 516 517 518 519 520 521 522 523 524 525 526 527 528 529 530 531 532 533 534 535 536 537 538 539 540 541 542 543 544 545 546 547 548 549 550 551 | 255 649 650 651 652 653 654 655 656 657 658 659 660 661 662 663 664 665 666 667 668 669 670 671 672 673 674 675 676 677 678 679 680 681 682 683 684 685 686 687 688 689 690 691 692 693 694 695 696 697 698 699 700 701 702 703 704 705 706 707 708 709 710 711 712 713 714 715 716 717 718 719 720 721 722 723 724 725 726 727 728 729 730 731 732 733 734 735 736 737 738 739 740 741 742 743 744 745 746 747 748 749 750 751 752 753 754 755 756 757 758 759 760 761 762 763 764 765 766 767 | 933 963 964 965 966 967 968 969 970 971 972 973 974 975 976 977 978 979 980 981 982 983 984 985 986 987 988 989 990 991 992 993 994 995 996 997 998 999 | 917 56 57 58 59 60 61 62 63 64 65 66 67 68 69 70 71 72 73 74 75 76 77 78 79 80 81 82 83 84 85 86 87 88 89 90 91 92 93 94 95 96 97 98 99 100 101 102 103 104 105 106 107 108 109 110 111 112 113 114 115 116 117 118 119 120 121 122 123 124 125 126 127 128 129 130 131 132 133 134 | 55 136 137 138 139 140 141 142 143 144 145 146 147 148 149 150 151 152 153 154 155 156 157 158 159 160 161 162 163 164 165 166 167 168 169 170 171 172 173 174 175 176 177 178 179 180 181 182 183 184 185 186 187 188 189 190 191 192 193 194 195 196 197 198 199 200 201 202 203 204 205 206 207 208 209 210 211 212 213 214 215 216 217 218 219 220 221 222 223 224 225 226 227 228 229 230 231 232 233 234 235 236 237 238 239 240 241 242 243 244 245 246 247 248 249 250 251 252 253 254 | 424 1 2 3 4 5 6 7 8 9 10 11 12 | 962 912 913 914 915 916 | 135 934 935 936 937 938 939 940 941 942 943 944 945 946 947 948 949 950 951 952 953 954 955 956 957 958 959 960 961 | 911 918 919 920 921 922 923 924 925 926 927 928 929 930 931 932 | 288 289 290 291 292 293 294 295 296 297 298 299 300 301 302 303 304 305 306 307 308 309 310 311 312 313 314 315 316 317 318 319 320 321 322 323 324 325 326 327 | 13 329 330 331 332 333 334 335 336 337 338 339 340 341 342 343 344 345 346 347 348 349 350 351 352 353 354 355 356 357 358 359 360 361 362 363 364 365 366 367 368 369 370 371 372 | 842 843 844 845 846 847 848 849 850 851 852 853 854 855 856 857 858 859 860 861 862 863 864 865 866 867 868 869 870 871 872 873 874 875 876 877 878 879 880 881 882 883 884 885 886 887 888 889 890 891 892 893 894 895 896 897 898 899 900 901 902 903 904 905 906 907 908 909 910 | 552 553 554 555 556 557 558 559 560 561 562 563 564 565 566 567 568 569 570 571 572 573 574 575 576 577 578 579 580 581 582 583 584 585 586 587 588 589 590 591 592 593 594 595 596 597 598 599 600 601 602 603 604 605 606 607 608 609 610 611 612 613 614 615 616 617 618 619 620 621 622 623 624 625 626 627 628 629 630 631 632 633 634 635 636 637 638 639 640 641 642 643 644 645 646 647 | 328 14 15 16 17 18 19 20 21 22 23 24 25 26 27 28 29 30 31 32 33 34 35 36 37 38 39 40 41 42 43 44 45 46 47 48 49 50 | 648 256 257 258 259 260 261 262 263 264 265 266 267 268 269 270 271 272 273 274 275 276 277 278 279 280 281 282 283 284 285 286 287 | 373 374 375 376 377 378 379 380 381 382 383 384 385 386 387 388 389 390 391 392 393 394 395 396 397 398 399 400 401 402 403 404 405 406 407 408 409 410 411 412 413 414 415 416 417 418 419 420 421 422 423 | 51 52 53 54 | 768 769 770 771 772 773 774 775 776 777 778 779 780 781 782 783 784 785 786 787 788 789 790 791 792 793 794 795 796 797 798 799 800 801 802 803 804 805 806 807 808 809 810 811 812 813 814 815 816 817 818 819 820 821 822 823 824 825 826 827 828 829 830 831 832 833 834 835 836 837 838 839 840 841 |
>simulated_k51_l1000_93
 0 612 613 614 615 616 617 618 619 620 621 622 623 624 625 626 627 628 629 630 631 632 633 634 635 636 637 638 639 640 641 642 643 644 645 646 647 648 649 650 651 652 653 654 655 656 657 658 659 660 661 662 663 664 665 666 667 668 669 670 671 | 672 1 2 3 4 5 6 7 8 9 10 11 12 13 14 15 16 17 18 19 20 21 22 23 24 25 26 27 28 29 30 31 32 33 34 35 36 37 38 39 40 41 42 43 44 45 46 47 48 49 50 51 52 53 54 55 56 57 58 59 60 61 62 63 | 850 439 440 441 442 443 444 445 446 447 448 449 450 451 452 453 454 455 456 457 458 459 460 461 462 463 464 465 466 467 | 485 486 487 | 994 995 996 997 998 999 | 251 252 253 254 255 256 257 258 259 260 261 262 263 264 265 266 267 268 269 270 271 272 273 274 275 276 277 278 279 280 281 282 283 284 285 286 287 288 289 290 291 292 293 294 295 296 297 298 299 300 301 302 303 304 305 306 307 308 309 310 311 312 313 314 315 316 317 | 318 673 674 675 676 677 678 679 680 681 682 683 684 685 686 687 688 689 690 691 692 693 694 695 696 697 698 699 700 701 702 703 704 705 706 707 708 709 710 711 712 713 714 715 716 717 718 719 720 721 722 723 724 725 726 727 728 729 730 731 732 733 734 735 736 737 738 739 740 741 742 743 | 64 65 66 67 68 69 70 71 72 73 74 75 76 77 78 79 80 | 438 319 320 321 322 323 324 325 326 327 328 329 330 331 332 333 334 335 336 337 338 339 340 341 342 343 344 345 346 347 348 349 350 351 352 353 354 355 356 357 358 359 360 361 362 363 364 365 366 367 368 369 370 371 372 373 374 375 376 377 378 | 81 82 83 84 85 86 87 88 89 90 91 92 93 94 95 96 97 98 99 100 101 102 103 104 105 106 107 108 109 110 111 112 113 114 115 116 117 118 119 120 121 122 123 124 125 126 127 128 129 130 131 132 133 134 135 136 137 138 139 140 141 142 143 144 145 146 147 148 149 150 151 152 153 154 155 156 157 158 159 160 161 162 163 164 165 166 167 168 169 170 171 172 173 174 175 176 177 178 179 180 181 182 183 184 185 186 187 188 189 190 191 192 193 194 195 196 197 198 199 200 201 202 203 204 205 206 207 208 209 210 211 212 213 214 215 216 217 218 219 220 221 222 223 224 225 226 227 228 229 230 231 232 233 234 235 236 237 238 239 240 241 242 243 244 245 246 247 248 249 250 | 813 814 815 | 816 817 818 819 820 821 822 823 824 825 826 827 828 829 830 831 832 833 834 835 836 837 838 839 840 841 842 843 844 845 846 847 848 849 | 611 851 852 853 854 855 856 857 858 859 860 861 862 863 864 865 866 867 868 869 870 871 872 873 874 875 876 877 878 879 880 881 882 883 884 885 886 887 888 889 890 891 892 893 894 895 896 897 898 899 900 901 902 903 904 905 906 907 908 909 910 911 | 912 913 914 915 916 917 918 919 920 921 922 923 924 925 926 927 928 929 930 931 932 933 934 935 936 937 938 939 940 941 942 943 944 945 946 947 948 949 950 951 952 953 954 955 956 957 958 959 960 961 962 963 964 965 966 967 968 969 970 971 972 973 974 975 976 977 978 979 980 981 | 468 469 470 471 472 473 474 475 476 477 478 479 480 481 482 483 484 | 982 983 984 985 986 987 988 989 990 991 992 993 | 488 489 490 491 492 493 494 495 496 497 498 499 500 501 502 503 504 505 506 507 508 509 510 511 512 513 514 515 516 517 518 519 520 521 522 523 524 525 526 527 528 529 530 531 532 533 534 535 536 537 538 539 540 541 542 543 544 545 546 547 548 549 550 551 552 553 554 555 556 557 558 559 560 561 562 563 564 565 566 567 568 569 570 571 572 573 574 575 576 577 578 579 580 581 582 583 584 585 586 587 588 589 590 591 592 593 594 595 596 597 598 599 600 601 602 603 604 | 605 606 607 608 609 610 | 744 745 746 747 748 749 750 751 752 753 754 755 756 757 758 759 760 761 762 763 764 765 766 767 768 769 770 771 772 773 774 775 776 777 778 779 780 781 782 783 784 785 786 787 788 789 790 791 792 793 794 795 796 797 798 799 800 801 802 803 804 805 806 807 808 809 810 811 812 | 379 380 381 382 383 384 385 386 387 388 389 390 391 392 393 394 395 396 397 398 399 400 401 402 403 404 405 406 407 408 409 410 411 412 413 414 415 416 417 418 419 420 421 422 423 424 425 426 427 428 429 430 431 432 433 434 435 436 437 |
>simulated_k51_l1000_94
 0 612 613 614 615 616 617 618 619 620 621 622 623 624 625 626 627 628 629 630 631 632 633 634 635 636 637 638 639 640 641 642 643 644 645 646 647 648 649 650 651 652 653 654 655 656 657 658 659 660 661 662 663 664 665 666 667 668 669 670 671 | 672 1 2 3 4 5 6 7 8 9 10 11 12 13 14 15 16 17 18 19 20 21 22 23 24 25 26 27 28 29 30 31 32 33 34 35 36 37 38 39 40 41 42 43 44 45 46 47 48 49 50 51 52 53 54 55 56 57 58 59 60 61 62 63 | 850 439 440 441 442 443 444 445 446 447 448 449 450 451 452 453 454 455 456 457 458 459 460 461 462 463 464 465 466 467 | 485 486 487 | 994 995 996 997 998 999 | 251 252 253 254 255 256 257 258 259 260 261 262 263 264 | 318 673 674 675 676 677 678 679 680 681 682 683 684 685 686 687 688 689 690 691 692 693 694 695 696 697 698 699 700 701 702 703 704 705 706 707 708 709 710 711 712 713 714 715 716 717 718 719 720 721 722 723 724 725 726 727 728 729 730 731 732 733 734 735 736 737 738 739 740 741 742 743 | 64 65 66 67 68 69 70 71 72 73 74 75 76 77 78 79 80 | 438 319 320 321 322 323 324 325 326 327 328 329 330 331 332 333 334 335 336 337 338 339 340 341 342 343 344 345 346 347 348 349 350 351 352 353 354 355 356 357 358 359 360 361 362 363 364 365 366 367 368 369 370 371 372 373 374 375 376 377 378 379 380 381 382 383 384 385 386 387 388 389 390 391 392 393 394 395 396 397 398 399 400 401 402 403 404 405 406 407 408 409 410 411 412 413 414 415 416 417 418 419 420 421 422 423 424 425 426 427 428 429 430 431 432 433 434 435 436 437 | 81 82 83 84 85 86 87 88 89 90 91 92 93 94 95 96 97 98 99 100 101 102 103 104 105 106 107 108 109 110 111 112 113 114 115 116 117 118 119 120 121 122 123 124 125 126 127 128 129 130 131 132 133 134 135 136 137 138 139 140 141 142 143 144 145 146 147 148 149 150 151 152 153 154 155 156 157 158 159 160 161 162 163 164 165 166 167 168 169 170 171 172 173 174 175 176 177 178 179 180 181 182 183 184 185 186 187 188 189 190 191 192 193 194 195 196 197 198 199 200 201 202 203 204 205 206 207 208 209 210 211 212 213 214 215 216 217 218 219 220 221 222 223 224 225 226 227 228 229 230 231 232 233 234 235 236 237 238 239 240 241 242 243 244 245 246 247 248 249 250 | 813 814 815 | 816 817 818 819 820 821 822 823 824 825 826 827 828 829 830 831 832 833 834 835 836 837 838 839 840 841 842 843 844 845 846 847 848 849 | 611 851 852 853 854 855 856 857 858 859 860 861 862 863 864 865 866 867 868 869 870 871 872 873 874 875 876 877 878 879 880 881 882 883 884 885 886 887 888 889 890 891 892 893 894 895 896 897 898 899 900 901 902 903 904 905 906 907 908 909 910 911 | 912 913 914 915 916 917 918 919 920 921 922 923 924 925 926 927 928 929 930 931 932 933 934 935 936 937 938 939 940 941 942 943 944 945 946 947 948 949 950 951 952 953 954 955 956 957 958 959 960 961 962 963 964 965 966 967 968 969 970 971 972 973 974 975 976 977 978 979 980 981 | 468 469 470 471 472 473 474 475 476 477 478 479 480 481 482 483 484 | 982 983 984 985 986 987 988 989 990 991 992 993 | 488 489 490 491 492 493 494 495 496 497 498 499 500 501 502 503 504 505 506 507 508 509 510 511 512 513 514 515 516 517 518 519 520 521 522 523 524 525 526 527 528 529 530 531 532 533 534 535 536 537 538 539 540 541 542 543 544 545 546 547 548 549 550 551 552 553 554 555 556 557 558 559 560 561 562 563 564 565 566 567 568 569 570 571 572 573 574 575 576 577 578 579 580 581 582 583 584 585 586 587 588 589 590 591 592 593 594 595 596 597 598 599 600 601 602 603 604 | 605 606 607 608 609 610 | 744 745 746 747 748 749 750 751 752 753 754 755 756 757 758 759 760 761 762 763 764 765 766 767 768 769 770 771 772 773 774 775 776 777 778 779 780 781 782 783 784 785 786 787 788 789 790 791 792 793 794 795 796 797 798 799 800 801 802 803 804 805 806 807 808 809 810 811 812 | 265 266 267 268 269 270 271 272 273 274 275 276 277 278 279 280 281 282 283 284 285 286 287 288 289 290 291 292 293 294 295 296 297 298 299 300 301 302 303 304 305 306 307 308 309 310 311 312 313 314 315 316 317 |
>simulated_k51_l1000_95
 0 285 286 287 288 289 290 291 292 293 294 295 296 | 255 256 257 258 259 260 261 262 263 264 265 266 267 268 269 270 271 272 273 274 275 276 277 278 279 280 281 282 283 | 933 918 919 920 921 922 923 924 925 926 927 928 929 930 931 932 | 917 768 769 770 771 772 773 774 775 776 777 778 779 780 781 782 783 784 785 786 787 788 789 790 791 792 793 794 795 796 797 798 799 800 801 802 803 804 805 806 807 808 809 810 811 812 813 814 815 816 817 | 55 66 67 68 69 70 71 72 73 74 75 76 77 78 79 80 81 82 83 84 85 86 87 88 89 90 91 92 93 94 95 96 97 98 99 100 101 102 103 104 105 106 107 108 109 110 111 112 113 114 115 116 117 118 119 120 121 122 123 124 125 126 127 128 129 130 131 132 133 134 135 136 137 138 139 140 141 142 143 144 145 146 147 148 149 150 151 152 153 154 155 156 157 158 159 160 161 162 163 164 165 166 167 168 169 170 171 172 173 174 175 176 177 178 179 180 181 182 183 184 185 186 187 188 189 190 191 192 193 194 195 196 197 | 424 963 964 965 966 967 968 969 970 971 972 973 974 975 976 977 978 979 980 981 982 983 984 985 986 987 988 989 990 991 992 993 994 995 996 997 998 999 | 962 934 935 936 937 938 939 940 941 942 943 944 945 946 947 948 949 950 951 952 953 954 955 956 957 958 959 960 961 | 284 425 426 427 428 429 430 431 432 433 434 435 436 437 438 439 440 441 442 443 444 445 446 447 448 449 450 451 452 453 454 455 456 457 458 459 460 461 462 463 464 465 466 467 468 469 470 471 472 473 474 475 476 477 478 479 480 481 482 483 484 485 486 487 488 489 490 491 492 493 494 495 496 497 498 499 500 501 502 503 504 505 506 507 508 509 510 511 512 513 514 515 516 517 518 519 520 521 522 523 524 525 526 527 528 529 530 531 532 533 534 535 536 537 538 539 540 541 542 543 544 545 546 547 548 549 550 551 552 553 554 555 556 557 558 559 560 561 562 563 564 565 566 567 568 569 570 | 767 56 57 58 59 60 61 62 63 64 | 648 649 650 651 652 653 654 655 656 657 658 659 660 661 662 663 664 665 666 667 668 669 670 671 672 673 674 675 676 677 678 679 680 681 682 683 684 685 686 687 688 689 690 691 692 693 694 695 696 697 698 699 700 701 702 703 704 705 706 707 708 709 710 711 712 713 714 715 716 717 718 719 720 721 722 723 724 725 726 727 728 729 730 731 732 733 734 735 736 737 738 739 740 741 742 743 744 745 | 297 298 299 300 301 302 303 304 305 306 307 308 309 310 311 312 313 314 315 316 317 318 319 320 321 322 323 324 325 326 327 328 329 330 | 331 332 333 334 335 336 337 338 339 340 341 342 343 344 345 346 347 348 349 350 351 352 353 354 355 356 357 358 359 360 361 362 363 364 365 366 367 368 369 370 371 372 373 374 375 376 377 378 379 380 381 382 383 384 385 386 387 | 7 8 9 10 11 12 13 14 15 16 17 18 19 20 21 22 23 24 25 26 27 28 29 30 31 32 33 34 35 36 37 38 39 40 41 42 43 44 45 46 47 48 49 50 51 52 53 54 | 763 764 765 766 | 823 824 825 826 827 828 829 830 831 832 833 834 835 836 837 838 839 840 841 842 843 844 845 846 847 848 849 850 851 852 853 854 855 856 857 858 859 860 861 862 863 864 865 866 | 818 819 820 821 822 | 65 1 2 3 4 5 6 | 388 389 390 391 392 393 394 395 396 397 398 399 400 401 402 403 404 405 406 407 408 409 410 411 412 413 414 415 416 417 418 419 420 421 422 423 | 867 868 869 870 871 872 873 874 875 876 877 878 879 880 881 882 883 884 885 886 887 888 889 890 891 892 893 894 895 896 897 898 899 900 901 902 903 904 905 906 907 908 909 910 911 912 913 914 915 916 | 571 572 573 574 575 576 577 578 579 580 581 582 583 584 585 586 587 588 589 590 591 592 593 594 595 596 597 598 599 600 601 602 603 604 605 606 607 608 609 610 611 612 613 614 615 616 617 618 619 620 621 622 623 624 625 626 627 628 629 630 631 632 633 634 635 636 637 638 639 640 641 642 643 644 645 646 647 | 198 199 200 201 202 203 204 205 206 207 208 209 210 211 212 213 214 215 216 217 218 219 220 221 222 223 224 225 226 227 228 229 230 231 232 233 234 235 236 237 238 239 240 241 242 243 244 245 246 247 248 249 250 251 252 253 254 | 746 747 748 749 750 751 752 753 754 755 756 757 758 759 760 761 762 |
>simulated_k51_l1000_96
 0 285 286 287 288 289 290 291 292 293 294 295 296 | 255 66 67 68 69 70 71 72 73 74 75 76 77 78 79 80 81 82 83 84 85 86 87 88 89 90 91 92 93 94 95 96 97 98 99 100 101 102 103 104 105 106 107 108 109 110 111 112 113 114 115 116 117 118 119 120 121 122 123 124 125 126 127 128 129 130 131 132 133 134 135 136 137 138 139 140 141 142 143 144 145 146 147 148 149 150 151 152 153 154 155 156 157 158 159 160 161 162 163 164 165 166 167 168 169 170 171 172 173 174 175 176 177 178 179 180 181 182 183 184 185 186 187 188 189 190 191 192 193 194 195 196 197 | 933 918 919 920 921 922 923 924 925 926 927 928 929 930 931 932 | 917 768 769 770 771 772 773 774 775 776 777 778 779 780 781 782 783 784 785 786 787 788 789 790 791 792 793 794 795 796 797 798 799 800 801 802 803 804 805 806 807 808 809 810 811 812 813 814 815 816 817 | 55 256 257 258 259 260 261 262 263 264 265 266 267 268 269 270 271 272 273 274 275 276 277 278 279 280 281 282 283 | 424 963 964 965 966 967 968 969 970 971 972 973 974 975 976 977 978 979 980 981 982 983 984 985 986 987 988 989 990 991 992 993 994 995 996 997 998 999 | 962 934 935 936 937 938 939 940 941 942 943 944 945 946 947 948 949 950 951 952 953 954 955 956 957 958 959 960 961 | 284 425 426 427 428 429 430 431 432 433 434 435 436 437 438 439 440 441 442 443 444 445 446 447 448 449 450 451 452 453 454 455 456 457 458 459 460 461 462 463 464 465 466 467 468 469 470 471 472 473 474 475 476 477 478 479 480 481 482 483 484 485 486 487 488 489 490 491 492 493 494 495 496 497 498 499 500 501 502 503 504 505 506 507 508 509 510 511 512 513 514 515 516 517 518 519 520 521 522 523 524 525 526 527 528 529 530 531 532 533 534 535 536 537 538 539 540 541 542 543 544 545 546 547 548 549 550 551 552 553 554 555 556 557 558 559 560 561 562 563 564 565 566 567 568 569 570 | 767 56 57 58 59 60 61 62 63 64 | 648 649 650 651 652 653 654 655 656 657 658 659 660 661 662 663 664 665 666 667 668 669 670 671 672 673 674 675 676 677 678 679 680 681 682 683 684 685 686 687 688 689 690 691 692 693 694 695 696 697 698 699 700 701 702 703 704 705 706 707 708 709 710 711 712 713 714 715 716 717 718 719 720 721 722 723 724 725 726 727 728 729 730 731 732 733 734 735 736 737 738 739 740 741 742 743 744 745 746 747 748 749 750 751 752 753 754 755 756 757 758 759 760 761 762 | 297 298 299 300 301 302 303 304 305 306 307 308 309 310 311 312 313 314 315 316 317 318 319 320 321 322 323 324 325 326 327 328 329 330 | 331 332 333 334 335 336 337 338 339 340 341 342 343 344 345 346 347 348 349 350 351 352 353 354 355 356 357 358 359 360 361 362 363 364 365 366 367 368 369 370 371 372 373 374 375 376 377 378 379 380 381 382 383 384 385 386 387 | 7 8 9 10 11 12 13 14 15 16 17 18 19 20 21 22 23 24 25 26 27 28 29 30 31 32 33 34 35 36 37 38 39 40 41 42 43 44 45 46 47 48 49 50 51 52 53 54 | 763 764 765 766 | 823 824 825 826 827 828 829 830 831 832 833 834 835 836 837 838 839 840 841 842 843 844 845 846 847 848 849 850 851 852 853 854 855 856 857 858 859 860 861 862 863 864 865 866 | 818 819 820 821 822 | 65 1 2 3 4 5 6 | 388 389 390 391 392 393 394 395 396 397 398 399 400 401 402 403 404 405 406 407 408 409 410 411 412 413 414 415 416 417 418 419 420 421 422 423 | 867 868 869 870 871 872 873 874 875 876 877 878 879 880 881 882 883 884 885 886 887 888 889 890 891 892 893 894 895 896 897 898 899 900 901 902 903 904 905 906 907 908 909 910 911 912 913 914 915 916 | 571 572 573 574 575 576 577 578 579 580 581 582 583 584 585 586 587 588 589 590 591 592 593 594 595 596 597 598 599 600 601 602 603 604 605 606 607 608 609 610 611 612 613 614 615 616 617 618 619 620 621 622 623 624 625 626 627 628 629 630 631 632 633 634 635 636 637 638 639 640 641 642 643 644 645 646 647 | 198 199 200 201 202 203 204 205 206 207 208 209 210 211 212 213 214 215 216 217 218 219 220 221 222 223 224 225 226 227 228 229 230 231 232 233 234 235 236 237 238 239 240 241 242 243 244 245 246 247 248 249 250 251 252 253 254 |
>simulated_k51_l1000_98
 0 375 376 377 378 379 380 381 382 383 384 385 386 387 388 389 390 391 392 393 394 395 396 397 398 399 400 401 402 403 404 405 406 407 408 409 410 411 412 413 414 415 416 417 418 419 420 421 422 423 424 425 426 427 428 429 430 431 432 433 434 435 436 437 | 672 851 852 853 854 855 856 857 858 859 860 861 862 863 864 865 866 867 868 869 870 871 872 873 874 875 876 877 878 879 880 881 882 883 884 885 886 887 888 889 890 891 892 893 894 895 896 897 898 899 900 901 902 903 904 905 906 907 908 909 910 911 912 913 914 915 916 917 918 919 920 921 922 923 924 925 926 927 928 929 930 931 932 933 934 935 936 937 938 939 940 | 850 319 320 321 322 323 324 325 | 485 486 487 488 489 490 491 492 493 494 495 496 497 498 499 500 501 502 503 504 505 506 507 508 509 510 511 512 513 514 515 516 517 518 519 520 521 522 523 524 525 526 527 528 529 530 531 532 533 534 535 536 537 538 539 540 541 542 543 544 545 546 547 548 549 550 551 552 553 554 555 556 557 558 559 560 561 562 563 564 565 566 567 568 569 570 571 572 573 574 575 576 577 578 579 580 581 582 | 994 995 996 997 998 999 | 251 252 253 254 255 256 257 258 259 260 261 262 263 264 265 266 267 268 269 270 271 272 273 274 275 276 277 278 279 280 281 282 283 284 285 286 287 288 289 290 291 292 293 294 295 296 297 298 299 300 301 302 303 304 305 306 307 308 309 310 311 312 313 314 315 316 317 | 318 673 674 675 676 677 678 679 680 681 682 683 684 685 686 687 688 689 690 691 692 693 694 695 696 697 698 699 700 701 702 703 704 705 706 707 708 709 710 711 712 713 714 715 716 717 718 719 720 721 722 723 724 725 726 727 728 729 730 731 732 733 734 735 736 737 738 739 740 741 742 743 744 745 746 747 748 749 750 751 752 753 754 755 756 757 758 759 760 761 762 763 764 765 766 767 768 769 770 771 772 773 774 775 776 777 778 779 780 781 782 783 784 785 786 787 788 789 790 791 792 793 794 795 796 797 798 799 800 801 802 803 804 805 806 807 808 809 810 811 812 813 814 815 816 817 818 819 820 821 822 823 824 825 826 827 828 829 830 831 832 833 834 835 836 837 838 839 840 841 842 843 844 845 846 847 848 849 | 64 65 66 67 68 69 70 71 72 73 74 75 76 77 78 79 80 | 438 439 440 441 442 443 444 445 446 447 448 449 450 451 452 453 454 455 456 457 458 459 460 461 462 463 464 465 466 467 468 469 470 471 472 473 474 475 476 477 478 479 480 481 482 483 484 | 81 82 83 84 85 86 87 88 89 90 91 92 93 94 95 96 97 98 99 100 101 102 103 104 105 106 107 108 109 110 111 112 113 114 115 116 117 118 119 120 121 122 123 124 125 126 127 128 129 130 131 132 133 134 135 136 137 138 139 140 141 142 143 144 145 146 147 148 149 150 151 152 153 154 155 156 157 158 159 160 161 162 163 164 165 166 167 168 169 170 171 172 173 174 175 176 177 178 179 180 181 182 183 184 185 186 187 188 189 190 191 192 193 194 195 196 197 198 199 200 201 202 203 204 205 206 207 208 209 210 211 212 213 214 215 216 217 218 219 220 221 222 223 224 225 226 227 228 229 230 231 232 233 234 235 236 237 238 239 240 241 242 243 244 245 246 247 248 249 250 | 941 942 943 944 945 946 947 948 949 950 951 952 953 954 955 956 957 958 959 960 961 962 963 964 965 966 967 968 969 970 971 972 973 974 975 976 977 978 979 980 981 982 983 984 985 986 987 988 989 990 991 992 993 | 374 1 2 3 4 5 6 7 8 9 10 11 12 13 14 15 16 17 18 19 20 21 22 23 24 25 26 27 28 29 30 31 32 33 34 35 | 326 327 328 329 330 331 332 333 334 335 336 337 338 339 340 341 342 343 344 345 346 347 348 349 350 351 352 353 354 355 356 357 358 359 360 361 362 363 364 365 366 367 368 369 370 371 372 373 | 583 584 585 586 587 588 589 590 591 592 593 594 595 596 597 598 599 600 601 602 603 604 605 606 607 608 609 610 611 612 613 614 615 616 617 618 619 620 621 622 623 624 625 626 627 628 629 630 631 632 633 634 635 636 637 638 639 640 641 642 643 644 645 646 647 648 649 650 651 652 653 654 655 656 657 658 659 660 661 662 663 664 665 666 667 668 669 670 671 | 36 37 38 39 40 41 42 43 44 45 46 47 48 49 50 51 52 53 54 55 56 57 58 59 60 61 62 63 |
>simulated_k51_l1000_99
 0 1 2 3 4 5 6 7 8 9 10 11 12 13 14 15 16 17 18 19 20 21 22 23 24 25 26 27 28 29 30 31 32 33 34 35 | 672 851 852 853 854 855 856 857 858 859 860 861 862 863 864 865 866 867 868 869 870 871 872 873 874 875 876 877 878 879 880 881 882 883 884 885 886 887 888 889 890 891 892 893 894 895 896 897 898 899 900 901 902 903 904 905 906 907 908 909 910 911 912 913 914 915 916 917 918 919 920 921 922 923 924 925 926 927 928 929 930 931 932 933 934 935 936 937 938 939 940 | 850 319 320 321 322 323 324 325 | 485 486 487 488 489 490 491 492 493 494 495 496 497 498 499 500 501 502 503 504 505 506 507 508 509 510 511 512 513 514 515 516 517 518 519 520 521 522 523 524 525 526 527 528 529 530 531 532 533 534 535 536 537 538 539 540 541 542 543 544 545 546 547 548 549 550 551 552 553 554 555 556 557 558 559 560 561 562 563 564 565 566 567 568 569 570 571 572 573 574 575 576 577 578 579 580 581 582 | 994 995 996 997 998 999 | 251 252 253 254 255 256 257 258 259 260 261 262 263 264 265 266 267 268 269 270 271 272 273 274 275 276 277 278 279 280 281 282 283 284 285 286 287 288 289 290 291 292 293 294 295 296 297 298 299 300 301 302 303 304 305 306 307 308 309 310 311 312 313 314 315 316 317 | 318 673 674 675 676 677 678 679 680 681 682 683 684 685 686 687 688 689 690 691 692 693 694 695 696 697 698 699 700 701 702 703 704 705 706 707 708 709 710 711 712 713 714 715 716 717 718 719 720 721 722 723 724 725 726 727 728 729 730 731 732 733 734 735 736 737 738 739 740 741 742 743 744 745 746 747 748 749 750 751 752 753 754 755 756 757 758 759 760 761 762 763 764 765 766 767 768 769 770 771 772 773 774 775 776 777 778 779 780 781 782 783 784 785 786 787 788 789 790 791 792 793 794 795 796 797 798 799 800 801 802 803 804 805 806 807 808 809 810 811 812 813 814 815 816 817 818 819 820 821 822 823 824 825 826 827 828 829 830 831 832 833 834 835 836 837 838 839 840 841 842 843 844 845 846 847 848 849 | 64 65 66 67 68 69 70 71 72 73 74 75 76 77 78 79 80 | 438 439 440 441 442 443 444 445 446 447 448 449 450 451 452 453 454 455 456 457 458 459 460 461 462 463 464 465 466 467 468 469 470 471 472 473 474 475 476 477 478 479 480 481 482 483 484 | 81 82 83 84 85 86 87 88 89 90 91 92 93 94 95 96 97 98 99 100 101 102 103 104 105 106 107 108 109 110 111 112 113 114 115 116 117 118 119 120 121 122 123 124 125 126 127 128 129 130 131 132 133 134 135 136 137 138 139 140 141 142 143 144 145 146 147 148 149 150 151 152 153 154 155 156 157 158 159 160 161 162 163 164 165 166 167 168 169 170 171 172 173 174 175 176 177 178 179 180 181 182 183 184 185 186 187 188 189 190 191 192 193 194 195 196 197 198 199 200 201 202 203 204 205 206 207 208 209 210 211 212 213 214 215 216 217 218 219 220 221 222 223 224 225 226 227 228 229 230 231 232 233 234 235 236 237 238 239 240 241 242 243 244 245 246 247 248 249 250 | 941 942 943 944 945 946 947 948 949 950 951 952 953 954 955 956 957 958 959 960 961 962 963 964 965 966 967 968 969 970 971 972 973 974 975 976 977 978 979 980 981 982 983 984 985 986 987 988 989 990 991 992 993 | 374 37 38 39 40 41 42 43 44 45 46 47 48 49 50 51 52 53 54 55 56 57 58 59 60 61 62 63 | 326 327 328 329 330 331 332 333 334 335 336 337 338 339 340 341 342 343 344 345 346 347 348 349 350 351 352 353 354 355 356 357 358 359 360 361 362 363 364 365 366 367 368 369 370 371 372 373 | 583 584 585 586 587 588 589 590 591 592 593 594 595 596 597 598 599 600 601 602 603 604 605 606 607 608 609 610 611 612 613 614 615 616 617 618 619 620 621 622 623 624 625 626 627 628 629 630 631 632 633 634 635 636 637 638 639 640 641 642 643 644 645 646 647 648 649 650 651 652 653 654 655 656 657 658 659 660 661 662 663 664 665 666 667 668 669 670 671 | 36 375 376 377 378 379 380 381 382 383 384 385 386 387 388 389 390 391 392 393 394 395 396 397 398 399 400 401 402 403 404 405 406 407 408 409 410 411 412 413 414 415 416 417 418 419 420 421 422 423 424 425 426 427 428 429 430 431 432 433 434 435 436 437 |
>simulated_k51_l1000_100
 0 1 2 3 4 5 6 7 8 9 10 11 12 13 14 15 16 17 18 19 20 21 22 23 24 25 26 27 28 29 30 31 32 33 34 35 | 672 851 852 853 854 855 856 857 858 859 860 861 862 863 864 865 866 867 868 869 870 871 872 873 874 875 876 877 878 879 880 881 882 883 884 885 886 887 888 889 890 891 892 893 894 895 896 897 898 899 900 901 902 903 904 905 906 907 908 909 910 911 912 913 914 915 916 917 918 919 920 921 922 923 924 925 926 927 928 929 930 931 932 933 934 935 936 937 938 939 940 | 850 319 320 321 322 323 324 325 | 485 486 487 488 489 490 491 492 493 494 495 496 497 498 499 500 501 502 503 504 505 506 507 508 509 510 511 512 513 514 515 516 517 518 519 520 521 522 523 524 525 526 527 528 529 530 531 532 533 534 535 536 537 538 539 540 541 542 543 544 545 546 547 548 549 550 551 552 553 554 555 556 557 558 559 560 561 562 563 564 565 566 567 568 569 570 571 572 573 574 575 576 577 578 579 580 581 582 | 994 995 996 997 998 999 | 251 252 253 254 255 256 257 258 259 260 261 262 263 264 265 266 267 268 269 270 271 272 273 274 275 276 277 278 279 280 281 282 283 284 285 286 287 288 289 290 291 292 293 294 295 296 297 298 299 300 301 302 303 304 305 306 307 308 309 310 311 312 313 314 315 316 317 | 318 673 674 675 676 677 678 679 680 681 682 683 684 685 686 687 688 689 690 691 692 693 694 695 696 697 698 699 700 701 702 703 704 705 706 707 708 709 710 711 712 713 714 715 716 717 718 719 720 721 722 723 724 725 726 727 728 729 730 731 732 733 734 735 736 737 738 739 740 741 742 743 744 745 746 747 748 749 750 751 752 753 754 755 756 757 758 759 760 761 762 763 764 765 766 767 768 769 770 771 772 773 774 775 776 777 778 779 780 781 782 783 784 785 786 787 788 789 790 791 792 793 794 795 796 797 798 799 800 801 802 803 804 805 806 807 808 809 810 811 812 813 814 815 816 817 818 819 820 821 822 823 824 825 826 827 828 829 830 831 832 833 834 835 836 837 838 839 840 841 842 843 844 845 846 847 848 849 | 64 65 66 67 68 69 70 71 72 73 74 75 76 77 78 79 80 | 438 439 440 441 442 443 444 445 446 447 448 449 450 451 452 453 454 455 456 457 458 459 460 461 462 463 464 465 466 467 468 469 470 471 472 473 474 475 476 477 478 479 480 481 482 483 484 | 81 82 83 84 85 86 87 88 89 90 91 92 93 94 95 96 97 98 99 100 101 102 103 104 105 106 107 108 109 110 111 112 113 114 115 116 117 118 119 120 121 122 123 124 125 126 127 128 129 130 131 132 133 134 135 136 137 138 139 140 141 142 143 144 145 146 147 148 149 150 151 152 153 154 155 156 157 158 159 160 161 162 163 164 165 166 167 168 169 170 171 172 173 174 175 176 177 178 179 180 181 182 183 184 185 186 187 188 189 190 191 192 193 194 195 196 197 198 199 200 201 202 203 204 205 206 207 208 209 210 211 212 213 214 215 216 217 218 219 | 941 942 943 944 945 946 947 948 949 950 951 952 953 954 955 956 957 958 959 960 961 962 963 964 965 966 967 968 969 970 971 972 973 974 975 976 977 978 979 980 981 982 983 984 985 986 987 988 989 990 991 992 993 | 374 375 376 377 378 379 380 381 382 383 384 385 386 387 388 389 390 391 392 393 394 395 396 397 398 399 400 401 402 403 404 405 406 407 408 409 410 411 412 413 414 415 416 417 418 419 420 421 422 423 424 425 426 427 428 429 430 431 432 433 434 435 436 437 | 326 327 328 329 330 331 332 333 334 335 336 337 338 339 340 341 342 343 344 345 346 347 348 349 350 351 352 353 354 355 356 357 358 359 360 361 362 363 364 365 366 367 368 369 370 371 372 373 | 583 584 585 586 587 588 589 590 591 592 593 594 595 596 597 598 599 600 601 602 603 604 605 606 607 608 609 610 611 612 613 614 615 616 617 618 619 620 621 622 623 624 625 626 627 628 629 630 631 632 633 634 635 636 637 638 639 640 641 642 643 644 645 646 647 648 649 650 651 652 653 654 655 656 657 658 659 660 661 662 663 664 665 666 667 668 669 670 671 | 36 37 38 39 40 41 42 43 44 45 46 47 48 49 50 51 52 53 54 55 56 57 58 59 60 61 62 63 | 220 221 222 223 224 225 226 227 228 229 230 231 232 233 234 235 236 237 238 239 240 241 242 243 244 245 246 247 248 249 250 |
>MST_1
 1 2 3 4 5 6 7 8 9 10 11 12 13 14 15 16 17 18 19 20 21 22 23 24 25 26 27 28 29 30 31 32 33 34 35 36 37 38 39 40 41 42 43 44 45 46 47 48 49 50 51 52 53 54 55 56 57 58 59 60 61 62 63 64 65 66 67 68 69 70 71 72 73 74 75 76 77 78 79 80 81 82 83 84 85 86 87 88 89 90 91 92 93 94 95 96 97 98 99 100 101 102 103 104 105 106 107 108 109 110 111 112 113 114 115 116 117 118 119 120 121 122 123 124 125 126 127 128 129 130 131 132 133 134 135 136 137 138 139 140 141 142 143 144 145 146 147 148 149 150 151 152 153 154 155 156 157 158 159 160 161 162 163 164 165 166 167 168 169 170 171 172 173 174 175 176 177 178 179 180 181 182 183 184 185 186 187 188 189 190 191 192 193 194 195 196 197 198 199 200 201 202 203 204 205 206 207 208 209 210 211 212 213 214 215 216 217 218 219 220 221 222 223 224 225 226 227 228 229 230 231 232 233 234 235 236 237 238 239 240 241 242 243 244 245 246 247 248 249 250 251 252 253 254 255 256 257 258 259 260 261 262 263 264 265 266 267 268 269 270 271 272 273 274 275 276 277 278 279 280 281 282 283 284 285 286 287 288 289 290 291 292 293 294 295 296 297 298 299 300 301 302 303 304 305 306 307 308 309 310 311 312 313 314 315 316 317 318 319 320 321 322 323 324 325 326 327 328 329 330 331 332 333 334 335 336 337 338 339 340 341 342 343 344 345 346 347 348 349 350 351 352 353 354 355 356 357 358 359 360 361 362 363 364 365 366 367 368 369 370 371 372 373 374 375 376 377 378 379 380 381 382 383 384 385 386 387 388 389 390 391 392 393 394 395 396 397 398 399 400 401 402 403 404 405 406 407 408 409 410 411 412 413 414 415 416 417 418 419 420 421 422 423 424 425 426 427 428 429 430 431 432 433 434 435 436 437 438 439 440 441 442 443 444 445 446 447 448 449 450 451 452 453 454 455 456 457 458 459 460 461 462 463 464 465 466 467 468 469 470 471 472 473 474 475 476 477 478 479 480 481 482 483 484 485 486 487 488 489 490 491 492 493 494 495 496 497 498 499 500 501 502 503 504 505 506 507 508 509 510 511 512 513 514 515 516 517 518 519 520 521 522 523 524 525 526 527 528 529 530 531 532 533 534 535 536 537 538 539 540 541 542 543 544 545 546 547 548 549 550 551 552 553 554 555 556 557 558 559 560 561 562 563 564 565 566 567 568 569 570 571 572 573 574 575 576 577 578 579 580 581 582 583 584 585 586 587 588 589 590 591 592 593 594 595 596 597 598 599 600 601 602 603 604 605 606 607 608 609 610 611 612 613 614 615 616 617 618 619 620 621 622 623 624 625 626 627 628 629 630 631 632 633 634 635 636 637 638 639 640 641 642 643 644 645 646 647 648 649 650 651 652 653 654 655 656 657 658 659 660 661 662 663 664 665 666 667 668 669 670 671 672 673 674 675 676 677 678 679 680 681 682 683 684 685 686 687 688 689 690 691 692 693 694 695 696 697 698 699 700 701 702 703 704 705 706 707 708 709 710 711 712 713 714 715 716 717 718 719 720 721 722 723 724 725 726 727 728 729 730 731 732 733 734 735 736 737 738 739 740 741 742 743 744 745 746 747 748 749 750 751 752 753 754 755 756 757 758 759 760 761 762 763 764 765 766 767 768 769 770 771 772 773 774 775 776 777 778 779 780 781 782 783 784 785 786 787 788 789 790 791 792 793 794 795 796 797 798 799 800 801 802 803 804 805 806 807 808 809 810 811 812 813 814 815 816 817 818 819 820 821 822 823 824 825 826 827 828 829 830 831 832 833 834 835 836 837 838 839 840 841 842 843 844 845 846 847 848 849 850 851 852 853 854 855 856 857 858 859 860 861 862 863 864 865 866 867 868 869 870 871 872 873 874 875 876 877 878 879 880 881 882 883 884 885 886 887 888 889 890 891 892 893 894 895 896 897 898 899 900 901 902 903 904 905 906 907 908 909 910 911 912 913 914 915 916 917 918 919 920 921 922 923 924 925 926 927 928 929 930 931 932 933 934 935 936 937 938 939 940 941 942 943 944 945 946 947 948 949 950 951 952 953 954 955 956 957 958 959 960 961 962 963 964 965 966 967 968 969 970 971 972 973 974 975 976 977 978 979 980 981 982 983 984 985 986 987 988 989 990 991 992 993 | 995 996 997 998 999 |
>MST_2
 0 425 426 427 428 429 430 431 432 433 434 435 436 437 438 439 440 441 442 443 444 445 446 447 448 449 450 451 452 453 454 455 456 457 458 459 460 461 462 463 464 465 466 467 468 469 470 471 472 473 474 475 476 477 478 479 480 481 482 483 484 485 486 487 488 489 490 491 492 493 494 495 496 497 498 499 500 501 502 503 504 505 506 507 508 509 510 511 512 513 514 515 516 517 518 519 520 521 522 523 524 525 526 527 528 529 530 531 532 533 534 535 536 537 538 539 540 541 542 543 544 545 546 547 548 549 550 551 552 553 554 555 556 557 558 559 560 561 562 563 564 565 566 567 568 569 570 571 572 573 574 575 576 577 578 579 580 581 582 583 584 585 586 587 588 589 590 591 592 593 594 595 596 597 598 599 600 601 602 603 604 605 606 607 608 609 610 611 612 613 614 615 616 617 618 619 620 621 622 623 624 625 626 627 628 629 630 631 632 633 634 635 636 637 638 639 640 641 642 643 644 645 646 647 648 649 650 651 652 653 654 655 656 657 658 659 660 661 662 663 664 665 666 667 668 669 670 671 672 673 674 675 676 677 678 679 680 681 682 683 684 685 686 687 688 689 690 691 692 693 694 695 696 697 698 699 700 701 702 703 704 705 706 707 708 709 710 711 712 713 714 715 716 717 718 719 720 721 722 723 724 725 726 727 728 729 730 731 732 733 734 735 736 737 738 739 740 741 742 743 744 745 746 747 748 749 750 751 752 753 754 755 756 757 758 759 760 761 762 763 764 765 766 767 768 769 770 771 772 773 774 775 776 777 778 779 780 781 782 783 784 785 786 787 788 789 790 791 792 793 794 795 796 797 798 799 800 801 802 803 804 805 806 807 808 809 810 811 812 813 814 815 816 817 818 819 820 821 822 823 824 825 826 827 828 829 830 831 832 833 834 835 836 837 838 839 840 841 842 843 844 845 846 847 848 849 850 851 852 853 854 855 856 857 858 859 860 861 862 863 864 865 866 867 868 869 870 871 872 873 874 875 876 877 878 879 880 881 882 883 884 885 886 887 888 889 890 891 892 893 894 895 896 897 898 899 900 901 902 903 904 905 906 907 908 909 910 911 912 913 914 915 916 917 918 919 920 921 922 923 924 925 926 927 928 929 930 931 932 933 934 935 936 937 938 939 940 941 942 943 944 945 946 947 948 949 950 951 952 953 954 955 956 957 958 959 960 961 962 963 964 965 966 967 968 969 970 971 972 973 974 975 976 977 978 979 980 981 982 983 984 985 986 987 988 989 990 991 992 993 | 8 9 10 11 12 | 133 134 | 14 15 16 17 18 19 | 225 226 227 228 229 230 231 232 233 234 235 236 237 | 74 75 | 350 351 352 353 | 291 292 | 265 266 267 268 269 270 271 272 273 | 298 299 | 390 391 392 393 394 395 396 397 398 399 400 | 332 333 | 88 89 90 91 92 93 94 95 96 97 98 | 61 62 63 | 127 128 129 130 131 | 220 221 222 223 224 | 253 254 | 313 314 315 316 317 | 194 195 196 197 | 43 44 45 46 47 48 49 50 | 346 347 348 | 319 320 321 | 168 169 170 171 172 173 174 | 412 413 414 415 416 417 | 385 386 | 294 295 296 | 82 83 84 | 175 176 177 178 179 180 181 182 183 184 185 186 187 188 189 190 191 192 193 | 359 360 | 57 58 | 149 150 151 152 153 | 241 242 243 244 245 246 | 31 32 33 34 35 | 248 249 250 | 418 419 420 421 422 423 | 407 408 409 410 | 4 5 6 | 37 38 39 40 41 | 155 156 | 103 104 105 106 107 108 109 110 111 112 113 114 115 116 117 118 119 120 121 122 123 124 | 136 137 138 139 140 141 142 143 144 145 146 147 148 | 51 52 53 54 | 354 355 356 357 358 | 361 362 363 364 365 366 367 368 | 335 336 | 217 218 219 | 301 302 303 304 305 306 | 275 276 277 278 279 280 281 282 283 | 198 199 200 201 202 203 204 205 206 207 208 209 210 211 212 213 214 215 | 157 158 159 160 161 162 163 164 | 309 310 311 | 375 376 377 378 | 995 996 997 998 999 | 256 257 258 259 260 261 262 263 | 289 290 | 79 80 | 322 323 324 325 | 20 21 22 23 24 25 26 | 329 330 | 27 28 29 | 238 239 240 | 337 338 339 340 341 342 343 | 369 370 371 372 | 402 403 404 405 406 | 344 345 | 59 60 | 285 286 287 | 125 126 | 66 67 68 69 70 71 72 73 | 30 1 2 3 | 252 401 |
>MST_3
 999 998 997 996 995 994 993 992 991 990 989 | 8 9 10 11 12 | 74 75 | 298 299 | 332 333 | 319 320 321 322 323 324 325 | 385 386 387 | 82 83 84 | 57 58 59 60 61 62 63 | 136 137 138 139 140 141 142 143 144 145 146 147 148 149 150 151 152 153 | 51 52 53 54 | 361 362 363 364 365 366 367 368 369 370 371 372 | 198 199 200 201 202 203 204 205 206 207 208 209 210 211 212 213 214 215 | 375 376 377 378 379 380 381 382 383 384 | 256 257 258 259 260 261 262 263 | 289 290 291 292 293 294 295 296 | 79 80 | 337 338 339 340 341 342 343 344 345 346 347 348 | 285 286 287 | 125 126 127 128 129 130 131 | 66 67 68 69 70 71 72 73 | 838 839 | 468 469 470 | 912 913 914 915 | 627 628 | 568 569 570 | 660 661 | 819 820 821 822 | 852 853 854 855 856 857 858 859 860 861 862 863 864 865 866 | 734 735 736 | 583 584 | 87 88 89 90 91 92 93 94 95 96 97 98 99 100 | 708 709 710 | 682 683 684 685 686 687 688 689 690 691 692 693 694 695 696 697 698 699 700 701 702 703 704 705 706 707 | 36 37 38 39 40 41 | 977 978 979 980 981 | 899 900 901 902 903 904 905 906 907 908 909 910 | 312 313 314 315 316 317 | 102 103 104 105 106 107 108 109 110 111 112 113 114 115 116 117 118 119 120 121 122 123 124 | 556 557 558 559 | 76 77 78 | 563 564 | 504 505 506 507 508 509 510 | 663 664 665 666 667 | 577 578 579 580 581 | 813 814 815 | 644 645 646 647 | 167 168 169 170 171 172 173 174 175 176 177 178 179 180 181 182 183 184 185 186 187 188 189 190 191 192 193 194 195 196 197 | 728 729 730 | 939 940 | 669 670 671 | 880 881 | 761 762 | 274 275 276 277 278 279 280 281 282 283 | 920 921 922 923 924 | 953 954 | 432 433 434 435 436 437 | 524 525 526 527 528 529 530 531 532 533 534 535 536 537 538 539 540 541 542 543 544 545 546 547 548 549 550 551 | 827 828 829 830 831 832 833 834 835 | 650 651 652 | 926 927 928 929 930 931 932 | 624 625 626 | 842 843 844 845 846 847 848 849 | 85 86 | 816 817 | 472 473 | 656 657 658 | 597 598 599 600 601 602 603 604 | 630 631 | 571 572 573 574 575 | 605 606 607 608 609 610 | 486 487 | 427 428 429 430 431 | 519 520 521 | 552 553 554 | 612 613 614 615 616 617 618 619 620 621 622 623 | 823 824 825 | 796 797 | 948 949 950 951 952 | 711 712 713 714 715 716 717 718 719 720 721 722 723 | 744 745 | 955 956 | 308 309 310 311 | 677 678 679 680 681 | 769 770 771 772 773 774 | 500 501 502 503 | 560 561 562 | 441 442 443 444 445 446 | 593 594 595 596 | 474 475 476 477 478 479 | 777 778 779 780 781 782 783 784 785 786 787 788 789 790 | 264 265 266 267 268 269 270 271 272 273 | 632 633 634 635 636 637 638 | 482 483 484 | 725 726 727 | 515 516 517 | 759 760 | 942 943 944 | 791 792 793 794 | 883 884 885 886 887 888 889 | 447 448 449 450 451 452 453 454 | 673 674 675 676 | 388 389 390 391 392 393 394 395 396 397 398 399 400 401 402 403 404 405 406 407 408 409 410 411 412 413 414 415 416 417 418 419 420 421 422 423 | 799 800 801 802 803 804 805 806 807 808 809 810 811 812 | 983 984 985 986 987 988 | 455 456 457 458 459 460 461 462 463 464 465 466 467 | 488 489 490 491 492 493 494 495 496 497 498 499 | 731 732 733 | 957 958 959 | 764 765 766 | 252 253 254 | 738 739 740 741 742 743 | 587 588 589 590 591 | 890 891 892 893 894 895 896 897 898 | 653 654 | 746 747 748 749 750 751 752 753 754 755 756 757 758 | 611 851 | 13 329 330 | 328 14 15 16 17 18 19 20 21 22 23 24 25 26 27 28 29 30 31 32 33 34 35 | 424 217 218 219 220 221 222 223 224 225 226 227 228 229 230 231 232 233 234 235 236 237 238 239 240 241 242 243 244 245 246 | 911 350 351 352 353 354 355 356 357 358 359 360 | 882 43 44 45 46 47 48 49 50 | 154 439 | 438 155 156 157 158 159 160 161 162 163 164 165 166 | 55 870 871 872 873 874 875 876 | 629 133 134 | 933 248 249 250 | 837 301 302 303 304 305 306 307 | 42 934 935 936 937 938 | 0 335 336 | 565 963 964 965 966 967 968 969 970 971 972 973 974 975 | 655 1 2 3 4 5 6 | 440 918 919 |
>MST_4
 8 9 10 11 12 | 74 75 | 298 299 | 332 333 | 319 320 321 322 323 324 325 | 385 386 387 | 82 83 84 85 86 87 88 89 90 91 92 93 94 95 96 97 98 99 100 | 57 58 59 60 61 62 63 | 136 137 138 139 140 141 142 143 144 145 146 147 148 149 150 151 152 153 | 375 376 377 378 379 380 381 382 383 384 | 256 257 258 259 260 261 262 263 | 79 80 | 1 2 3 4 5 6 | 337 338 339 340 341 342 343 344 345 346 347 348 | 285 286 287 | 125 126 127 128 129 130 131 | 838 839 840 841 | 963 964 965 966 967 968 969 970 971 972 973 974 975 976 977 978 979 980 981 | 468 469 470 | 912 913 914 915 916 | 583 584 | 918 919 920 921 922 923 924 | 708 709 710 711 712 713 714 715 716 717 718 719 720 721 722 723 724 725 726 727 728 729 730 731 732 733 734 735 736 | 36 37 38 39 40 41 | 899 900 901 902 903 904 905 906 907 908 909 910 | 312 313 314 315 316 317 | 556 557 558 559 560 561 562 | 76 77 78 | 563 564 565 566 | 813 814 815 | 167 168 169 170 171 172 173 174 175 176 177 178 179 180 181 182 183 184 185 186 187 188 189 190 191 192 193 194 195 196 197 198 199 200 201 202 203 204 205 206 207 208 209 210 211 212 213 214 215 | 939 940 | 274 275 276 277 278 279 280 281 282 283 | 953 954 | 432 433 434 435 436 437 | 524 525 526 527 528 529 530 531 532 533 534 535 536 537 538 539 540 541 542 543 544 545 546 547 548 549 550 551 | 842 843 844 845 846 847 848 849 | 816 817 | 571 572 573 574 575 | 605 606 607 608 609 610 | 486 487 | 552 553 554 | 612 613 614 615 616 617 618 619 620 621 622 623 624 625 626 627 628 | 823 824 825 826 827 828 829 830 831 832 833 834 835 836 | 744 745 746 747 748 749 750 751 752 753 754 755 756 757 758 759 760 761 762 | 955 956 | 870 871 872 873 874 875 876 | 500 501 502 503 504 505 506 507 508 509 510 511 512 | 474 475 476 477 478 479 | 264 265 266 267 268 269 270 271 272 273 | 632 633 634 635 636 637 638 | 515 516 517 518 519 520 521 522 | 388 389 390 391 392 393 394 395 396 397 398 399 400 401 402 403 404 405 406 407 408 409 410 411 412 413 414 415 416 417 418 419 420 421 422 423 | 799 800 801 802 803 804 805 806 807 808 809 810 811 812 | 488 489 490 491 492 493 494 495 496 497 498 499 | 957 958 959 960 | 252 253 254 | 132 133 134 | 649 650 651 652 653 654 655 656 657 658 659 660 661 662 663 664 665 666 667 668 669 670 671 | 101 102 103 104 105 106 107 108 109 110 111 112 113 114 115 116 117 118 119 120 121 122 123 124 | 925 926 927 928 929 930 931 932 | 471 472 473 | 326 327 | 300 301 302 303 304 305 306 307 308 309 310 311 | 576 577 578 579 580 581 | 768 769 770 771 772 773 774 | 247 248 249 250 | 867 868 | 763 764 765 766 | 947 948 949 950 951 952 | 737 738 739 740 741 742 743 | 65 66 67 68 69 70 71 72 73 | 567 568 569 570 | 877 878 879 880 881 | 818 819 820 821 822 | 639 640 641 | 982 983 984 985 986 987 988 989 990 991 992 993 | 481 482 483 484 | 318 673 674 675 676 677 678 679 680 681 682 683 684 685 686 687 688 689 690 691 692 693 694 695 696 697 698 699 700 701 702 703 704 705 706 707 | 255 289 290 291 292 293 294 295 296 | 611 851 852 853 854 855 856 857 858 859 860 861 862 863 864 865 866 | 941 995 996 997 998 999 | 994 942 943 944 945 946 | 13 329 330 | 328 14 15 16 17 18 19 20 21 22 23 24 25 26 27 28 29 30 31 32 33 34 35 | 424 217 218 219 220 221 222 223 224 225 226 227 228 229 230 231 232 233 234 235 236 237 238 239 240 241 242 243 244 245 246 | 284 796 797 | 911 350 351 352 353 354 355 356 357 358 359 360 361 362 363 364 365 366 367 368 369 370 371 372 373 | 882 43 44 45 46 47 48 49 50 51 52 53 54 | 55 883 884 885 886 887 888 889 890 891 892 893 894 895 896 897 898 | 154 439 440 441 442 443 444 445 446 447 448 449 450 451 452 453 454 455 456 457 458 459 460 461 462 463 464 465 466 467 | 438 155 156 157 158 159 160 161 162 163 164 165 166 | 426 777 778 779 780 781 782 783 784 785 786 787 788 789 790 791 792 793 794 | 776 427 428 429 430 431 | 42 934 935 936 937 938 | 585 643 644 645 646 647 | 642 586 587 588 589 590 591 592 593 594 595 596 597 598 599 600 601 602 603 604 | 0 335 336 | 56 962 630 631 |
>MST_5
 74 75 76 77 78 79 80 | 298 299 300 301 302 303 304 305 306 307 308 309 310 311 312 313 314 315 316 317 | 332 333 | 319 320 321 322 323 324 325 | 82 83 84 85 86 87 88 89 90 91 92 93 94 95 96 97 98 99 100 | 136 137 138 139 140 141 142 143 144 145 146 147 148 149 150 151 152 153 154 155 156 157 158 159 160 161 162 163 164 165 166 | 256 257 258 259 260 261 262 263 264 265 266 267 268 269 270 271 272 273 | 1 2 3 4 5 6 | 285 286 287 | 963 964 965 966 967 968 969 970 971 972 973 974 975 976 977 978 979 980 981 982 983 984 985 986 987 988 989 990 991 992 993 | 912 913 914 915 916 | 583 584 | 918 919 920 921 922 923 924 | 36 37 38 39 40 41 42 43 44 45 46 47 48 49 50 51 52 53 54 | 813 814 815 | 167 168 169 170 171 172 173 174 175 176 177 178 179 180 181 182 183 184 185 186 187 188 189 190 191 192 193 194 195 196 197 198 199 200 201 202 203 204 205 206 207 208 209 210 211 212 213 214 215 | 274 275 276 277 278 279 280 281 282 283 | 953 954 | 524 525 526 527 528 529 530 531 532 533 534 535 536 537 538 539 540 541 542 543 544 545 546 547 548 549 550 551 | 842 843 844 845 846 847 848 849 | 934 935 936 937 938 939 940 | 816 817 | 552 553 554 555 556 557 558 559 560 561 562 563 564 565 566 424 217 218 219 220 221 222 223 224 225 226 227 228 229 230 231 232 233 234 235 236 237 238 239 240 241 242 243 244 245 246 247 248 249 250 | 823 824 825 826 827 828 829 830 831 832 833 834 835 836 | 955 956 957 958 959 960 961 | 474 475 476 477 478 479 | 632 633 634 635 636 637 638 639 640 641 642 643 644 645 646 647 | 515 516 517 518 519 520 521 522 | 799 800 801 802 803 804 805 806 807 808 809 810 811 812 | 252 253 254 | 649 650 651 652 653 654 655 656 657 658 659 660 661 662 663 664 665 666 667 668 669 670 671 | 101 102 103 104 105 106 107 108 109 110 111 112 113 114 115 116 117 118 119 120 121 122 123 124 125 126 127 128 129 130 131 132 133 134 | 925 926 927 928 929 930 931 932 | 326 327 251 | 576 577 578 579 580 581 | 768 769 770 771 772 773 774 | 867 868 | 439 440 441 442 443 444 445 446 447 448 449 450 451 452 453 454 455 456 457 458 459 460 461 462 463 464 465 466 467 468 469 470 471 472 473 | 763 764 765 766 | 65 66 67 68 69 70 71 72 73 | 567 568 569 570 571 572 573 574 575 | 877 878 879 880 881 | 818 819 820 821 822 | 481 482 483 484 | 426 427 428 429 430 431 432 433 434 435 436 437 | 374 375 376 377 378 379 380 381 382 383 384 385 386 387 388 389 390 391 392 393 394 395 396 397 398 399 400 401 402 403 404 405 406 407 408 409 410 411 412 413 414 415 416 417 418 419 420 421 422 423 | 775 776 777 778 779 780 781 782 783 784 785 786 787 788 789 790 791 792 793 794 | 334 335 336 337 338 339 340 341 342 343 344 345 346 347 348 | 585 586 587 588 589 590 591 592 593 594 595 596 597 598 599 600 601 602 603 604 605 606 607 608 609 610 | 349 350 351 352 353 354 355 356 357 358 359 360 361 362 363 364 365 366 367 368 369 370 371 372 373 | 869 870 871 872 873 874 875 876 | 485 486 487 488 489 490 491 492 493 494 495 496 497 498 499 500 501 502 503 504 505 506 507 508 509 510 511 512 513 | 318 673 674 675 676 677 678 679 680 681 682 683 684 685 686 687 688 689 690 691 692 693 694 695 696 697 698 699 700 701 702 703 704 705 706 707 708 709 710 711 712 713 714 715 716 717 718 719 720 721 722 723 724 725 726 727 728 729 730 731 732 733 734 735 736 737 738 739 740 741 742 743 744 745 746 747 748 749 750 751 752 753 754 755 756 757 758 759 760 761 762 | 917 56 57 58 59 60 61 62 63 | 255 289 290 291 292 293 294 295 296 | 611 851 852 853 854 855 856 857 858 859 860 861 862 863 864 865 866 | 941 995 996 997 998 999 | 994 942 943 944 945 946 947 948 949 950 951 952 | 0 612 613 614 615 616 617 618 619 620 621 622 623 624 625 626 627 628 | 13 329 330 | 328 14 15 16 17 18 19 20 21 22 23 24 25 26 27 28 29 30 31 32 33 34 35 | 284 796 797 | 962 630 631 | 55 883 884 885 886 887 888 889 890 891 892 893 894 895 896 897 898 899 900 901 902 903 904 905 906 907 908 909 910 | 795 8 9 10 11 12 | 438 838 839 840 841 |
>MST_6
 14 15 16 17 18 19 20 21 22 23 24 25 26 27 28 29 30 31 32 33 34 35 | 332 333 | 1 2 3 4 5 6 | 285 286 287 | 963 964 965 966 967 968 969 970 971 972 973 974 975 976 977 978 979 980 981 982 983 984 985 986 987 988 989 990 991 992 993 | 912 913 914 915 916 | 583 584 585 586 587 588 589 590 591 592 593 594 595 596 597 598 599 600 601 602 603 604 605 606 607 608 609 610 | 918 919 920 921 922 923 924 | 36 37 38 39 40 41 42 43 44 45 46 47 48 49 50 51 52 53 54 | 813 814 815 | 167 168 169 170 171 172 173 174 175 176 177 178 179 180 181 182 183 184 185 186 187 188 189 190 191 192 193 194 195 196 197 198 199 200 201 202 203 204 205 206 207 208 209 210 211 212 213 214 215 | 842 843 844 845 846 847 848 849 | 934 935 936 937 938 939 940 | 816 817 | 552 553 554 555 556 557 558 559 560 561 562 563 564 565 566 567 568 569 570 571 572 573 574 575 | 823 824 825 826 827 828 829 830 831 832 833 834 835 836 837 838 839 840 841 297 | 252 253 254 | 649 650 651 652 653 654 655 656 657 658 659 660 661 662 663 664 665 666 667 668 669 670 671 | 101 102 103 104 105 106 107 108 109 110 111 112 113 114 115 116 117 118 119 120 121 122 123 124 125 126 127 128 129 130 131 132 133 134 | 925 926 927 928 929 930 931 932 | 326 327 328 329 330 | 576 577 578 579 580 581 582 | 768 769 770 771 772 773 774 775 776 777 778 779 780 781 782 783 784 785 786 787 788 789 790 791 792 793 794 795 796 797 | 439 440 441 442 443 444 445 446 447 448 449 450 451 452 453 454 455 456 457 458 459 460 461 462 463 464 465 466 467 468 469 470 471 472 473 474 475 476 477 478 479 480 | 763 764 765 766 | 818 819 820 821 822 | 481 482 483 484 | 374 375 376 377 378 379 380 381 382 383 384 385 386 387 388 389 390 391 392 393 394 395 396 397 398 399 400 401 402 403 404 405 406 407 408 409 410 411 412 413 414 415 416 417 418 419 420 421 422 423 | 334 335 336 337 338 339 340 341 342 343 344 345 346 347 348 | 349 350 351 352 353 354 355 356 357 358 359 360 361 362 363 364 365 366 367 368 369 370 371 372 373 | 869 870 871 872 873 874 875 876 877 878 879 880 881 882 883 884 885 886 887 888 889 890 891 892 893 894 895 896 897 898 899 900 901 902 903 904 905 906 907 908 909 910 | 485 486 487 488 489 490 491 492 493 494 495 496 497 498 499 500 501 502 503 504 505 506 507 508 509 510 511 512 513 514 515 516 517 518 519 520 521 522 | 523 524 525 526 527 528 529 530 531 532 533 534 535 536 537 538 539 540 541 542 543 544 545 546 547 548 549 550 551 | 629 630 631 632 633 634 635 636 637 638 639 640 641 642 643 644 645 646 647 | 64 65 66 67 68 69 70 71 72 73 74 75 76 77 78 79 80 | 425 426 427 428 429 430 431 432 433 434 435 436 437 | 216 217 218 219 220 221 222 223 224 225 226 227 228 229 230 231 232 233 234 235 236 237 238 239 240 241 242 243 244 245 246 247 248 249 250 | 798 799 800 801 802 803 804 805 806 807 808 809 810 811 812 | 7 8 9 10 11 12 13 | 318 673 674 675 676 677 678 679 680 681 682 683 684 685 686 687 688 689 690 691 692 693 694 695 696 697 698 699 700 701 702 703 704 705 706 707 708 709 710 711 712 713 714 715 716 717 718 719 720 721 722 723 724 725 726 727 728 729 730 731 732 733 734 735 736 737 738 739 740 741 742 743 744 745 746 747 748 749 750 751 752 753 754 755 756 757 758 759 760 761 762 | 767 56 57 58 59 60 61 62 63 | 288 256 257 258 259 260 261 262 263 264 265 266 267 268 269 270 271 272 273 274 275 276 277 278 279 280 281 282 283 | 255 289 290 291 292 293 294 295 296 | 962 298 299 300 301 302 303 304 305 306 307 308 309 310 311 312 313 314 315 316 317 | 611 851 852 853 854 855 856 857 858 859 860 861 862 863 864 865 866 867 868 | 941 995 996 997 998 999 | 994 942 943 944 945 946 947 948 949 950 951 952 953 954 955 956 957 958 959 960 961 | 0 612 613 614 615 616 617 618 619 620 621 622 623 624 625 626 627 628 | 424 136 137 138 139 140 141 142 143 144 145 146 147 148 149 150 151 152 153 154 155 156 157 158 159 160 161 162 163 164 165 166 | 672 319 320 321 322 323 324 325 | 850 82 83 84 85 86 87 88 89 90 91 92 93 94 95 96 97 98 99 100 |
>MST_7
 14 15 16 17 18 19 20 21 22 23 24 25 26 27 28 29 30 31 32 33 34 35 | 332 333 | 1 2 3 4 5 6 | 963 964 965 966 967 968 969 970 971 972 973 974 975 976 977 978 979 980 981 982 983 984 985 986 987 988 989 990 991 992 993 | 912 913 914 915 916 | 583 584 585 586 587 588 589 590 591 592 593 594 595 596 597 598 599 600 601 602 603 604 605 606 607 608 609 610 | 918 919 920 921 922 923 924 | 36 37 38 39 40 41 42 43 44 45 46 47 48 49 50 51 52 53 54 | 813 814 815 | 167 168 169 170 171 172 173 174 175 176 177 178 179 180 181 182 183 184 185 186 187 188 189 190 191 192 193 194 195 196 197 198 199 200 201 202 203 204 205 206 207 208 209 210 211 212 213 214 215 | 934 935 936 937 938 939 940 | 816 817 | 823 824 825 826 827 828 829 830 831 832 833 834 835 836 837 838 839 840 841 842 843 844 845 846 847 848 849 | 252 253 254 | 649 650 651 652 653 654 655 656 657 658 659 660 661 662 663 664 665 666 667 668 669 670 671 | 925 926 927 928 929 930 931 932 | 326 327 328 329 330 | 768 769 770 771 772 773 774 775 776 777 778 779 780 781 782 783 784 785 786 787 788 789 790 791 792 793 794 795 796 797 | 439 440 441 442 443 444 445 446 447 448 449 450 451 452 453 454 455 456 457 458 459 460 461 462 463 464 465 466 467 468 469 470 471 472 473 474 475 476 477 478 479 480 481 482 483 484 | 763 764 765 766 | 818 819 820 821 822 | 374 375 376 377 378 379 380 381 382 383 384 385 386 387 388 389 390 391 392 393 394 395 396 397 398 399 400 401 402 403 404 405 406 407 408 409 410 411 412 413 414 415 416 417 418 419 420 421 422 423 | 334 335 336 337 338 339 340 341 342 343 344 345 346 347 348 349 350 351 352 353 354 355 356 357 358 359 360 361 362 363 364 365 366 367 368 369 370 371 372 373 | 485 486 487 488 489 490 491 492 493 494 495 496 497 498 499 500 501 502 503 504 505 506 507 508 509 510 511 512 513 514 515 516 517 518 519 520 521 522 523 524 525 526 527 528 529 530 531 532 533 534 535 536 537 538 539 540 541 542 543 544 545 546 547 548 549 550 551 552 553 554 555 556 557 558 559 560 561 562 563 564 565 566 567 568 569 570 571 572 573 574 575 576 577 578 579 580 581 582 | 64 65 66 67 68 69 70 71 72 73 74 75 76 77 78 79 80 | 216 217 218 219 220 221 222 223 224 225 226 227 228 229 230 231 232 233 234 235 236 237 238 239 240 241 242 243 244 245 246 247 248 249 250 | 798 799 800 801 802 803 804 805 806 807 808 809 810 811 812 | 7 8 9 10 11 12 13 | 81 82 83 84 85 86 87 88 89 90 91 92 93 94 95 96 97 98 99 100 101 102 103 104 105 106 107 108 109 110 111 112 113 114 115 116 117 118 119 120 121 122 123 124 125 126 127 128 129 130 131 132 133 134 | 318 673 674 675 676 677 678 679 680 681 682 683 684 685 686 687 688 689 690 691 692 693 694 695 696 697 698 699 700 701 702 703 704 705 706 707 708 709 710 711 712 713 714 715 716 717 718 719 720 721 722 723 724 725 726 727 728 729 730 731 732 733 734 735 736 737 738 739 740 741 742 743 744 745 746 747 748 749 750 751 752 753 754 755 756 757 758 759 760 761 762 | 767 56 57 58 59 60 61 62 63 | 284 425 426 427 428 429 430 431 432 433 434 435 436 437 | 288 256 257 258 259 260 261 262 263 264 265 266 267 268 269 270 271 272 273 274 275 276 277 278 279 280 281 282 283 | 255 289 290 291 292 293 294 295 296 | 962 298 299 300 301 302 303 304 305 306 307 308 309 310 311 312 313 314 315 316 317 | 933 136 137 138 139 140 141 142 143 144 145 146 147 148 149 150 151 152 153 154 155 156 157 158 159 160 161 162 163 164 165 166 | 611 851 852 853 854 855 856 857 858 859 860 861 862 863 864 865 866 867 868 869 870 871 872 873 874 875 876 877 878 879 880 881 882 883 884 885 886 887 888 889 890 891 892 893 894 895 896 897 898 899 900 901 902 903 904 905 906 907 908 909 910 | 941 995 996 997 998 999 | 994 942 943 944 945 946 947 948 949 950 951 952 953 954 955 956 957 958 959 960 961 | 438 319 320 321 322 323 324 325 | 0 612 613 614 615 616 617 618 619 620 621 622 623 624 625 626 627 628 629 630 631 632 633 634 635 636 637 638 639 640 641 642 643 644 645 646 647 | 917 285 286 287 |
>MST_8
 14 15 16 17 18 19 20 21 22 23 24 25 26 27 28 29 30 31 32 33 34 35 | 1 2 3 4 5 6 | 963 964 965 966 967 968 969 970 971 972 973 974 975 976 977 978 979 980 981 982 983 984 985 986 987 988 989 990 991 992 993 | 912 913 914 915 916 | 583 584 585 586 587 588 589 590 591 592 593 594 595 596 597 598 599 600 601 602 603 604 605 606 607 608 609 610 611 612 613 614 615 616 617 618 619 620 621 622 623 624 625 626 627 628 629 630 631 632 633 634 635 636 637 638 639 640 641 642 643 644 645 646 647 | 36 37 38 39 40 41 42 43 44 45 46 47 48 49 50 51 52 53 54 | 813 814 815 816 817 | 167 168 169 170 171 172 173 174 175 176 177 178 179 180 181 182 183 184 185 186 187 188 189 190 191 192 193 194 195 196 197 198 199 200 201 202 203 204 205 206 207 208 209 210 211 212 213 214 215 | 934 935 936 937 938 939 940 | 823 824 825 826 827 828 829 830 831 832 833 834 835 836 837 838 839 840 841 842 843 844 845 846 847 848 849 | 252 253 254 | 649 650 651 652 653 654 655 656 657 658 659 660 661 662 663 664 665 666 667 668 669 670 671 | 326 327 328 329 330 | 439 440 441 442 443 444 445 446 447 448 449 450 451 452 453 454 455 456 457 458 459 460 461 462 463 464 465 466 467 468 469 470 471 472 473 474 475 476 477 478 479 480 481 482 483 484 | 763 764 765 766 | 818 819 820 821 822 | 851 852 853 854 855 856 857 858 859 860 861 862 863 864 865 866 867 868 869 870 871 872 873 874 875 876 877 878 879 880 881 882 883 884 885 886 887 888 889 890 891 892 893 894 895 896 897 898 899 900 901 902 903 904 905 906 907 908 909 910 | 374 375 376 377 378 379 380 381 382 383 384 385 386 387 388 389 390 391 392 393 394 395 396 397 398 399 400 401 402 403 404 405 406 407 408 409 410 411 412 413 414 415 416 417 418 419 420 421 422 423 | 334 335 336 337 338 339 340 341 342 343 344 345 346 347 348 349 350 351 352 353 354 355 356 357 358 359 360 361 362 363 364 365 366 367 368 369 370 371 372 373 | 485 486 487 488 489 490 491 492 493 494 495 496 497 498 499 500 501 502 503 504 505 506 507 508 509 510 511 512 513 514 515 516 517 518 519 520 521 522 523 524 525 526 527 528 529 530 531 532 533 534 535 536 537 538 539 540 541 542 543 544 545 546 547 548 549 550 551 552 553 554 555 556 557 558 559 560 561 562 563 564 565 566 567 568 569 570 571 572 573 574 575 576 577 578 579 580 581 582 | 64 65 66 67 68 69 70 71 72 73 74 75 76 77 78 79 80 | 216 217 218 219 220 221 222 223 224 225 226 227 228 229 230 231 232 233 234 235 236 237 238 239 240 241 242 243 244 245 246 247 248 249 250 | 798 799 800 801 802 803 804 805 806 807 808 809 810 811 812 | 7 8 9 10 11 12 13 | 81 82 83 84 85 86 87 88 89 90 91 92 93 94 95 96 97 98 99 100 101 102 103 104 105 106 107 108 109 110 111 112 113 114 115 116 117 118 119 120 121 122 123 124 125 126 127 128 129 130 131 132 133 134 | 941 942 943 944 945 946 947 948 949 950 951 952 953 954 955 956 957 958 959 960 961 | 318 673 674 675 676 677 678 679 680 681 682 683 684 685 686 687 688 689 690 691 692 693 694 695 696 697 698 699 700 701 702 703 704 705 706 707 708 709 710 711 712 713 714 715 716 717 718 719 720 721 722 723 724 725 726 727 728 729 730 731 732 733 734 735 736 737 738 739 740 741 742 743 744 745 746 747 748 749 750 751 752 753 754 755 756 757 758 759 760 761 762 | 767 56 57 58 59 60 61 62 63 | 284 425 426 427 428 429 430 431 432 433 434 435 436 437 | 288 256 257 258 259 260 261 262 263 264 265 266 267 268 269 270 271 272 273 274 275 276 277 278 279 280 281 282 283 | 255 289 290 291 292 293 294 295 296 | 962 298 299 300 301 302 303 304 305 306 307 308 309 310 311 312 313 314 315 316 317 | 135 918 919 920 921 922 923 924 925 926 927 928 929 930 931 932 | 933 136 137 138 139 140 141 142 143 144 145 146 147 148 149 150 151 152 153 154 155 156 157 158 159 160 161 162 163 164 165 166 | 438 319 320 321 322 323 324 325 | 297 332 333 | 917 285 286 287 | 0 768 769 770 771 772 773 774 775 776 777 778 779 780 781 782 783 784 785 786 787 788 789 790 791 792 793 794 795 796 797 | 850 995 996 997 998 999 |
>MST_9
 14 15 16 17 18 19 20 21 22 23 24 25 26 27 28 29 30 31 32 33 34 35 36 37 38 39 40 41 42 43 44 45 46 47 48 49 50 51 52 53 54 | 1 2 3 4 5 6 | 963 964 965 966 967 968 969 970 971 972 973 974 975 976 977 978 979 980 981 982 983 984 985 986 987 988 989 990 991 992 993 | 912 913 914 915 916 | 583 584 585 586 587 588 589 590 591 592 593 594 595 596 597 598 599 600 601 602 603 604 605 606 607 608 609 610 611 612 613 614 615 616 617 618 619 620 621 622 623 624 625 626 627 628 629 630 631 632 633 634 635 636 637 638 639 640 641 642 643 644 645 646 647 | 167 168 169 170 171 172 173 174 175 176 177 178 179 180 181 182 183 184 185 186 187 188 189 190 191 192 193 194 195 196 197 198 199 200 201 202 203 204 205 206 207 208 209 210 211 212 213 214 215 216 217 218 219 220 221 222 223 224 225 226 227 228 229 230 231 232 233 234 235 236 237 238 239 240 241 242 243 244 245 246 247 248 249 250 | 934 935 936 937 938 939 940 | 823 824 825 826 827 828 829 830 831 832 833 834 835 836 837 838 839 840 841 842 843 844 845 846 847 848 849 | 326 327 328 329 330 | 439 440 441 442 443 444 445 446 447 448 449 450 451 452 453 454 455 456 457 458 459 460 461 462 463 464 465 466 467 468 469 470 471 472 473 474 475 476 477 478 479 480 481 482 483 484 | 763 764 765 766 | 818 819 820 821 822 | 851 852 853 854 855 856 857 858 859 860 861 862 863 864 865 866 867 868 869 870 871 872 873 874 875 876 877 878 879 880 881 882 883 884 885 886 887 888 889 890 891 892 893 894 895 896 897 898 899 900 901 902 903 904 905 906 907 908 909 910 | 374 375 376 377 378 379 380 381 382 383 384 385 386 387 388 389 390 391 392 393 394 395 396 397 398 399 400 401 402 403 404 405 406 407 408 409 410 411 412 413 414 415 416 417 418 419 420 421 422 423 | 485 486 487 488 489 490 491 492 493 494 495 496 497 498 499 500 501 502 503 504 505 506 507 508 509 510 511 512 513 514 515 516 517 518 519 520 521 522 523 524 525 526 527 528 529 530 531 532 533 534 535 536 537 538 539 540 541 542 543 544 545 546 547 548 549 550 551 552 553 554 555 556 557 558 559 560 561 562 563 564 565 566 567 568 569 570 571 572 573 574 575 576 577 578 579 580 581 582 | 64 65 66 67 68 69 70 71 72 73 74 75 76 77 78 79 80 | 798 799 800 801 802 803 804 805 806 807 808 809 810 811 812 813 814 815 816 817 | 7 8 9 10 11 12 13 | 81 82 83 84 85 86 87 88 89 90 91 92 93 94 95 96 97 98 99 100 101 102 103 104 105 106 107 108 109 110 111 112 113 114 115 116 117 118 119 120 121 122 123 124 125 126 127 128 129 130 131 132 133 134 | 941 942 943 944 945 946 947 948 949 950 951 952 953 954 955 956 957 958 959 960 961 | 648 649 650 651 652 653 654 655 656 657 658 659 660 661 662 663 664 665 666 667 668 669 670 671 | 994 995 996 997 998 999 | 318 673 674 675 676 677 678 679 680 681 682 683 684 685 686 687 688 689 690 691 692 693 694 695 696 697 698 699 700 701 702 703 704 705 706 707 708 709 710 711 712 713 714 715 716 717 718 719 720 721 722 723 724 725 726 727 728 729 730 731 732 733 734 735 736 737 738 739 740 741 742 743 744 745 746 747 748 749 750 751 752 753 754 755 756 757 758 759 760 761 762 | 767 56 57 58 59 60 61 62 63 | 917 768 769 770 771 772 773 774 775 776 777 778 779 780 781 782 783 784 785 786 787 788 789 790 791 792 793 794 795 796 797 | 284 425 426 427 428 429 430 431 432 433 434 435 436 437 | 0 285 286 287 | 288 256 257 258 259 260 261 262 263 264 265 266 267 268 269 270 271 272 273 274 275 276 277 278 279 280 281 282 283 | 255 289 290 291 292 293 294 295 296 | 962 298 299 300 301 302 303 304 305 306 307 308 309 310 311 312 313 314 315 316 317 | 135 918 919 920 921 922 923 924 925 926 927 928 929 930 931 932 | 933 136 137 138 139 140 141 142 143 144 145 146 147 148 149 150 151 152 153 154 155 156 157 158 159 160 161 162 163 164 165 166 | 438 319 320 321 322 323 324 325 | 297 332 333 334 335 336 337 338 339 340 341 342 343 344 345 346 347 348 349 350 351 352 353 354 355 356 357 358 359 360 361 362 363 364 365 366 367 368 369 370 371 372 373 | 672 252 253 254 |
>MST_10
 14 15 16 17 18 19 20 21 22 23 24 25 26 27 28 29 30 31 32 33 34 35 36 37 38 39 40 41 42 43 44 45 46 47 48 49 50 51 52 53 54 | 332 333 334 335 336 337 338 339 340 341 342 343 344 345 346 347 348 349 350 351 352 353 354 355 356 357 358 359 360 361 362 363 364 365 366 367 368 369 370 371 372 373 | 1 2 3 4 5 6 | 912 913 914 915 916 | 934 935 936 937 938 939 940 | 439 440 441 442 443 444 445 446 447 448 449 450 451 452 453 454 455 456 457 458 459 460 461 462 463 464 465 466 467 468 469 470 471 472 473 474 475 476 477 478 479 480 481 482 483 484 | 851 852 853 854 855 856 857 858 859 860 861 862 863 864 865 866 867 868 869 870 871 872 873 874 875 876 877 878 879 880 881 882 883 884 885 886 887 888 889 890 891 892 893 894 895 896 897 898 899 900 901 902 903 904 905 906 907 908 909 910 | 374 375 376 377 378 379 380 381 382 383 384 385 386 387 388 389 390 391 392 393 394 395 396 397 398 399 400 401 402 403 404 405 406 407 408 409 410 411 412 413 414 415 416 417 418 419 420 421 422 423 | 485 486 487 488 489 490 491 492 493 494 495 496 497 498 499 500 501 502 503 504 505 506 507 508 509 510 511 512 513 514 515 516 517 518 519 520 521 522 523 524 525 526 527 528 529 530 531 532 533 534 535 536 537 538 539 540 541 542 543 544 545 546 547 548 549 550 551 552 553 554 555 556 557 558 559 560 561 562 563 564 565 566 567 568 569 570 571 572 573 574 575 576 577 578 579 580 581 582 583 584 585 586 587 588 589 590 591 592 593 594 595 596 597 598 599 600 601 602 603 604 605 606 607 608 609 610 611 612 613 614 615 616 617 618 619 620 621 622 623 624 625 626 627 628 629 630 631 632 633 634 635 636 637 638 639 640 641 642 643 644 645 646 647 | 64 65 66 67 68 69 70 71 72 73 74 75 76 77 78 79 80 | 798 799 800 801 802 803 804 805 806 807 808 809 810 811 812 813 814 815 816 817 818 819 820 821 822 823 824 825 826 827 828 829 830 831 832 833 834 835 836 837 838 839 840 841 842 843 844 845 846 847 848 849 | 7 8 9 10 11 12 13 | 81 82 83 84 85 86 87 88 89 90 91 92 93 94 95 96 97 98 99 100 101 102 103 104 105 106 107 108 109 110 111 112 113 114 115 116 117 118 119 120 121 122 123 124 125 126 127 128 129 130 131 132 133 134 | 941 942 943 944 945 946 947 948 949 950 951 952 953 954 955 956 957 958 959 960 961 | 648 649 650 651 652 653 654 655 656 657 658 659 660 661 662 663 664 665 666 667 668 669 670 671 | 994 995 996 997 998 999 | 318 673 674 675 676 677 678 679 680 681 682 683 684 685 686 687 688 689 690 691 692 693 694 695 696 697 698 699 700 701 702 703 704 705 706 707 708 709 710 711 712 713 714 715 716 717 718 719 720 721 722 723 724 725 726 727 728 729 730 731 732 733 734 735 736 737 738 739 740 741 742 743 744 745 746 747 748 749 750 751 752 753 754 755 756 757 758 759 760 761 762 763 764 765 766 | 767 56 57 58 59 60 61 62 63 | 850 319 320 321 322 323 324 325 326 327 328 329 330 | 917 768 769 770 771 772 773 774 775 776 777 778 779 780 781 782 783 784 785 786 787 788 789 790 791 792 793 794 795 796 797 | 284 425 426 427 428 429 430 431 432 433 434 435 436 437 | 0 285 286 287 | 288 256 257 258 259 260 261 262 263 264 265 266 267 268 269 270 271 272 273 274 275 276 277 278 279 280 281 282 283 | 255 289 290 291 292 293 294 295 296 | 962 298 299 300 301 302 303 304 305 306 307 308 309 310 311 312 313 314 315 316 317 | 135 918 919 920 921 922 923 924 925 926 927 928 929 930 931 932 | 933 136 137 138 139 140 141 142 143 144 145 146 147 148 149 150 151 152 153 154 155 156 157 158 159 160 161 162 163 164 165 166 167 168 169 170 171 172 173 174 175 176 177 178 179 180 181 182 183 184 185 186 187 188 189 190 191 192 193 194 195 196 197 198 199 200 201 202 203 204 205 206 207 208 209 210 211 212 213 214 215 216 217 218 219 220 221 222 223 224 225 226 227 228 229 230 231 232 233 234 235 236 237 238 239 240 241 242 243 244 245 246 247 248 249 250 | 297 963 964 965 966 967 968 969 970 971 972 973 974 975 976 977 978 979 980 981 982 983 984 985 986 987 988 989 990 991 992 993 | 672 252 253 254 |
>MST_11
 14 15 16 17 18 19 20 21 22 23 24 25 26 27 28 29 30 31 32 33 34 35 36 37 38 39 40 41 42 43 44 45 46 47 48 49 50 51 52 53 54 | 256 257 258 259 260 261 262 263 264 265 266 267 268 269 270 271 272 273 274 275 276 277 278 279 280 281 282 283 | 1 2 3 4 5 6 | 912 913 914 915 916 | 934 935 936 937 938 939 940 | 439 440 441 442 443 444 445 446 447 448 449 450 451 452 453 454 455 456 457 458 459 460 461 462 463 464 465 466 467 468 469 470 471 472 473 474 475 476 477 478 479 480 481 482 483 484 | 374 375 376 377 378 379 380 381 382 383 384 385 386 387 388 389 390 391 392 393 394 395 396 397 398 399 400 401 402 403 404 405 406 407 408 409 410 411 412 413 414 415 416 417 418 419 420 421 422 423 | 485 486 487 488 489 490 491 492 493 494 495 496 497 498 499 500 501 502 503 504 505 506 507 508 509 510 511 512 513 514 515 516 517 518 519 520 521 522 523 524 525 526 527 528 529 530 531 532 533 534 535 536 537 538 539 540 541 542 543 544 545 546 547 548 549 550 551 552 553 554 555 556 557 558 559 560 561 562 563 564 565 566 567 568 569 570 571 572 573 574 575 576 577 578 579 580 581 582 583 584 585 586 587 588 589 590 591 592 593 594 595 596 597 598 599 600 601 602 603 604 605 606 607 608 609 610 611 612 613 614 615 616 617 618 619 620 621 622 623 624 625 626 627 628 629 630 631 632 633 634 635 636 637 638 639 640 641 642 643 644 645 646 647 | 64 65 66 67 68 69 70 71 72 73 74 75 76 77 78 79 80 | 7 8 9 10 11 12 13 | 81 82 83 84 85 86 87 88 89 90 91 92 93 94 95 96 97 98 99 100 101 102 103 104 105 106 107 108 109 110 111 112 113 114 115 116 117 118 119 120 121 122 123 124 125 126 127 128 129 130 131 132 133 134 | 941 942 943 944 945 946 947 948 949 950 951 952 953 954 955 956 957 958 959 960 961 | 648 649 650 651 652 653 654 655 656 657 658 659 660 661 662 663 664 665 666 667 668 669 670 671 | 994 995 996 997 998 999 | 331 332 333 334 335 336 337 338 339 340 341 342 343 344 345 346 347 348 349 350 351 352 353 354 355 356 357 358 359 360 361 362 363 364 365 366 367 368 369 370 371 372 373 | 288 289 290 291 292 293 294 295 296 | 318 673 674 675 676 677 678 679 680 681 682 683 684 685 686 687 688 689 690 691 692 693 694 695 696 697 698 699 700 701 702 703 704 705 706 707 708 709 710 711 712 713 714 715 716 717 718 719 720 721 722 723 724 725 726 727 728 729 730 731 732 733 734 735 736 737 738 739 740 741 742 743 744 745 746 747 748 749 750 751 752 753 754 755 756 757 758 759 760 761 762 763 764 765 766 | 767 56 57 58 59 60 61 62 63 | 850 319 320 321 322 323 324 325 326 327 328 329 330 | 917 768 769 770 771 772 773 774 775 776 777 778 779 780 781 782 783 784 785 786 787 788 789 790 791 792 793 794 795 796 797 798 799 800 801 802 803 804 805 806 807 808 809 810 811 812 813 814 815 816 817 818 819 820 821 822 823 824 825 826 827 828 829 830 831 832 833 834 835 836 837 838 839 840 841 842 843 844 845 846 847 848 849 | 284 425 426 427 428 429 430 431 432 433 434 435 436 437 | 0 285 286 287 | 962 298 299 300 301 302 303 304 305 306 307 308 309 310 311 312 313 314 315 316 317 | 135 918 919 920 921 922 923 924 925 926 927 928 929 930 931 932 | 933 136 137 138 139 140 141 142 143 144 145 146 147 148 149 150 151 152 153 154 155 156 157 158 159 160 161 162 163 164 165 166 167 168 169 170 171 172 173 174 175 176 177 178 179 180 181 182 183 184 185 186 187 188 189 190 191 192 193 194 195 196 197 198 199 200 201 202 203 204 205 206 207 208 209 210 211 212 213 214 215 216 217 218 219 220 221 222 223 224 225 226 227 228 229 230 231 232 233 234 235 236 237 238 239 240 241 242 243 244 245 246 247 248 249 250 | 297 963 964 965 966 967 968 969 970 971 972 973 974 975 976 977 978 979 980 981 982 983 984 985 986 987 988 989 990 991 992 993 | 251 851 852 853 854 855 856 857 858 859 860 861 862 863 864 865 866 867 868 869 870 871 872 873 874 875 876 877 878 879 880 881 882 883 884 885 886 887 888 889 890 891 892 893 894 895 896 897 898 899 900 901 902 903 904 905 906 907 908 909 910 | 672 252 253 254 |
>MST_12
 14 15 16 17 18 19 20 21 22 23 24 25 26 27 28 29 30 31 32 33 34 35 36 37 38 39 40 41 42 43 44 45 46 47 48 49 50 51 52 53 54 | 256 257 258 259 260 261 262 263 264 265 266 267 268 269 270 271 272 273 274 275 276 277 278 279 280 281 282 283 | 963 964 965 966 967 968 969 970 971 972 973 974 975 976 977 978 979 980 981 982 983 984 985 986 987 988 989 990 991 992 993 | 912 913 914 915 916 | 934 935 936 937 938 939 940 | 439 440 441 442 443 444 445 446 447 448 449 450 451 452 453 454 455 456 457 458 459 460 461 462 463 464 465 466 467 468 469 470 471 472 473 474 475 476 477 478 479 480 481 482 483 484 | 851 852 853 854 855 856 857 858 859 860 861 862 863 864 865 866 867 868 869 870 871 872 873 874 875 876 877 878 879 880 881 882 883 884 885 886 887 888 889 890 891 892 893 894 895 896 897 898 899 900 901 902 903 904 905 906 907 908 909 910 | 374 375 376 377 378 379 380 381 382 383 384 385 386 387 388 389 390 391 392 393 394 395 396 397 398 399 400 401 402 403 404 405 406 407 408 409 410 411 412 413 414 415 416 417 418 419 420 421 422 423 | 485 486 487 488 489 490 491 492 493 494 495 496 497 498 499 500 501 502 503 504 505 506 507 508 509 510 511 512 513 514 515 516 517 518 519 520 521 522 523 524 525 526 527 528 529 530 531 532 533 534 535 536 537 538 539 540 541 542 543 544 545 546 547 548 549 550 551 552 553 554 555 556 557 558 559 560 561 562 563 564 565 566 567 568 569 570 571 572 573 574 575 576 577 578 579 580 581 582 583 584 585 586 587 588 589 590 591 592 593 594 595 596 597 598 599 600 601 602 603 604 605 606 607 608 609 610 611 612 613 614 615 616 617 618 619 620 621 622 623 624 625 626 627 628 629 630 631 632 633 634 635 636 637 638 639 640 641 642 643 644 645 646 647 | 64 65 66 67 68 69 70 71 72 73 74 75 76 77 78 79 80 | 7 8 9 10 11 12 13 | 81 82 83 84 85 86 87 88 89 90 91 92 93 94 95 96 97 98 99 100 101 102 103 104 105 106 107 108 109 110 111 112 113 114 115 116 117 118 119 120 121 122 123 124 125 126 127 128 129 130 131 132 133 134 | 941 942 943 944 945 946 947 948 949 950 951 952 953 954 955 956 957 958 959 960 961 | 648 649 650 651 652 653 654 655 656 657 658 659 660 661 662 663 664 665 666 667 668 669 670 671 | 994 995 996 997 998 999 | 331 332 333 334 335 336 337 338 339 340 341 342 343 344 345 346 347 348 349 350 351 352 353 354 355 356 357 358 359 360 361 362 363 364 365 366 367 368 369 370 371 372 373 | 288 289 290 291 292 293 294 295 296 | 251 252 253 254 | 297 298 299 300 301 302 303 304 305 306 307 308 309 310 311 312 313 314 315 316 317 | 318 673 674 675 676 677 678 679 680 681 682 683 684 685 686 687 688 689 690 691 692 693 694 695 696 697 698 699 700 701 702 703 704 705 706 707 708 709 710 711 712 713 714 715 716 717 718 719 720 721 722 723 724 725 726 727 728 729 730 731 732 733 734 735 736 737 738 739 740 741 742 743 744 745 746 747 748 749 750 751 752 753 754 755 756 757 758 759 760 761 762 763 764 765 766 | 767 56 57 58 59 60 61 62 63 | 850 319 320 321 322 323 324 325 326 327 328 329 330 | 917 768 769 770 771 772 773 774 775 776 777 778 779 780 781 782 783 784 785 786 787 788 789 790 791 792 793 794 795 796 797 798 799 800 801 802 803 804 805 806 807 808 809 810 811 812 813 814 815 816 817 818 819 820 821 822 823 824 825 826 827 828 829 830 831 832 833 834 835 836 837 838 839 840 841 842 843 844 845 846 847 848 849 | 284 425 426 427 428 429 430 431 432 433 434 435 436 437 | 0 285 286 287 | 135 918 919 920 921 922 923 924 925 926 927 928 929 930 931 932 | 933 136 137 138 139 140 141 142 143 144 145 146 147 148 149 150 151 152 153 154 155 156 157 158 159 160 161 162 163 164 165 166 167 168 169 170 171 172 173 174 175 176 177 178 179 180 181 182 183 184 185 186 187 188 189 190 191 192 193 194 195 196 197 198 199 200 201 202 203 204 205 206 207 208 209 210 211 212 213 214 215 216 217 218 219 220 221 222 223 224 225 226 227 228 229 230 231 232 233 234 235 236 237 238 239 240 241 242 243 244 245 246 247 248 249 250 | 911 1 2 3 4 5 6 |
>MST_13
 14 15 16 17 18 19 20 21 22 23 24 25 26 27 28 29 30 31 32 33 34 35 36 37 38 39 40 41 42 43 44 45 46 47 48 49 50 51 52 53 54 | 256 257 258 259 260 261 262 263 264 265 266 267 268 269 270 271 272 273 274 275 276 277 278 279 280 281 282 283 | 912 913 914 915 916 | 918 919 920 921 922 923 924 925 926 927 928 929 930 931 932 | 934 935 936 937 938 939 940 | 439 440 441 442 443 444 445 446 447 448 449 450 451 452 453 454 455 456 457 458 459 460 461 462 463 464 465 466 467 468 469 470 471 472 473 474 475 476 477 478 479 480 481 482 483 484 | 851 852 853 854 855 856 857 858 859 860 861 862 863 864 865 866 867 868 869 870 871 872 873 874 875 876 877 878 879 880 881 882 883 884 885 886 887 888 889 890 891 892 893 894 895 896 897 898 899 900 901 902 903 904 905 906 907 908 909 910 | 374 375 376 377 378 379 380 381 382 383 384 385 386 387 388 389 390 391 392 393 394 395 396 397 398 399 400 401 402 403 404 405 406 407 408 409 410 411 412 413 414 415 416 417 418 419 420 421 422 423 | 485 486 487 488 489 490 491 492 493 494 495 496 497 498 499 500 501 502 503 504 505 506 507 508 509 510 511 512 513 514 515 516 517 518 519 520 521 522 523 524 525 526 527 528 529 530 531 532 533 534 535 536 537 538 539 540 541 542 543 544 545 546 547 548 549 550 551 552 553 554 555 556 557 558 559 560 561 562 563 564 565 566 567 568 569 570 571 572 573 574 575 576 577 578 579 580 581 582 583 584 585 586 587 588 589 590 591 592 593 594 595 596 597 598 599 600 601 602 603 604 605 606 607 608 609 610 611 612 613 614 615 616 617 618 619 620 621 622 623 624 625 626 627 628 629 630 631 632 633 634 635 636 637 638 639 640 641 642 643 644 645 646 647 | 64 65 66 67 68 69 70 71 72 73 74 75 76 77 78 79 80 | 7 8 9 10 11 12 13 | 81 82 83 84 85 86 87 88 89 90 91 92 93 94 95 96 97 98 99 100 101 102 103 104 105 106 107 108 109 110 111 112 113 114 115 116 117 118 119 120 121 122 123 124 125 126 127 128 129 130 131 132 133 134 | 941 942 943 944 945 946 947 948 949 950 951 952 953 954 955 956 957 958 959 960 961 | 648 649 650 651 652 653 654 655 656 657 658 659 660 661 662 663 664 665 666 667 668 669 670 671 | 994 995 996 997 998 999 | 331 332 333 334 335 336 337 338 339 340 341 342 343 344 345 346 347 348 349 350 351 352 353 354 355 356 357 358 359 360 361 362 363 364 365 366 367 368 369 370 371 372 373 | 288 289 290 291 292 293 294 295 296 | 251 252 253 254 | 297 298 299 300 301 302 303 304 305 306 307 308 309 310 311 312 313 314 315 316 317 | 135 136 137 138 139 140 141 142 143 144 145 146 147 148 149 150 151 152 153 154 155 156 157 158 159 160 161 162 163 164 165 166 167 168 169 170 171 172 173 174 175 176 177 178 179 180 181 182 183 184 185 186 187 188 189 190 191 192 193 194 195 196 197 198 199 200 201 202 203 204 205 206 207 208 209 210 211 212 213 214 215 216 217 218 219 220 221 222 223 224 225 226 227 228 229 230 231 232 233 234 235 236 237 238 239 240 241 242 243 244 245 246 247 248 249 250 | 318 673 674 675 676 677 678 679 680 681 682 683 684 685 686 687 688 689 690 691 692 693 694 695 696 697 698 699 700 701 702 703 704 705 706 707 708 709 710 711 712 713 714 715 716 717 718 719 720 721 722 723 724 725 726 727 728 729 730 731 732 733 734 735 736 737 738 739 740 741 742 743 744 745 746 747 748 749 750 751 752 753 754 755 756 757 758 759 760 761 762 763 764 765 766 | 767 56 57 58 59 60 61 62 63 | 850 319 320 321 322 323 324 325 326 327 328 329 330 | 917 768 769 770 771 772 773 774 775 776 777 778 779 780 781 782 783 784 785 786 787 788 789 790 791 792 793 794 795 796 797 798 799 800 801 802 803 804 805 806 807 808 809 810 811 812 813 814 815 816 817 818 819 820 821 822 823 824 825 826 827 828 829 830 831 832 833 834 835 836 837 838 839 840 841 842 843 844 845 846 847 848 849 | 284 425 426 427 428 429 430 431 432 433 434 435 436 437 | 0 285 286 287 | 933 963 964 965 966 967 968 969 970 971 972 973 974 975 976 977 978 979 980 981 982 983 984 985 986 987 988 989 990 991 992 993 | 911 1 2 3 4 5 6 |
>MST_14
 256 257 258 259 260 261 262 263 264 265 266 267 268 269 270 271 272 273 274 275 276 277 278 279 280 281 282 283 | 918 919 920 921 922 923 924 925 926 927 928 929 930 931 932 | 934 935 936 937 938 939 940 | 374 375 376 377 378 379 380 381 382 383 384 385 386 387 388 389 390 391 392 393 394 395 396 397 398 399 400 401 402 403 404 405 406 407 408 409 410 411 412 413 414 415 416 417 418 419 420 421 422 423 | 485 486 487 488 489 490 491 492 493 494 495 496 497 498 499 500 501 502 503 504 505 506 507 508 509 510 511 512 513 514 515 516 517 518 519 520 521 522 523 524 525 526 527 528 529 530 531 532 533 534 535 536 537 538 539 540 541 542 543 544 545 546 547 548 549 550 551 552 553 554 555 556 557 558 559 560 561 562 563 564 565 566 567 568 569 570 571 572 573 574 575 576 577 578 579 580 581 582 583 584 585 586 587 588 589 590 591 592 593 594 595 596 597 598 599 600 601 602 603 604 605 606 607 608 609 610 611 612 613 614 615 616 617 618 619 620 621 622 623 624 625 626 627 628 629 630 631 632 633 634 635 636 637 638 639 640 641 642 643 644 645 646 647 | 64 65 66 67 68 69 70 71 72 73 74 75 76 77 78 79 80 | 7 8 9 10 11 12 13 14 15 16 17 18 19 20 21 22 23 24 25 26 27 28 29 30 31 32 33 34 35 36 37 38 39 40 41 42 43 44 45 46 47 48 49 50 51 52 53 54 | 81 82 83 84 85 86 87 88 89 90 91 92 93 94 95 96 97 98 99 100 101 102 103 104 105 106 107 108 109 110 111 112 113 114 115 116 117 118 119 120 121 122 123 124 125 126 127 128 129 130 131 132 133 134 135 136 137 138 139 140 141 142 143 144 145 146 147 148 149 150 151 152 153 154 155 156 157 158 159 160 161 162 163 164 165 166 167 168 169 170 171 172 173 174 175 176 177 178 179 180 181 182 183 184 185 186 187 188 189 190 191 192 193 194 195 196 197 198 199 200 201 202 203 204 205 206 207 208 209 210 211 212 213 214 215 216 217 218 219 220 221 222 223 224 225 226 227 228 229 230 231 232 233 234 235 236 237 238 239 240 241 242 243 244 245 246 247 248 249 250 | 941 942 943 944 945 946 947 948 949 950 951 952 953 954 955 956 957 958 959 960 961 | 648 649 650 651 652 653 654 655 656 657 658 659 660 661 662 663 664 665 666 667 668 669 670 671 | 994 995 996 997 998 999 | 331 332 333 334 335 336 337 338 339 340 341 342 343 344 345 346 347 348 349 350 351 352 353 354 355 356 357 358 359 360 361 362 363 364 365 366 367 368 369 370 371 372 373 | 251 252 253 254 | 297 298 299 300 301 302 303 304 305 306 307 308 309 310 311 312 313 314 315 316 317 | 438 439 440 441 442 443 444 445 446 447 448 449 450 451 452 453 454 455 456 457 458 459 460 461 462 463 464 465 466 467 468 469 470 471 472 473 474 475 476 477 478 479 480 481 482 483 484 | 318 673 674 675 676 677 678 679 680 681 682 683 684 685 686 687 688 689 690 691 692 693 694 695 696 697 698 699 700 701 702 703 704 705 706 707 708 709 710 711 712 713 714 715 716 717 718 719 720 721 722 723 724 725 726 727 728 729 730 731 732 733 734 735 736 737 738 739 740 741 742 743 744 745 746 747 748 749 750 751 752 753 754 755 756 757 758 759 760 761 762 763 764 765 766 | 767 56 57 58 59 60 61 62 63 | 850 319 320 321 322 323 324 325 326 327 328 329 330 | 917 768 769 770 771 772 773 774 775 776 777 778 779 780 781 782 783 784 785 786 787 788 789 790 791 792 793 794 795 796 797 798 799 800 801 802 803 804 805 806 807 808 809 810 811 812 813 814 815 816 817 818 819 820 821 822 823 824 825 826 827 828 829 830 831 832 833 834 835 836 837 838 839 840 841 842 843 844 845 846 847 848 849 | 284 425 426 427 428 429 430 431 432 433 434 435 436 437 | 672 851 852 853 854 855 856 857 858 859 860 861 862 863 864 865 866 867 868 869 870 871 872 873 874 875 876 877 878 879 880 881 882 883 884 885 886 887 888 889 890 891 892 893 894 895 896 897 898 899 900 901 902 903 904 905 906 907 908 909 910 | 0 285 286 287 288 289 290 291 292 293 294 295 296 | 962 912 913 914 915 916 | 933 963 964 965 966 967 968 969 970 971 972 973 974 975 976 977 978 979 980 981 982 983 984 985 986 987 988 989 990 991 992 993 | 911 1 2 3 4 5 6 |
>MST_15
 256 257 258 259 260 261 262 263 264 265 266 267 268 269 270 271 272 273 274 275 276 277 278 279 280 281 282 283 | 934 935 936 937 938 939 940 | 485 486 487 488 489 490 491 492 493 494 495 496 497 498 499 500 501 502 503 504 505 506 507 508 509 510 511 512 513 514 515 516 517 518 519 520 521 522 523 524 525 526 527 528 529 530 531 532 533 534 535 536 537 538 539 540 541 542 543 544 545 546 547 548 549 550 551 552 553 554 555 556 557 558 559 560 561 562 563 564 565 566 567 568 569 570 571 572 573 574 575 576 577 578 579 580 581 582 583 584 585 586 587 588 589 590 591 592 593 594 595 596 597 598 599 600 601 602 603 604 605 606 607 608 609 610 611 612 613 614 615 616 617 618 619 620 621 622 623 624 625 626 627 628 629 630 631 632 633 634 635 636 637 638 639 640 641 642 643 644 645 646 647 | 64 65 66 67 68 69 70 71 72 73 74 75 76 77 78 79 80 | 7 8 9 10 11 12 13 14 15 16 17 18 19 20 21 22 23 24 25 26 27 28 29 30 31 32 33 34 35 36 37 38 39 40 41 42 43 44 45 46 47 48 49 50 51 52 53 54 | 81 82 83 84 85 86 87 88 89 90 91 92 93 94 95 96 97 98 99 100 101 102 103 104 105 106 107 108 109 110 111 112 113 114 115 116 117 118 119 120 121 122 123 124 125 126 127 128 129 130 131 132 133 134 135 136 137 138 139 140 141 142 143 144 145 146 147 148 149 150 151 152 153 154 155 156 157 158 159 160 161 162 163 164 165 166 167 168 169 170 171 172 173 174 175 176 177 178 179 180 181 182 183 184 185 186 187 188 189 190 191 192 193 194 195 196 197 198 199 200 201 202 203 204 205 206 207 208 209 210 211 212 213 214 215 216 217 218 219 220 221 222 223 224 225 226 227 228 229 230 231 232 233 234 235 236 237 238 239 240 241 242 243 244 245 246 247 248 249 250 | 941 942 943 944 945 946 947 948 949 950 951 952 953 954 955 956 957 958 959 960 961 | 648 649 650 651 652 653 654 655 656 657 658 659 660 661 662 663 664 665 666 667 668 669 670 671 | 994 995 996 997 998 999 | 331 332 333 334 335 336 337 338 339 340 341 342 343 344 345 346 347 348 349 350 351 352 353 354 355 356 357 358 359 360 361 362 363 364 365 366 367 368 369 370 371 372 373 374 375 376 377 378 379 380 381 382 383 384 385 386 387 388 389 390 391 392 393 394 395 396 397 398 399 400 401 402 403 404 405 406 407 408 409 410 411 412 413 414 415 416 417 418 419 420 421 422 423 | 251 252 253 254 | 297 298 299 300 301 302 303 304 305 306 307 308 309 310 311 312 313 314 315 316 317 | 438 439 440 441 442 443 444 445 446 447 448 449 450 451 452 453 454 455 456 457 458 459 460 461 462 463 464 465 466 467 468 469 470 471 472 473 474 475 476 477 478 479 480 481 482 483 484 | 318 673 674 675 676 677 678 679 680 681 682 683 684 685 686 687 688 689 690 691 692 693 694 695 696 697 698 699 700 701 702 703 704 705 706 707 708 709 710 711 712 713 714 715 716 717 718 719 720 721 722 723 724 725 726 727 728 729 730 731 732 733 734 735 736 737 738 739 740 741 742 743 744 745 746 747 748 749 750 751 752 753 754 755 756 757 758 759 760 761 762 763 764 765 766 | 767 56 57 58 59 60 61 62 63 | 850 319 320 321 322 323 324 325 326 327 328 329 330 | 917 768 769 770 771 772 773 774 775 776 777 778 779 780 781 782 783 784 785 786 787 788 789 790 791 792 793 794 795 796 797 798 799 800 801 802 803 804 805 806 807 808 809 810 811 812 813 814 815 816 817 818 819 820 821 822 823 824 825 826 827 828 829 830 831 832 833 834 835 836 837 838 839 840 841 842 843 844 845 846 847 848 849 | 284 425 426 427 428 429 430 431 432 433 434 435 436 437 | 672 851 852 853 854 855 856 857 858 859 860 861 862 863 864 865 866 867 868 869 870 871 872 873 874 875 876 877 878 879 880 881 882 883 884 885 886 887 888 889 890 891 892 893 894 895 896 897 898 899 900 901 902 903 904 905 906 907 908 909 910 911 918 919 920 921 922 923 924 925 926 927 928 929 930 931 932 | 0 285 286 287 288 289 290 291 292 293 294 295 296 | 962 912 913 914 915 916 | 933 963 964 965 966 967 968 969 970 971 972 973 974 975 976 977 978 979 980 981 982 983 984 985 986 987 988 989 990 991 992 993 | 424 1 2 3 4 5 6 |
>MST_16
 256 257 258 259 260 261 262 263 264 265 266 267 268 269 270 271 272 273 274 275 276 277 278 279 280 281 282 283 | 934 935 936 937 938 939 940 941 942 943 944 945 946 947 948 949 950 951 952 953 954 955 956 957 958 959 960 961 | 485 486 487 488 489 490 491 492 493 494 495 496 497 498 499 500 501 502 503 504 505 506 507 508 509 510 511 512 513 514 515 516 517 518 519 520 521 522 523 524 525 526 527 528 529 530 531 532 533 534 535 536 537 538 539 540 541 542 543 544 545 546 547 548 549 550 551 552 553 554 555 556 557 558 559 560 561 562 563 564 565 566 567 568 569 570 571 572 573 574 575 576 577 578 579 580 581 582 583 584 585 586 587 588 589 590 591 592 593 594 595 596 597 598 599 600 601 602 603 604 605 606 607 608 609 610 611 612 613 614 615 616 617 618 619 620 621 622 623 624 625 626 627 628 629 630 631 632 633 634 635 636 637 638 639 640 641 642 643 644 645 646 647 | 64 65 66 67 68 69 70 71 72 73 74 75 76 77 78 79 80 | 7 8 9 10 11 12 13 14 15 16 17 18 19 20 21 22 23 24 25 26 27 28 29 30 31 32 33 34 35 36 37 38 39 40 41 42 43 44 45 46 47 48 49 50 51 52 53 54 | 81 82 83 84 85 86 87 88 89 90 91 92 93 94 95 96 97 98 99 100 101 102 103 104 105 106 107 108 109 110 111 112 113 114 115 116 117 118 119 120 121 122 123 124 125 126 127 128 129 130 131 132 133 134 135 136 137 138 139 140 141 142 143 144 145 146 147 148 149 150 151 152 153 154 155 156 157 158 159 160 161 162 163 164 165 166 167 168 169 170 171 172 173 174 175 176 177 178 179 180 181 182 183 184 185 186 187 188 189 190 191 192 193 194 195 196 197 198 199 200 201 202 203 204 205 206 207 208 209 210 211 212 213 214 215 216 217 218 219 220 221 222 223 224 225 226 227 228 229 230 231 232 233 234 235 236 237 238 239 240 241 242 243 244 245 246 247 248 249 250 | 648 649 650 651 652 653 654 655 656 657 658 659 660 661 662 663 664 665 666 667 668 669 670 671 | 994 995 996 997 998 999 | 331 332 333 334 335 336 337 338 339 340 341 342 343 344 345 346 347 348 349 350 351 352 353 354 355 356 357 358 359 360 361 362 363 364 365 366 367 368 369 370 371 372 373 374 375 376 377 378 379 380 381 382 383 384 385 386 387 388 389 390 391 392 393 394 395 396 397 398 399 400 401 402 403 404 405 406 407 408 409 410 411 412 413 414 415 416 417 418 419 420 421 422 423 | 251 252 253 254 | 297 298 299 300 301 302 303 304 305 306 307 308 309 310 311 312 313 314 315 316 317 | 438 439 440 441 442 443 444 445 446 447 448 449 450 451 452 453 454 455 456 457 458 459 460 461 462 463 464 465 466 467 468 469 470 471 472 473 474 475 476 477 478 479 480 481 482 483 484 | 318 673 674 675 676 677 678 679 680 681 682 683 684 685 686 687 688 689 690 691 692 693 694 695 696 697 698 699 700 701 702 703 704 705 706 707 708 709 710 711 712 713 714 715 716 717 718 719 720 721 722 723 724 725 726 727 728 729 730 731 732 733 734 735 736 737 738 739 740 741 742 743 744 745 746 747 748 749 750 751 752 753 754 755 756 757 758 759 760 761 762 763 764 765 766 | 767 56 57 58 59 60 61 62 63 | 850 319 320 321 322 323 324 325 326 327 328 329 330 | 917 768 769 770 771 772 773 774 775 776 777 778 779 780 781 782 783 784 785 786 787 788 789 790 791 792 793 794 795 796 797 798 799 800 801 802 803 804 805 806 807 808 809 810 811 812 813 814 815 816 817 818 819 820 821 822 823 824 825 826 827 828 829 830 831 832 833 834 835 836 837 838 839 840 841 842 843 844 845 846 847 848 849 | 284 425 426 427 428 429 430 431 432 433 434 435 436 437 | 672 851 852 853 854 855 856 857 858 859 860 861 862 863 864 865 866 867 868 869 870 871 872 873 874 875 876 877 878 879 880 881 882 883 884 885 886 887 888 889 890 891 892 893 894 895 896 897 898 899 900 901 902 903 904 905 906 907 908 909 910 911 918 919 920 921 922 923 924 925 926 927 928 929 930 931 932 | 0 285 286 287 288 289 290 291 292 293 294 295 296 | 962 912 913 914 915 916 | 933 963 964 965 966 967 968 969 970 971 972 973 974 975 976 977 978 979 980 981 982 983 984 985 986 987 988 989 990 991 992 993 | 424 1 2 3 4 5 6 |
>MST_17
 256 257 258 259 260 261 262 263 264 265 266 267 268 269 270 271 272 273 274 275 276 277 278 279 280 281 282 283 | 1 2 3 4 5 6 | 934 935 936 937 938 939 940 941 942 943 944 945 946 947 948 949 950 951 952 953 954 955 956 957 958 959 960 961 | 485 486 487 488 489 490 491 492 493 494 495 496 497 498 499 500 501 502 503 504 505 506 507 508 509 510 511 512 513 514 515 516 517 518 519 520 521 522 523 524 525 526 527 528 529 530 531 532 533 534 535 536 537 538 539 540 541 542 543 544 545 546 547 548 549 550 551 552 553 554 555 556 557 558 559 560 561 562 563 564 565 566 567 568 569 570 571 572 573 574 575 576 577 578 579 580 581 582 583 584 585 586 587 588 589 590 591 592 593 594 595 596 597 598 599 600 601 602 603 604 605 606 607 608 609 610 611 612 613 614 615 616 617 618 619 620 621 622 623 624 625 626 627 628 629 630 631 632 633 634 635 636 637 638 639 640 641 642 643 644 645 646 647 | 64 65 66 67 68 69 70 71 72 73 74 75 76 77 78 79 80 | 7 8 9 10 11 12 13 14 15 16 17 18 19 20 21 22 23 24 25 26 27 28 29 30 31 32 33 34 35 36 37 38 39 40 41 42 43 44 45 46 47 48 49 50 51 52 53 54 | 81 82 83 84 85 86 87 88 89 90 91 92 93 94 95 96 97 98 99 100 101 102 103 104 105 106 107 108 109 110 111 112 113 114 115 116 117 118 119 120 121 122 123 124 125 126 127 128 129 130 131 132 133 134 135 136 137 138 139 140 141 142 143 144 145 146 147 148 149 150 151 152 153 154 155 156 157 158 159 160 161 162 163 164 165 166 167 168 169 170 171 172 173 174 175 176 177 178 179 180 181 182 183 184 185 186 187 188 189 190 191 192 193 194 195 196 197 198 199 200 201 202 203 204 205 206 207 208 209 210 211 212 213 214 215 216 217 218 219 220 221 222 223 224 225 226 227 228 229 230 231 232 233 234 235 236 237 238 239 240 241 242 243 244 245 246 247 248 249 250 | 648 649 650 651 652 653 654 655 656 657 658 659 660 661 662 663 664 665 666 667 668 669 670 671 | 994 995 996 997 998 999 | 331 332 333 334 335 336 337 338 339 340 341 342 343 344 345 346 347 348 349 350 351 352 353 354 355 356 357 358 359 360 361 362 363 364 365 366 367 368 369 370 371 372 373 374 375 376 377 378 379 380 381 382 383 384 385 386 387 388 389 390 391 392 393 394 395 396 397 398 399 400 401 402 403 404 405 406 407 408 409 410 411 412 413 414 415 416 417 418 419 420 421 422 423 | 251 252 253 254 | 297 298 299 300 301 302 303 304 305 306 307 308 309 310 311 312 313 314 315 316 317 | 438 439 440 441 442 443 444 445 446 447 448 449 450 451 452 453 454 455 456 457 458 459 460 461 462 463 464 465 466 467 468 469 470 471 472 473 474 475 476 477 478 479 480 481 482 483 484 | 318 673 674 675 676 677 678 679 680 681 682 683 684 685 686 687 688 689 690 691 692 693 694 695 696 697 698 699 700 701 702 703 704 705 706 707 708 709 710 711 712 713 714 715 716 717 718 719 720 721 722 723 724 725 726 727 728 729 730 731 732 733 734 735 736 737 738 739 740 741 742 743 744 745 746 747 748 749 750 751 752 753 754 755 756 757 758 759 760 761 762 763 764 765 766 | 767 56 57 58 59 60 61 62 63 | 424 963 964 965 966 967 968 969 970 971 972 973 974 975 976 977 978 979 980 981 982 983 984 985 986 987 988 989 990 991 992 993 | 850 319 320 321 322 323 324 325 326 327 328 329 330 | 917 768 769 770 771 772 773 774 775 776 777 778 779 780 781 782 783 784 785 786 787 788 789 790 791 792 793 794 795 796 797 798 799 800 801 802 803 804 805 806 807 808 809 810 811 812 813 814 815 816 817 818 819 820 821 822 823 824 825 826 827 828 829 830 831 832 833 834 835 836 837 838 839 840 841 842 843 844 845 846 847 848 849 | 284 425 426 427 428 429 430 431 432 433 434 435 436 437 | 672 851 852 853 854 855 856 857 858 859 860 861 862 863 864 865 866 867 868 869 870 871 872 873 874 875 876 877 878 879 880 881 882 883 884 885 886 887 888 889 890 891 892 893 894 895 896 897 898 899 900 901 902 903 904 905 906 907 908 909 910 911 918 919 920 921 922 923 924 925 926 927 928 929 930 931 932 | 0 285 286 287 288 289 290 291 292 293 294 295 296 | 962 912 913 914 915 916 |
>MST_18
 256 257 258 259 260 261 262 263 264 265 266 267 268 269 270 271 272 273 274 275 276 277 278 279 280 281 282 283 | 934 935 936 937 938 939 940 941 942 943 944 945 946 947 948 949 950 951 952 953 954 955 956 957 958 959 960 961 | 485 486 487 488 489 490 491 492 493 494 495 496 497 498 499 500 501 502 503 504 505 506 507 508 509 510 511 512 513 514 515 516 517 518 519 520 521 522 523 524 525 526 527 528 529 530 531 532 533 534 535 536 537 538 539 540 541 542 543 544 545 546 547 548 549 550 551 552 553 554 555 556 557 558 559 560 561 562 563 564 565 566 567 568 569 570 571 572 573 574 575 576 577 578 579 580 581 582 583 584 585 586 587 588 589 590 591 592 593 594 595 596 597 598 599 600 601 602 603 604 605 606 607 608 609 610 611 612 613 614 615 616 617 618 619 620 621 622 623 624 625 626 627 628 629 630 631 632 633 634 635 636 637 638 639 640 641 642 643 644 645 646 647 | 64 65 66 67 68 69 70 71 72 73 74 75 76 77 78 79 80 | 7 8 9 10 11 12 13 14 15 16 17 18 19 20 21 22 23 24 25 26 27 28 29 30 31 32 33 34 35 36 37 38 39 40 41 42 43 44 45 46 47 48 49 50 51 52 53 54 | 81 82 83 84 85 86 87 88 89 90 91 92 93 94 95 96 97 98 99 100 101 102 103 104 105 106 107 108 109 110 111 112 113 114 115 116 117 118 119 120 121 122 123 124 125 126 127 128 129 130 131 132 133 134 135 136 137 138 139 140 141 142 143 144 145 146 147 148 149 150 151 152 153 154 155 156 157 158 159 160 161 162 163 164 165 166 167 168 169 170 171 172 173 174 175 176 177 178 179 180 181 182 183 184 185 186 187 188 189 190 191 192 193 194 195 196 197 198 199 200 201 202 203 204 205 206 207 208 209 210 211 212 213 214 215 216 217 218 219 220 221 222 223 224 225 226 227 228 229 230 231 232 233 234 235 236 237 238 239 240 241 242 243 244 245 246 247 248 249 250 | 648 649 650 651 652 653 654 655 656 657 658 659 660 661 662 663 664 665 666 667 668 669 670 671 | 994 995 996 997 998 999 | 331 332 333 334 335 336 337 338 339 340 341 342 343 344 345 346 347 348 349 350 351 352 353 354 355 356 357 358 359 360 361 362 363 364 365 366 367 368 369 370 371 372 373 374 375 376 377 378 379 380 381 382 383 384 385 386 387 388 389 390 391 392 393 394 395 396 397 398 399 400 401 402 403 404 405 406 407 408 409 410 411 412 413 414 415 416 417 418 419 420 421 422 423 | 251 252 253 254 | 297 298 299 300 301 302 303 304 305 306 307 308 309 310 311 312 313 314 315 316 317 | 438 439 440 441 442 443 444 445 446 447 448 449 450 451 452 453 454 455 456 457 458 459 460 461 462 463 464 465 466 467 468 469 470 471 472 473 474 475 476 477 478 479 480 481 482 483 484 | 318 673 674 675 676 677 678 679 680 681 682 683 684 685 686 687 688 689 690 691 692 693 694 695 696 697 698 699 700 701 702 703 704 705 706 707 708 709 710 711 712 713 714 715 716 717 718 719 720 721 722 723 724 725 726 727 728 729 730 731 732 733 734 735 736 737 738 739 740 741 742 743 744 745 746 747 748 749 750 751 752 753 754 755 756 757 758 759 760 761 762 763 764 765 766 | 767 56 57 58 59 60 61 62 63 | 933 918 919 920 921 922 923 924 925 926 927 928 929 930 931 932 | 55 1 2 3 4 5 6 | 424 963 964 965 966 967 968 969 970 971 972 973 974 975 976 977 978 979 980 981 982 983 984 985 986 987 988 989 990 991 992 993 | 850 319 320 321 322 323 324 325 326 327 328 329 330 | 917 768 769 770 771 772 773 774 775 776 777 778 779 780 781 782 783 784 785 786 787 788 789 790 791 792 793 794 795 796 797 798 799 800 801 802 803 804 805 806 807 808 809 810 811 812 813 814 815 816 817 818 819 820 821 822 823 824 825 826 827 828 829 830 831 832 833 834 835 836 837 838 839 840 841 842 843 844 845 846 847 848 849 | 284 425 426 427 428 429 430 431 432 433 434 435 436 437 | 672 851 852 853 854 855 856 857 858 859 860 861 862 863 864 865 866 867 868 869 870 871 872 873 874 875 876 877 878 879 880 881 882 883 884 885 886 887 888 889 890 891 892 893 894 895 896 897 898 899 900 901 902 903 904 905 906 907 908 909 910 911 | 0 285 286 287 288 289 290 291 292 293 294 295 296 | 962 912 913 914 915 916 |
>MST_19
 256 257 258 259 260 261 262 263 264 265 266 267 268 269 270 271 272 273 274 275 276 277 278 279 280 281 282 283 284 285 286 287 288 289 290 291 292 293 294 295 296 297 298 299 300 301 302 303 304 305 306 307 308 309 310 311 312 313 314 315 316 317 | 934 935 936 937 938 939 940 941 942 943 944 945 946 947 948 949 950 951 952 953 954 955 956 957 958 959 960 961 | 485 486 487 488 489 490 491 492 493 494 495 496 497 498 499 500 501 502 503 504 505 506 507 508 509 510 511 512 513 514 515 516 517 518 519 520 521 522 523 524 525 526 527 528 529 530 531 532 533 534 535 536 537 538 539 540 541 542 543 544 545 546 547 548 549 550 551 552 553 554 555 556 557 558 559 560 561 562 563 564 565 566 567 568 569 570 571 572 573 574 575 576 577 578 579 580 581 582 583 584 585 586 587 588 589 590 591 592 593 594 595 596 597 598 599 600 601 602 603 604 605 606 607 608 609 610 611 612 613 614 615 616 617 618 619 620 621 622 623 624 625 626 627 628 629 630 631 632 633 634 635 636 637 638 639 640 641 642 643 644 645 646 647 | 64 65 66 67 68 69 70 71 72 73 74 75 76 77 78 79 80 | 425 426 427 428 429 430 431 432 433 434 435 436 437 | 81 82 83 84 85 86 87 88 89 90 91 92 93 94 95 96 97 98 99 100 101 102 103 104 105 106 107 108 109 110 111 112 113 114 115 116 117 118 119 120 121 122 123 124 125 126 127 128 129 130 131 132 133 134 135 136 137 138 139 140 141 142 143 144 145 146 147 148 149 150 151 152 153 154 155 156 157 158 159 160 161 162 163 164 165 166 167 168 169 170 171 172 173 174 175 176 177 178 179 180 181 182 183 184 185 186 187 188 189 190 191 192 193 194 195 196 197 198 199 200 201 202 203 204 205 206 207 208 209 210 211 212 213 214 215 216 217 218 219 220 221 222 223 224 225 226 227 228 229 230 231 232 233 234 235 236 237 238 239 240 241 242 243 244 245 246 247 248 249 250 | 648 649 650 651 652 653 654 655 656 657 658 659 660 661 662 663 664 665 666 667 668 669 670 671 | 994 995 996 997 998 999 | 251 252 253 254 | 438 439 440 441 442 443 444 445 446 447 448 449 450 451 452 453 454 455 456 457 458 459 460 461 462 463 464 465 466 467 468 469 470 471 472 473 474 475 476 477 478 479 480 481 482 483 484 | 318 673 674 675 676 677 678 679 680 681 682 683 684 685 686 687 688 689 690 691 692 693 694 695 696 697 698 699 700 701 702 703 704 705 706 707 708 709 710 711 712 713 714 715 716 717 718 719 720 721 722 723 724 725 726 727 728 729 730 731 732 733 734 735 736 737 738 739 740 741 742 743 744 745 746 747 748 749 750 751 752 753 754 755 756 757 758 759 760 761 762 763 764 765 766 | 767 56 57 58 59 60 61 62 63 | 933 918 919 920 921 922 923 924 925 926 927 928 929 930 931 932 | 55 1 2 3 4 5 6 7 8 9 10 11 12 13 14 15 16 17 18 19 20 21 22 23 24 25 26 27 28 29 30 31 32 33 34 35 36 37 38 39 40 41 42 43 44 45 46 47 48 49 50 51 52 53 54 | 424 963 964 965 966 967 968 969 970 971 972 973 974 975 976 977 978 979 980 981 982 983 984 985 986 987 988 989 990 991 992 993 | 850 319 320 321 322 323 324 325 326 327 328 329 330 331 332 333 334 335 336 337 338 339 340 341 342 343 344 345 346 347 348 349 350 351 352 353 354 355 356 357 358 359 360 361 362 363 364 365 366 367 368 369 370 371 372 373 374 375 376 377 378 379 380 381 382 383 384 385 386 387 388 389 390 391 392 393 394 395 396 397 398 399 400 401 402 403 404 405 406 407 408 409 410 411 412 413 414 415 416 417 418 419 420 421 422 423 | 917 768 769 770 771 772 773 774 775 776 777 778 779 780 781 782 783 784 785 786 787 788 789 790 791 792 793 794 795 796 797 798 799 800 801 802 803 804 805 806 807 808 809 810 811 812 813 814 815 816 817 818 819 820 821 822 823 824 825 826 827 828 829 830 831 832 833 834 835 836 837 838 839 840 841 842 843 844 845 846 847 848 849 | 672 851 852 853 854 855 856 857 858 859 860 861 862 863 864 865 866 867 868 869 870 871 872 873 874 875 876 877 878 879 880 881 882 883 884 885 886 887 888 889 890 891 892 893 894 895 896 897 898 899 900 901 902 903 904 905 906 907 908 909 910 911 | 962 912 913 914 915 916 |
>MST_20
 934 935 936 937 938 939 940 941 942 943 944 945 946 947 948 949 950 951 952 953 954 955 956 957 958 959 960 961 | 485 486 487 488 489 490 491 492 493 494 495 496 497 498 499 500 501 502 503 504 505 506 507 508 509 510 511 512 513 514 515 516 517 518 519 520 521 522 523 524 525 526 527 528 529 530 531 532 533 534 535 536 537 538 539 540 541 542 543 544 545 546 547 548 549 550 551 552 553 554 555 556 557 558 559 560 561 562 563 564 565 566 567 568 569 570 571 572 573 574 575 576 577 578 579 580 581 582 583 584 585 586 587 588 589 590 591 592 593 594 595 596 597 598 599 600 601 602 603 604 605 606 607 608 609 610 611 612 613 614 615 616 617 618 619 620 621 622 623 624 625 626 627 628 629 630 631 632 633 634 635 636 637 638 639 640 641 642 643 644 645 646 647 | 64 65 66 67 68 69 70 71 72 73 74 75 76 77 78 79 80 | 425 426 427 428 429 430 431 432 433 434 435 436 437 | 81 82 83 84 85 86 87 88 89 90 91 92 93 94 95 96 97 98 99 100 101 102 103 104 105 106 107 108 109 110 111 112 113 114 115 116 117 118 119 120 121 122 123 124 125 126 127 128 129 130 131 132 133 134 135 136 137 138 139 140 141 142 143 144 145 146 147 148 149 150 151 152 153 154 155 156 157 158 159 160 161 162 163 164 165 166 167 168 169 170 171 172 173 174 175 176 177 178 179 180 181 182 183 184 185 186 187 188 189 190 191 192 193 194 195 196 197 198 199 200 201 202 203 204 205 206 207 208 209 210 211 212 213 214 215 216 217 218 219 220 221 222 223 224 225 226 227 228 229 230 231 232 233 234 235 236 237 238 239 240 241 242 243 244 245 246 247 248 249 250 | 648 649 650 651 652 653 654 655 656 657 658 659 660 661 662 663 664 665 666 667 668 669 670 671 | 994 995 996 997 998 999 | 251 252 253 254 | 438 439 440 441 442 443 444 445 446 447 448 449 450 451 452 453 454 455 456 457 458 459 460 461 462 463 464 465 466 467 468 469 470 471 472 473 474 475 476 477 478 479 480 481 482 483 484 | 255 256 257 258 259 260 261 262 263 264 265 266 267 268 269 270 271 272 273 274 275 276 277 278 279 280 281 282 283 284 285 286 287 288 289 290 291 292 293 294 295 296 297 298 299 300 301 302 303 304 305 306 307 308 309 310 311 312 313 314 315 316 317 | 318 673 674 675 676 677 678 679 680 681 682 683 684 685 686 687 688 689 690 691 692 693 694 695 696 697 698 699 700 701 702 703 704 705 706 707 708 709 710 711 712 713 714 715 716 717 718 719 720 721 722 723 724 725 726 727 728 729 730 731 732 733 734 735 736 737 738 739 740 741 742 743 744 745 746 747 748 749 750 751 752 753 754 755 756 757 758 759 760 761 762 763 764 765 766 767 56 57 58 59 60 61 62 63 | 933 918 919 920 921 922 923 924 925 926 927 928 929 930 931 932 | 55 1 2 3 4 5 6 7 8 9 10 11 12 13 14 15 16 17 18 19 20 21 22 23 24 25 26 27 28 29 30 31 32 33 34 35 36 37 38 39 40 41 42 43 44 45 46 47 48 49 50 51 52 53 54 | 424 963 964 965 966 967 968 969 970 971 972 973 974 975 976 977 978 979 980 981 982 983 984 985 986 987 988 989 990 991 992 993 | 850 319 320 321 322 323 324 325 326 327 328 329 330 331 332 333 334 335 336 337 338 339 340 341 342 343 344 345 346 347 348 349 350 351 352 353 354 355 356 357 358 359 360 361 362 363 364 365 366 367 368 369 370 371 372 373 374 375 376 377 378 379 380 381 382 383 384 385 386 387 388 389 390 391 392 393 394 395 396 397 398 399 400 401 402 403 404 405 406 407 408 409 410 411 412 413 414 415 416 417 418 419 420 421 422 423 | 917 768 769 770 771 772 773 774 775 776 777 778 779 780 781 782 783 784 785 786 787 788 789 790 791 792 793 794 795 796 797 798 799 800 801 802 803 804 805 806 807 808 809 810 811 812 813 814 815 816 817 818 819 820 821 822 823 824 825 826 827 828 829 830 831 832 833 834 835 836 837 838 839 840 841 842 843 844 845 846 847 848 849 | 672 851 852 853 854 855 856 857 858 859 860 861 862 863 864 865 866 867 868 869 870 871 872 873 874 875 876 877 878 879 880 881 882 883 884 885 886 887 888 889 890 891 892 893 894 895 896 897 898 899 900 901 902 903 904 905 906 907 908 909 910 911 912 913 914 915 916 |
>MST_21
 934 935 936 937 938 939 940 941 942 943 944 945 946 947 948 949 950 951 952 953 954 955 956 957 958 959 960 961 | 485 486 487 488 489 490 491 492 493 494 495 496 497 498 499 500 501 502 503 504 505 506 507 508 509 510 511 512 513 514 515 516 517 518 519 520 521 522 523 524 525 526 527 528 529 530 531 532 533 534 535 536 537 538 539 540 541 542 543 544 545 546 547 548 549 550 551 552 553 554 555 556 557 558 559 560 561 562 563 564 565 566 567 568 569 570 571 572 573 574 575 576 577 578 579 580 581 582 583 584 585 586 587 588 589 590 591 592 593 594 595 596 597 598 599 600 601 602 603 604 605 606 607 608 609 610 611 612 613 614 615 616 617 618 619 620 621 622 623 624 625 626 627 628 629 630 631 632 633 634 635 636 637 638 639 640 641 642 643 644 645 646 647 | 64 65 66 67 68 69 70 71 72 73 74 75 76 77 78 79 80 | 81 82 83 84 85 86 87 88 89 90 91 92 93 94 95 96 97 98 99 100 101 102 103 104 105 106 107 108 109 110 111 112 113 114 115 116 117 118 119 120 121 122 123 124 125 126 127 128 129 130 131 132 133 134 135 136 137 138 139 140 141 142 143 144 145 146 147 148 149 150 151 152 153 154 155 156 157 158 159 160 161 162 163 164 165 166 167 168 169 170 171 172 173 174 175 176 177 178 179 180 181 182 183 184 185 186 187 188 189 190 191 192 193 194 195 196 197 198 199 200 201 202 203 204 205 206 207 208 209 210 211 212 213 214 215 216 217 218 219 220 221 222 223 224 225 226 227 228 229 230 231 232 233 234 235 236 237 238 239 240 241 242 243 244 245 246 247 248 249 250 | 648 649 650 651 652 653 654 655 656 657 658 659 660 661 662 663 664 665 666 667 668 669 670 671 | 994 995 996 997 998 999 | 251 252 253 254 | 438 439 440 441 442 443 444 445 446 447 448 449 450 451 452 453 454 455 456 457 458 459 460 461 462 463 464 465 466 467 468 469 470 471 472 473 474 475 476 477 478 479 480 481 482 483 484 | 255 256 257 258 259 260 261 262 263 264 265 266 267 268 269 270 271 272 273 274 275 276 277 278 279 280 281 282 283 284 285 286 287 288 289 290 291 292 293 294 295 296 297 298 299 300 301 302 303 304 305 306 307 308 309 310 311 312 313 314 315 316 317 | 318 673 674 675 676 677 678 679 680 681 682 683 684 685 686 687 688 689 690 691 692 693 694 695 696 697 698 699 700 701 702 703 704 705 706 707 708 709 710 711 712 713 714 715 716 717 718 719 720 721 722 723 724 725 726 727 728 729 730 731 732 733 734 735 736 737 738 739 740 741 742 743 744 745 746 747 748 749 750 751 752 753 754 755 756 757 758 759 760 761 762 763 764 765 766 767 56 57 58 59 60 61 62 63 | 933 918 919 920 921 922 923 924 925 926 927 928 929 930 931 932 | 55 1 2 3 4 5 6 7 8 9 10 11 12 13 14 15 16 17 18 19 20 21 22 23 24 25 26 27 28 29 30 31 32 33 34 35 36 37 38 39 40 41 42 43 44 45 46 47 48 49 50 51 52 53 54 | 424 963 964 965 966 967 968 969 970 971 972 973 974 975 976 977 978 979 980 981 982 983 984 985 986 987 988 989 990 991 992 993 | 850 319 320 321 322 323 324 325 326 327 328 329 330 331 332 333 334 335 336 337 338 339 340 341 342 343 344 345 346 347 348 349 350 351 352 353 354 355 356 357 358 359 360 361 362 363 364 365 366 367 368 369 370 371 372 373 374 375 376 377 378 379 380 381 382 383 384 385 386 387 388 389 390 391 392 393 394 395 396 397 398 399 400 401 402 403 404 405 406 407 408 409 410 411 412 413 414 415 416 417 418 419 420 421 422 423 | 917 768 769 770 771 772 773 774 775 776 777 778 779 780 781 782 783 784 785 786 787 788 789 790 791 792 793 794 795 796 797 798 799 800 801 802 803 804 805 806 807 808 809 810 811 812 813 814 815 816 817 818 819 820 821 822 823 824 825 826 827 828 829 830 831 832 833 834 835 836 837 838 839 840 841 842 843 844 845 846 847 848 849 | 672 851 852 853 854 855 856 857 858 859 860 861 862 863 864 865 866 867 868 869 870 871 872 873 874 875 876 877 878 879 880 881 882 883 884 885 886 887 888 889 890 891 892 893 894 895 896 897 898 899 900 901 902 903 904 905 906 907 908 909 910 911 912 913 914 915 916 | 0 425 426 427 428 429 430 431 432 433 434 435 436 437 |
>MST_22
 934 935 936 937 938 939 940 941 942 943 944 945 946 947 948 949 950 951 952 953 954 955 956 957 958 959 960 961 | 485 486 487 488 489 490 491 492 493 494 495 496 497 498 499 500 501 502 503 504 505 506 507 508 509 510 511 512 513 514 515 516 517 518 519 520 521 522 523 524 525 526 527 528 529 530 531 532 533 534 535 536 537 538 539 540 541 542 543 544 545 546 547 548 549 550 551 552 553 554 555 556 557 558 559 560 561 562 563 564 565 566 567 568 569 570 571 572 573 574 575 576 577 578 579 580 581 582 583 584 585 586 587 588 589 590 591 592 593 594 595 596 597 598 599 600 601 602 603 604 605 606 607 608 609 610 611 612 613 614 615 616 617 618 619 620 621 622 623 624 625 626 627 628 629 630 631 632 633 634 635 636 637 638 639 640 641 642 643 644 645 646 647 | 64 65 66 67 68 69 70 71 72 73 74 75 76 77 78 79 80 | 81 82 83 84 85 86 87 88 89 90 91 92 93 94 95 96 97 98 99 100 101 102 103 104 105 106 107 108 109 110 111 112 113 114 115 116 117 118 119 120 121 122 123 124 125 126 127 128 129 130 131 132 133 134 135 136 137 138 139 140 141 142 143 144 145 146 147 148 149 150 151 152 153 154 155 156 157 158 159 160 161 162 163 164 165 166 167 168 169 170 171 172 173 174 175 176 177 178 179 180 181 182 183 184 185 186 187 188 189 190 191 192 193 194 195 196 197 198 199 200 201 202 203 204 205 206 207 208 209 210 211 212 213 214 215 216 217 218 219 220 221 222 223 224 225 226 227 228 229 230 231 232 233 234 235 236 237 238 239 240 241 242 243 244 245 246 247 248 249 250 | 648 649 650 651 652 653 654 655 656 657 658 659 660 661 662 663 664 665 666 667 668 669 670 671 | 994 995 996 997 998 999 | 251 252 253 254 | 438 439 440 441 442 443 444 445 446 447 448 449 450 451 452 453 454 455 456 457 458 459 460 461 462 463 464 465 466 467 468 469 470 471 472 473 474 475 476 477 478 479 480 481 482 483 484 | 255 256 257 258 259 260 261 262 263 264 265 266 267 268 269 270 271 272 273 274 275 276 277 278 279 280 281 282 283 284 285 286 287 288 289 290 291 292 293 294 295 296 297 298 299 300 301 302 303 304 305 306 307 308 309 310 311 312 313 314 315 316 317 | 318 673 674 675 676 677 678 679 680 681 682 683 684 685 686 687 688 689 690 691 692 693 694 695 696 697 698 699 700 701 702 703 704 705 706 707 708 709 710 711 712 713 714 715 716 717 718 719 720 721 722 723 724 725 726 727 728 729 730 731 732 733 734 735 736 737 738 739 740 741 742 743 744 745 746 747 748 749 750 751 752 753 754 755 756 757 758 759 760 761 762 763 764 765 766 767 768 769 770 771 772 773 774 775 776 777 778 779 780 781 782 783 784 785 786 787 788 789 790 791 792 793 794 795 796 797 798 799 800 801 802 803 804 805 806 807 808 809 810 811 812 813 814 815 816 817 818 819 820 821 822 823 824 825 826 827 828 829 830 831 832 833 834 835 836 837 838 839 840 841 842 843 844 845 846 847 848 849 | 933 918 919 920 921 922 923 924 925 926 927 928 929 930 931 932 | 55 1 2 3 4 5 6 7 8 9 10 11 12 13 14 15 16 17 18 19 20 21 22 23 24 25 26 27 28 29 30 31 32 33 34 35 36 37 38 39 40 41 42 43 44 45 46 47 48 49 50 51 52 53 54 | 424 963 964 965 966 967 968 969 970 971 972 973 974 975 976 977 978 979 980 981 982 983 984 985 986 987 988 989 990 991 992 993 | 850 319 320 321 322 323 324 325 326 327 328 329 330 331 332 333 334 335 336 337 338 339 340 341 342 343 344 345 346 347 348 349 350 351 352 353 354 355 356 357 358 359 360 361 362 363 364 365 366 367 368 369 370 371 372 373 374 375 376 377 378 379 380 381 382 383 384 385 386 387 388 389 390 391 392 393 394 395 396 397 398 399 400 401 402 403 404 405 406 407 408 409 410 411 412 413 414 415 416 417 418 419 420 421 422 423 | 672 851 852 853 854 855 856 857 858 859 860 861 862 863 864 865 866 867 868 869 870 871 872 873 874 875 876 877 878 879 880 881 882 883 884 885 886 887 888 889 890 891 892 893 894 895 896 897 898 899 900 901 902 903 904 905 906 907 908 909 910 911 912 913 914 915 916 | 0 425 426 427 428 429 430 431 432 433 434 435 436 437 | 917 56 57 58 59 60 61 62 63 |
>MST_23
 934 935 936 937 938 939 940 941 942 943 944 945 946 947 948 949 950 951 952 953 954 955 956 957 958 959 960 961 | 485 486 487 488 489 490 491 492 493 494 495 496 497 498 499 500 501 502 503 504 505 506 507 508 509 510 511 512 513 514 515 516 517 518 519 520 521 522 523 524 525 526 527 528 529 530 531 532 533 534 535 536 537 538 539 540 541 542 543 544 545 546 547 548 549 550 551 552 553 554 555 556 557 558 559 560 561 562 563 564 565 566 567 568 569 570 571 572 573 574 575 576 577 578 579 580 581 582 583 584 585 586 587 588 589 590 591 592 593 594 595 596 597 598 599 600 601 602 603 604 605 606 607 608 609 610 611 612 613 614 615 616 617 618 619 620 621 622 623 624 625 626 627 628 629 630 631 632 633 634 635 636 637 638 639 640 641 642 643 644 645 646 647 | 64 65 66 67 68 69 70 71 72 73 74 75 76 77 78 79 80 | 81 82 83 84 85 86 87 88 89 90 91 92 93 94 95 96 97 98 99 100 101 102 103 104 105 106 107 108 109 110 111 112 113 114 115 116 117 118 119 120 121 122 123 124 125 126 127 128 129 130 131 132 133 134 135 136 137 138 139 140 141 142 143 144 145 146 147 148 149 150 151 152 153 154 155 156 157 158 159 160 161 162 163 164 165 166 167 168 169 170 171 172 173 174 175 176 177 178 179 180 181 182 183 184 185 186 187 188 189 190 191 192 193 194 195 196 197 198 199 200 201 202 203 204 205 206 207 208 209 210 211 212 213 214 215 216 217 218 219 220 221 222 223 224 225 226 227 228 229 230 231 232 233 234 235 236 237 238 239 240 241 242 243 244 245 246 247 248 249 250 | 648 649 650 651 652 653 654 655 656 657 658 659 660 661 662 663 664 665 666 667 668 669 670 671 | 994 995 996 997 998 999 | 251 252 253 254 | 438 439 440 441 442 443 444 445 446 447 448 449 450 451 452 453 454 455 456 457 458 459 460 461 462 463 464 465 466 467 468 469 470 471 472 473 474 475 476 477 478 479 480 481 482 483 484 | 255 256 257 258 259 260 261 262 263 264 265 266 267 268 269 270 271 272 273 274 275 276 277 278 279 280 281 282 283 284 285 286 287 288 289 290 291 292 293 294 295 296 297 298 299 300 301 302 303 304 305 306 307 308 309 310 311 312 313 314 315 316 317 | 318 673 674 675 676 677 678 679 680 681 682 683 684 685 686 687 688 689 690 691 692 693 694 695 696 697 698 699 700 701 702 703 704 705 706 707 708 709 710 711 712 713 714 715 716 717 718 719 720 721 722 723 724 725 726 727 728 729 730 731 732 733 734 735 736 737 738 739 740 741 742 743 744 745 746 747 748 749 750 751 752 753 754 755 756 757 758 759 760 761 762 763 764 765 766 767 768 769 770 771 772 773 774 775 776 777 778 779 780 781 782 783 784 785 786 787 788 789 790 791 792 793 794 795 796 797 798 799 800 801 802 803 804 805 806 807 808 809 810 811 812 813 814 815 816 817 818 819 820 821 822 823 824 825 826 827 828 829 830 831 832 833 834 835 836 837 838 839 840 841 842 843 844 845 846 847 848 849 | 933 918 919 920 921 922 923 924 925 926 927 928 929 930 931 932 | 55 1 2 3 4 5 6 7 8 9 10 11 12 13 14 15 16 17 18 19 20 21 22 23 24 25 26 27 28 29 30 31 32 33 34 35 36 37 38 39 40 41 42 43 44 45 46 47 48 49 50 51 52 53 54 | 424 963 964 965 966 967 968 969 970 971 972 973 974 975 976 977 978 979 980 981 982 983 984 985 986 987 988 989 990 991 992 993 | 850 319 320 321 322 323 324 325 326 327 328 329 330 331 332 333 334 335 336 337 338 339 340 341 342 343 344 345 346 347 348 349 350 351 352 353 354 355 356 357 358 359 360 361 362 363 364 365 366 367 368 369 370 371 372 373 374 375 376 377 378 379 380 381 382 383 384 385 386 387 388 389 390 391 392 393 394 395 396 397 398 399 400 401 402 403 404 405 406 407 408 409 410 411 412 413 414 415 416 417 418 419 420 421 422 423 | 672 851 852 853 854 855 856 857 858 859 860 861 862 863 864 865 866 867 868 869 870 871 872 873 874 875 876 877 878 879 880 881 882 883 884 885 886 887 888 889 890 891 892 893 894 895 896 897 898 899 900 901 902 903 904 905 906 907 908 909 910 911 912 913 914 915 916 | 0 425 426 427 428 429 430 431 432 433 434 435 436 437 | 917 56 57 58 59 60 61 62 63 |
>MST_24
 851 852 853 854 855 856 857 858 859 860 861 862 863 864 865 866 867 868 869 870 871 872 873 874 875 876 877 878 879 880 881 882 883 884 885 886 887 888 889 890 891 892 893 894 895 896 897 898 899 900 901 902 903 904 905 906 907 908 909 910 911 912 913 914 915 916 | 485 486 487 488 489 490 491 492 493 494 495 496 497 498 499 500 501 502 503 504 505 506 507 508 509 510 511 512 513 514 515 516 517 518 519 520 521 522 523 524 525 526 527 528 529 530 531 532 533 534 535 536 537 538 539 540 541 542 543 544 545 546 547 548 549 550 551 552 553 554 555 556 557 558 559 560 561 562 563 564 565 566 567 568 569 570 571 572 573 574 575 576 577 578 579 580 581 582 583 584 585 586 587 588 589 590 591 592 593 594 595 596 597 598 599 600 601 602 603 604 605 606 607 608 609 610 611 612 613 614 615 616 617 618 619 620 621 622 623 624 625 626 627 628 629 630 631 632 633 634 635 636 637 638 639 640 641 642 643 644 645 646 647 648 649 650 651 652 653 654 655 656 657 658 659 660 661 662 663 664 665 666 667 668 669 670 671 | 81 82 83 84 85 86 87 88 89 90 91 92 93 94 95 96 97 98 99 100 101 102 103 104 105 106 107 108 109 110 111 112 113 114 115 116 117 118 119 120 121 122 123 124 125 126 127 128 129 130 131 132 133 134 135 136 137 138 139 140 141 142 143 144 145 146 147 148 149 150 151 152 153 154 155 156 157 158 159 160 161 162 163 164 165 166 167 168 169 170 171 172 173 174 175 176 177 178 179 180 181 182 183 184 185 186 187 188 189 190 191 192 193 194 195 196 197 198 199 200 201 202 203 204 205 206 207 208 209 210 211 212 213 214 215 216 217 218 219 220 221 222 223 224 225 226 227 228 229 230 231 232 233 234 235 236 237 238 239 240 241 242 243 244 245 246 247 248 249 250 251 252 253 254 | 255 256 257 258 259 260 261 262 263 264 265 266 267 268 269 270 271 272 273 274 275 276 277 278 279 280 281 282 283 284 285 286 287 288 289 290 291 292 293 294 295 296 297 298 299 300 301 302 303 304 305 306 307 308 309 310 311 312 313 314 315 316 317 318 319 320 321 322 323 324 325 326 327 328 329 330 331 332 333 334 335 336 337 338 339 340 341 342 343 344 345 346 347 348 349 350 351 352 353 354 355 356 357 358 359 360 361 362 363 364 365 366 367 368 369 370 371 372 373 374 375 376 377 378 379 380 381 382 383 384 385 386 387 388 389 390 391 392 393 394 395 396 397 398 399 400 401 402 403 404 405 406 407 408 409 410 411 412 413 414 415 416 417 418 419 420 421 422 423 | 672 673 674 675 676 677 678 679 680 681 682 683 684 685 686 687 688 689 690 691 692 693 694 695 696 697 698 699 700 701 702 703 704 705 706 707 708 709 710 711 712 713 714 715 716 717 718 719 720 721 722 723 724 725 726 727 728 729 730 731 732 733 734 735 736 737 738 739 740 741 742 743 744 745 746 747 748 749 750 751 752 753 754 755 756 757 758 759 760 761 762 763 764 765 766 767 768 769 770 771 772 773 774 775 776 777 778 779 780 781 782 783 784 785 786 787 788 789 790 791 792 793 794 795 796 797 798 799 800 801 802 803 804 805 806 807 808 809 810 811 812 813 814 815 816 817 818 819 820 821 822 823 824 825 826 827 828 829 830 831 832 833 834 835 836 837 838 839 840 841 842 843 844 845 846 847 848 849 | 933 918 919 920 921 922 923 924 925 926 927 928 929 930 931 932 | 55 1 2 3 4 5 6 7 8 9 10 11 12 13 14 15 16 17 18 19 20 21 22 23 24 25 26 27 28 29 30 31 32 33 34 35 36 37 38 39 40 41 42 43 44 45 46 47 48 49 50 51 52 53 54 | 424 963 964 965 966 967 968 969 970 971 972 973 974 975 976 977 978 979 980 981 982 983 984 985 986 987 988 989 990 991 992 993 994 995 996 997 998 999 | 0 425 426 427 428 429 430 431 432 433 434 435 436 437 438 439 440 441 442 443 444 445 446 447 448 449 450 451 452 453 454 455 456 457 458 459 460 461 462 463 464 465 466 467 468 469 470 471 472 473 474 475 476 477 478 479 480 481 482 483 484 | 917 56 57 58 59 60 61 62 63 64 65 66 67 68 69 70 71 72 73 74 75 76 77 78 79 80 | 962 934 935 936 937 938 939 940 941 942 943 944 945 946 947 948 949 950 951 952 953 954 955 956 957 958 959 960 961 |
>MST_25
 255 256 257 258 259 260 261 262 263 264 265 266 267 268 269 270 271 272 273 274 275 276 277 278 279 280 281 282 283 284 285 286 287 288 289 290 291 292 293 294 295 296 297 298 299 300 301 302 303 304 305 306 307 308 309 310 311 312 313 314 315 316 317 318 319 320 321 322 323 324 325 326 327 328 329 330 331 332 333 334 335 336 337 338 339 340 341 342 343 344 345 346 347 348 349 350 351 352 353 354 355 356 357 358 359 360 361 362 363 364 365 366 367 368 369 370 371 372 373 374 375 376 377 378 379 380 381 382 383 384 385 386 387 388 389 390 391 392 393 394 395 396 397 398 399 400 401 402 403 404 405 406 407 408 409 410 411 412 413 414 415 416 417 418 419 420 421 422 423 | 933 918 919 920 921 922 923 924 925 926 927 928 929 930 931 932 | 55 1 2 3 4 5 6 7 8 9 10 11 12 13 14 15 16 17 18 19 20 21 22 23 24 25 26 27 28 29 30 31 32 33 34 35 36 37 38 39 40 41 42 43 44 45 46 47 48 49 50 51 52 53 54 | 424 963 964 965 966 967 968 969 970 971 972 973 974 975 976 977 978 979 980 981 982 983 984 985 986 987 988 989 990 991 992 993 994 995 996 997 998 999 | 0 425 426 427 428 429 430 431 432 433 434 435 436 437 438 439 440 441 442 443 444 445 446 447 448 449 450 451 452 453 454 455 456 457 458 459 460 461 462 463 464 465 466 467 468 469 470 471 472 473 474 475 476 477 478 479 480 481 482 483 484 485 486 487 488 489 490 491 492 493 494 495 496 497 498 499 500 501 502 503 504 505 506 507 508 509 510 511 512 513 514 515 516 517 518 519 520 521 522 523 524 525 526 527 528 529 530 531 532 533 534 535 536 537 538 539 540 541 542 543 544 545 546 547 548 549 550 551 552 553 554 555 556 557 558 559 560 561 562 563 564 565 566 567 568 569 570 571 572 573 574 575 576 577 578 579 580 581 582 583 584 585 586 587 588 589 590 591 592 593 594 595 596 597 598 599 600 601 602 603 604 605 606 607 608 609 610 611 612 613 614 615 616 617 618 619 620 621 622 623 624 625 626 627 628 629 630 631 632 633 634 635 636 637 638 639 640 641 642 643 644 645 646 647 648 649 650 651 652 653 654 655 656 657 658 659 660 661 662 663 664 665 666 667 668 669 670 671 672 673 674 675 676 677 678 679 680 681 682 683 684 685 686 687 688 689 690 691 692 693 694 695 696 697 698 699 700 701 702 703 704 705 706 707 708 709 710 711 712 713 714 715 716 717 718 719 720 721 722 723 724 725 726 727 728 729 730 731 732 733 734 735 736 737 738 739 740 741 742 743 744 745 746 747 748 749 750 751 752 753 754 755 756 757 758 759 760 761 762 763 764 765 766 767 768 769 770 771 772 773 774 775 776 777 778 779 780 781 782 783 784 785 786 787 788 789 790 791 792 793 794 795 796 797 798 799 800 801 802 803 804 805 806 807 808 809 810 811 812 813 814 815 816 817 818 819 820 821 822 823 824 825 826 827 828 829 830 831 832 833 834 835 836 837 838 839 840 841 842 843 844 845 846 847 848 849 850 851 852 853 854 855 856 857 858 859 860 861 862 863 864 865 866 867 868 869 870 871 872 873 874 875 876 877 878 879 880 881 882 883 884 885 886 887 888 889 890 891 892 893 894 895 896 897 898 899 900 901 902 903 904 905 906 907 908 909 910 911 912 913 914 915 916 | 917 56 57 58 59 60 61 62 63 64 65 66 67 68 69 70 71 72 73 74 75 76 77 78 79 80 81 82 83 84 85 86 87 88 89 90 91 92 93 94 95 96 97 98 99 100 101 102 103 104 105 106 107 108 109 110 111 112 113 114 115 116 117 118 119 120 121 122 123 124 125 126 127 128 129 130 131 132 133 134 135 136 137 138 139 140 141 142 143 144 145 146 147 148 149 150 151 152 153 154 155 156 157 158 159 160 161 162 163 164 165 166 167 168 169 170 171 172 173 174 175 176 177 178 179 180 181 182 183 184 185 186 187 188 189 190 191 192 193 194 195 196 197 198 199 200 201 202 203 204 205 206 207 208 209 210 211 212 213 214 215 216 217 218 219 220 221 222 223 224 225 226 227 228 229 230 231 232 233 234 235 236 237 238 239 240 241 242 243 244 245 246 247 248 249 250 251 252 253 254 | 962 934 935 936 937 938 939 940 941 942 943 944 945 946 947 948 949 950 951 952 953 954 955 956 957 958 959 960 961 |
>MST_26
 255 256 257 258 259 260 261 262 263 264 265 266 267 268 269 270 271 272 273 274 275 276 277 278 279 280 281 282 283 284 285 286 287 288 289 290 291 292 293 294 295 296 297 298 299 300 301 302 303 304 305 306 307 308 309 310 311 312 313 314 315 316 317 318 319 320 321 322 323 324 325 326 327 328 329 330 331 332 333 334 335 336 337 338 339 340 341 342 343 344 345 346 347 348 349 350 351 352 353 354 355 356 357 358 359 360 361 362 363 364 365 366 367 368 369 370 371 372 373 374 375 376 377 378 379 380 381 382 383 384 385 386 387 388 389 390 391 392 393 394 395 396 397 398 399 400 401 402 403 404 405 406 407 408 409 410 411 412 413 414 415 416 417 418 419 420 421 422 423 | 933 918 919 920 921 922 923 924 925 926 927 928 929 930 931 932 | 55 1 2 3 4 5 6 7 8 9 10 11 12 13 14 15 16 17 18 19 20 21 22 23 24 25 26 27 28 29 30 31 32 33 34 35 36 37 38 39 40 41 42 43 44 45 46 47 48 49 50 51 52 53 54 | 424 963 964 965 966 967 968 969 970 971 972 973 974 975 976 977 978 979 980 981 982 983 984 985 986 987 988 989 990 991 992 993 994 995 996 997 998 999 | 0 425 426 427 428 429 430 431 432 433 434 435 436 437 438 439 440 441 442 443 444 445 446 447 448 449 450 451 452 453 454 455 456 457 458 459 460 461 462 463 464 465 466 467 468 469 470 471 472 473 474 475 476 477 478 479 480 481 482 483 484 485 486 487 488 489 490 491 492 493 494 495 496 497 498 499 500 501 502 503 504 505 506 507 508 509 510 511 512 513 514 515 516 517 518 519 520 521 522 523 524 525 526 527 528 529 530 531 532 533 534 535 536 537 538 539 540 541 542 543 544 545 546 547 548 549 550 551 552 553 554 555 556 557 558 559 560 561 562 563 564 565 566 567 568 569 570 571 572 573 574 575 576 577 578 579 580 581 582 583 584 585 586 587 588 589 590 591 592 593 594 595 596 597 598 599 600 601 602 603 604 605 606 607 608 609 610 611 612 613 614 615 616 617 618 619 620 621 622 623 624 625 626 627 628 629 630 631 632 633 634 635 636 637 638 639 640 641 642 643 644 645 646 647 648 649 650 651 652 653 654 655 656 657 658 659 660 661 662 663 664 665 666 667 668 669 670 671 672 673 674 675 676 677 678 679 680 681 682 683 684 685 686 687 688 689 690 691 692 693 694 695 696 697 698 699 700 701 702 703 704 705 706 707 708 709 710 711 712 713 714 715 716 717 718 719 720 721 722 723 724 725 726 727 728 729 730 731 732 733 734 735 736 737 738 739 740 741 742 743 744 745 746 747 748 749 750 751 752 753 754 755 756 757 758 759 760 761 762 763 764 765 766 767 768 769 770 771 772 773 774 775 776 777 778 779 780 781 782 783 784 785 786 787 788 789 790 791 792 793 794 795 796 797 798 799 800 801 802 803 804 805 806 807 808 809 810 811 812 813 814 815 816 817 818 819 820 821 822 823 824 825 826 827 828 829 830 831 832 833 834 835 836 837 838 839 840 841 842 843 844 845 846 847 848 849 850 851 852 853 854 855 856 857 858 859 860 861 862 863 864 865 866 867 868 869 870 871 872 873 874 875 876 877 878 879 880 881 882 883 884 885 886 887 888 889 890 891 892 893 894 895 896 897 898 899 900 901 902 903 904 905 906 907 908 909 910 911 912 913 914 915 916 | 917 56 57 58 59 60 61 62 63 64 65 66 67 68 69 70 71 72 73 74 75 76 77 78 79 80 81 82 83 84 85 86 87 88 89 90 91 92 93 94 95 96 97 98 99 100 101 102 103 104 105 106 107 108 109 110 111 112 113 114 115 116 117 118 119 120 121 122 123 124 125 126 127 128 129 130 131 132 133 134 135 136 137 138 139 140 141 142 143 144 145 146 147 148 149 150 151 152 153 154 155 156 157 158 159 160 161 162 163 164 165 166 167 168 169 170 171 172 173 174 175 176 177 178 179 180 181 182 183 184 185 186 187 188 189 190 191 192 193 194 195 196 197 198 199 200 201 202 203 204 205 206 207 208 209 210 211 212 213 214 215 216 217 218 219 220 221 222 223 224 225 226 227 228 229 230 231 232 233 234 235 236 237 238 239 240 241 242 243 244 245 246 247 248 249 250 251 252 253 254 | 962 934 935 936 937 938 939 940 941 942 943 944 945 946 947 948 949 950 951 952 953 954 955 956 957 958 959 960 961 |
>MST_27
 255 256 257 258 259 260 261 262 263 264 265 266 267 268 269 270 271 272 273 274 275 276 277 278 279 280 281 282 283 284 285 286 287 288 289 290 291 292 293 294 295 296 297 298 299 300 301 302 303 304 305 306 307 308 309 310 311 312 313 314 315 316 317 318 319 320 321 322 323 324 325 326 327 328 329 330 331 332 333 334 335 336 337 338 339 340 341 342 343 344 345 346 347 348 349 350 351 352 353 354 355 356 357 358 359 360 361 362 363 364 365 366 367 368 369 370 371 372 373 374 375 376 377 378 379 380 381 382 383 384 385 386 387 388 389 390 391 392 393 394 395 396 397 398 399 400 401 402 403 404 405 406 407 408 409 410 411 412 413 414 415 416 417 418 419 420 421 422 423 | 933 918 919 920 921 922 923 924 925 926 927 928 929 930 931 932 | 55 1 2 3 4 5 6 7 8 9 10 11 12 13 14 15 16 17 18 19 20 21 22 23 24 25 26 27 28 29 30 31 32 33 34 35 36 37 38 39 40 41 42 43 44 45 46 47 48 49 50 51 52 53 54 | 424 963 964 965 966 967 968 969 970 971 972 973 974 975 976 977 978 979 980 981 982 983 984 985 986 987 988 989 990 991 992 993 994 995 996 997 998 999 | 0 425 426 427 428 429 430 431 432 433 434 435 436 437 438 439 440 441 442 443 444 445 446 447 448 449 450 451 452 453 454 455 456 457 458 459 460 461 462 463 464 465 466 467 468 469 470 471 472 473 474 475 476 477 478 479 480 481 482 483 484 485 486 487 488 489 490 491 492 493 494 495 496 497 498 499 500 501 502 503 504 505 506 507 508 509 510 511 512 513 514 515 516 517 518 519 520 521 522 523 524 525 526 527 528 529 530 531 532 533 534 535 536 537 538 539 540 541 542 543 544 545 546 547 548 549 550 551 552 553 554 555 556 557 558 559 560 561 562 563 564 565 566 567 568 569 570 571 572 573 574 575 576 577 578 579 580 581 582 583 584 585 586 587 588 589 590 591 592 593 594 595 596 597 598 599 600 601 602 603 604 605 606 607 608 609 610 611 612 613 614 615 616 617 618 619 620 621 622 623 624 625 626 627 628 629 630 631 632 633 634 635 636 637 638 639 640 641 642 643 644 645 646 647 648 649 650 651 652 653 654 655 656 657 658 659 660 661 662 663 664 665 666 667 668 669 670 671 672 673 674 675 676 677 678 679 680 681 682 683 684 685 686 687 688 689 690 691 692 693 694 695 696 697 698 699 700 701 702 703 704 705 706 707 708 709 710 711 712 713 714 715 716 717 718 719 720 721 722 723 724 725 726 727 728 729 730 731 732 733 734 735 736 737 738 739 740 741 742 743 744 745 746 747 748 749 750 751 752 753 754 755 756 757 758 759 760 761 762 763 764 765 766 767 768 769 770 771 772 773 774 775 776 777 778 779 780 781 782 783 784 785 786 787 788 789 790 791 792 793 794 795 796 797 798 799 800 801 802 803 804 805 806 807 808 809 810 811 812 813 814 815 816 817 818 819 820 821 822 823 824 825 826 827 828 829 830 831 832 833 834 835 836 837 838 839 840 841 842 843 844 845 846 847 848 849 850 851 852 853 854 855 856 857 858 859 860 861 862 863 864 865 866 867 868 869 870 871 872 873 874 875 876 877 878 879 880 881 882 883 884 885 886 887 888 889 890 891 892 893 894 895 896 897 898 899 900 901 902 903 904 905 906 907 908 909 910 911 912 913 914 915 916 | 917 56 57 58 59 60 61 62 63 64 65 66 67 68 69 70 71 72 73 74 75 76 77 78 79 80 81 82 83 84 85 86 87 88 89 90 91 92 93 94 95 96 97 98 99 100 101 102 103 104 105 106 107 108 109 110 111 112 113 114 115 116 117 118 119 120 121 122 123 124 125 126 127 128 129 130 131 132 133 134 135 136 137 138 139 140 141 142 143 144 145 146 147 148 149 150 151 152 153 154 155 156 157 158 159 160 161 162 163 164 165 166 167 168 169 170 171 172 173 174 175 176 177 178 179 180 181 182 183 184 185 186 187 188 189 190 191 192 193 194 195 196 197 198 199 200 201 202 203 204 205 206 207 208 209 210 211 212 213 214 215 216 217 218 219 220 221 222 223 224 225 226 227 228 229 230 231 232 233 234 235 236 237 238 239 240 241 242 243 244 245 246 247 248 249 250 251 252 253 254 | 962 934 935 936 937 938 939 940 941 942 943 944 945 946 947 948 949 950 951 952 953 954 955 956 957 958 959 960 961 |
>MST_28
 255 256 257 258 259 260 261 262 263 264 265 266 267 268 269 270 271 272 273 274 275 276 277 278 279 280 281 282 283 284 285 286 287 288 289 290 291 292 293 294 295 296 297 298 299 300 301 302 303 304 305 306 307 308 309 310 311 312 313 314 315 316 317 318 319 320 321 322 323 324 325 326 327 328 329 330 331 332 333 334 335 336 337 338 339 340 341 342 343 344 345 346 347 348 349 350 351 352 353 354 355 356 357 358 359 360 361 362 363 364 365 366 367 368 369 370 371 372 373 374 375 376 377 378 379 380 381 382 383 384 385 386 387 388 389 390 391 392 393 394 395 396 397 398 399 400 401 402 403 404 405 406 407 408 409 410 411 412 413 414 415 416 417 418 419 420 421 422 423 | 933 918 919 920 921 922 923 924 925 926 927 928 929 930 931 932 | 55 1 2 3 4 5 6 7 8 9 10 11 12 13 14 15 16 17 18 19 20 21 22 23 24 25 26 27 28 29 30 31 32 33 34 35 36 37 38 39 40 41 42 43 44 45 46 47 48 49 50 51 52 53 54 | 424 963 964 965 966 967 968 969 970 971 972 973 974 975 976 977 978 979 980 981 982 983 984 985 986 987 988 989 990 991 992 993 994 995 996 997 998 999 | 0 425 426 427 428 429 430 431 432 433 434 435 436 437 438 439 440 441 442 443 444 445 446 447 448 449 450 451 452 453 454 455 456 457 458 459 460 461 462 463 464 465 466 467 468 469 470 471 472 473 474 475 476 477 478 479 480 481 482 483 484 485 486 487 488 489 490 491 492 493 494 495 496 497 498 499 500 501 502 503 504 505 506 507 508 509 510 511 512 513 514 515 516 517 518 519 520 521 522 523 524 525 526 527 528 529 530 531 532 533 534 535 536 537 538 539 540 541 542 543 544 545 546 547 548 549 550 551 552 553 554 555 556 557 558 559 560 561 562 563 564 565 566 567 568 569 570 571 572 573 574 575 576 577 578 579 580 581 582 583 584 585 586 587 588 589 590 591 592 593 594 595 596 597 598 599 600 601 602 603 604 605 606 607 608 609 610 611 612 613 614 615 616 617 618 619 620 621 622 623 624 625 626 627 628 629 630 631 632 633 634 635 636 637 638 639 640 641 642 643 644 645 646 647 648 649 650 651 652 653 654 655 656 657 658 659 660 661 662 663 664 665 666 667 668 669 670 671 672 673 674 675 676 677 678 679 680 681 682 683 684 685 686 687 688 689 690 691 692 693 694 695 696 697 698 699 700 701 702 703 704 705 706 707 708 709 710 711 712 713 714 715 716 717 718 719 720 721 722 723 724 725 726 727 728 729 730 731 732 733 734 735 736 737 738 739 740 741 742 743 744 745 746 747 748 749 750 751 752 753 754 755 756 757 758 759 760 761 762 763 764 765 766 767 768 769 770 771 772 773 774 775 776 777 778 779 780 781 782 783 784 785 786 787 788 789 790 791 792 793 794 795 796 797 798 799 800 801 802 803 804 805 806 807 808 809 810 811 812 813 814 815 816 817 818 819 820 821 822 823 824 825 826 827 828 829 830 831 832 833 834 835 836 837 838 839 840 841 842 843 844 845 846 847 848 849 850 851 852 853 854 855 856 857 858 859 860 861 862 863 864 865 866 867 868 869 870 871 872 873 874 875 876 877 878 879 880 881 882 883 884 885 886 887 888 889 890 891 892 893 894 895 896 897 898 899 900 901 902 903 904 905 906 907 908 909 910 911 912 913 914 915 916 | 917 56 57 58 59 60 61 62 63 64 65 66 67 68 69 70 71 72 73 74 75 76 77 78 79 80 81 82 83 84 85 86 87 88 89 90 91 92 93 94 95 96 97 98 99 100 101 102 103 104 105 106 107 108 109 110 111 112 113 114 115 116 117 118 119 120 121 122 123 124 125 126 127 128 129 130 131 132 133 134 135 136 137 138 139 140 141 142 143 144 145 146 147 148 149 150 151 152 153 154 155 156 157 158 159 160 161 162 163 164 165 166 167 168 169 170 171 172 173 174 175 176 177 178 179 180 181 182 183 184 185 186 187 188 189 190 191 192 193 194 195 196 197 198 199 200 201 202 203 204 205 206 207 208 209 210 211 212 213 214 215 216 217 218 219 220 221 222 223 224 225 226 227 228 229 230 231 232 233 234 235 236 237 238 239 240 241 242 243 244 245 246 247 248 249 250 251 252 253 254 | 962 934 935 936 937 938 939 940 941 942 943 944 945 946 947 948 949 950 951 952 953 954 955 956 957 958 959 960 961 |
>MST_29
 255 256 257 258 259 260 261 262 263 264 265 266 267 268 269 270 271 272 273 274 275 276 277 278 279 280 281 282 283 284 285 286 287 288 289 290 291 292 293 294 295 296 297 298 299 300 301 302 303 304 305 306 307 308 309 310 311 312 313 314 315 316 317 318 319 320 321 322 323 324 325 326 327 328 329 330 331 332 333 334 335 336 337 338 339 340 341 342 343 344 345 346 347 348 349 350 351 352 353 354 355 356 357 358 359 360 361 362 363 364 365 366 367 368 369 370 371 372 373 374 375 376 377 378 379 380 381 382 383 384 385 386 387 388 389 390 391 392 393 394 395 396 397 398 399 400 401 402 403 404 405 406 407 408 409 410 411 412 413 414 415 416 417 418 419 420 421 422 423 | 933 918 919 920 921 922 923 924 925 926 927 928 929 930 931 932 | 55 1 2 3 4 5 6 7 8 9 10 11 12 13 14 15 16 17 18 19 20 21 22 23 24 25 26 27 28 29 30 31 32 33 34 35 36 37 38 39 40 41 42 43 44 45 46 47 48 49 50 51 52 53 54 | 424 963 964 965 966 967 968 969 970 971 972 973 974 975 976 977 978 979 980 981 982 983 984 985 986 987 988 989 990 991 992 993 994 995 996 997 998 999 | 0 425 426 427 428 429 430 431 432 433 434 435 436 437 438 439 440 441 442 443 444 445 446 447 448 449 450 451 452 453 454 455 456 457 458 459 460 461 462 463 464 465 466 467 468 469 470 471 472 473 474 475 476 477 478 479 480 481 482 483 484 485 486 487 488 489 490 491 492 493 494 495 496 497 498 499 500 501 502 503 504 505 506 507 508 509 510 511 512 513 514 515 516 517 518 519 520 521 522 523 524 525 526 527 528 529 530 531 532 533 534 535 536 537 538 539 540 541 542 543 544 545 546 547 548 549 550 551 552 553 554 555 556 557 558 559 560 561 562 563 564 565 566 567 568 569 570 571 572 573 574 575 576 577 578 579 580 581 582 583 584 585 586 587 588 589 590 591 592 593 594 595 596 597 598 599 600 601 602 603 604 605 606 607 608 609 610 611 612 613 614 615 616 617 618 619 620 621 622 623 624 625 626 627 628 629 630 631 632 633 634 635 636 637 638 639 640 641 642 643 644 645 646 647 648 649 650 651 652 653 654 655 656 657 658 659 660 661 662 663 664 665 666 667 668 669 670 671 672 673 674 675 676 677 678 679 680 681 682 683 684 685 686 687 688 689 690 691 692 693 694 695 696 697 698 699 700 701 702 703 704 705 706 707 708 709 710 711 712 713 714 715 716 717 718 719 720 721 722 723 724 725 726 727 728 729 730 731 732 733 734 735 736 737 738 739 740 741 742 743 744 745 746 747 748 749 750 751 752 753 754 755 756 757 758 759 760 761 762 763 764 765 766 767 768 769 770 771 772 773 774 775 776 777 778 779 780 781 782 783 784 785 786 787 788 789 790 791 792 793 794 795 796 797 798 799 800 801 802 803 804 805 806 807 808 809 810 811 812 813 814 815 816 817 818 819 820 821 822 823 824 825 826 827 828 829 830 831 832 833 834 835 836 837 838 839 840 841 842 843 844 845 846 847 848 849 850 851 852 853 854 855 856 857 858 859 860 861 862 863 864 865 866 867 868 869 870 871 872 873 874 875 876 877 878 879 880 881 882 883 884 885 886 887 888 889 890 891 892 893 894 895 896 897 898 899 900 901 902 903 904 905 906 907 908 909 910 911 912 913 914 915 916 | 917 56 57 58 59 60 61 62 63 64 65 66 67 68 69 70 71 72 73 74 75 76 77 78 79 80 81 82 83 84 85 86 87 88 89 90 91 92 93 94 95 96 97 98 99 100 101 102 103 104 105 106 107 108 109 110 111 112 113 114 115 116 117 118 119 120 121 122 123 124 125 126 127 128 129 130 131 132 133 134 135 136 137 138 139 140 141 142 143 144 145 146 147 148 149 150 151 152 153 154 155 156 157 158 159 160 161 162 163 164 165 166 167 168 169 170 171 172 173 174 175 176 177 178 179 180 181 182 183 184 185 186 187 188 189 190 191 192 193 194 195 196 197 198 199 200 201 202 203 204 205 206 207 208 209 210 211 212 213 214 215 216 217 218 219 220 221 222 223 224 225 226 227 228 229 230 231 232 233 234 235 236 237 238 239 240 241 242 243 244 245 246 247 248 249 250 251 252 253 254 | 962 934 935 936 937 938 939 940 941 942 943 944 945 946 947 948 949 950 951 952 953 954 955 956 957 958 959 960 961 |
>MST_30
 255 256 257 258 259 260 261 262 263 264 265 266 267 268 269 270 271 272 273 274 275 276 277 278 279 280 281 282 283 284 285 286 287 288 289 290 291 292 293 294 295 296 297 298 299 300 301 302 303 304 305 306 307 308 309 310 311 312 313 314 315 316 317 318 319 320 321 322 323 324 325 326 327 328 329 330 331 332 333 334 335 336 337 338 339 340 341 342 343 344 345 346 347 348 349 350 351 352 353 354 355 356 357 358 359 360 361 362 363 364 365 366 367 368 369 370 371 372 373 374 375 376 377 378 379 380 381 382 383 384 385 386 387 388 389 390 391 392 393 394 395 396 397 398 399 400 401 402 403 404 405 406 407 408 409 410 411 412 413 414 415 416 417 418 419 420 421 422 423 | 933 918 919 920 921 922 923 924 925 926 927 928 929 930 931 932 | 55 1 2 3 4 5 6 7 8 9 10 11 12 13 14 15 16 17 18 19 20 21 22 23 24 25 26 27 28 29 30 31 32 33 34 35 36 37 38 39 40 41 42 43 44 45 46 47 48 49 50 51 52 53 54 | 424 963 964 965 966 967 968 969 970 971 972 973 974 975 976 977 978 979 980 981 982 983 984 985 986 987 988 989 990 991 992 993 994 995 996 997 998 999 | 0 425 426 427 428 429 430 431 432 433 434 435 436 437 438 439 440 441 442 443 444 445 446 447 448 449 450 451 452 453 454 455 456 457 458 459 460 461 462 463 464 465 466 467 468 469 470 471 472 473 474 475 476 477 478 479 480 481 482 483 484 485 486 487 488 489 490 491 492 493 494 495 496 497 498 499 500 501 502 503 504 505 506 507 508 509 510 511 512 513 514 515 516 517 518 519 520 521 522 523 524 525 526 527 528 529 530 531 532 533 534 535 536 537 538 539 540 541 542 543 544 545 546 547 548 549 550 551 552 553 554 555 556 557 558 559 560 561 562 563 564 565 566 567 568 569 570 571 572 573 574 575 576 577 578 579 580 581 582 583 584 585 586 587 588 589 590 591 592 593 594 595 596 597 598 599 600 601 602 603 604 605 606 607 608 609 610 611 612 613 614 615 616 617 618 619 620 621 622 623 624 625 626 627 628 629 630 631 632 633 634 635 636 637 638 639 640 641 642 643 644 645 646 647 648 649 650 651 652 653 654 655 656 657 658 659 660 661 662 663 664 665 666 667 668 669 670 671 672 673 674 675 676 677 678 679 680 681 682 683 684 685 686 687 688 689 690 691 692 693 694 695 696 697 698 699 700 701 702 703 704 705 706 707 708 709 710 711 712 713 714 715 716 717 718 719 720 721 722 723 724 725 726 727 728 729 730 731 732 733 734 735 736 737 738 739 740 741 742 743 744 745 746 747 748 749 750 751 752 753 754 755 756 757 758 759 760 761 762 763 764 765 766 767 768 769 770 771 772 773 774 775 776 777 778 779 780 781 782 783 784 785 786 787 788 789 790 791 792 793 794 795 796 797 798 799 800 801 802 803 804 805 806 807 808 809 810 811 812 813 814 815 816 817 818 819 820 821 822 823 824 825 826 827 828 829 830 831 832 833 834 835 836 837 838 839 840 841 842 843 844 845 846 847 848 849 850 851 852 853 854 855 856 857 858 859 860 861 862 863 864 865 866 867 868 869 870 871 872 873 874 875 876 877 878 879 880 881 882 883 884 885 886 887 888 889 890 891 892 893 894 895 896 897 898 899 900 901 902 903 904 905 906 907 908 909 910 911 912 913 914 915 916 | 917 56 57 58 59 60 61 62 63 64 65 66 67 68 69 70 71 72 73 74 75 76 77 78 79 80 81 82 83 84 85 86 87 88 89 90 91 92 93 94 95 96 97 98 99 100 101 102 103 104 105 106 107 108 109 110 111 112 113 114 115 116 117 118 119 120 121 122 123 124 125 126 127 128 129 130 131 132 133 134 135 136 137 138 139 140 141 142 143 144 145 146 147 148 149 150 151 152 153 154 155 156 157 158 159 160 161 162 163 164 165 166 167 168 169 170 171 172 173 174 175 176 177 178 179 180 181 182 183 184 185 186 187 188 189 190 191 192 193 194 195 196 197 198 199 200 201 202 203 204 205 206 207 208 209 210 211 212 213 214 215 216 217 218 219 220 221 222 223 224 225 226 227 228 229 230 231 232 233 234 235 236 237 238 239 240 241 242 243 244 245 246 247 248 249 250 251 252 253 254 | 962 934 935 936 937 938 939 940 941 942 943 944 945 946 947 948 949 950 951 952 953 954 955 956 957 958 959 960 961 |
>MST_31
 1 2 3 4 5 6 7 8 9 10 11 12 13 14 15 16 17 18 19 20 21 22 23 24 25 26 27 28 29 30 31 32 33 34 35 36 37 38 39 40 41 42 43 44 45 46 47 48 49 50 51 52 53 54 | 963 964 965 966 967 968 969 970 971 972 973 974 975 976 977 978 979 980 981 982 983 984 985 986 987 988 989 990 991 992 993 994 995 996 997 998 999 | 55 56 57 58 59 60 61 62 63 64 65 66 67 68 69 70 71 72 73 74 75 76 77 78 79 80 81 82 83 84 85 86 87 88 89 90 91 92 93 94 95 96 97 98 99 100 101 102 103 104 105 106 107 108 109 110 111 112 113 114 115 116 117 118 119 120 121 122 123 124 125 126 127 128 129 130 131 132 133 134 135 136 137 138 139 140 141 142 143 144 145 146 147 148 149 150 151 152 153 154 155 156 157 158 159 160 161 162 163 164 165 166 167 168 169 170 171 172 173 174 175 176 177 178 179 180 181 182 183 184 185 186 187 188 189 190 191 192 193 194 195 196 197 198 199 200 201 202 203 204 205 206 207 208 209 210 211 212 213 214 215 216 217 218 219 220 221 222 223 224 225 226 227 228 229 230 231 232 233 234 235 236 237 238 239 240 241 242 243 244 245 246 247 248 249 250 251 252 253 254 255 256 257 258 259 260 261 262 263 264 265 266 267 268 269 270 271 272 273 274 275 276 277 278 279 280 281 282 283 284 285 286 287 288 289 290 291 292 293 294 295 296 297 298 299 300 301 302 303 304 305 306 307 308 309 310 311 312 313 314 315 316 317 318 319 320 321 322 323 324 325 326 327 328 329 330 331 332 333 334 335 336 337 338 339 340 341 342 343 344 345 346 347 348 349 350 351 352 353 354 355 356 357 358 359 360 361 362 363 364 365 366 367 368 369 370 371 372 373 374 375 376 377 378 379 380 381 382 383 384 385 386 387 388 389 390 391 392 393 394 395 396 397 398 399 400 401 402 403 404 405 406 407 408 409 410 411 412 413 414 415 416 417 418 419 420 421 422 423 424 425 426 427 428 429 430 431 432 433 434 435 436 437 438 439 440 441 442 443 444 445 446 447 448 449 450 451 452 453 454 455 456 457 458 459 460 461 462 463 464 465 466 467 468 469 470 471 472 473 474 475 476 477 478 479 480 481 482 483 484 485 486 487 488 489 490 491 492 493 494 495 496 497 498 499 500 501 502 503 504 505 506 507 508 509 510 511 512 513 514 515 516 517 518 519 520 521 522 523 524 525 526 527 528 529 530 531 532 533 534 535 536 537 538 539 540 541 542 543 544 545 546 547 548 549 550 551 552 553 554 555 556 557 558 559 560 561 562 563 564 565 566 567 568 569 570 571 572 573 574 575 576 577 578 579 580 581 582 583 584 585 586 587 588 589 590 591 592 593 594 595 596 597 598 599 600 601 602 603 604 605 606 607 608 609 610 611 612 613 614 615 616 617 618 619 620 621 622 623 624 625 626 627 628 629 630 631 632 633 634 635 636 637 638 639 640 641 642 643 644 645 646 647 648 649 650 651 652 653 654 655 656 657 658 659 660 661 662 663 664 665 666 667 668 669 670 671 672 673 674 675 676 677 678 679 680 681 682 683 684 685 686 687 688 689 690 691 692 693 694 695 696 697 698 699 700 701 702 703 704 705 706 707 708 709 710 711 712 713 714 715 716 717 718 719 720 721 722 723 724 725 726 727 728 729 730 731 732 733 734 735 736 737 738 739 740 741 742 743 744 745 746 747 748 749 750 751 752 753 754 755 756 757 758 759 760 761 762 763 764 765 766 767 768 769 770 771 772 773 774 775 776 777 778 779 780 781 782 783 784 785 786 787 788 789 790 791 792 793 794 795 796 797 798 799 800 801 802 803 804 805 806 807 808 809 810 811 812 813 814 815 816 817 818 819 820 821 822 823 824 825 826 827 828 829 830 831 832 833 834 835 836 837 838 839 840 841 842 843 844 845 846 847 848 849 850 851 852 853 854 855 856 857 858 859 860 861 862 863 864 865 866 867 868 869 870 871 872 873 874 875 876 877 878 879 880 881 882 883 884 885 886 887 888 889 890 891 892 893 894 895 896 897 898 899 900 901 902 903 904 905 906 907 908 909 910 911 912 913 914 915 916 | 933 918 919 920 921 922 923 924 925 926 927 928 929 930 931 932 | 962 934 935 936 937 938 939 940 941 942 943 944 945 946 947 948 949 950 951 952 953 954 955 956 957 958 959 960 961 |
>MST_32
 1 2 3 4 5 6 7 8 9 10 11 12 13 14 15 16 17 18 19 20 21 22 23 24 25 26 27 28 29 30 31 32 33 34 35 36 37 38 39 40 41 42 43 44 45 46 47 48 49 50 51 52 53 54 55 56 57 58 59 60 61 62 63 64 65 66 67 68 69 70 71 72 73 74 75 76 77 78 79 80 81 82 83 84 85 86 87 88 89 90 91 92 93 94 95 96 97 98 99 100 101 102 103 104 105 106 107 108 109 110 111 112 113 114 115 116 117 118 119 120 121 122 123 124 125 126 127 128 129 130 131 132 133 134 135 136 137 138 139 140 141 142 143 144 145 146 147 148 149 150 151 152 153 154 155 156 157 158 159 160 161 162 163 164 165 166 167 168 169 170 171 172 173 174 175 176 177 178 179 180 181 182 183 184 185 186 187 188 189 190 191 192 193 194 195 196 197 198 199 200 201 202 203 204 205 206 207 208 209 210 211 212 213 214 215 216 217 218 219 220 221 222 223 224 225 226 227 228 229 230 231 232 233 234 235 236 237 238 239 240 241 242 243 244 245 246 247 248 249 250 251 252 253 254 255 256 257 258 259 260 261 262 263 264 265 266 267 268 269 270 271 272 273 274 275 276 277 278 279 280 281 282 283 284 285 286 287 288 289 290 291 292 293 294 295 296 297 298 299 300 301 302 303 304 305 306 307 308 309 310 311 312 313 314 315 316 317 318 319 320 321 322 323 324 325 326 327 328 329 330 331 332 333 334 335 336 337 338 339 340 341 342 343 344 345 346 347 348 349 350 351 352 353 354 355 356 357 358 359 360 361 362 363 364 365 366 367 368 369 370 371 372 373 374 375 376 377 378 379 380 381 382 383 384 385 386 387 388 389 390 391 392 393 394 395 396 397 398 399 400 401 402 403 404 405 406 407 408 409 410 411 412 413 414 415 416 417 418 419 420 421 422 423 424 425 426 427 428 429 430 431 432 433 434 435 436 437 438 439 440 441 442 443 444 445 446 447 448 449 450 451 452 453 454 455 456 457 458 459 460 461 462 463 464 465 466 467 468 469 470 471 472 473 474 475 476 477 478 479 480 481 482 483 484 485 486 487 488 489 490 491 492 493 494 495 496 497 498 499 500 501 502 503 504 505 506 507 508 509 510 511 512 513 514 515 516 517 518 519 520 521 522 523 524 525 526 527 528 529 530 531 532 533 534 535 536 537 538 539 540 541 542 543 544 545 546 547 548 549 550 551 552 553 554 555 556 557 558 559 560 561 562 563 564 565 566 567 568 569 570 571 572 573 574 575 576 577 578 579 580 581 582 583 584 585 586 587 588 589 590 591 592 593 594 595 596 597 598 599 600 601 602 603 604 605 606 607 608 609 610 611 612 613 614 615 616 617 618 619 620 621 622 623 624 625 626 627 628 629 630 631 632 633 634 635 636 637 638 639 640 641 642 643 644 645 646 647 648 649 650 651 652 653 654 655 656 657 658 659 660 661 662 663 664 665 666 667 668 669 670 671 672 673 674 675 676 677 678 679 680 681 682 683 684 685 686 687 688 689 690 691 692 693 694 695 696 697 698 699 700 701 702 703 704 705 706 707 708 709 710 711 712 713 714 715 716 717 718 719 720 721 722 723 724 725 726 727 728 729 730 731 732 733 734 735 736 737 738 739 740 741 742 743 744 745 746 747 748 749 750 751 752 753 754 755 756 757 758 759 760 761 762 763 764 765 766 767 768 769 770 771 772 773 774 775 776 777 778 779 780 781 782 783 784 785 786 787 788 789 790 791 792 793 794 795 796 797 798 799 800 801 802 803 804 805 806 807 808 809 810 811 812 813 814 815 816 817 818 819 820 821 822 823 824 825 826 827 828 829 830 831 832 833 834 835 836 837 838 839 840 841 842 843 844 845 846 847 848 849 850 851 852 853 854 855 856 857 858 859 860 861 862 863 864 865 866 867 868 869 870 871 872 873 874 875 876 877 878 879 880 881 882 883 884 885 886 887 888 889 890 891 892 893 894 895 896 897 898 899 900 901 902 903 904 905 906 907 908 909 910 911 912 913 914 915 916 917 918 919 920 921 922 923 924 925 926 927 928 929 930 931 932 933 934 935 936 937 938 939 940 941 942 943 944 945 946 947 948 949 950 951 952 953 954 955 956 957 958 959 960 961 962 963 964 965 966 967 968 969 970 971 972 973 974 975 976 977 978 979 980 981 982 983 984 985 986 987 988 989 990 991 992 993 994 995 996 997 998 999 |
>MST_33
 1 2 3 4 5 6 7 8 9 10 11 12 13 14 15 16 17 18 19 20 21 22 23 24 25 26 27 28 29 30 31 32 33 34 35 36 37 38 39 40 41 42 43 44 45 46 47 48 49 50 51 52 53 54 55 56 57 58 59 60 61 62 63 64 65 66 67 68 69 70 71 72 73 74 75 76 77 78 79 80 81 82 83 84 85 86 87 88 89 90 91 92 93 94 95 96 97 98 99 100 101 102 103 104 105 106 107 108 109 110 111 112 113 114 115 116 117 118 119 120 121 122 123 124 125 126 127 128 129 130 131 132 133 134 135 136 137 138 139 140 141 142 143 144 145 146 147 148 149 150 151 152 153 154 155 156 157 158 159 160 161 162 163 164 165 166 167 168 169 170 171 172 173 174 175 176 177 178 179 180 181 182 183 184 185 186 187 188 189 190 191 192 193 194 195 196 197 198 199 200 201 202 203 204 205 206 207 208 209 210 211 212 213 214 215 216 217 218 219 220 221 222 223 224 225 226 227 228 229 230 231 232 233 234 235 236 237 238 239 240 241 242 243 244 245 246 247 248 249 250 251 252 253 254 255 256 257 258 259 260 261 262 263 264 265 266 267 268 269 270 271 272 273 274 275 276 277 278 279 280 281 282 283 284 285 286 287 288 289 290 291 292 293 294 295 296 297 298 299 300 301 302 303 304 305 306 307 308 309 310 311 312 313 314 315 316 317 318 319 320 321 322 323 324 325 326 327 328 329 330 331 332 333 334 335 336 337 338 339 340 341 342 343 344 345 346 347 348 349 350 351 352 353 354 355 356 357 358 359 360 361 362 363 364 365 366 367 368 369 370 371 372 373 374 375 376 377 378 379 380 381 382 383 384 385 386 387 388 389 390 391 392 393 394 395 396 397 398 399 400 401 402 403 404 405 406 407 408 409 410 411 412 413 414 415 416 417 418 419 420 421 422 423 424 425 426 427 428 429 430 431 432 433 434 435 436 437 438 439 440 441 442 443 444 445 446 447 448 449 450 451 452 453 454 455 456 457 458 459 460 461 462 463 464 465 466 467 468 469 470 471 472 473 474 475 476 477 478 479 480 481 482 483 484 485 486 487 488 489 490 491 492 493 494 495 496 497 498 499 500 501 502 503 504 505 506 507 508 509 510 511 512 513 514 515 516 517 518 519 520 521 522 523 524 525 526 527 528 529 530 531 532 533 534 535 536 537 538 539 540 541 542 543 544 545 546 547 548 549 550 551 552 553 554 555 556 557 558 559 560 561 562 563 564 565 566 567 568 569 570 571 572 573 574 575 576 577 578 579 580 581 582 583 584 585 586 587 588 589 590 591 592 593 594 595 596 597 598 599 600 601 602 603 604 605 606 607 608 609 610 611 612 613 614 615 616 617 618 619 620 621 622 623 624 625 626 627 628 629 630 631 632 633 634 635 636 637 638 639 640 641 642 643 644 645 646 647 648 649 650 651 652 653 654 655 656 657 658 659 660 661 662 663 664 665 666 667 668 669 670 671 672 673 674 675 676 677 678 679 680 681 682 683 684 685 686 687 688 689 690 691 692 693 694 695 696 697 698 699 700 701 702 703 704 705 706 707 708 709 710 711 712 713 714 715 716 717 718 719 720 721 722 723 724 725 726 727 728 729 730 731 732 733 734 735 736 737 738 739 740 741 742 743 744 745 746 747 748 749 750 751 752 753 754 755 756 757 758 759 760 761 762 763 764 765 766 767 768 769 770 771 772 773 774 775 776 777 778 779 780 781 782 783 784 785 786 787 788 789 790 791 792 793 794 795 796 797 798 799 800 801 802 803 804 805 806 807 808 809 810 811 812 813 814 815 816 817 818 819 820 821 822 823 824 825 826 827 828 829 830 831 832 833 834 835 836 837 838 839 840 841 842 843 844 845 846 847 848 849 850 851 852 853 854 855 856 857 858 859 860 861 862 863 864 865 866 867 868 869 870 871 872 873 874 875 876 877 878 879 880 881 882 883 884 885 886 887 888 889 890 891 892 893 894 895 896 897 898 899 900 901 902 903 904 905 906 907 908 909 910 911 912 913 914 915 916 917 918 919 920 921 922 923 924 925 926 927 928 929 930 931 932 933 934 935 936 937 938 939 940 941 942 943 944 945 946 947 948 949 950 951 952 953 954 955 956 957 958 959 960 961 962 963 964 965 966 967 968 969 970 971 972 973 974 975 976 977 978 979 980 981 982 983 984 985 986 987 988 989 990 991 992 993 994 995 996 997 998 999 |
>MST_34
 1 2 3 4 5 6 7 8 9 10 11 12 13 14 15 16 17 18 19 20 21 22 23 24 25 26 27 28 29 30 31 32 33 34 35 36 37 38 39 40 41 42 43 44 45 46 47 48 49 50 51 52 53 54 55 56 57 58 59 60 61 62 63 64 65 66 67 68 69 70 71 72 73 74 75 76 77 78 79 80 81 82 83 84 85 86 87 88 89 90 91 92 93 94 95 96 97 98 99 100 101 102 103 104 105 106 107 108 109 110 111 112 113 114 115 116 117 118 119 120 121 122 123 124 125 126 127 128 129 130 131 132 133 134 135 136 137 138 139 140 141 142 143 144 145 146 147 148 149 150 151 152 153 154 155 156 157 158 159 160 161 162 163 164 165 166 167 168 169 170 171 172 173 174 175 176 177 178 179 180 181 182 183 184 185 186 187 188 189 190 191 192 193 194 195 196 197 198 199 200 201 202 203 204 205 206 207 208 209 210 211 212 213 214 215 216 217 218 219 220 221 222 223 224 225 226 227 228 229 230 231 232 233 234 235 236 237 238 239 240 241 242 243 244 245 246 247 248 249 250 251 252 253 254 255 256 257 258 259 260 261 262 263 264 265 266 267 268 269 270 271 272 273 274 275 276 277 278 279 280 281 282 283 284 285 286 287 288 289 290 291 292 293 294 295 296 297 298 299 300 301 302 303 304 305 306 307 308 309 310 311 312 313 314 315 316 317 318 319 320 321 322 323 324 325 326 327 328 329 330 331 332 333 334 335 336 337 338 339 340 341 342 343 344 345 346 347 348 349 350 351 352 353 354 355 356 357 358 359 360 361 362 363 364 365 366 367 368 369 370 371 372 373 374 375 376 377 378 379 380 381 382 383 384 385 386 387 388 389 390 391 392 393 394 395 396 397 398 399 400 401 402 403 404 405 406 407 408 409 410 411 412 413 414 415 416 417 418 419 420 421 422 423 424 425 426 427 428 429 430 431 432 433 434 435 436 437 438 439 440 441 442 443 444 445 446 447 448 449 450 451 452 453 454 455 456 457 458 459 460 461 462 463 464 465 466 467 468 469 470 471 472 473 474 475 476 477 478 479 480 481 482 483 484 485 486 487 488 489 490 491 492 493 494 495 496 497 498 499 500 501 502 503 504 505 506 507 508 509 510 511 512 513 514 515 516 517 518 519 520 521 522 523 524 525 526 527 528 529 530 531 532 533 534 535 536 537 538 539 540 541 542 543 544 545 546 547 548 549 550 551 552 553 554 555 556 557 558 559 560 561 562 563 564 565 566 567 568 569 570 571 572 573 574 575 576 577 578 579 580 581 582 583 584 585 586 587 588 589 590 591 592 593 594 595 596 597 598 599 600 601 602 603 604 605 606 607 608 609 610 611 612 613 614 615 616 617 618 619 620 621 622 623 624 625 626 627 628 629 630 631 632 633 634 635 636 637 638 639 640 641 642 643 644 645 646 647 648 649 650 651 652 653 654 655 656 657 658 659 660 661 662 663 664 665 666 667 668 669 670 671 672 673 674 675 676 677 678 679 680 681 682 683 684 685 686 687 688 689 690 691 692 693 694 695 696 697 698 699 700 701 702 703 704 705 706 707 708 709 710 711 712 713 714 715 716 717 718 719 720 721 722 723 724 725 726 727 728 729 730 731 732 733 734 735 736 737 738 739 740 741 742 743 744 745 746 747 748 749 750 751 752 753 754 755 756 757 758 759 760 761 762 763 764 765 766 767 768 769 770 771 772 773 774 775 776 777 778 779 780 781 782 783 784 785 786 787 788 789 790 791 792 793 794 795 796 797 798 799 800 801 802 803 804 805 806 807 808 809 810 811 812 813 814 815 816 817 818 819 820 821 822 823 824 825 826 827 828 829 830 831 832 833 834 835 836 837 838 839 840 841 842 843 844 845 846 847 848 849 850 851 852 853 854 855 856 857 858 859 860 861 862 863 864 865 866 867 868 869 870 871 872 873 874 875 876 877 878 879 880 881 882 883 884 885 886 887 888 889 890 891 892 893 894 895 896 897 898 899 900 901 902 903 904 905 906 907 908 909 910 911 912 913 914 915 916 917 918 919 920 921 922 923 924 925 926 927 928 929 930 931 932 933 934 935 936 937 938 939 940 941 942 943 944 945 946 947 948 949 950 951 952 953 954 955 956 957 958 959 960 961 962 963 964 965 966 967 968 969 970 971 972 973 974 975 976 977 978 979 980 981 982 983 984 985 986 987 988 989 990 991 992 993 994 995 996 997 998 999 |
>MST_35
 1 2 3 4 5 6 7 8 9 10 11 12 13 14 15 16 17 18 19 20 21 22 23 24 25 26 27 28 29 30 31 32 33 34 35 36 37 38 39 40 41 42 43 44 45 46 47 48 49 50 51 52 53 54 55 56 57 58 59 60 61 62 63 64 65 66 67 68 69 70 71 72 73 74 75 76 77 78 79 80 81 82 83 84 85 86 87 88 89 90 91 92 93 94 95 96 97 98 99 100 101 102 103 104 105 106 107 108 109 110 111 112 113 114 115 116 117 118 119 120 121 122 123 124 125 126 127 128 129 130 131 132 133 134 135 136 137 138 139 140 141 142 143 144 145 146 147 148 149 150 151 152 153 154 155 156 157 158 159 160 161 162 163 164 165 166 167 168 169 170 171 172 173 174 175 176 177 178 179 180 181 182 183 184 185 186 187 188 189 190 191 192 193 194 195 196 197 198 199 200 201 202 203 204 205 206 207 208 209 210 211 212 213 214 215 216 217 218 219 220 221 222 223 224 225 226 227 228 229 230 231 232 233 234 235 236 237 238 239 240 241 242 243 244 245 246 247 248 249 250 251 252 253 254 255 256 257 258 259 260 261 262 263 264 265 266 267 268 269 270 271 272 273 274 275 276 277 278 279 280 281 282 283 284 285 286 287 288 289 290 291 292 293 294 295 296 297 298 299 300 301 302 303 304 305 306 307 308 309 310 311 312 313 314 315 316 317 318 319 320 321 322 323 324 325 326 327 328 329 330 331 332 333 334 335 336 337 338 339 340 341 342 343 344 345 346 347 348 349 350 351 352 353 354 355 356 357 358 359 360 361 362 363 364 365 366 367 368 369 370 371 372 373 374 375 376 377 378 379 380 381 382 383 384 385 386 387 388 389 390 391 392 393 394 395 396 397 398 399 400 401 402 403 404 405 406 407 408 409 410 411 412 413 414 415 416 417 418 419 420 421 422 423 424 425 426 427 428 429 430 431 432 433 434 435 436 437 438 439 440 441 442 443 444 445 446 447 448 449 450 451 452 453 454 455 456 457 458 459 460 461 462 463 464 465 466 467 468 469 470 471 472 473 474 475 476 477 478 479 480 481 482 483 484 485 486 487 488 489 490 491 492 493 494 495 496 497 498 499 500 501 502 503 504 505 506 507 508 509 510 511 512 513 514 515 516 517 518 519 520 521 522 523 524 525 526 527 528 529 530 531 532 533 534 535 536 537 538 539 540 541 542 543 544 545 546 547 548 549 550 551 552 553 554 555 556 557 558 559 560 561 562 563 564 565 566 567 568 569 570 571 572 573 574 575 576 577 578 579 580 581 582 583 584 585 586 587 588 589 590 591 592 593 594 595 596 597 598 599 600 601 602 603 604 605 606 607 608 609 610 611 612 613 614 615 616 617 618 619 620 621 622 623 624 625 626 627 628 629 630 631 632 633 634 635 636 637 638 639 640 641 642 643 644 645 646 647 648 649 650 651 652 653 654 655 656 657 658 659 660 661 662 663 664 665 666 667 668 669 670 671 672 673 674 675 676 677 678 679 680 681 682 683 684 685 686 687 688 689 690 691 692 693 694 695 696 697 698 699 700 701 702 703 704 705 706 707 708 709 710 711 712 713 714 715 716 717 718 719 720 721 722 723 724 725 726 727 728 729 730 731 732 733 734 735 736 737 738 739 740 741 742 743 744 745 746 747 748 749 750 751 752 753 754 755 756 757 758 759 760 761 762 763 764 765 766 767 768 769 770 771 772 773 774 775 776 777 778 779 780 781 782 783 784 785 786 787 788 789 790 791 792 793 794 795 796 797 798 799 800 801 802 803 804 805 806 807 808 809 810 811 812 813 814 815 816 817 818 819 820 821 822 823 824 825 826 827 828 829 830 831 832 833 834 835 836 837 838 839 840 841 842 843 844 845 846 847 848 849 850 851 852 853 854 855 856 857 858 859 860 861 862 863 864 865 866 867 868 869 870 871 872 873 874 875 876 877 878 879 880 881 882 883 884 885 886 887 888 889 890 891 892 893 894 895 896 897 898 899 900 901 902 903 904 905 906 907 908 909 910 911 912 913 914 915 916 917 918 919 920 921 922 923 924 925 926 927 928 929 930 931 932 933 934 935 936 937 938 939 940 941 942 943 944 945 946 947 948 949 950 951 952 953 954 955 956 957 958 959 960 961 962 963 964 965 966 967 968 969 970 971 972 973 974 975 976 977 978 979 980 981 982 983 984 985 986 987 988 989 990 991 992 993 994 995 996 997 998 999 |
>MST_36
 1 2 3 4 5 6 7 8 9 10 11 12 13 14 15 16 17 18 19 20 21 22 23 24 25 26 27 28 29 30 31 32 33 34 35 36 37 38 39 40 41 42 43 44 45 46 47 48 49 50 51 52 53 54 55 56 57 58 59 60 61 62 63 64 65 66 67 68 69 70 71 72 73 74 75 76 77 78 79 80 81 82 83 84 85 86 87 88 89 90 91 92 93 94 95 96 97 98 99 100 101 102 103 104 105 106 107 108 109 110 111 112 113 114 115 116 117 118 119 120 121 122 123 124 125 126 127 128 129 130 131 132 133 134 135 136 137 138 139 140 141 142 143 144 145 146 147 148 149 150 151 152 153 154 155 156 157 158 159 160 161 162 163 164 165 166 167 168 169 170 171 172 173 174 175 176 177 178 179 180 181 182 183 184 185 186 187 188 189 190 191 192 193 194 195 196 197 198 199 200 201 202 203 204 205 206 207 208 209 210 211 212 213 214 215 216 217 218 219 220 221 222 223 224 225 226 227 228 229 230 231 232 233 234 235 236 237 238 239 240 241 242 243 244 245 246 247 248 249 250 251 252 253 254 255 256 257 258 259 260 261 262 263 264 265 266 267 268 269 270 271 272 273 274 275 276 277 278 279 280 281 282 283 284 285 286 287 288 289 290 291 292 293 294 295 296 297 298 299 300 301 302 303 304 305 306 307 308 309 310 311 312 313 314 315 316 317 318 319 320 321 322 323 324 325 326 327 328 329 330 331 332 333 334 335 336 337 338 339 340 341 342 343 344 345 346 347 348 349 350 351 352 353 354 355 356 357 358 359 360 361 362 363 364 365 366 367 368 369 370 371 372 373 374 375 376 377 378 379 380 381 382 383 384 385 386 387 388 389 390 391 392 393 394 395 396 397 398 399 400 401 402 403 404 405 406 407 408 409 410 411 412 413 414 415 416 417 418 419 420 421 422 423 424 425 426 427 428 429 430 431 432 433 434 435 436 437 438 439 440 441 442 443 444 445 446 447 448 449 450 451 452 453 454 455 456 457 458 459 460 461 462 463 464 465 466 467 468 469 470 471 472 473 474 475 476 477 478 479 480 481 482 483 484 485 486 487 488 489 490 491 492 493 494 495 496 497 498 499 500 501 502 503 504 505 506 507 508 509 510 511 512 513 514 515 516 517 518 519 520 521 522 523 524 525 526 527 528 529 530 531 532 533 534 535 536 537 538 539 540 541 542 543 544 545 546 547 548 549 550 551 552 553 554 555 556 557 558 559 560 561 562 563 564 565 566 567 568 569 570 571 572 573 574 575 576 577 578 579 580 581 582 583 584 585 586 587 588 589 590 591 592 593 594 595 596 597 598 599 600 601 602 603 604 605 606 607 608 609 610 611 612 613 614 615 616 617 618 619 620 621 622 623 624 625 626 627 628 629 630 631 632 633 634 635 636 637 638 639 640 641 642 643 644 645 646 647 648 649 650 651 652 653 654 655 656 657 658 659 660 661 662 663 664 665 666 667 668 669 670 671 672 673 674 675 676 677 678 679 680 681 682 683 684 685 686 687 688 689 690 691 692 693 694 695 696 697 698 699 700 701 702 703 704 705 706 707 708 709 710 711 712 713 714 715 716 717 718 719 720 721 722 723 724 725 726 727 728 729 730 731 732 733 734 735 736 737 738 739 740 741 742 743 744 745 746 747 748 749 750 751 752 753 754 755 756 757 758 759 760 761 762 763 764 765 766 767 768 769 770 771 772 773 774 775 776 777 778 779 780 781 782 783 784 785 786 787 788 789 790 791 792 793 794 795 796 797 798 799 800 801 802 803 804 805 806 807 808 809 810 811 812 813 814 815 816 817 818 819 820 821 822 823 824 825 826 827 828 829 830 831 832 833 834 835 836 837 838 839 840 841 842 843 844 845 846 847 848 849 850 851 852 853 854 855 856 857 858 859 860 861 862 863 864 865 866 867 868 869 870 871 872 873 874 875 876 877 878 879 880 881 882 883 884 885 886 887 888 889 890 891 892 893 894 895 896 897 898 899 900 901 902 903 904 905 906 907 908 909 910 911 912 913 914 915 916 917 918 919 920 921 922 923 924 925 926 927 928 929 930 931 932 933 934 935 936 937 938 939 940 941 942 943 944 945 946 947 948 949 950 951 952 953 954 955 956 957 958 959 960 961 962 963 964 965 966 967 968 969 970 971 972 973 974 975 976 977 978 979 980 981 982 983 984 985 986 987 988 989 990 991 992 993 994 995 996 997 998 999 |
>MST_37
 1 2 3 4 5 6 7 8 9 10 11 12 13 14 15 16 17 18 19 20 21 22 23 24 25 26 27 28 29 30 31 32 33 34 35 36 37 38 39 40 41 42 43 44 45 46 47 48 49 50 51 52 53 54 55 56 57 58 59 60 61 62 63 64 65 66 67 68 69 70 71 72 73 74 75 76 77 78 79 80 81 82 83 84 85 86 87 88 89 90 91 92 93 94 95 96 97 98 99 100 101 102 103 104 105 106 107 108 109 110 111 112 113 114 115 116 117 118 119 120 121 122 123 124 125 126 127 128 129 130 131 132 133 134 135 136 137 138 139 140 141 142 143 144 145 146 147 148 149 150 151 152 153 154 155 156 157 158 159 160 161 162 163 164 165 166 167 168 169 170 171 172 173 174 175 176 177 178 179 180 181 182 183 184 185 186 187 188 189 190 191 192 193 194 195 196 197 198 199 200 201 202 203 204 205 206 207 208 209 210 211 212 213 214 215 216 217 218 219 220 221 222 223 224 225 226 227 228 229 230 231 232 233 234 235 236 237 238 239 240 241 242 243 244 245 246 247 248 249 250 251 252 253 254 255 256 257 258 259 260 261 262 263 264 265 266 267 268 269 270 271 272 273 274 275 276 277 278 279 280 281 282 283 284 285 286 287 288 289 290 291 292 293 294 295 296 297 298 299 300 301 302 303 304 305 306 307 308 309 310 311 312 313 314 315 316 317 318 319 320 321 322 323 324 325 326 327 328 329 330 331 332 333 334 335 336 337 338 339 340 341 342 343 344 345 346 347 348 349 350 351 352 353 354 355 356 357 358 359 360 361 362 363 364 365 366 367 368 369 370 371 372 373 374 375 376 377 378 379 380 381 382 383 384 385 386 387 388 389 390 391 392 393 394 395 396 397 398 399 400 401 402 403 404 405 406 407 408 409 410 411 412 413 414 415 416 417 418 419 420 421 422 423 424 425 426 427 428 429 430 431 432 433 434 435 436 437 438 439 440 441 442 443 444 445 446 447 448 449 450 451 452 453 454 455 456 457 458 459 460 461 462 463 464 465 466 467 468 469 470 471 472 473 474 475 476 477 478 479 480 481 482 483 484 485 486 487 488 489 490 491 492 493 494 495 496 497 498 499 500 501 502 503 504 505 506 507 508 509 510 511 512 513 514 515 516 517 518 519 520 521 522 523 524 525 526 527 528 529 530 531 532 533 534 535 536 537 538 539 540 541 542 543 544 545 546 547 548 549 550 551 552 553 554 555 556 557 558 559 560 561 562 563 564 565 566 567 568 569 570 571 572 573 574 575 576 577 578 579 580 581 582 583 584 585 586 587 588 589 590 591 592 593 594 595 596 597 598 599 600 601 602 603 604 605 606 607 608 609 610 611 612 613 614 615 616 617 618 619 620 621 622 623 624 625 626 627 628 629 630 631 632 633 634 635 636 637 638 639 640 641 642 643 644 645 646 647 648 649 650 651 652 653 654 655 656 657 658 659 660 661 662 663 664 665 666 667 668 669 670 671 672 673 674 675 676 677 678 679 680 681 682 683 684 685 686 687 688 689 690 691 692 693 694 695 696 697 698 699 700 701 702 703 704 705 706 707 708 709 710 711 712 713 714 715 716 717 718 719 720 721 722 723 724 725 726 727 728 729 730 731 732 733 734 735 736 737 738 739 740 741 742 743 744 745 746 747 748 749 750 751 752 753 754 755 756 757 758 759 760 761 762 763 764 765 766 767 768 769 770 771 772 773 774 775 776 777 778 779 780 781 782 783 784 785 786 787 788 789 790 791 792 793 794 795 796 797 798 799 800 801 802 803 804 805 806 807 808 809 810 811 812 813 814 815 816 817 818 819 820 821 822 823 824 825 826 827 828 829 830 831 832 833 834 835 836 837 838 839 840 841 842 843 844 845 846 847 848 849 850 851 852 853 854 855 856 857 858 859 860 861 862 863 864 865 866 867 868 869 870 871 872 873 874 875 876 877 878 879 880 881 882 883 884 885 886 887 888 889 890 891 892 893 894 895 896 897 898 899 900 901 902 903 904 905 906 907 908 909 910 911 912 913 914 915 916 917 918 919 920 921 922 923 924 925 926 927 928 929 930 931 932 933 934 935 936 937 938 939 940 941 942 943 944 945 946 947 948 949 950 951 952 953 954 955 956 957 958 959 960 961 962 963 964 965 966 967 968 969 970 971 972 973 974 975 976 977 978 979 980 981 982 983 984 985 986 987 988 989 990 991 992 993 994 995 996 997 998 999 |
>MST_38
 1 2 3 4 5 6 7 8 9 10 11 12 13 14 15 16 17 18 19 20 21 22 23 24 25 26 27 28 29 30 31 32 33 34 35 36 37 38 39 40 41 42 43 44 45 46 47 48 49 50 51 52 53 54 55 56 57 58 59 60 61 62 63 64 65 66 67 68 69 70 71 72 73 74 75 76 77 78 79 80 81 82 83 84 85 86 87 88 89 90 91 92 93 94 95 96 97 98 99 100 101 102 103 104 105 106 107 108 109 110 111 112 113 114 115 116 117 118 119 120 121 122 123 124 125 126 127 128 129 130 131 132 133 134 135 136 137 138 139 140 141 142 143 144 145 146 147 148 149 150 151 152 153 154 155 156 157 158 159 160 161 162 163 164 165 166 167 168 169 170 171 172 173 174 175 176 177 178 179 180 181 182 183 184 185 186 187 188 189 190 191 192 193 194 195 196 197 198 199 200 201 202 203 204 205 206 207 208 209 210 211 212 213 214 215 216 217 218 219 220 221 222 223 224 225 226 227 228 229 230 231 232 233 234 235 236 237 238 239 240 241 242 243 244 245 246 247 248 249 250 251 252 253 254 255 256 257 258 259 260 261 262 263 264 265 266 267 268 269 270 271 272 273 274 275 276 277 278 279 280 281 282 283 284 285 286 287 288 289 290 291 292 293 294 295 296 297 298 299 300 301 302 303 304 305 306 307 308 309 310 311 312 313 314 315 316 317 318 319 320 321 322 323 324 325 326 327 328 329 330 331 332 333 334 335 336 337 338 339 340 341 342 343 344 345 346 347 348 349 350 351 352 353 354 355 356 357 358 359 360 361 362 363 364 365 366 367 368 369 370 371 372 373 374 375 376 377 378 379 380 381 382 383 384 385 386 387 388 389 390 391 392 393 394 395 396 397 398 399 400 401 402 403 404 405 406 407 408 409 410 411 412 413 414 415 416 417 418 419 420 421 422 423 424 425 426 427 428 429 430 431 432 433 434 435 436 437 438 439 440 441 442 443 444 445 446 447 448 449 450 451 452 453 454 455 456 457 458 459 460 461 462 463 464 465 466 467 468 469 470 471 472 473 474 475 476 477 478 479 480 481 482 483 484 485 486 487 488 489 490 491 492 493 494 495 496 497 498 499 500 501 502 503 504 505 506 507 508 509 510 511 512 513 514 515 516 517 518 519 520 521 522 523 524 525 526 527 528 529 530 531 532 533 534 535 536 537 538 539 540 541 542 543 544 545 546 547 548 549 550 551 552 553 554 555 556 557 558 559 560 561 562 563 564 565 566 567 568 569 570 571 572 573 574 575 576 577 578 579 580 581 582 583 584 585 586 587 588 589 590 591 592 593 594 595 596 597 598 599 600 601 602 603 604 605 606 607 608 609 610 611 612 613 614 615 616 617 618 619 620 621 622 623 624 625 626 627 628 629 630 631 632 633 634 635 636 637 638 639 640 641 642 643 644 645 646 647 648 649 650 651 652 653 654 655 656 657 658 659 660 661 662 663 664 665 666 667 668 669 670 671 672 673 674 675 676 677 678 679 680 681 682 683 684 685 686 687 688 689 690 691 692 693 694 695 696 697 698 699 700 701 702 703 704 705 706 707 708 709 710 711 712 713 714 715 716 717 718 719 720 721 722 723 724 725 726 727 728 729 730 731 732 733 734 735 736 737 738 739 740 741 742 743 744 745 746 747 748 749 750 751 752 753 754 755 756 757 758 759 760 761 762 763 764 765 766 767 768 769 770 771 772 773 774 775 776 777 778 779 780 781 782 783 784 785 786 787 788 789 790 791 792 793 794 795 796 797 798 799 800 801 802 803 804 805 806 807 808 809 810 811 812 813 814 815 816 817 818 819 820 821 822 823 824 825 826 827 828 829 830 831 832 833 834 835 836 837 838 839 840 841 842 843 844 845 846 847 848 849 850 851 852 853 854 855 856 857 858 859 860 861 862 863 864 865 866 867 868 869 870 871 872 873 874 875 876 877 878 879 880 881 882 883 884 885 886 887 888 889 890 891 892 893 894 895 896 897 898 899 900 901 902 903 904 905 906 907 908 909 910 911 912 913 914 915 916 917 918 919 920 921 922 923 924 925 926 927 928 929 930 931 932 933 934 935 936 937 938 939 940 941 942 943 944 945 946 947 948 949 950 951 952 953 954 955 956 957 958 959 960 961 962 963 964 965 966 967 968 969 970 971 972 973 974 975 976 977 978 979 980 981 982 983 984 985 986 987 988 989 990 991 992 993 994 995 996 997 998 999 |
>MST_39
 1 2 3 4 5 6 7 8 9 10 11 12 13 14 15 16 17 18 19 20 21 22 23 24 25 26 27 28 29 30 31 32 33 34 35 36 37 38 39 40 41 42 43 44 45 46 47 48 49 50 51 52 53 54 55 56 57 58 59 60 61 62 63 64 65 66 67 68 69 70 71 72 73 74 75 76 77 78 79 80 81 82 83 84 85 86 87 88 89 90 91 92 93 94 95 96 97 98 99 100 101 102 103 104 105 106 107 108 109 110 111 112 113 114 115 116 117 118 119 120 121 122 123 124 125 126 127 128 129 130 131 132 133 134 135 136 137 138 139 140 141 142 143 144 145 146 147 148 149 150 151 152 153 154 155 156 157 158 159 160 161 162 163 164 165 166 167 168 169 170 171 172 173 174 175 176 177 178 179 180 181 182 183 184 185 186 187 188 189 190 191 192 193 194 195 196 197 198 199 200 201 202 203 204 205 206 207 208 209 210 211 212 213 214 215 216 217 218 219 220 221 222 223 224 225 226 227 228 229 230 231 232 233 234 235 236 237 238 239 240 241 242 243 244 245 246 247 248 249 250 251 252 253 254 255 256 257 258 259 260 261 262 263 264 265 266 267 268 269 270 271 272 273 274 275 276 277 278 279 280 281 282 283 284 285 286 287 288 289 290 291 292 293 294 295 296 297 298 299 300 301 302 303 304 305 306 307 308 309 310 311 312 313 314 315 316 317 318 319 320 321 322 323 324 325 326 327 328 329 330 331 332 333 334 335 336 337 338 339 340 341 342 343 344 345 346 347 348 349 350 351 352 353 354 355 356 357 358 359 360 361 362 363 364 365 366 367 368 369 370 371 372 373 374 375 376 377 378 379 380 381 382 383 384 385 386 387 388 389 390 391 392 393 394 395 396 397 398 399 400 401 402 403 404 405 406 407 408 409 410 411 412 413 414 415 416 417 418 419 420 421 422 423 424 425 426 427 428 429 430 431 432 433 434 435 436 437 438 439 440 441 442 443 444 445 446 447 448 449 450 451 452 453 454 455 456 457 458 459 460 461 462 463 464 465 466 467 468 469 470 471 472 473 474 475 476 477 478 479 480 481 482 483 484 485 486 487 488 489 490 491 492 493 494 495 496 497 498 499 500 501 502 503 504 505 506 507 508 509 510 511 512 513 514 515 516 517 518 519 520 521 522 523 524 525 526 527 528 529 530 531 532 533 534 535 536 537 538 539 540 541 542 543 544 545 546 547 548 549 550 551 552 553 554 555 556 557 558 559 560 561 562 563 564 565 566 567 568 569 570 571 572 573 574 575 576 577 578 579 580 581 582 583 584 585 586 587 588 589 590 591 592 593 594 595 596 597 598 599 600 601 602 603 604 605 606 607 608 609 610 611 612 613 614 615 616 617 618 619 620 621 622 623 624 625 626 627 628 629 630 631 632 633 634 635 636 637 638 639 640 641 642 643 644 645 646 647 648 649 650 651 652 653 654 655 656 657 658 659 660 661 662 663 664 665 666 667 668 669 670 671 672 673 674 675 676 677 678 679 680 681 682 683 684 685 686 687 688 689 690 691 692 693 694 695 696 697 698 699 700 701 702 703 704 705 706 707 708 709 710 711 712 713 714 715 716 717 718 719 720 721 722 723 724 725 726 727 728 729 730 731 732 733 734 735 736 737 738 739 740 741 742 743 744 745 746 747 748 749 750 751 752 753 754 755 756 757 758 759 760 761 762 763 764 765 766 767 768 769 770 771 772 773 774 775 776 777 778 779 780 781 782 783 784 785 786 787 788 789 790 791 792 793 794 795 796 797 798 799 800 801 802 803 804 805 806 807 808 809 810 811 812 813 814 815 816 817 818 819 820 821 822 823 824 825 826 827 828 829 830 831 832 833 834 835 836 837 838 839 840 841 842 843 844 845 846 847 848 849 850 851 852 853 854 855 856 857 858 859 860 861 862 863 864 865 866 867 868 869 870 871 872 873 874 875 876 877 878 879 880 881 882 883 884 885 886 887 888 889 890 891 892 893 894 895 896 897 898 899 900 901 902 903 904 905 906 907 908 909 910 911 912 913 914 915 916 917 918 919 920 921 922 923 924 925 926 927 928 929 930 931 932 933 934 935 936 937 938 939 940 941 942 943 944 945 946 947 948 949 950 951 952 953 954 955 956 957 958 959 960 961 962 963 964 965 966 967 968 969 970 971 972 973 974 975 976 977 978 979 980 981 982 983 984 985 986 987 988 989 990 991 992 993 994 995 996 997 998 999 |
>MST_40
 1 2 3 4 5 6 7 8 9 10 11 12 13 14 15 16 17 18 19 20 21 22 23 24 25 26 27 28 29 30 31 32 33 34 35 36 37 38 39 40 41 42 43 44 45 46 47 48 49 50 51 52 53 54 55 56 57 58 59 60 61 62 63 64 65 66 67 68 69 70 71 72 73 74 75 76 77 78 79 80 81 82 83 84 85 86 87 88 89 90 91 92 93 94 95 96 97 98 99 100 101 102 103 104 105 106 107 108 109 110 111 112 113 114 115 116 117 118 119 120 121 122 123 124 125 126 127 128 129 130 131 132 133 134 135 136 137 138 139 140 141 142 143 144 145 146 147 148 149 150 151 152 153 154 155 156 157 158 159 160 161 162 163 164 165 166 167 168 169 170 171 172 173 174 175 176 177 178 179 180 181 182 183 184 185 186 187 188 189 190 191 192 193 194 195 196 197 198 199 200 201 202 203 204 205 206 207 208 209 210 211 212 213 214 215 216 217 218 219 220 221 222 223 224 225 226 227 228 229 230 231 232 233 234 235 236 237 238 239 240 241 242 243 244 245 246 247 248 249 250 251 252 253 254 255 256 257 258 259 260 261 262 263 264 265 266 267 268 269 270 271 272 273 274 275 276 277 278 279 280 281 282 283 284 285 286 287 288 289 290 291 292 293 294 295 296 297 298 299 300 301 302 303 304 305 306 307 308 309 310 311 312 313 314 315 316 317 318 319 320 321 322 323 324 325 326 327 328 329 330 331 332 333 334 335 336 337 338 339 340 341 342 343 344 345 346 347 348 349 350 351 352 353 354 355 356 357 358 359 360 361 362 363 364 365 366 367 368 369 370 371 372 373 374 375 376 377 378 379 380 381 382 383 384 385 386 387 388 389 390 391 392 393 394 395 396 397 398 399 400 401 402 403 404 405 406 407 408 409 410 411 412 413 414 415 416 417 418 419 420 421 422 423 424 425 426 427 428 429 430 431 432 433 434 435 436 437 438 439 440 441 442 443 444 445 446 447 448 449 450 451 452 453 454 455 456 457 458 459 460 461 462 463 464 465 466 467 468 469 470 471 472 473 474 475 476 477 478 479 480 481 482 483 484 485 486 487 488 489 490 491 492 493 494 495 496 497 498 499 500 501 502 503 504 505 506 507 508 509 510 511 512 513 514 515 516 517 518 519 520 521 522 523 524 525 526 527 528 529 530 531 532 533 534 535 536 537 538 539 540 541 542 543 544 545 546 547 548 549 550 551 552 553 554 555 556 557 558 559 560 561 562 563 564 565 566 567 568 569 570 571 572 573 574 575 576 577 578 579 580 581 582 583 584 585 586 587 588 589 590 591 592 593 594 595 596 597 598 599 600 601 602 603 604 605 606 607 608 609 610 611 612 613 614 615 616 617 618 619 620 621 622 623 624 625 626 627 628 629 630 631 632 633 634 635 636 637 638 639 640 641 642 643 644 645 646 647 648 649 650 651 652 653 654 655 656 657 658 659 660 661 662 663 664 665 666 667 668 669 670 671 672 673 674 675 676 677 678 679 680 681 682 683 684 685 686 687 688 689 690 691 692 693 694 695 696 697 698 699 700 701 702 703 704 705 706 707 708 709 710 711 712 713 714 715 716 717 718 719 720 721 722 723 724 725 726 727 728 729 730 731 732 733 734 735 736 737 738 739 740 741 742 743 744 745 746 747 748 749 750 751 752 753 754 755 756 757 758 759 760 761 762 763 764 765 766 767 768 769 770 771 772 773 774 775 776 777 778 779 780 781 782 783 784 785 786 787 788 789 790 791 792 793 794 795 796 797 798 799 800 801 802 803 804 805 806 807 808 809 810 811 812 813 814 815 816 817 818 819 820 821 822 823 824 825 826 827 828 829 830 831 832 833 834 835 836 837 838 839 840 841 842 843 844 845 846 847 848 849 850 851 852 853 854 855 856 857 858 859 860 861 862 863 864 865 866 867 868 869 870 871 872 873 874 875 876 877 878 879 880 881 882 883 884 885 886 887 888 889 890 891 892 893 894 895 896 897 898 899 900 901 902 903 904 905 906 907 908 909 910 911 912 913 914 915 916 917 918 919 920 921 922 923 924 925 926 927 928 929 930 931 932 933 934 935 936 937 938 939 940 941 942 943 944 945 946 947 948 949 950 951 952 953 954 955 956 957 958 959 960 961 962 963 964 965 966 967 968 969 970 971 972 973 974 975 976 977 978 979 980 981 982 983 984 985 986 987 988 989 990 991 992 993 994 995 996 997 998 999 |
>MST_41
 1 2 3 4 5 6 7 8 9 10 11 12 13 14 15 16 17 18 19 20 21 22 23 24 25 26 27 28 29 30 31 32 33 34 35 36 37 38 39 40 41 42 43 44 45 46 47 48 49 50 51 52 53 54 55 56 57 58 59 60 61 62 63 64 65 66 67 68 69 70 71 72 73 74 75 76 77 78 79 80 81 82 83 84 85 86 87 88 89 90 91 92 93 94 95 96 97 98 99 100 101 102 103 104 105 106 107 108 109 110 111 112 113 114 115 116 117 118 119 120 121 122 123 124 125 126 127 128 129 130 131 132 133 134 135 136 137 138 139 140 141 142 143 144 145 146 147 148 149 150 151 152 153 154 155 156 157 158 159 160 161 162 163 164 165 166 167 168 169 170 171 172 173 174 175 176 177 178 179 180 181 182 183 184 185 186 187 188 189 190 191 192 193 194 195 196 197 198 199 200 201 202 203 204 205 206 207 208 209 210 211 212 213 214 215 216 217 218 219 220 221 222 223 224 225 226 227 228 229 230 231 232 233 234 235 236 237 238 239 240 241 242 243 244 245 246 247 248 249 250 251 252 253 254 255 256 257 258 259 260 261 262 263 264 265 266 267 268 269 270 271 272 273 274 275 276 277 278 279 280 281 282 283 284 285 286 287 288 289 290 291 292 293 294 295 296 297 298 299 300 301 302 303 304 305 306 307 308 309 310 311 312 313 314 315 316 317 318 319 320 321 322 323 324 325 326 327 328 329 330 331 332 333 334 335 336 337 338 339 340 341 342 343 344 345 346 347 348 349 350 351 352 353 354 355 356 357 358 359 360 361 362 363 364 365 366 367 368 369 370 371 372 373 374 375 376 377 378 379 380 381 382 383 384 385 386 387 388 389 390 391 392 393 394 395 396 397 398 399 400 401 402 403 404 405 406 407 408 409 410 411 412 413 414 415 416 417 418 419 420 421 422 423 424 425 426 427 428 429 430 431 432 433 434 435 436 437 438 439 440 441 442 443 444 445 446 447 448 449 450 451 452 453 454 455 456 457 458 459 460 461 462 463 464 465 466 467 468 469 470 471 472 473 474 475 476 477 478 479 480 481 482 483 484 485 486 487 488 489 490 491 492 493 494 495 496 497 498 499 500 501 502 503 504 505 506 507 508 509 510 511 512 513 514 515 516 517 518 519 520 521 522 523 524 525 526 527 528 529 530 531 532 533 534 535 536 537 538 539 540 541 542 543 544 545 546 547 548 549 550 551 552 553 554 555 556 557 558 559 560 561 562 563 564 565 566 567 568 569 570 571 572 573 574 575 576 577 578 579 580 581 582 583 584 585 586 587 588 589 590 591 592 593 594 595 596 597 598 599 600 601 602 603 604 605 606 607 608 609 610 611 612 613 614 615 616 617 618 619 620 621 622 623 624 625 626 627 628 629 630 631 632 633 634 635 636 637 638 639 640 641 642 643 644 645 646 647 648 649 650 651 652 653 654 655 656 657 658 659 660 661 662 663 664 665 666 667 668 669 670 671 672 673 674 675 676 677 678 679 680 681 682 683 684 685 686 687 688 689 690 691 692 693 694 695 696 697 698 699 700 701 702 703 704 705 706 707 708 709 710 711 712 713 714 715 716 717 718 719 720 721 722 723 724 725 726 727 728 729 730 731 732 733 734 735 736 737 738 739 740 741 742 743 744 745 746 747 748 749 750 751 752 753 754 755 756 757 758 759 760 761 762 763 764 765 766 767 768 769 770 771 772 773 774 775 776 777 778 779 780 781 782 783 784 785 786 787 788 789 790 791 792 793 794 795 796 797 798 799 800 801 802 803 804 805 806 807 808 809 810 811 812 813 814 815 816 817 818 819 820 821 822 823 824 825 826 827 828 829 830 831 832 833 834 835 836 837 838 839 840 841 842 843 844 845 846 847 848 849 850 851 852 853 854 855 856 857 858 859 860 861 862 863 864 865 866 867 868 869 870 871 872 873 874 875 876 877 878 879 880 881 882 883 884 885 886 887 888 889 890 891 892 893 894 895 896 897 898 899 900 901 902 903 904 905 906 907 908 909 910 911 912 913 914 915 916 917 918 919 920 921 922 923 924 925 926 927 928 929 930 931 932 933 934 935 936 937 938 939 940 941 942 943 944 945 946 947 948 949 950 951 952 953 954 955 956 957 958 959 960 961 962 963 964 965 966 967 968 969 970 971 972 973 974 975 976 977 978 979 980 981 982 983 984 985 986 987 988 989 990 991 992 993 994 995 996 997 998 999 |
>MST_42
 0 1 2 3 4 5 6 7 8 9 10 11 12 13 14 15 16 17 18 19 20 21 22 23 24 25 26 27 28 29 30 31 32 33 34 35 36 37 38 39 40 41 42 43 44 45 46 47 48 49 50 51 52 53 54 55 56 57 58 59 60 61 62 63 64 65 66 67 68 69 70 71 72 73 74 75 76 77 78 79 80 81 82 83 84 85 86 87 88 89 90 91 92 93 94 95 96 97 98 99 100 101 102 103 104 105 106 107 108 109 110 111 112 113 114 115 116 117 118 119 120 121 122 123 124 125 126 127 128 129 130 131 132 133 134 135 136 137 138 139 140 141 142 143 144 145 146 147 148 149 150 151 152 153 154 155 156 157 158 159 160 161 162 163 164 165 166 167 168 169 170 171 172 173 174 175 176 177 178 179 180 181 182 183 184 185 186 187 188 189 190 191 192 193 194 195 196 197 198 199 200 201 202 203 204 205 206 207 208 209 210 211 212 213 214 215 216 217 218 219 220 221 222 223 224 225 226 227 228 229 230 231 232 233 234 235 236 237 238 239 240 241 242 243 244 245 246 247 248 249 250 251 252 253 254 255 256 257 258 259 260 261 262 263 264 265 266 267 268 269 270 271 272 273 274 275 276 277 278 279 280 281 282 283 284 285 286 287 288 289 290 291 292 293 294 295 296 297 298 299 300 301 302 303 304 305 306 307 308 309 310 311 312 313 314 315 316 317 318 319 320 321 322 323 324 325 326 327 328 329 330 331 332 333 334 335 336 337 338 339 340 341 342 343 344 345 346 347 348 349 350 351 352 353 354 355 356 357 358 359 360 361 362 363 364 365 366 367 368 369 370 371 372 373 374 375 376 377 378 379 380 381 382 383 384 385 386 387 388 389 390 391 392 393 394 395 396 397 398 399 400 401 402 403 404 405 406 407 408 409 410 411 412 413 414 415 416 417 418 419 420 421 422 423 424 425 426 427 428 429 430 431 432 433 434 435 436 437 438 439 440 441 442 443 444 445 446 447 448 449 450 451 452 453 454 455 456 457 458 459 460 461 462 463 464 465 466 467 468 469 470 471 472 473 474 475 476 477 478 479 480 481 482 483 484 485 486 487 488 489 490 491 492 493 494 495 496 497 498 499 500 501 502 503 504 505 506 507 508 509 510 511 512 513 514 515 516 517 518 519 520 521 522 523 524 525 526 527 528 529 530 531 532 533 534 535 536 537 538 539 540 541 542 543 544 545 546 547 548 549 550 551 552 553 554 555 556 557 558 559 560 561 562 563 564 565 566 567 568 569 570 571 572 573 574 575 576 577 578 579 580 581 582 583 584 585 586 587 588 589 590 591 592 593 594 595 596 597 598 599 600 601 602 603 604 605 606 607 608 609 610 611 612 613 614 615 616 617 618 619 620 621 622 623 624 625 626 627 628 629 630 631 632 633 634 635 636 637 638 639 640 641 642 643 644 645 646 647 648 649 650 651 652 653 654 655 656 657 658 659 660 661 662 663 664 665 666 667 668 669 670 671 672 673 674 675 676 677 678 679 680 681 682 683 684 685 686 687 688 689 690 691 692 693 694 695 696 697 698 699 700 701 702 703 704 705 706 707 708 709 710 711 712 713 714 715 716 717 718 719 720 721 722 723 724 725 726 727 728 729 730 731 732 733 734 735 736 737 738 739 740 741 742 743 744 745 746 747 748 749 750 751 752 753 754 755 756 757 758 759 760 761 762 763 764 765 766 767 768 769 770 771 772 773 774 775 776 777 778 779 780 781 782 783 784 785 786 787 788 789 790 791 792 793 794 795 796 797 798 799 800 801 802 803 804 805 806 807 808 809 810 811 812 813 814 815 816 817 818 819 820 821 822 823 824 825 826 827 828 829 830 831 832 833 834 835 836 837 838 839 840 841 842 843 844 845 846 847 848 849 850 851 852 853 854 855 856 857 858 859 860 861 862 863 864 865 866 867 868 869 870 871 872 873 874 875 876 877 878 879 880 881 882 883 884 885 886 887 888 889 890 891 892 893 894 895 896 897 898 899 900 901 902 903 904 905 906 907 908 909 910 911 912 913 914 915 916 917 918 919 920 921 922 923 924 925 926 927 928 929 930 931 932 933 934 935 936 937 938 939 940 941 942 943 944 945 946 947 948 949 950 951 952 953 954 955 956 957 958 959 960 961 962 963 964 965 966 967 968 969 970 971 972 973 974 975 976 977 978 979 980 981 982 983 984 985 986 987 988 989 990 991 992 993 994 995 996 997 998 999 |
>MST_43
 0 1 2 3 4 5 6 7 8 9 10 11 12 13 14 15 16 17 18 19 20 21 22 23 24 25 26 27 28 29 30 31 32 33 34 35 36 37 38 39 40 41 42 43 44 45 46 47 48 49 50 51 52 53 54 55 56 57 58 59 60 61 62 63 64 65 66 67 68 69 70 71 72 73 74 75 76 77 78 79 80 81 82 83 84 85 86 87 88 89 90 91 92 93 94 95 96 97 98 99 100 101 102 103 104 105 106 107 108 109 110 111 112 113 114 115 116 117 118 119 120 121 122 123 124 125 126 127 128 129 130 131 132 133 134 135 136 137 138 139 140 141 142 143 144 145 146 147 148 149 150 151 152 153 154 155 156 157 158 159 160 161 162 163 164 165 166 167 168 169 170 171 172 173 174 175 176 177 178 179 180 181 182 183 184 185 186 187 188 189 190 191 192 193 194 195 196 197 198 199 200 201 202 203 204 205 206 207 208 209 210 211 212 213 214 215 216 217 218 219 220 221 222 223 224 225 226 227 228 229 230 231 232 233 234 235 236 237 238 239 240 241 242 243 244 245 246 247 248 249 250 251 252 253 254 255 256 257 258 259 260 261 262 263 264 265 266 267 268 269 270 271 272 273 274 275 276 277 278 279 280 281 282 283 284 285 286 287 288 289 290 291 292 293 294 295 296 297 298 299 300 301 302 303 304 305 306 307 308 309 310 311 312 313 314 315 316 317 318 319 320 321 322 323 324 325 326 327 328 329 330 331 332 333 334 335 336 337 338 339 340 341 342 343 344 345 346 347 348 349 350 351 352 353 354 355 356 357 358 359 360 361 362 363 364 365 366 367 368 369 370 371 372 373 374 375 376 377 378 379 380 381 382 383 384 385 386 387 388 389 390 391 392 393 394 395 396 397 398 399 400 401 402 403 404 405 406 407 408 409 410 411 412 413 414 415 416 417 418 419 420 421 422 423 424 425 426 427 428 429 430 431 432 433 434 435 436 437 438 439 440 441 442 443 444 445 446 447 448 449 450 451 452 453 454 455 456 457 458 459 460 461 462 463 464 465 466 467 468 469 470 471 472 473 474 475 476 477 478 479 480 481 482 483 484 485 486 487 488 489 490 491 492 493 494 495 496 497 498 499 500 501 502 503 504 505 506 507 508 509 510 511 512 513 514 515 516 517 518 519 520 521 522 523 524 525 526 527 528 529 530 531 532 533 534 535 536 537 538 539 540 541 542 543 544 545 546 547 548 549 550 551 552 553 554 555 556 557 558 559 560 561 562 563 564 565 566 567 568 569 570 571 572 573 574 575 576 577 578 579 580 581 582 583 584 585 586 587 588 589 590 591 592 593 594 595 596 597 598 599 600 601 602 603 604 605 606 607 608 609 610 611 612 613 614 615 616 617 618 619 620 621 622 623 624 625 626 627 628 629 630 631 632 633 634 635 636 637 638 639 640 641 642 643 644 645 646 647 648 649 650 651 652 653 654 655 656 657 658 659 660 661 662 663 664 665 666 667 668 669 670 671 672 673 674 675 676 677 678 679 680 681 682 683 684 685 686 687 688 689 690 691 692 693 694 695 696 697 698 699 700 701 702 703 704 705 706 707 708 709 710 711 712 713 714 715 716 717 718 719 720 721 722 723 724 725 726 727 728 729 730 731 732 733 734 735 736 737 738 739 740 741 742 743 744 745 746 747 748 749 750 751 752 753 754 755 756 757 758 759 760 761 762 763 764 765 766 767 768 769 770 771 772 773 774 775 776 777 778 779 780 781 782 783 784 785 786 787 788 789 790 791 792 793 794 795 796 797 798 799 800 801 802 803 804 805 806 807 808 809 810 811 812 813 814 815 816 817 818 819 820 821 822 823 824 825 826 827 828 829 830 831 832 833 834 835 836 837 838 839 840 841 842 843 844 845 846 847 848 849 850 851 852 853 854 855 856 857 858 859 860 861 862 863 864 865 866 867 868 869 870 871 872 873 874 875 876 877 878 879 880 881 882 883 884 885 886 887 888 889 890 891 892 893 894 895 896 897 898 899 900 901 902 903 904 905 906 907 908 909 910 911 912 913 914 915 916 917 918 919 920 921 922 923 924 925 926 927 928 929 930 931 932 933 934 935 936 937 938 939 940 941 942 943 944 945 946 947 948 949 950 951 952 953 954 955 956 957 958 959 960 961 962 963 964 965 966 967 968 969 970 971 972 973 974 975 976 977 978 979 980 981 982 983 984 985 986 987 988 989 990 991 992 993 994 995 996 997 998 999 |
>MST_44
 0 1 2 3 4 5 6 7 8 9 10 11 12 13 14 15 16 17 18 19 20 21 22 23 24 25 26 27 28 29 30 31 32 33 34 35 36 37 38 39 40 41 42 43 44 45 46 47 48 49 50 51 52 53 54 55 56 57 58 59 60 61 62 63 64 65 66 67 68 69 70 71 72 73 74 75 76 77 78 79 80 81 82 83 84 85 86 87 88 89 90 91 92 93 94 95 96 97 98 99 100 101 102 103 104 105 106 107 108 109 110 111 112 113 114 115 116 117 118 119 120 121 122 123 124 125 126 127 128 129 130 131 132 133 134 135 136 137 138 139 140 141 142 143 144 145 146 147 148 149 150 151 152 153 154 155 156 157 158 159 160 161 162 163 164 165 166 167 168 169 170 171 172 173 174 175 176 177 178 179 180 181 182 183 184 185 186 187 188 189 190 191 192 193 194 195 196 197 198 199 200 201 202 203 204 205 206 207 208 209 210 211 212 213 214 215 216 217 218 219 220 221 222 223 224 225 226 227 228 229 230 231 232 233 234 235 236 237 238 239 240 241 242 243 244 245 246 247 248 249 250 251 252 253 254 255 256 257 258 259 260 261 262 263 264 265 266 267 268 269 270 271 272 273 274 275 276 277 278 279 280 281 282 283 284 285 286 287 288 289 290 291 292 293 294 295 296 297 298 299 300 301 302 303 304 305 306 307 308 309 310 311 312 313 314 315 316 317 318 319 320 321 322 323 324 325 326 327 328 329 330 331 332 333 334 335 336 337 338 339 340 341 342 343 344 345 346 347 348 349 350 351 352 353 354 355 356 357 358 359 360 361 362 363 364 365 366 367 368 369 370 371 372 373 374 375 376 377 378 379 380 381 382 383 384 385 386 387 388 389 390 391 392 393 394 395 396 397 398 399 400 401 402 403 404 405 406 407 408 409 410 411 412 413 414 415 416 417 418 419 420 421 422 423 424 425 426 427 428 429 430 431 432 433 434 435 436 437 438 439 440 441 442 443 444 445 446 447 448 449 450 451 452 453 454 455 456 457 458 459 460 461 462 463 464 465 466 467 468 469 470 471 472 473 474 475 476 477 478 479 480 481 482 483 484 485 486 487 488 489 490 491 492 493 494 495 496 497 498 499 500 501 502 503 504 505 506 507 508 509 510 511 512 513 514 515 516 517 518 519 520 521 522 523 524 525 526 527 528 529 530 531 532 533 534 535 536 537 538 539 540 541 542 543 544 545 546 547 548 549 550 551 552 553 554 555 556 557 558 559 560 561 562 563 564 565 566 567 568 569 570 571 572 573 574 575 576 577 578 579 580 581 582 583 584 585 586 587 588 589 590 591 592 593 594 595 596 597 598 599 600 601 602 603 604 605 606 607 608 609 610 611 612 613 614 615 616 617 618 619 620 621 622 623 624 625 626 627 628 629 630 631 632 633 634 635 636 637 638 639 640 641 642 643 644 645 646 647 648 649 650 651 652 653 654 655 656 657 658 659 660 661 662 663 664 665 666 667 668 669 670 671 672 673 674 675 676 677 678 679 680 681 682 683 684 685 686 687 688 689 690 691 692 693 694 695 696 697 698 699 700 701 702 703 704 705 706 707 708 709 710 711 712 713 714 715 716 717 718 719 720 721 722 723 724 725 726 727 728 729 730 731 732 733 734 735 736 737 738 739 740 741 742 743 744 745 746 747 748 749 750 751 752 753 754 755 756 757 758 759 760 761 762 763 764 765 766 767 768 769 770 771 772 773 774 775 776 777 778 779 780 781 782 783 784 785 786 787 788 789 790 791 792 793 794 795 796 797 798 799 800 801 802 803 804 805 806 807 808 809 810 811 812 813 814 815 816 817 818 819 820 821 822 823 824 825 826 827 828 829 830 831 832 833 834 835 836 837 838 839 840 841 842 843 844 845 846 847 848 849 850 851 852 853 854 855 856 857 858 859 860 861 862 863 864 865 866 867 868 869 870 871 872 873 874 875 876 877 878 879 880 881 882 883 884 885 886 887 888 889 890 891 892 893 894 895 896 897 898 899 900 901 902 903 904 905 906 907 908 909 910 911 912 913 914 915 916 917 918 919 920 921 922 923 924 925 926 927 928 929 930 931 932 933 934 935 936 937 938 939 940 941 942 943 944 945 946 947 948 949 950 951 952 953 954 955 956 957 958 959 960 961 962 963 964 965 966 967 968 969 970 971 972 973 974 975 976 977 978 979 980 981 982 983 984 985 986 987 988 989 990 991 992 993 994 995 996 997 998 999 |
>MST_45
 0 1 2 3 4 5 6 7 8 9 10 11 12 13 14 15 16 17 18 19 20 21 22 23 24 25 26 27 28 29 30 31 32 33 34 35 36 37 38 39 40 41 42 43 44 45 46 47 48 49 50 51 52 53 54 55 56 57 58 59 60 61 62 63 64 65 66 67 68 69 70 71 72 73 74 75 76 77 78 79 80 81 82 83 84 85 86 87 88 89 90 91 92 93 94 95 96 97 98 99 100 101 102 103 104 105 106 107 108 109 110 111 112 113 114 115 116 117 118 119 120 121 122 123 124 125 126 127 128 129 130 131 132 133 134 135 136 137 138 139 140 141 142 143 144 145 146 147 148 149 150 151 152 153 154 155 156 157 158 159 160 161 162 163 164 165 166 167 168 169 170 171 172 173 174 175 176 177 178 179 180 181 182 183 184 185 186 187 188 189 190 191 192 193 194 195 196 197 198 199 200 201 202 203 204 205 206 207 208 209 210 211 212 213 214 215 216 217 218 219 220 221 222 223 224 225 226 227 228 229 230 231 232 233 234 235 236 237 238 239 240 241 242 243 244 245 246 247 248 249 250 251 252 253 254 255 256 257 258 259 260 261 262 263 264 265 266 267 268 269 270 271 272 273 274 275 276 277 278 279 280 281 282 283 284 285 286 287 288 289 290 291 292 293 294 295 296 297 298 299 300 301 302 303 304 305 306 307 308 309 310 311 312 313 314 315 316 317 318 319 320 321 322 323 324 325 326 327 328 329 330 331 332 333 334 335 336 337 338 339 340 341 342 343 344 345 346 347 348 349 350 351 352 353 354 355 356 357 358 359 360 361 362 363 364 365 366 367 368 369 370 371 372 373 374 375 376 377 378 379 380 381 382 383 384 385 386 387 388 389 390 391 392 393 394 395 396 397 398 399 400 401 402 403 404 405 406 407 408 409 410 411 412 413 414 415 416 417 418 419 420 421 422 423 424 425 426 427 428 429 430 431 432 433 434 435 436 437 438 439 440 441 442 443 444 445 446 447 448 449 450 451 452 453 454 455 456 457 458 459 460 461 462 463 464 465 466 467 468 469 470 471 472 473 474 475 476 477 478 479 480 481 482 483 484 485 486 487 488 489 490 491 492 493 494 495 496 497 498 499 500 501 502 503 504 505 506 507 508 509 510 511 512 513 514 515 516 517 518 519 520 521 522 523 524 525 526 527 528 529 530 531 532 533 534 535 536 537 538 539 540 541 542 543 544 545 546 547 548 549 550 551 552 553 554 555 556 557 558 559 560 561 562 563 564 565 566 567 568 569 570 571 572 573 574 575 576 577 578 579 580 581 582 583 584 585 586 587 588 589 590 591 592 593 594 595 596 597 598 599 600 601 602 603 604 605 606 607 608 609 610 611 612 613 614 615 616 617 618 619 620 621 622 623 624 625 626 627 628 629 630 631 632 633 634 635 636 637 638 639 640 641 642 643 644 645 646 647 648 649 650 651 652 653 654 655 656 657 658 659 660 661 662 663 664 665 666 667 668 669 670 671 672 673 674 675 676 677 678 679 680 681 682 683 684 685 686 687 688 689 690 691 692 693 694 695 696 697 698 699 700 701 702 703 704 705 706 707 708 709 710 711 712 713 714 715 716 717 718 719 720 721 722 723 724 725 726 727 728 729 730 731 732 733 734 735 736 737 738 739 740 741 742 743 744 745 746 747 748 749 750 751 752 753 754 755 756 757 758 759 760 761 762 763 764 765 766 767 768 769 770 771 772 773 774 775 776 777 778 779 780 781 782 783 784 785 786 787 788 789 790 791 792 793 794 795 796 797 798 799 800 801 802 803 804 805 806 807 808 809 810 811 812 813 814 815 816 817 818 819 820 821 822 823 824 825 826 827 828 829 830 831 832 833 834 835 836 837 838 839 840 841 842 843 844 845 846 847 848 849 850 851 852 853 854 855 856 857 858 859 860 861 862 863 864 865 866 867 868 869 870 871 872 873 874 875 876 877 878 879 880 881 882 883 884 885 886 887 888 889 890 891 892 893 894 895 896 897 898 899 900 901 902 903 904 905 906 907 908 909 910 911 912 913 914 915 916 917 918 919 920 921 922 923 924 925 926 927 928 929 930 931 932 933 934 935 936 937 938 939 940 941 942 943 944 945 946 947 948 949 950 951 952 953 954 955 956 957 958 959 960 961 962 963 964 965 966 967 968 969 970 971 972 973 974 975 976 977 978 979 980 981 982 983 984 985 986 987 988 989 990 991 992 993 994 995 996 997 998 999 |
>MST_46
 0 1 2 3 4 5 6 7 8 9 10 11 12 13 14 15 16 17 18 19 20 21 22 23 24 25 26 27 28 29 30 31 32 33 34 35 36 37 38 39 40 41 42 43 44 45 46 47 48 49 50 51 52 53 54 55 56 57 58 59 60 61 62 63 64 65 66 67 68 69 70 71 72 73 74 75 76 77 78 79 80 81 82 83 84 85 86 87 88 89 90 91 92 93 94 95 96 97 98 99 100 101 102 103 104 105 106 107 108 109 110 111 112 113 114 115 116 117 118 119 120 121 122 123 124 125 126 127 128 129 130 131 132 133 134 135 136 137 138 139 140 141 142 143 144 145 146 147 148 149 150 151 152 153 154 155 156 157 158 159 160 161 162 163 164 165 166 167 168 169 170 171 172 173 174 175 176 177 178 179 180 181 182 183 184 185 186 187 188 189 190 191 192 193 194 195 196 197 198 199 200 201 202 203 204 205 206 207 208 209 210 211 212 213 214 215 216 217 218 219 220 221 222 223 224 225 226 227 228 229 230 231 232 233 234 235 236 237 238 239 240 241 242 243 244 245 246 247 248 249 250 251 252 253 254 255 256 257 258 259 260 261 262 263 264 265 266 267 268 269 270 271 272 273 274 275 276 277 278 279 280 281 282 283 284 285 286 287 288 289 290 291 292 293 294 295 296 297 298 299 300 301 302 303 304 305 306 307 308 309 310 311 312 313 314 315 316 317 318 319 320 321 322 323 324 325 326 327 328 329 330 331 332 333 334 335 336 337 338 339 340 341 342 343 344 345 346 347 348 349 350 351 352 353 354 355 356 357 358 359 360 361 362 363 364 365 366 367 368 369 370 371 372 373 374 375 376 377 378 379 380 381 382 383 384 385 386 387 388 389 390 391 392 393 394 395 396 397 398 399 400 401 402 403 404 405 406 407 408 409 410 411 412 413 414 415 416 417 418 419 420 421 422 423 424 425 426 427 428 429 430 431 432 433 434 435 436 437 438 439 440 441 442 443 444 445 446 447 448 449 450 451 452 453 454 455 456 457 458 459 460 461 462 463 464 465 466 467 468 469 470 471 472 473 474 475 476 477 478 479 480 481 482 483 484 485 486 487 488 489 490 491 492 493 494 495 496 497 498 499 500 501 502 503 504 505 506 507 508 509 510 511 512 513 514 515 516 517 518 519 520 521 522 523 524 525 526 527 528 529 530 531 532 533 534 535 536 537 538 539 540 541 542 543 544 545 546 547 548 549 550 551 552 553 554 555 556 557 558 559 560 561 562 563 564 565 566 567 568 569 570 571 572 573 574 575 576 577 578 579 580 581 582 583 584 585 586 587 588 589 590 591 592 593 594 595 596 597 598 599 600 601 602 603 604 605 606 607 608 609 610 611 612 613 614 615 616 617 618 619 620 621 622 623 624 625 626 627 628 629 630 631 632 633 634 635 636 637 638 639 640 641 642 643 644 645 646 647 648 649 650 651 652 653 654 655 656 657 658 659 660 661 662 663 664 665 666 667 668 669 670 671 672 673 674 675 676 677 678 679 680 681 682 683 684 685 686 687 688 689 690 691 692 693 694 695 696 697 698 699 700 701 702 703 704 705 706 707 708 709 710 711 712 713 714 715 716 717 718 719 720 721 722 723 724 725 726 727 728 729 730 731 732 733 734 735 736 737 738 739 740 741 742 743 744 745 746 747 748 749 750 751 752 753 754 755 756 757 758 759 760 761 762 763 764 765 766 767 768 769 770 771 772 773 774 775 776 777 778 779 780 781 782 783 784 785 786 787 788 789 790 791 792 793 794 795 796 797 798 799 800 801 802 803 804 805 806 807 808 809 810 811 812 813 814 815 816 817 818 819 820 821 822 823 824 825 826 827 828 829 830 831 832 833 834 835 836 837 838 839 840 841 842 843 844 845 846 847 848 849 850 851 852 853 854 855 856 857 858 859 860 861 862 863 864 865 866 867 868 869 870 871 872 873 874 875 876 877 878 879 880 881 882 883 884 885 886 887 888 889 890 891 892 893 894 895 896 897 898 899 900 901 902 903 904 905 906 907 908 909 910 911 912 913 914 915 916 917 918 919 920 921 922 923 924 925 926 927 928 929 930 931 932 933 934 935 936 937 938 939 940 941 942 943 944 945 946 947 948 949 950 951 952 953 954 955 956 957 958 959 960 961 962 963 964 965 966 967 968 969 970 971 972 973 974 975 976 977 978 979 980 981 982 983 984 985 986 987 988 989 990 991 992 993 994 995 996 997 998 999 |
>MST_47
 0 1 2 3 4 5 6 7 8 9 10 11 12 13 14 15 16 17 18 19 20 21 22 23 24 25 26 27 28 29 30 31 32 33 34 35 36 37 38 39 40 41 42 43 44 45 46 47 48 49 50 51 52 53 54 55 56 57 58 59 60 61 62 63 64 65 66 67 68 69 70 71 72 73 74 75 76 77 78 79 80 81 82 83 84 85 86 87 88 89 90 91 92 93 94 95 96 97 98 99 100 101 102 103 104 105 106 107 108 109 110 111 112 113 114 115 116 117 118 119 120 121 122 123 124 125 126 127 128 129 130 131 132 133 134 135 136 137 138 139 140 141 142 143 144 145 146 147 148 149 150 151 152 153 154 155 156 157 158 159 160 161 162 163 164 165 166 167 168 169 170 171 172 173 174 175 176 177 178 179 180 181 182 183 184 185 186 187 188 189 190 191 192 193 194 195 196 197 198 199 200 201 202 203 204 205 206 207 208 209 210 211 212 213 214 215 216 217 218 219 220 221 222 223 224 225 226 227 228 229 230 231 232 233 234 235 236 237 238 239 240 241 242 243 244 245 246 247 248 249 250 251 252 253 254 255 256 257 258 259 260 261 262 263 264 265 266 267 268 269 270 271 272 273 274 275 276 277 278 279 280 281 282 283 284 285 286 287 288 289 290 291 292 293 294 295 296 297 298 299 300 301 302 303 304 305 306 307 308 309 310 311 312 313 314 315 316 317 318 319 320 321 322 323 324 325 326 327 328 329 330 331 332 333 334 335 336 337 338 339 340 341 342 343 344 345 346 347 348 349 350 351 352 353 354 355 356 357 358 359 360 361 362 363 364 365 366 367 368 369 370 371 372 373 374 375 376 377 378 379 380 381 382 383 384 385 386 387 388 389 390 391 392 393 394 395 396 397 398 399 400 401 402 403 404 405 406 407 408 409 410 411 412 413 414 415 416 417 418 419 420 421 422 423 424 425 426 427 428 429 430 431 432 433 434 435 436 437 438 439 440 441 442 443 444 445 446 447 448 449 450 451 452 453 454 455 456 457 458 459 460 461 462 463 464 465 466 467 468 469 470 471 472 473 474 475 476 477 478 479 480 481 482 483 484 485 486 487 488 489 490 491 492 493 494 495 496 497 498 499 500 501 502 503 504 505 506 507 508 509 510 511 512 513 514 515 516 517 518 519 520 521 522 523 524 525 526 527 528 529 530 531 532 533 534 535 536 537 538 539 540 541 542 543 544 545 546 547 548 549 550 551 552 553 554 555 556 557 558 559 560 561 562 563 564 565 566 567 568 569 570 571 572 573 574 575 576 577 578 579 580 581 582 583 584 585 586 587 588 589 590 591 592 593 594 595 596 597 598 599 600 601 602 603 604 605 606 607 608 609 610 611 612 613 614 615 616 617 618 619 620 621 622 623 624 625 626 627 628 629 630 631 632 633 634 635 636 637 638 639 640 641 642 643 644 645 646 647 648 649 650 651 652 653 654 655 656 657 658 659 660 661 662 663 664 665 666 667 668 669 670 671 672 673 674 675 676 677 678 679 680 681 682 683 684 685 686 687 688 689 690 691 692 693 694 695 696 697 698 699 700 701 702 703 704 705 706 707 708 709 710 711 712 713 714 715 716 717 718 719 720 721 722 723 724 725 726 727 728 729 730 731 732 733 734 735 736 737 738 739 740 741 742 743 744 745 746 747 748 749 750 751 752 753 754 755 756 757 758 759 760 761 762 763 764 765 766 767 768 769 770 771 772 773 774 775 776 777 778 779 780 781 782 783 784 785 786 787 788 789 790 791 792 793 794 795 796 797 798 799 800 801 802 803 804 805 806 807 808 809 810 811 812 813 814 815 816 817 818 819 820 821 822 823 824 825 826 827 828 829 830 831 832 833 834 835 836 837 838 839 840 841 842 843 844 845 846 847 848 849 850 851 852 853 854 855 856 857 858 859 860 861 862 863 864 865 866 867 868 869 870 871 872 873 874 875 876 877 878 879 880 881 882 883 884 885 886 887 888 889 890 891 892 893 894 895 896 897 898 899 900 901 902 903 904 905 906 907 908 909 910 911 912 913 914 915 916 917 918 919 920 921 922 923 924 925 926 927 928 929 930 931 932 933 934 935 936 937 938 939 940 941 942 943 944 945 946 947 948 949 950 951 952 953 954 955 956 957 958 959 960 961 962 963 964 965 966 967 968 969 970 971 972 973 974 975 976 977 978 979 980 981 982 983 984 985 986 987 988 989 990 991 992 993 994 995 996 997 998 999 |
>MST_48
 0 1 2 3 4 5 6 7 8 9 10 11 12 13 14 15 16 17 18 19 20 21 22 23 24 25 26 27 28 29 30 31 32 33 34 35 36 37 38 39 40 41 42 43 44 45 46 47 48 49 50 51 52 53 54 55 56 57 58 59 60 61 62 63 64 65 66 67 68 69 70 71 72 73 74 75 76 77 78 79 80 81 82 83 84 85 86 87 88 89 90 91 92 93 94 95 96 97 98 99 100 101 102 103 104 105 106 107 108 109 110 111 112 113 114 115 116 117 118 119 120 121 122 123 124 125 126 127 128 129 130 131 132 133 134 135 136 137 138 139 140 141 142 143 144 145 146 147 148 149 150 151 152 153 154 155 156 157 158 159 160 161 162 163 164 165 166 167 168 169 170 171 172 173 174 175 176 177 178 179 180 181 182 183 184 185 186 187 188 189 190 191 192 193 194 195 196 197 198 199 200 201 202 203 204 205 206 207 208 209 210 211 212 213 214 215 216 217 218 219 220 221 222 223 224 225 226 227 228 229 230 231 232 233 234 235 236 237 238 239 240 241 242 243 244 245 246 247 248 249 250 251 252 253 254 255 256 257 258 259 260 261 262 263 264 265 266 267 268 269 270 271 272 273 274 275 276 277 278 279 280 281 282 283 284 285 286 287 288 289 290 291 292 293 294 295 296 297 298 299 300 301 302 303 304 305 306 307 308 309 310 311 312 313 314 315 316 317 318 319 320 321 322 323 324 325 326 327 328 329 330 331 332 333 334 335 336 337 338 339 340 341 342 343 344 345 346 347 348 349 350 351 352 353 354 355 356 357 358 359 360 361 362 363 364 365 366 367 368 369 370 371 372 373 374 375 376 377 378 379 380 381 382 383 384 385 386 387 388 389 390 391 392 393 394 395 396 397 398 399 400 401 402 403 404 405 406 407 408 409 410 411 412 413 414 415 416 417 418 419 420 421 422 423 424 425 426 427 428 429 430 431 432 433 434 435 436 437 438 439 440 441 442 443 444 445 446 447 448 449 450 451 452 453 454 455 456 457 458 459 460 461 462 463 464 465 466 467 468 469 470 471 472 473 474 475 476 477 478 479 480 481 482 483 484 485 486 487 488 489 490 491 492 493 494 495 496 497 498 499 500 501 502 503 504 505 506 507 508 509 510 511 512 513 514 515 516 517 518 519 520 521 522 523 524 525 526 527 528 529 530 531 532 533 534 535 536 537 538 539 540 541 542 543 544 545 546 547 548 549 550 551 552 553 554 555 556 557 558 559 560 561 562 563 564 565 566 567 568 569 570 571 572 573 574 575 576 577 578 579 580 581 582 583 584 585 586 587 588 589 590 591 592 593 594 595 596 597 598 599 600 601 602 603 604 605 606 607 608 609 610 611 612 613 614 615 616 617 618 619 620 621 622 623 624 625 626 627 628 629 630 631 632 633 634 635 636 637 638 639 640 641 642 643 644 645 646 647 648 649 650 651 652 653 654 655 656 657 658 659 660 661 662 663 664 665 666 667 668 669 670 671 672 673 674 675 676 677 678 679 680 681 682 683 684 685 686 687 688 689 690 691 692 693 694 695 696 697 698 699 700 701 702 703 704 705 706 707 708 709 710 711 712 713 714 715 716 717 718 719 720 721 722 723 724 725 726 727 728 729 730 731 732 733 734 735 736 737 738 739 740 741 742 743 744 745 746 747 748 749 750 751 752 753 754 755 756 757 758 759 760 761 762 763 764 765 766 767 768 769 770 771 772 773 774 775 776 777 778 779 780 781 782 783 784 785 786 787 788 789 790 791 792 793 794 795 796 797 798 799 800 801 802 803 804 805 806 807 808 809 810 811 812 813 814 815 816 817 818 819 820 821 822 823 824 825 826 827 828 829 830 831 832 833 834 835 836 837 838 839 840 841 842 843 844 845 846 847 848 849 850 851 852 853 854 855 856 857 858 859 860 861 862 863 864 865 866 867 868 869 870 871 872 873 874 875 876 877 878 879 880 881 882 883 884 885 886 887 888 889 890 891 892 893 894 895 896 897 898 899 900 901 902 903 904 905 906 907 908 909 910 911 912 913 914 915 916 917 918 919 920 921 922 923 924 925 926 927 928 929 930 931 932 933 934 935 936 937 938 939 940 941 942 943 944 945 946 947 948 949 950 951 952 953 954 955 956 957 958 959 960 961 962 963 964 965 966 967 968 969 970 971 972 973 974 975 976 977 978 979 980 981 982 983 984 985 986 987 988 989 990 991 992 993 994 995 996 997 998 999 |
>MST_49
 0 1 2 3 4 5 6 7 8 9 10 11 12 13 14 15 16 17 18 19 20 21 22 23 24 25 26 27 28 29 30 31 32 33 34 35 36 37 38 39 40 41 42 43 44 45 46 47 48 49 50 51 52 53 54 55 56 57 58 59 60 61 62 63 64 65 66 67 68 69 70 71 72 73 74 75 76 77 78 79 80 81 82 83 84 85 86 87 88 89 90 91 92 93 94 95 96 97 98 99 100 101 102 103 104 105 106 107 108 109 110 111 112 113 114 115 116 117 118 119 120 121 122 123 124 125 126 127 128 129 130 131 132 133 134 135 136 137 138 139 140 141 142 143 144 145 146 147 148 149 150 151 152 153 154 155 156 157 158 159 160 161 162 163 164 165 166 167 168 169 170 171 172 173 174 175 176 177 178 179 180 181 182 183 184 185 186 187 188 189 190 191 192 193 194 195 196 197 198 199 200 201 202 203 204 205 206 207 208 209 210 211 212 213 214 215 216 217 218 219 220 221 222 223 224 225 226 227 228 229 230 231 232 233 234 235 236 237 238 239 240 241 242 243 244 245 246 247 248 249 250 251 252 253 254 255 256 257 258 259 260 261 262 263 264 265 266 267 268 269 270 271 272 273 274 275 276 277 278 279 280 281 282 283 284 285 286 287 288 289 290 291 292 293 294 295 296 297 298 299 300 301 302 303 304 305 306 307 308 309 310 311 312 313 314 315 316 317 318 319 320 321 322 323 324 325 326 327 328 329 330 331 332 333 334 335 336 337 338 339 340 341 342 343 344 345 346 347 348 349 350 351 352 353 354 355 356 357 358 359 360 361 362 363 364 365 366 367 368 369 370 371 372 373 374 375 376 377 378 379 380 381 382 383 384 385 386 387 388 389 390 391 392 393 394 395 396 397 398 399 400 401 402 403 404 405 406 407 408 409 410 411 412 413 414 415 416 417 418 419 420 421 422 423 424 425 426 427 428 429 430 431 432 433 434 435 436 437 438 439 440 441 442 443 444 445 446 447 448 449 450 451 452 453 454 455 456 457 458 459 460 461 462 463 464 465 466 467 468 469 470 471 472 473 474 475 476 477 478 479 480 481 482 483 484 485 486 487 488 489 490 491 492 493 494 495 496 497 498 499 500 501 502 503 504 505 506 507 508 509 510 511 512 513 514 515 516 517 518 519 520 521 522 523 524 525 526 527 528 529 530 531 532 533 534 535 536 537 538 539 540 541 542 543 544 545 546 547 548 549 550 551 552 553 554 555 556 557 558 559 560 561 562 563 564 565 566 567 568 569 570 571 572 573 574 575 576 577 578 579 580 581 582 583 584 585 586 587 588 589 590 591 592 593 594 595 596 597 598 599 600 601 602 603 604 605 606 607 608 609 610 611 612 613 614 615 616 617 618 619 620 621 622 623 624 625 626 627 628 629 630 631 632 633 634 635 636 637 638 639 640 641 642 643 644 645 646 647 648 649 650 651 652 653 654 655 656 657 658 659 660 661 662 663 664 665 666 667 668 669 670 671 672 673 674 675 676 677 678 679 680 681 682 683 684 685 686 687 688 689 690 691 692 693 694 695 696 697 698 699 700 701 702 703 704 705 706 707 708 709 710 711 712 713 714 715 716 717 718 719 720 721 722 723 724 725 726 727 728 729 730 731 732 733 734 735 736 737 738 739 740 741 742 743 744 745 746 747 748 749 750 751 752 753 754 755 756 757 758 759 760 761 762 763 764 765 766 767 768 769 770 771 772 773 774 775 776 777 778 779 780 781 782 783 784 785 786 787 788 789 790 791 792 793 794 795 796 797 798 799 800 801 802 803 804 805 806 807 808 809 810 811 812 813 814 815 816 817 818 819 820 821 822 823 824 825 826 827 828 829 830 831 832 833 834 835 836 837 838 839 840 841 842 843 844 845 846 847 848 849 850 851 852 853 854 855 856 857 858 859 860 861 862 863 864 865 866 867 868 869 870 871 872 873 874 875 876 877 878 879 880 881 882 883 884 885 886 887 888 889 890 891 892 893 894 895 896 897 898 899 900 901 902 903 904 905 906 907 908 909 910 911 912 913 914 915 916 917 918 919 920 921 922 923 924 925 926 927 928 929 930 931 932 933 934 935 936 937 938 939 940 941 942 943 944 945 946 947 948 949 950 951 952 953 954 955 956 957 958 959 960 961 962 963 964 965 966 967 968 969 970 971 972 973 974 975 976 977 978 979 980 981 982 983 984 985 986 987 988 989 990 991 992 993 994 995 996 997 998 999 |
>MST_50
 0 1 2 3 4 5 6 7 8 9 10 11 12 13 14 15 16 17 18 19 20 21 22 23 24 25 26 27 28 29 30 31 32 33 34 35 36 37 38 39 40 41 42 43 44 45 46 47 48 49 50 51 52 53 54 55 56 57 58 59 60 61 62 63 64 65 66 67 68 69 70 71 72 73 74 75 76 77 78 79 80 81 82 83 84 85 86 87 88 89 90 91 92 93 94 95 96 97 98 99 100 101 102 103 104 105 106 107 108 109 110 111 112 113 114 115 116 117 118 119 120 121 122 123 124 125 126 127 128 129 130 131 132 133 134 135 136 137 138 139 140 141 142 143 144 145 146 147 148 149 150 151 152 153 154 155 156 157 158 159 160 161 162 163 164 165 166 167 168 169 170 171 172 173 174 175 176 177 178 179 180 181 182 183 184 185 186 187 188 189 190 191 192 193 194 195 196 197 198 199 200 201 202 203 204 205 206 207 208 209 210 211 212 213 214 215 216 217 218 219 220 221 222 223 224 225 226 227 228 229 230 231 232 233 234 235 236 237 238 239 240 241 242 243 244 245 246 247 248 249 250 251 252 253 254 255 256 257 258 259 260 261 262 263 264 265 266 267 268 269 270 271 272 273 274 275 276 277 278 279 280 281 282 283 284 285 286 287 288 289 290 291 292 293 294 295 296 297 298 299 300 301 302 303 304 305 306 307 308 309 310 311 312 313 314 315 316 317 318 319 320 321 322 323 324 325 326 327 328 329 330 331 332 333 334 335 336 337 338 339 340 341 342 343 344 345 346 347 348 349 350 351 352 353 354 355 356 357 358 359 360 361 362 363 364 365 366 367 368 369 370 371 372 373 374 375 376 377 378 379 380 381 382 383 384 385 386 387 388 389 390 391 392 393 394 395 396 397 398 399 400 401 402 403 404 405 406 407 408 409 410 411 412 413 414 415 416 417 418 419 420 421 422 423 424 425 426 427 428 429 430 431 432 433 434 435 436 437 438 439 440 441 442 443 444 445 446 447 448 449 450 451 452 453 454 455 456 457 458 459 460 461 462 463 464 465 466 467 468 469 470 471 472 473 474 475 476 477 478 479 480 481 482 483 484 485 486 487 488 489 490 491 492 493 494 495 496 497 498 499 500 501 502 503 504 505 506 507 508 509 510 511 512 513 514 515 516 517 518 519 520 521 522 523 524 525 526 527 528 529 530 531 532 533 534 535 536 537 538 539 540 541 542 543 544 545 546 547 548 549 550 551 552 553 554 555 556 557 558 559 560 561 562 563 564 565 566 567 568 569 570 571 572 573 574 575 576 577 578 579 580 581 582 583 584 585 586 587 588 589 590 591 592 593 594 595 596 597 598 599 600 601 602 603 604 605 606 607 608 609 610 611 612 613 614 615 616 617 618 619 620 621 622 623 624 625 626 627 628 629 630 631 632 633 634 635 636 637 638 639 640 641 642 643 644 645 646 647 648 649 650 651 652 653 654 655 656 657 658 659 660 661 662 663 664 665 666 667 668 669 670 671 672 673 674 675 676 677 678 679 680 681 682 683 684 685 686 687 688 689 690 691 692 693 694 695 696 697 698 699 700 701 702 703 704 705 706 707 708 709 710 711 712 713 714 715 716 717 718 719 720 721 722 723 724 725 726 727 728 729 730 731 732 733 734 735 736 737 738 739 740 741 742 743 744 745 746 747 748 749 750 751 752 753 754 755 756 757 758 759 760 761 762 763 764 765 766 767 768 769 770 771 772 773 774 775 776 777 778 779 780 781 782 783 784 785 786 787 788 789 790 791 792 793 794 795 796 797 798 799 800 801 802 803 804 805 806 807 808 809 810 811 812 813 814 815 816 817 818 819 820 821 822 823 824 825 826 827 828 829 830 831 832 833 834 835 836 837 838 839 840 841 842 843 844 845 846 847 848 849 850 851 852 853 854 855 856 857 858 859 860 861 862 863 864 865 866 867 868 869 870 871 872 873 874 875 876 877 878 879 880 881 882 883 884 885 886 887 888 889 890 891 892 893 894 895 896 897 898 899 900 901 902 903 904 905 906 907 908 909 910 911 912 913 914 915 916 917 918 919 920 921 922 923 924 925 926 927 928 929 930 931 932 933 934 935 936 937 938 939 940 941 942 943 944 945 946 947 948 949 950 951 952 953 954 955 956 957 958 959 960 961 962 963 964 965 966 967 968 969 970 971 972 973 974 975 976 977 978 979 980 981 982 983 984 985 986 987 988 989 990 991 992 993 994 995 996 997 998 999 |
>MST_51
 0 1 2 3 4 5 6 7 8 9 10 11 12 13 14 15 16 17 18 19 20 21 22 23 24 25 26 27 28 29 30 31 32 33 34 35 36 37 38 39 40 41 42 43 44 45 46 47 48 49 50 51 52 53 54 55 56 57 58 59 60 61 62 63 64 65 66 67 68 69 70 71 72 73 74 75 76 77 78 79 80 81 82 83 84 85 86 87 88 89 90 91 92 93 94 95 96 97 98 99 100 101 102 103 104 105 106 107 108 109 110 111 112 113 114 115 116 117 118 119 120 121 122 123 124 125 126 127 128 129 130 131 132 133 134 135 136 137 138 139 140 141 142 143 144 145 146 147 148 149 150 151 152 153 154 155 156 157 158 159 160 161 162 163 164 165 166 167 168 169 170 171 172 173 174 175 176 177 178 179 180 181 182 183 184 185 186 187 188 189 190 191 192 193 194 195 196 197 198 199 200 201 202 203 204 205 206 207 208 209 210 211 212 213 214 215 216 217 218 219 220 221 222 223 224 225 226 227 228 229 230 231 232 233 234 235 236 237 238 239 240 241 242 243 244 245 246 247 248 249 250 251 252 253 254 255 256 257 258 259 260 261 262 263 264 265 266 267 268 269 270 271 272 273 274 275 276 277 278 279 280 281 282 283 284 285 286 287 288 289 290 291 292 293 294 295 296 297 298 299 300 301 302 303 304 305 306 307 308 309 310 311 312 313 314 315 316 317 318 319 320 321 322 323 324 325 326 327 328 329 330 331 332 333 334 335 336 337 338 339 340 341 342 343 344 345 346 347 348 349 350 351 352 353 354 355 356 357 358 359 360 361 362 363 364 365 366 367 368 369 370 371 372 373 374 375 376 377 378 379 380 381 382 383 384 385 386 387 388 389 390 391 392 393 394 395 396 397 398 399 400 401 402 403 404 405 406 407 408 409 410 411 412 413 414 415 416 417 418 419 420 421 422 423 424 425 426 427 428 429 430 431 432 433 434 435 436 437 438 439 440 441 442 443 444 445 446 447 448 449 450 451 452 453 454 455 456 457 458 459 460 461 462 463 464 465 466 467 468 469 470 471 472 473 474 475 476 477 478 479 480 481 482 483 484 485 486 487 488 489 490 491 492 493 494 495 496 497 498 499 500 501 502 503 504 505 506 507 508 509 510 511 512 513 514 515 516 517 518 519 520 521 522 523 524 525 526 527 528 529 530 531 532 533 534 535 536 537 538 539 540 541 542 543 544 545 546 547 548 549 550 551 552 553 554 555 556 557 558 559 560 561 562 563 564 565 566 567 568 569 570 571 572 573 574 575 576 577 578 579 580 581 582 583 584 585 586 587 588 589 590 591 592 593 594 595 596 597 598 599 600 601 602 603 604 605 606 607 608 609 610 611 612 613 614 615 616 617 618 619 620 621 622 623 624 625 626 627 628 629 630 631 632 633 634 635 636 637 638 639 640 641 642 643 644 645 646 647 648 649 650 651 652 653 654 655 656 657 658 659 660 661 662 663 664 665 666 667 668 669 670 671 672 673 674 675 676 677 678 679 680 681 682 683 684 685 686 687 688 689 690 691 692 693 694 695 696 697 698 699 700 701 702 703 704 705 706 707 708 709 710 711 712 713 714 715 716 717 718 719 720 721 722 723 724 725 726 727 728 729 730 731 732 733 734 735 736 737 738 739 740 741 742 743 744 745 746 747 748 749 750 751 752 753 754 755 756 757 758 759 760 761 762 763 764 765 766 767 768 769 770 771 772 773 774 775 776 777 778 779 780 781 782 783 784 785 786 787 788 789 790 791 792 793 794 795 796 797 798 799 800 801 802 803 804 805 806 807 808 809 810 811 812 813 814 815 816 817 818 819 820 821 822 823 824 825 826 827 828 829 830 831 832 833 834 835 836 837 838 839 840 841 842 843 844 845 846 847 848 849 850 851 852 853 854 855 856 857 858 859 860 861 862 863 864 865 866 867 868 869 870 871 872 873 874 875 876 877 878 879 880 881 882 883 884 885 886 887 888 889 890 891 892 893 894 895 896 897 898 899 900 901 902 903 904 905 906 907 908 909 910 911 912 913 914 915 916 917 918 919 920 921 922 923 924 925 926 927 928 929 930 931 932 933 934 935 936 937 938 939 940 941 942 943 944 945 946 947 948 949 950 951 952 953 954 955 956 957 958 959 960 961 962 963 964 965 966 967 968 969 970 971 972 973 974 975 976 977 978 979 980 981 982 983 984 985 986 987 988 989 990 991 992 993 994 995 996 997 998 999 |
>MST_52
 942 994 | 13 329 | 14 328 | 217 424 136 274 | 284 796 | 630 962 82 | 350 911 918 247 | 43 882 | 883 55 934 135 | 154 439 850 946 | 349 1 672 252 0 612 251 851 318 | 133 629 | 8 795 425 255 649 480 | 248 933 441 | 300 524 | 301 837 | 426 777 | 427 776 | 585 643 | 586 642 | 334 256 648 481 486 | 31 945 | 482 485 | 331 768 | 512 639 | 511 640 | 78 724 | 77 725 | 763 285 917 912 132 | 298 840 | 326 523 | 522 319 438 155 | 81 926 | 818 332 297 963 216 |
>MST_53
 165 918 424 | 275 933 | 168 349 | 135 166 | 629 912 81 56 331 819 | 293 577 | 285 576 | 799 911 | 869 102 567 | 963 798 1 167 | 297 425 737 | 216 332 767 | 8 334 | 481 555 948 | 738 7 335 | 649 0 294 | 480 556 947 | 648 768 | 382 55 298 381 | 524 837 | 327 374 37 | 319 326 | 961 523 838 960 | 252 485 | 251 384 | 383 851 | 318 82 438 65 | 486 672 | 673 925 | 472 962 | 471 934 101 568 | 662 868 | 663 867 | 64 439 | 42 289 | 85 660 | 86 659 | 66 255 | 36 375 850 |
>SEQ_0
 838 839 | 8 9 10 11 12 | 225 226 227 228 229 230 231 232 233 234 235 236 237 | 74 75 | 468 469 470 | 291 292 | 912 913 914 915 | 627 628 | 265 266 267 268 269 270 271 272 273 | 568 569 570 | 660 661 | 390 391 392 393 394 395 396 397 398 399 400 | 332 333 | 819 820 821 822 | 852 853 854 855 856 857 858 859 860 861 862 863 864 865 866 | 734 735 736 | 583 584 | 918 919 | 88 89 90 91 92 93 94 95 96 97 98 | 708 709 710 | 61 62 63 | 682 683 684 685 686 687 688 689 690 691 692 693 694 695 696 697 698 699 700 701 702 703 704 705 706 707 | 127 128 129 130 131 | 977 978 979 980 981 | 899 900 901 902 903 904 905 906 907 908 909 910 | 220 221 222 223 224 | 253 254 | 313 314 315 316 317 | 556 557 558 559 | 194 195 196 197 | 346 347 348 | 319 320 321 | 168 169 170 171 172 173 174 | 563 564 | 412 413 414 415 416 417 | 504 505 506 507 508 509 510 | 385 386 | 663 664 665 666 667 | 577 578 579 580 581 | 82 83 84 | 813 814 815 | 175 176 177 178 179 180 181 182 183 184 185 186 187 188 189 190 191 192 193 | 644 645 646 647 | 359 360 | 57 58 | 149 150 151 152 153 | 728 729 730 | 241 242 243 244 245 246 | 939 940 | 669 670 671 | 880 881 | 761 762 | 418 419 420 421 422 423 | 920 921 922 923 924 | 953 954 | 407 408 409 410 | 4 5 6 | 432 433 434 435 436 437 | 524 525 526 527 528 529 530 531 532 533 534 535 536 537 538 539 540 541 542 543 544 545 546 547 548 549 550 551 | 37 38 39 40 41 | 827 828 829 830 831 832 833 834 835 | 650 651 652 | 624 625 626 | 842 843 844 845 846 847 848 849 | 103 104 105 106 107 108 109 110 111 112 113 114 115 116 117 118 119 120 121 122 123 124 | 136 137 138 139 140 141 142 143 144 145 146 147 148 | 816 817 | 472 473 | 51 52 53 54 | 656 657 658 | 354 355 356 357 358 | 597 598 599 600 601 602 603 604 | 571 572 573 574 575 | 361 362 363 364 365 366 367 368 | 605 606 607 608 609 610 | 486 487 | 335 336 | 519 520 521 | 552 553 554 | 612 613 614 615 616 617 618 619 620 621 622 623 | 823 824 825 | 948 949 950 951 952 | 711 712 713 714 715 716 717 718 719 720 721 722 723 | 275 276 277 278 279 280 281 282 283 | 744 745 | 955 956 | 198 199 200 201 202 203 204 205 206 207 208 209 210 211 212 213 214 215 | 157 158 159 160 161 162 163 164 | 309 310 311 | 870 871 872 873 874 875 876 | 677 678 679 680 681 | 375 376 377 378 | 769 770 771 772 773 774 | 995 996 997 998 999 | 256 257 258 259 260 261 262 263 | 289 290 | 500 501 502 503 | 560 561 562 | 441 442 443 444 445 446 | 593 594 595 596 | 474 475 476 477 478 479 | 632 633 634 635 636 637 638 | 725 726 727 | 515 516 517 | 79 80 | 322 323 324 325 | 759 760 | 791 792 793 794 | 20 21 22 23 24 25 26 | 447 448 449 450 451 452 453 454 | 673 674 675 676 | 27 28 29 | 238 239 240 | 799 800 801 802 803 804 805 806 807 808 809 810 811 812 | 983 984 985 986 987 988 989 990 991 992 993 | 455 456 457 458 459 460 461 462 463 464 465 466 467 | 488 489 490 491 492 493 494 495 496 497 498 499 | 337 338 339 340 341 342 343 | 731 732 733 | 369 370 371 372 | 957 958 959 | 764 765 766 | 402 403 404 405 406 | 344 345 | 587 588 589 590 591 | 59 60 | 285 286 287 | 890 891 892 893 894 895 896 897 898 | 653 654 | 125 126 | 66 67 68 69 70 71 72 73 | 746 747 748 749 750 751 752 753 754 755 756 757 758 | 611 851 | 994 942 943 944 | 13 329 330 | 328 14 15 16 17 18 19 | 424 217 218 219 | 284 796 797 | 962 630 631 | 911 350 351 352 353 | 882 43 44 45 46 47 48 49 50 | 55 883 884 885 886 887 888 889 | 154 439 523 | 438 155 156 | 629 133 134 | 933 248 249 250 | 837 301 302 303 304 305 306 | 426 777 778 779 780 781 782 783 784 785 786 787 788 789 790 | 776 427 428 429 430 431 | 585 643 | 586 642 | 945 31 32 33 34 35 | 485 482 483 484 | 30 1 2 3 | 565 963 964 965 966 967 968 969 970 971 972 973 974 975 | 0 294 295 296 | 7 738 739 740 741 742 743 | 381 298 299 | 81 926 927 928 929 930 931 932 | 471 934 935 936 937 938 |
>SEQ_1
 838 839 840 841 | 963 964 965 966 967 968 969 970 971 972 973 974 975 976 977 978 979 980 981 | 74 75 | 468 469 470 | 298 299 | 332 333 | 583 584 | 708 709 710 711 712 713 714 715 716 717 718 719 720 721 722 723 724 725 726 727 728 729 730 731 732 733 734 735 736 | 899 900 901 902 903 904 905 906 907 908 909 910 | 556 557 558 559 560 561 562 | 319 320 321 322 323 324 325 | 563 564 565 566 | 385 386 387 | 82 83 84 | 813 814 815 | 57 58 59 60 61 62 63 | 939 940 | 953 954 | 432 433 434 435 436 437 | 842 843 844 845 846 847 848 849 | 136 137 138 139 140 141 142 143 144 145 146 147 148 149 150 151 152 153 | 816 817 | 51 52 53 54 | 571 572 573 574 575 | 361 362 363 364 365 366 367 368 369 370 371 372 | 605 606 607 608 609 610 | 486 487 | 335 336 | 552 553 554 | 823 824 825 826 827 828 829 830 831 832 833 834 835 836 | 744 745 746 747 748 749 750 751 752 753 754 755 756 757 758 759 760 761 762 | 955 956 | 198 199 200 201 202 203 204 205 206 207 208 209 210 211 212 213 214 215 | 870 871 872 873 874 875 876 | 375 376 377 378 379 380 381 382 383 384 | 995 996 997 998 999 | 256 257 258 259 260 261 262 263 | 289 290 291 292 293 294 295 296 | 500 501 502 503 504 505 506 507 508 509 510 511 512 | 474 475 476 477 478 479 | 632 633 634 635 636 637 638 | 515 516 517 518 519 520 521 522 | 79 80 | 799 800 801 802 803 804 805 806 807 808 809 810 811 812 | 1 2 3 4 5 6 | 488 489 490 491 492 493 494 495 496 497 498 499 | 337 338 339 340 341 342 343 344 345 346 347 348 | 957 958 959 960 | 285 286 287 | 125 126 127 128 129 130 131 | 66 67 68 69 70 71 72 73 | 87 88 89 90 91 92 93 94 95 96 97 98 99 100 | 649 650 651 652 653 654 655 656 657 658 659 660 661 662 663 664 665 666 667 668 669 670 671 | 36 37 38 39 40 41 | 312 313 314 315 316 317 | 102 103 104 105 106 107 108 109 110 111 112 113 114 115 116 117 118 119 120 121 122 123 124 | 925 926 927 928 929 930 931 932 | 76 77 78 | 471 472 473 | 167 168 169 170 171 172 173 174 175 176 177 178 179 180 181 182 183 184 185 186 187 188 189 190 191 192 193 194 195 196 197 | 274 275 276 277 278 279 280 281 282 283 | 576 577 578 579 580 581 | 768 769 770 771 772 773 774 | 867 868 | 85 86 | 763 764 765 766 | 947 948 949 950 951 952 | 308 309 310 311 | 264 265 266 267 268 269 270 271 272 273 | 567 568 569 570 | 877 878 879 880 881 | 818 819 820 821 822 | 388 389 390 391 392 393 394 395 396 397 398 399 400 401 402 403 404 405 406 407 408 409 410 411 412 413 414 415 416 417 418 419 420 421 422 423 | 639 640 641 | 252 253 254 | 982 983 984 985 986 987 988 989 990 991 992 993 | 481 482 483 484 | 318 673 674 675 676 677 678 679 680 681 682 683 684 685 686 687 688 689 690 691 692 693 694 695 696 697 698 699 700 701 702 703 704 705 706 707 | 611 851 852 853 854 855 856 857 858 859 860 861 862 863 864 865 866 | 994 942 943 944 945 946 850 | 0 612 613 614 615 616 617 618 619 620 621 622 623 624 625 626 627 628 | 13 329 330 | 328 14 15 16 17 18 19 20 21 22 23 24 25 26 27 28 29 30 31 32 33 34 35 | 424 217 218 219 220 221 222 223 224 225 226 227 228 229 230 231 232 233 234 235 236 237 238 239 240 241 242 243 244 245 246 | 284 796 797 | 962 630 631 | 911 350 351 352 353 354 355 356 357 358 359 360 | 882 43 44 45 46 47 48 49 50 | 55 883 884 885 886 887 888 889 890 891 892 893 894 895 896 897 898 | 154 439 440 441 442 443 444 445 446 447 448 449 450 451 452 453 454 455 456 457 458 459 460 461 462 463 464 465 466 467 | 438 155 156 157 158 159 160 161 162 163 164 165 166 | 132 912 913 914 915 916 | 629 133 134 | 795 8 9 10 11 12 | 933 248 249 250 | 247 918 919 920 921 922 923 924 | 300 524 525 526 527 528 529 530 531 532 533 534 535 536 537 538 539 540 541 542 543 544 545 546 547 548 549 550 551 | 837 301 302 303 304 305 306 307 | 426 777 778 779 780 781 782 783 784 785 786 787 788 789 790 791 792 793 794 | 776 427 428 429 430 431 | 42 934 935 936 937 938 | 585 643 644 645 646 647 | 642 586 587 588 589 590 591 592 593 594 595 596 597 598 599 600 601 602 603 604 | 425 737 738 739 740 741 742 743 |
>SEQ_2
 838 839 840 841 | 963 964 965 966 967 968 969 970 971 972 973 974 975 976 977 978 979 980 981 982 983 984 985 986 987 988 989 990 991 992 993 | 74 75 | 912 913 914 915 916 | 298 299 | 332 333 | 583 584 | 918 919 920 921 922 923 924 | 319 320 321 322 323 324 325 | 385 386 387 | 82 83 84 85 86 87 88 89 90 91 92 93 94 95 96 97 98 99 100 | 813 814 815 | 57 58 59 60 61 62 63 | 953 954 | 524 525 526 527 528 529 530 531 532 533 534 535 536 537 538 539 540 541 542 543 544 545 546 547 548 549 550 551 | 842 843 844 845 846 847 848 849 | 136 137 138 139 140 141 142 143 144 145 146 147 148 149 150 151 152 153 | 816 817 | 335 336 | 552 553 554 555 556 557 558 559 560 561 562 563 564 565 566 | 823 824 825 826 827 828 829 830 831 832 833 834 835 836 | 955 956 957 958 959 960 961 | 474 475 476 477 478 479 | 632 633 634 635 636 637 638 639 640 641 642 643 644 645 646 647 | 515 516 517 518 519 520 521 522 | 79 80 | 799 800 801 802 803 804 805 806 807 808 809 810 811 812 | 1 2 3 4 5 6 | 337 338 339 340 341 342 343 344 345 346 347 348 | 285 286 287 | 125 126 127 128 129 130 131 | 649 650 651 652 653 654 655 656 657 658 659 660 661 662 663 664 665 666 667 668 669 670 671 | 36 37 38 39 40 41 | 312 313 314 315 316 317 | 925 926 927 928 929 930 931 932 | 76 77 78 | 167 168 169 170 171 172 173 174 175 176 177 178 179 180 181 182 183 184 185 186 187 188 189 190 191 192 193 194 195 196 197 198 199 200 201 202 203 204 205 206 207 208 209 210 211 212 213 214 215 | 274 275 276 277 278 279 280 281 282 283 | 576 577 578 579 580 581 | 768 769 770 771 772 773 774 | 867 868 | 763 764 765 766 | 264 265 266 267 268 269 270 271 272 273 | 567 568 569 570 571 572 573 574 575 | 877 878 879 880 881 | 818 819 820 821 822 | 388 389 390 391 392 393 394 395 396 397 398 399 400 401 402 403 404 405 406 407 408 409 410 411 412 413 414 415 416 417 418 419 420 421 422 423 | 252 253 254 | 481 482 483 484 | 132 133 134 | 101 102 103 104 105 106 107 108 109 110 111 112 113 114 115 116 117 118 119 120 121 122 123 124 | 326 327 | 300 301 302 303 304 305 306 307 308 309 310 311 | 426 427 428 429 430 431 432 433 434 435 436 437 | 775 776 777 778 779 780 781 782 783 784 785 786 787 788 789 790 791 792 793 794 | 247 248 249 250 | 65 66 67 68 69 70 71 72 73 | 585 586 587 588 589 590 591 592 593 594 595 596 597 598 599 600 601 602 603 604 605 606 607 608 609 610 | 869 870 871 872 873 874 875 876 | 485 486 487 488 489 490 491 492 493 494 495 496 497 498 499 500 501 502 503 504 505 506 507 508 509 510 511 512 513 | 318 673 674 675 676 677 678 679 680 681 682 683 684 685 686 687 688 689 690 691 692 693 694 695 696 697 698 699 700 701 702 703 704 705 706 707 708 709 710 711 712 713 714 715 716 717 718 719 720 721 722 723 724 725 726 727 728 729 730 731 732 733 734 735 736 737 738 739 740 741 742 743 744 745 746 747 748 749 750 751 752 753 754 755 756 757 758 759 760 761 762 | 255 289 290 291 292 293 294 295 296 | 611 851 852 853 854 855 856 857 858 859 860 861 862 863 864 865 866 | 941 995 996 997 998 999 | 994 942 943 944 945 946 947 948 949 950 951 952 | 0 612 613 614 615 616 617 618 619 620 621 622 623 624 625 626 627 628 | 13 329 330 | 328 14 15 16 17 18 19 20 21 22 23 24 25 26 27 28 29 30 31 32 33 34 35 | 424 217 218 219 220 221 222 223 224 225 226 227 228 229 230 231 232 233 234 235 236 237 238 239 240 241 242 243 244 245 246 | 284 796 797 | 962 630 631 | 911 350 351 352 353 354 355 356 357 358 359 360 361 362 363 364 365 366 367 368 369 370 371 372 373 | 882 43 44 45 46 47 48 49 50 51 52 53 54 | 55 883 884 885 886 887 888 889 890 891 892 893 894 895 896 897 898 899 900 901 902 903 904 905 906 907 908 909 910 | 154 439 440 441 442 443 444 445 446 447 448 449 450 451 452 453 454 455 456 457 458 459 460 461 462 463 464 465 466 467 468 469 470 471 472 473 | 438 155 156 157 158 159 160 161 162 163 164 165 166 | 795 8 9 10 11 12 | 42 934 935 936 937 938 939 940 | 334 256 257 258 259 260 261 262 263 | 850 375 376 377 378 379 380 381 382 383 384 251 |
>SEQ_3
 8 9 10 11 12 | 963 964 965 966 967 968 969 970 971 972 973 974 975 976 977 978 979 980 981 982 983 984 985 986 987 988 989 990 991 992 993 | 74 75 76 77 78 79 80 | 912 913 914 915 916 | 332 333 | 583 584 585 586 587 588 589 590 591 592 593 594 595 596 597 598 599 600 601 602 603 604 605 606 607 608 609 610 | 918 919 920 921 922 923 924 | 319 320 321 322 323 324 325 | 813 814 815 | 842 843 844 845 846 847 848 849 | 934 935 936 937 938 939 940 | 136 137 138 139 140 141 142 143 144 145 146 147 148 149 150 151 152 153 154 155 156 157 158 159 160 161 162 163 164 165 166 | 816 817 | 552 553 554 555 556 557 558 559 560 561 562 563 564 565 566 567 568 569 570 571 572 573 574 575 | 823 824 825 826 827 828 829 830 831 832 833 834 835 836 837 838 839 840 841 | 256 257 258 259 260 261 262 263 264 265 266 267 268 269 270 271 272 273 | 1 2 3 4 5 6 | 285 286 287 | 649 650 651 652 653 654 655 656 657 658 659 660 661 662 663 664 665 666 667 668 669 670 671 | 36 37 38 39 40 41 42 43 44 45 46 47 48 49 50 51 52 53 54 | 925 926 927 928 929 930 931 932 | 167 168 169 170 171 172 173 174 175 176 177 178 179 180 181 182 183 184 185 186 187 188 189 190 191 192 193 194 195 196 197 198 199 200 201 202 203 204 205 206 207 208 209 210 211 212 213 214 215 | 274 275 276 277 278 279 280 281 282 283 | 576 577 578 579 580 581 582 | 768 769 770 771 772 773 774 775 776 777 778 779 780 781 782 783 784 785 786 787 788 789 790 791 792 793 794 795 796 797 | 439 440 441 442 443 444 445 446 447 448 449 450 451 452 453 454 455 456 457 458 459 460 461 462 463 464 465 466 467 468 469 470 471 472 473 474 475 476 477 478 479 480 | 763 764 765 766 | 818 819 820 821 822 | 252 253 254 | 481 482 483 484 | 101 102 103 104 105 106 107 108 109 110 111 112 113 114 115 116 117 118 119 120 121 122 123 124 125 126 127 128 129 130 131 132 133 134 | 326 327 | 65 66 67 68 69 70 71 72 73 | 869 870 871 872 873 874 875 876 877 878 879 880 881 882 883 884 885 886 887 888 889 890 891 892 893 894 895 896 897 898 899 900 901 902 903 904 905 906 907 908 909 910 | 485 486 487 488 489 490 491 492 493 494 495 496 497 498 499 500 501 502 503 504 505 506 507 508 509 510 511 512 513 514 515 516 517 518 519 520 521 522 | 629 630 631 632 633 634 635 636 637 638 639 640 641 642 643 644 645 646 647 | 374 375 376 377 378 379 380 381 382 383 384 385 386 387 388 389 390 391 392 393 394 395 396 397 398 399 400 401 402 403 404 405 406 407 408 409 410 411 412 413 414 415 416 417 418 419 420 421 422 423 | 334 335 336 337 338 339 340 341 342 343 344 345 346 347 348 | 349 350 351 352 353 354 355 356 357 358 359 360 361 362 363 364 365 366 367 368 369 370 371 372 373 | 798 799 800 801 802 803 804 805 806 807 808 809 810 811 812 | 318 673 674 675 676 677 678 679 680 681 682 683 684 685 686 687 688 689 690 691 692 693 694 695 696 697 698 699 700 701 702 703 704 705 706 707 708 709 710 711 712 713 714 715 716 717 718 719 720 721 722 723 724 725 726 727 728 729 730 731 732 733 734 735 736 737 738 739 740 741 742 743 744 745 746 747 748 749 750 751 752 753 754 755 756 757 758 759 760 761 762 | 767 56 57 58 59 60 61 62 63 | 255 289 290 291 292 293 294 295 296 | 611 851 852 853 854 855 856 857 858 859 860 861 862 863 864 865 866 867 868 | 941 995 996 997 998 999 | 994 942 943 944 945 946 947 948 949 950 951 952 953 954 955 956 957 958 959 960 961 523 524 525 526 527 528 529 530 531 532 533 534 535 536 537 538 539 540 541 542 543 544 545 546 547 548 549 550 551 | 0 612 613 614 615 616 617 618 619 620 621 622 623 624 625 626 627 628 | 13 329 330 | 328 14 15 16 17 18 19 20 21 22 23 24 25 26 27 28 29 30 31 32 33 34 35 | 424 217 218 219 220 221 222 223 224 225 226 227 228 229 230 231 232 233 234 235 236 237 238 239 240 241 242 243 244 245 246 247 248 249 250 | 962 82 83 84 85 86 87 88 89 90 91 92 93 94 95 96 97 98 99 100 | 55 298 299 300 301 302 303 304 305 306 307 308 309 310 311 312 313 314 315 316 317 | 7 425 426 427 428 429 430 431 432 433 434 435 436 437 |
>SEQ_4
 963 964 965 966 967 968 969 970 971 972 973 974 975 976 977 978 979 980 981 982 983 984 985 986 987 988 989 990 991 992 993 | 14 15 16 17 18 19 20 21 22 23 24 25 26 27 28 29 30 31 32 33 34 35 | 912 913 914 915 916 | 332 333 | 583 584 585 586 587 588 589 590 591 592 593 594 595 596 597 598 599 600 601 602 603 604 605 606 607 608 609 610 | 918 919 920 921 922 923 924 | 82 83 84 85 86 87 88 89 90 91 92 93 94 95 96 97 98 99 100 | 813 814 815 | 934 935 936 937 938 939 940 | 816 817 | 823 824 825 826 827 828 829 830 831 832 833 834 835 836 837 838 839 840 841 842 843 844 845 846 847 848 849 | 1 2 3 4 5 6 | 649 650 651 652 653 654 655 656 657 658 659 660 661 662 663 664 665 666 667 668 669 670 671 | 36 37 38 39 40 41 42 43 44 45 46 47 48 49 50 51 52 53 54 | 925 926 927 928 929 930 931 932 | 167 168 169 170 171 172 173 174 175 176 177 178 179 180 181 182 183 184 185 186 187 188 189 190 191 192 193 194 195 196 197 198 199 200 201 202 203 204 205 206 207 208 209 210 211 212 213 214 215 | 439 440 441 442 443 444 445 446 447 448 449 450 451 452 453 454 455 456 457 458 459 460 461 462 463 464 465 466 467 468 469 470 471 472 473 474 475 476 477 478 479 480 481 482 483 484 | 763 764 765 766 | 818 819 820 821 822 | 252 253 254 | 101 102 103 104 105 106 107 108 109 110 111 112 113 114 115 116 117 118 119 120 121 122 123 124 125 126 127 128 129 130 131 132 133 134 | 326 327 328 329 330 | 485 486 487 488 489 490 491 492 493 494 495 496 497 498 499 500 501 502 503 504 505 506 507 508 509 510 511 512 513 514 515 516 517 518 519 520 521 522 523 524 525 526 527 528 529 530 531 532 533 534 535 536 537 538 539 540 541 542 543 544 545 546 547 548 549 550 551 552 553 554 555 556 557 558 559 560 561 562 563 564 565 566 567 568 569 570 571 572 573 574 575 576 577 578 579 580 581 582 | 374 375 376 377 378 379 380 381 382 383 384 385 386 387 388 389 390 391 392 393 394 395 396 397 398 399 400 401 402 403 404 405 406 407 408 409 410 411 412 413 414 415 416 417 418 419 420 421 422 423 | 334 335 336 337 338 339 340 341 342 343 344 345 346 347 348 | 349 350 351 352 353 354 355 356 357 358 359 360 361 362 363 364 365 366 367 368 369 370 371 372 373 | 798 799 800 801 802 803 804 805 806 807 808 809 810 811 812 | 64 65 66 67 68 69 70 71 72 73 74 75 76 77 78 79 80 | 216 217 218 219 220 221 222 223 224 225 226 227 228 229 230 231 232 233 234 235 236 237 238 239 240 241 242 243 244 245 246 247 248 249 250 | 7 8 9 10 11 12 13 | 318 673 674 675 676 677 678 679 680 681 682 683 684 685 686 687 688 689 690 691 692 693 694 695 696 697 698 699 700 701 702 703 704 705 706 707 708 709 710 711 712 713 714 715 716 717 718 719 720 721 722 723 724 725 726 727 728 729 730 731 732 733 734 735 736 737 738 739 740 741 742 743 744 745 746 747 748 749 750 751 752 753 754 755 756 757 758 759 760 761 762 | 767 56 57 58 59 60 61 62 63 | 288 256 257 258 259 260 261 262 263 264 265 266 267 268 269 270 271 272 273 274 275 276 277 278 279 280 281 282 283 | 255 289 290 291 292 293 294 295 296 | 962 298 299 300 301 302 303 304 305 306 307 308 309 310 311 312 313 314 315 316 317 | 611 851 852 853 854 855 856 857 858 859 860 861 862 863 864 865 866 867 868 869 870 871 872 873 874 875 876 877 878 879 880 881 882 883 884 885 886 887 888 889 890 891 892 893 894 895 896 897 898 899 900 901 902 903 904 905 906 907 908 909 910 | 941 995 996 997 998 999 | 994 942 943 944 945 946 947 948 949 950 951 952 953 954 955 956 957 958 959 960 961 | 438 319 320 321 322 323 324 325 | 0 612 613 614 615 616 617 618 619 620 621 622 623 624 625 626 627 628 629 630 631 632 633 634 635 636 637 638 639 640 641 642 643 644 645 646 647 | 917 285 286 287 | 424 136 137 138 139 140 141 142 143 144 145 146 147 148 149 150 151 152 153 154 155 156 157 158 159 160 161 162 163 164 165 166 | 331 768 769 770 771 772 773 774 775 776 777 778 779 780 781 782 783 784 785 786 787 788 789 790 791 792 793 794 795 796 797 | 297 425 426 427 428 429 430 431 432 433 434 435 436 437 |
>SEQ_5
 963 964 965 966 967 968 969 970 971 972 973 974 975 976 977 978 979 980 981 982 983 984 985 986 987 988 989 990 991 992 993 | 14 15 16 17 18 19 20 21 22 23 24 25 26 27 28 29 30 31 32 33 34 35 | 912 913 914 915 916 | 583 584 585 586 587 588 589 590 591 592 593 594 595 596 597 598 599 600 601 602 603 604 605 606 607 608 609 610 611 612 613 614 615 616 617 618 619 620 621 622 623 624 625 626 627 628 629 630 631 632 633 634 635 636 637 638 639 640 641 642 643 644 645 646 647 | 813 814 815 816 817 | 934 935 936 937 938 939 940 | 823 824 825 826 827 828 829 830 831 832 833 834 835 836 837 838 839 840 841 842 843 844 845 846 847 848 849 | 995 996 997 998 999 | 1 2 3 4 5 6 | 649 650 651 652 653 654 655 656 657 658 659 660 661 662 663 664 665 666 667 668 669 670 671 | 36 37 38 39 40 41 42 43 44 45 46 47 48 49 50 51 52 53 54 | 167 168 169 170 171 172 173 174 175 176 177 178 179 180 181 182 183 184 185 186 187 188 189 190 191 192 193 194 195 196 197 198 199 200 201 202 203 204 205 206 207 208 209 210 211 212 213 214 215 | 439 440 441 442 443 444 445 446 447 448 449 450 451 452 453 454 455 456 457 458 459 460 461 462 463 464 465 466 467 468 469 470 471 472 473 474 475 476 477 478 479 480 481 482 483 484 | 763 764 765 766 | 818 819 820 821 822 | 851 852 853 854 855 856 857 858 859 860 861 862 863 864 865 866 867 868 869 870 871 872 873 874 875 876 877 878 879 880 881 882 883 884 885 886 887 888 889 890 891 892 893 894 895 896 897 898 899 900 901 902 903 904 905 906 907 908 909 910 | 326 327 328 329 330 | 485 486 487 488 489 490 491 492 493 494 495 496 497 498 499 500 501 502 503 504 505 506 507 508 509 510 511 512 513 514 515 516 517 518 519 520 521 522 523 524 525 526 527 528 529 530 531 532 533 534 535 536 537 538 539 540 541 542 543 544 545 546 547 548 549 550 551 552 553 554 555 556 557 558 559 560 561 562 563 564 565 566 567 568 569 570 571 572 573 574 575 576 577 578 579 580 581 582 | 374 375 376 377 378 379 380 381 382 383 384 385 386 387 388 389 390 391 392 393 394 395 396 397 398 399 400 401 402 403 404 405 406 407 408 409 410 411 412 413 414 415 416 417 418 419 420 421 422 423 | 334 335 336 337 338 339 340 341 342 343 344 345 346 347 348 349 350 351 352 353 354 355 356 357 358 359 360 361 362 363 364 365 366 367 368 369 370 371 372 373 | 798 799 800 801 802 803 804 805 806 807 808 809 810 811 812 | 64 65 66 67 68 69 70 71 72 73 74 75 76 77 78 79 80 | 216 217 218 219 220 221 222 223 224 225 226 227 228 229 230 231 232 233 234 235 236 237 238 239 240 241 242 243 244 245 246 247 248 249 250 | 7 8 9 10 11 12 13 | 81 82 83 84 85 86 87 88 89 90 91 92 93 94 95 96 97 98 99 100 101 102 103 104 105 106 107 108 109 110 111 112 113 114 115 116 117 118 119 120 121 122 123 124 125 126 127 128 129 130 131 132 133 134 | 941 942 943 944 945 946 947 948 949 950 951 952 953 954 955 956 957 958 959 960 961 | 318 673 674 675 676 677 678 679 680 681 682 683 684 685 686 687 688 689 690 691 692 693 694 695 696 697 698 699 700 701 702 703 704 705 706 707 708 709 710 711 712 713 714 715 716 717 718 719 720 721 722 723 724 725 726 727 728 729 730 731 732 733 734 735 736 737 738 739 740 741 742 743 744 745 746 747 748 749 750 751 752 753 754 755 756 757 758 759 760 761 762 | 767 56 57 58 59 60 61 62 63 | 284 425 426 427 428 429 430 431 432 433 434 435 436 437 | 288 256 257 258 259 260 261 262 263 264 265 266 267 268 269 270 271 272 273 274 275 276 277 278 279 280 281 282 283 | 255 289 290 291 292 293 294 295 296 | 962 298 299 300 301 302 303 304 305 306 307 308 309 310 311 312 313 314 315 316 317 | 933 136 137 138 139 140 141 142 143 144 145 146 147 148 149 150 151 152 153 154 155 156 157 158 159 160 161 162 163 164 165 166 | 438 319 320 321 322 323 324 325 | 297 332 333 | 672 252 253 254 | 917 285 286 287 | 0 768 769 770 771 772 773 774 775 776 777 778 779 780 781 782 783 784 785 786 787 788 789 790 791 792 793 794 795 796 797 | 424 918 919 920 921 922 923 924 925 926 927 928 929 930 931 932 |
>SEQ_6
 963 964 965 966 967 968 969 970 971 972 973 974 975 976 977 978 979 980 981 982 983 984 985 986 987 988 989 990 991 992 993 | 14 15 16 17 18 19 20 21 22 23 24 25 26 27 28 29 30 31 32 33 34 35 | 912 913 914 915 916 | 583 584 585 586 587 588 589 590 591 592 593 594 595 596 597 598 599 600 601 602 603 604 605 606 607 608 609 610 611 612 613 614 615 616 617 618 619 620 621 622 623 624 625 626 627 628 629 630 631 632 633 634 635 636 637 638 639 640 641 642 643 644 645 646 647 | 934 935 936 937 938 939 940 | 823 824 825 826 827 828 829 830 831 832 833 834 835 836 837 838 839 840 841 842 843 844 845 846 847 848 849 | 995 996 997 998 999 | 1 2 3 4 5 6 | 285 286 287 | 36 37 38 39 40 41 42 43 44 45 46 47 48 49 50 51 52 53 54 | 167 168 169 170 171 172 173 174 175 176 177 178 179 180 181 182 183 184 185 186 187 188 189 190 191 192 193 194 195 196 197 198 199 200 201 202 203 204 205 206 207 208 209 210 211 212 213 214 215 | 439 440 441 442 443 444 445 446 447 448 449 450 451 452 453 454 455 456 457 458 459 460 461 462 463 464 465 466 467 468 469 470 471 472 473 474 475 476 477 478 479 480 481 482 483 484 | 763 764 765 766 | 818 819 820 821 822 | 851 852 853 854 855 856 857 858 859 860 861 862 863 864 865 866 867 868 869 870 871 872 873 874 875 876 877 878 879 880 881 882 883 884 885 886 887 888 889 890 891 892 893 894 895 896 897 898 899 900 901 902 903 904 905 906 907 908 909 910 | 326 327 328 329 330 | 485 486 487 488 489 490 491 492 493 494 495 496 497 498 499 500 501 502 503 504 505 506 507 508 509 510 511 512 513 514 515 516 517 518 519 520 521 522 523 524 525 526 527 528 529 530 531 532 533 534 535 536 537 538 539 540 541 542 543 544 545 546 547 548 549 550 551 552 553 554 555 556 557 558 559 560 561 562 563 564 565 566 567 568 569 570 571 572 573 574 575 576 577 578 579 580 581 582 | 374 375 376 377 378 379 380 381 382 383 384 385 386 387 388 389 390 391 392 393 394 395 396 397 398 399 400 401 402 403 404 405 406 407 408 409 410 411 412 413 414 415 416 417 418 419 420 421 422 423 | 334 335 336 337 338 339 340 341 342 343 344 345 346 347 348 349 350 351 352 353 354 355 356 357 358 359 360 361 362 363 364 365 366 367 368 369 370 371 372 373 | 798 799 800 801 802 803 804 805 806 807 808 809 810 811 812 813 814 815 816 817 | 64 65 66 67 68 69 70 71 72 73 74 75 76 77 78 79 80 | 216 217 218 219 220 221 222 223 224 225 226 227 228 229 230 231 232 233 234 235 236 237 238 239 240 241 242 243 244 245 246 247 248 249 250 | 7 8 9 10 11 12 13 | 81 82 83 84 85 86 87 88 89 90 91 92 93 94 95 96 97 98 99 100 101 102 103 104 105 106 107 108 109 110 111 112 113 114 115 116 117 118 119 120 121 122 123 124 125 126 127 128 129 130 131 132 133 134 | 941 942 943 944 945 946 947 948 949 950 951 952 953 954 955 956 957 958 959 960 961 | 648 649 650 651 652 653 654 655 656 657 658 659 660 661 662 663 664 665 666 667 668 669 670 671 | 318 673 674 675 676 677 678 679 680 681 682 683 684 685 686 687 688 689 690 691 692 693 694 695 696 697 698 699 700 701 702 703 704 705 706 707 708 709 710 711 712 713 714 715 716 717 718 719 720 721 722 723 724 725 726 727 728 729 730 731 732 733 734 735 736 737 738 739 740 741 742 743 744 745 746 747 748 749 750 751 752 753 754 755 756 757 758 759 760 761 762 | 767 56 57 58 59 60 61 62 63 | 917 768 769 770 771 772 773 774 775 776 777 778 779 780 781 782 783 784 785 786 787 788 789 790 791 792 793 794 795 796 797 | 284 425 426 427 428 429 430 431 432 433 434 435 436 437 | 288 256 257 258 259 260 261 262 263 264 265 266 267 268 269 270 271 272 273 274 275 276 277 278 279 280 281 282 283 | 255 289 290 291 292 293 294 295 296 | 962 298 299 300 301 302 303 304 305 306 307 308 309 310 311 312 313 314 315 316 317 | 135 918 919 920 921 922 923 924 925 926 927 928 929 930 931 932 | 933 136 137 138 139 140 141 142 143 144 145 146 147 148 149 150 151 152 153 154 155 156 157 158 159 160 161 162 163 164 165 166 | 438 319 320 321 322 323 324 325 | 0 252 253 254 | 297 332 333 |
>SEQ_7
 14 15 16 17 18 19 20 21 22 23 24 25 26 27 28 29 30 31 32 33 34 35 36 37 38 39 40 41 42 43 44 45 46 47 48 49 50 51 52 53 54 | 912 913 914 915 916 | 332 333 334 335 336 337 338 339 340 341 342 343 344 345 346 347 348 349 350 351 352 353 354 355 356 357 358 359 360 361 362 363 364 365 366 367 368 369 370 371 372 373 | 934 935 936 937 938 939 940 | 167 168 169 170 171 172 173 174 175 176 177 178 179 180 181 182 183 184 185 186 187 188 189 190 191 192 193 194 195 196 197 198 199 200 201 202 203 204 205 206 207 208 209 210 211 212 213 214 215 216 217 218 219 220 221 222 223 224 225 226 227 228 229 230 231 232 233 234 235 236 237 238 239 240 241 242 243 244 245 246 247 248 249 250 | 851 852 853 854 855 856 857 858 859 860 861 862 863 864 865 866 867 868 869 870 871 872 873 874 875 876 877 878 879 880 881 882 883 884 885 886 887 888 889 890 891 892 893 894 895 896 897 898 899 900 901 902 903 904 905 906 907 908 909 910 | 326 327 328 329 330 | 485 486 487 488 489 490 491 492 493 494 495 496 497 498 499 500 501 502 503 504 505 506 507 508 509 510 511 512 513 514 515 516 517 518 519 520 521 522 523 524 525 526 527 528 529 530 531 532 533 534 535 536 537 538 539 540 541 542 543 544 545 546 547 548 549 550 551 552 553 554 555 556 557 558 559 560 561 562 563 564 565 566 567 568 569 570 571 572 573 574 575 576 577 578 579 580 581 582 583 584 585 586 587 588 589 590 591 592 593 594 595 596 597 598 599 600 601 602 603 604 605 606 607 608 609 610 611 612 613 614 615 616 617 618 619 620 621 622 623 624 625 626 627 628 629 630 631 632 633 634 635 636 637 638 639 640 641 642 643 644 645 646 647 | 374 375 376 377 378 379 380 381 382 383 384 385 386 387 388 389 390 391 392 393 394 395 396 397 398 399 400 401 402 403 404 405 406 407 408 409 410 411 412 413 414 415 416 417 418 419 420 421 422 423 | 798 799 800 801 802 803 804 805 806 807 808 809 810 811 812 813 814 815 816 817 818 819 820 821 822 823 824 825 826 827 828 829 830 831 832 833 834 835 836 837 838 839 840 841 842 843 844 845 846 847 848 849 | 64 65 66 67 68 69 70 71 72 73 74 75 76 77 78 79 80 | 7 8 9 10 11 12 13 | 81 82 83 84 85 86 87 88 89 90 91 92 93 94 95 96 97 98 99 100 101 102 103 104 105 106 107 108 109 110 111 112 113 114 115 116 117 118 119 120 121 122 123 124 125 126 127 128 129 130 131 132 133 134 | 941 942 943 944 945 946 947 948 949 950 951 952 953 954 955 956 957 958 959 960 961 | 648 649 650 651 652 653 654 655 656 657 658 659 660 661 662 663 664 665 666 667 668 669 670 671 | 994 995 996 997 998 999 | 318 673 674 675 676 677 678 679 680 681 682 683 684 685 686 687 688 689 690 691 692 693 694 695 696 697 698 699 700 701 702 703 704 705 706 707 708 709 710 711 712 713 714 715 716 717 718 719 720 721 722 723 724 725 726 727 728 729 730 731 732 733 734 735 736 737 738 739 740 741 742 743 744 745 746 747 748 749 750 751 752 753 754 755 756 757 758 759 760 761 762 763 764 765 766 | 767 56 57 58 59 60 61 62 63 | 917 768 769 770 771 772 773 774 775 776 777 778 779 780 781 782 783 784 785 786 787 788 789 790 791 792 793 794 795 796 797 | 284 425 426 427 428 429 430 431 432 433 434 435 436 437 | 0 285 286 287 | 288 256 257 258 259 260 261 262 263 264 265 266 267 268 269 270 271 272 273 274 275 276 277 278 279 280 281 282 283 | 255 289 290 291 292 293 294 295 296 | 962 298 299 300 301 302 303 304 305 306 307 308 309 310 311 312 313 314 315 316 317 | 135 918 919 920 921 922 923 924 925 926 927 928 929 930 931 932 | 933 136 137 138 139 140 141 142 143 144 145 146 147 148 149 150 151 152 153 154 155 156 157 158 159 160 161 162 163 164 165 166 | 297 963 964 965 966 967 968 969 970 971 972 973 974 975 976 977 978 979 980 981 982 983 984 985 986 987 988 989 990 991 992 993 | 850 439 440 441 442 443 444 445 446 447 448 449 450 451 452 453 454 455 456 457 458 459 460 461 462 463 464 465 466 467 468 469 470 471 472 473 474 475 476 477 478 479 480 481 482 483 484 | 438 319 320 321 322 323 324 325 | 672 252 253 254 | 251 1 2 3 4 5 6 |
>SEQ_8
 14 15 16 17 18 19 20 21 22 23 24 25 26 27 28 29 30 31 32 33 34 35 36 37 38 39 40 41 42 43 44 45 46 47 48 49 50 51 52 53 54 | 912 913 914 915 916 | 332 333 334 335 336 337 338 339 340 341 342 343 344 345 346 347 348 349 350 351 352 353 354 355 356 357 358 359 360 361 362 363 364 365 366 367 368 369 370 371 372 373 | 934 935 936 937 938 939 940 | 1 2 3 4 5 6 | 439 440 441 442 443 444 445 446 447 448 449 450 451 452 453 454 455 456 457 458 459 460 461 462 463 464 465 466 467 468 469 470 471 472 473 474 475 476 477 478 479 480 481 482 483 484 | 485 486 487 488 489 490 491 492 493 494 495 496 497 498 499 500 501 502 503 504 505 506 507 508 509 510 511 512 513 514 515 516 517 518 519 520 521 522 523 524 525 526 527 528 529 530 531 532 533 534 535 536 537 538 539 540 541 542 543 544 545 546 547 548 549 550 551 552 553 554 555 556 557 558 559 560 561 562 563 564 565 566 567 568 569 570 571 572 573 574 575 576 577 578 579 580 581 582 583 584 585 586 587 588 589 590 591 592 593 594 595 596 597 598 599 600 601 602 603 604 605 606 607 608 609 610 611 612 613 614 615 616 617 618 619 620 621 622 623 624 625 626 627 628 629 630 631 632 633 634 635 636 637 638 639 640 641 642 643 644 645 646 647 | 374 375 376 377 378 379 380 381 382 383 384 385 386 387 388 389 390 391 392 393 394 395 396 397 398 399 400 401 402 403 404 405 406 407 408 409 410 411 412 413 414 415 416 417 418 419 420 421 422 423 | 64 65 66 67 68 69 70 71 72 73 74 75 76 77 78 79 80 | 7 8 9 10 11 12 13 | 81 82 83 84 85 86 87 88 89 90 91 92 93 94 95 96 97 98 99 100 101 102 103 104 105 106 107 108 109 110 111 112 113 114 115 116 117 118 119 120 121 122 123 124 125 126 127 128 129 130 131 132 133 134 | 941 942 943 944 945 946 947 948 949 950 951 952 953 954 955 956 957 958 959 960 961 | 648 649 650 651 652 653 654 655 656 657 658 659 660 661 662 663 664 665 666 667 668 669 670 671 | 994 995 996 997 998 999 | 318 673 674 675 676 677 678 679 680 681 682 683 684 685 686 687 688 689 690 691 692 693 694 695 696 697 698 699 700 701 702 703 704 705 706 707 708 709 710 711 712 713 714 715 716 717 718 719 720 721 722 723 724 725 726 727 728 729 730 731 732 733 734 735 736 737 738 739 740 741 742 743 744 745 746 747 748 749 750 751 752 753 754 755 756 757 758 759 760 761 762 763 764 765 766 | 767 56 57 58 59 60 61 62 63 | 850 319 320 321 322 323 324 325 326 327 328 329 330 | 917 768 769 770 771 772 773 774 775 776 777 778 779 780 781 782 783 784 785 786 787 788 789 790 791 792 793 794 795 796 797 798 799 800 801 802 803 804 805 806 807 808 809 810 811 812 813 814 815 816 817 818 819 820 821 822 823 824 825 826 827 828 829 830 831 832 833 834 835 836 837 838 839 840 841 842 843 844 845 846 847 848 849 | 284 425 426 427 428 429 430 431 432 433 434 435 436 437 | 0 285 286 287 | 288 256 257 258 259 260 261 262 263 264 265 266 267 268 269 270 271 272 273 274 275 276 277 278 279 280 281 282 283 | 255 289 290 291 292 293 294 295 296 | 962 298 299 300 301 302 303 304 305 306 307 308 309 310 311 312 313 314 315 316 317 | 135 918 919 920 921 922 923 924 925 926 927 928 929 930 931 932 | 933 136 137 138 139 140 141 142 143 144 145 146 147 148 149 150 151 152 153 154 155 156 157 158 159 160 161 162 163 164 165 166 167 168 169 170 171 172 173 174 175 176 177 178 179 180 181 182 183 184 185 186 187 188 189 190 191 192 193 194 195 196 197 198 199 200 201 202 203 204 205 206 207 208 209 210 211 212 213 214 215 216 217 218 219 220 221 222 223 224 225 226 227 228 229 230 231 232 233 234 235 236 237 238 239 240 241 242 243 244 245 246 247 248 249 250 | 297 963 964 965 966 967 968 969 970 971 972 973 974 975 976 977 978 979 980 981 982 983 984 985 986 987 988 989 990 991 992 993 | 251 851 852 853 854 855 856 857 858 859 860 861 862 863 864 865 866 867 868 869 870 871 872 873 874 875 876 877 878 879 880 881 882 883 884 885 886 887 888 889 890 891 892 893 894 895 896 897 898 899 900 901 902 903 904 905 906 907 908 909 910 | 672 252 253 254 |
>SEQ_9
 14 15 16 17 18 19 20 21 22 23 24 25 26 27 28 29 30 31 32 33 34 35 36 37 38 39 40 41 42 43 44 45 46 47 48 49 50 51 52 53 54 | 912 913 914 915 916 | 934 935 936 937 938 939 940 | 256 257 258 259 260 261 262 263 264 265 266 267 268 269 270 271 272 273 274 275 276 277 278 279 280 281 282 283 | 439 440 441 442 443 444 445 446 447 448 449 450 451 452 453 454 455 456 457 458 459 460 461 462 463 464 465 466 467 468 469 470 471 472 473 474 475 476 477 478 479 480 481 482 483 484 | 485 486 487 488 489 490 491 492 493 494 495 496 497 498 499 500 501 502 503 504 505 506 507 508 509 510 511 512 513 514 515 516 517 518 519 520 521 522 523 524 525 526 527 528 529 530 531 532 533 534 535 536 537 538 539 540 541 542 543 544 545 546 547 548 549 550 551 552 553 554 555 556 557 558 559 560 561 562 563 564 565 566 567 568 569 570 571 572 573 574 575 576 577 578 579 580 581 582 583 584 585 586 587 588 589 590 591 592 593 594 595 596 597 598 599 600 601 602 603 604 605 606 607 608 609 610 611 612 613 614 615 616 617 618 619 620 621 622 623 624 625 626 627 628 629 630 631 632 633 634 635 636 637 638 639 640 641 642 643 644 645 646 647 | 374 375 376 377 378 379 380 381 382 383 384 385 386 387 388 389 390 391 392 393 394 395 396 397 398 399 400 401 402 403 404 405 406 407 408 409 410 411 412 413 414 415 416 417 418 419 420 421 422 423 | 64 65 66 67 68 69 70 71 72 73 74 75 76 77 78 79 80 | 7 8 9 10 11 12 13 | 81 82 83 84 85 86 87 88 89 90 91 92 93 94 95 96 97 98 99 100 101 102 103 104 105 106 107 108 109 110 111 112 113 114 115 116 117 118 119 120 121 122 123 124 125 126 127 128 129 130 131 132 133 134 | 941 942 943 944 945 946 947 948 949 950 951 952 953 954 955 956 957 958 959 960 961 | 648 649 650 651 652 653 654 655 656 657 658 659 660 661 662 663 664 665 666 667 668 669 670 671 | 994 995 996 997 998 999 | 331 332 333 334 335 336 337 338 339 340 341 342 343 344 345 346 347 348 349 350 351 352 353 354 355 356 357 358 359 360 361 362 363 364 365 366 367 368 369 370 371 372 373 | 288 289 290 291 292 293 294 295 296 | 318 673 674 675 676 677 678 679 680 681 682 683 684 685 686 687 688 689 690 691 692 693 694 695 696 697 698 699 700 701 702 703 704 705 706 707 708 709 710 711 712 713 714 715 716 717 718 719 720 721 722 723 724 725 726 727 728 729 730 731 732 733 734 735 736 737 738 739 740 741 742 743 744 745 746 747 748 749 750 751 752 753 754 755 756 757 758 759 760 761 762 763 764 765 766 | 767 56 57 58 59 60 61 62 63 | 850 319 320 321 322 323 324 325 326 327 328 329 330 | 917 768 769 770 771 772 773 774 775 776 777 778 779 780 781 782 783 784 785 786 787 788 789 790 791 792 793 794 795 796 797 798 799 800 801 802 803 804 805 806 807 808 809 810 811 812 813 814 815 816 817 818 819 820 821 822 823 824 825 826 827 828 829 830 831 832 833 834 835 836 837 838 839 840 841 842 843 844 845 846 847 848 849 | 284 425 426 427 428 429 430 431 432 433 434 435 436 437 | 0 285 286 287 | 962 298 299 300 301 302 303 304 305 306 307 308 309 310 311 312 313 314 315 316 317 | 135 918 919 920 921 922 923 924 925 926 927 928 929 930 931 932 | 933 136 137 138 139 140 141 142 143 144 145 146 147 148 149 150 151 152 153 154 155 156 157 158 159 160 161 162 163 164 165 166 167 168 169 170 171 172 173 174 175 176 177 178 179 180 181 182 183 184 185 186 187 188 189 190 191 192 193 194 195 196 197 198 199 200 201 202 203 204 205 206 207 208 209 210 211 212 213 214 215 216 217 218 219 220 221 222 223 224 225 226 227 228 229 230 231 232 233 234 235 236 237 238 239 240 241 242 243 244 245 246 247 248 249 250 | 297 963 964 965 966 967 968 969 970 971 972 973 974 975 976 977 978 979 980 981 982 983 984 985 986 987 988 989 990 991 992 993 | 911 1 2 3 4 5 6 | 251 851 852 853 854 855 856 857 858 859 860 861 862 863 864 865 866 867 868 869 870 871 872 873 874 875 876 877 878 879 880 881 882 883 884 885 886 887 888 889 890 891 892 893 894 895 896 897 898 899 900 901 902 903 904 905 906 907 908 909 910 | 672 252 253 254 |
>SEQ_10
 963 964 965 966 967 968 969 970 971 972 973 974 975 976 977 978 979 980 981 982 983 984 985 986 987 988 989 990 991 992 993 | 14 15 16 17 18 19 20 21 22 23 24 25 26 27 28 29 30 31 32 33 34 35 36 37 38 39 40 41 42 43 44 45 46 47 48 49 50 51 52 53 54 | 912 913 914 915 916 | 934 935 936 937 938 939 940 | 256 257 258 259 260 261 262 263 264 265 266 267 268 269 270 271 272 273 274 275 276 277 278 279 280 281 282 283 | 439 440 441 442 443 444 445 446 447 448 449 450 451 452 453 454 455 456 457 458 459 460 461 462 463 464 465 466 467 468 469 470 471 472 473 474 475 476 477 478 479 480 481 482 483 484 | 851 852 853 854 855 856 857 858 859 860 861 862 863 864 865 866 867 868 869 870 871 872 873 874 875 876 877 878 879 880 881 882 883 884 885 886 887 888 889 890 891 892 893 894 895 896 897 898 899 900 901 902 903 904 905 906 907 908 909 910 | 485 486 487 488 489 490 491 492 493 494 495 496 497 498 499 500 501 502 503 504 505 506 507 508 509 510 511 512 513 514 515 516 517 518 519 520 521 522 523 524 525 526 527 528 529 530 531 532 533 534 535 536 537 538 539 540 541 542 543 544 545 546 547 548 549 550 551 552 553 554 555 556 557 558 559 560 561 562 563 564 565 566 567 568 569 570 571 572 573 574 575 576 577 578 579 580 581 582 583 584 585 586 587 588 589 590 591 592 593 594 595 596 597 598 599 600 601 602 603 604 605 606 607 608 609 610 611 612 613 614 615 616 617 618 619 620 621 622 623 624 625 626 627 628 629 630 631 632 633 634 635 636 637 638 639 640 641 642 643 644 645 646 647 | 374 375 376 377 378 379 380 381 382 383 384 385 386 387 388 389 390 391 392 393 394 395 396 397 398 399 400 401 402 403 404 405 406 407 408 409 410 411 412 413 414 415 416 417 418 419 420 421 422 423 | 64 65 66 67 68 69 70 71 72 73 74 75 76 77 78 79 80 | 7 8 9 10 11 12 13 | 81 82 83 84 85 86 87 88 89 90 91 92 93 94 95 96 97 98 99 100 101 102 103 104 105 106 107 108 109 110 111 112 113 114 115 116 117 118 119 120 121 122 123 124 125 126 127 128 129 130 131 132 133 134 | 941 942 943 944 945 946 947 948 949 950 951 952 953 954 955 956 957 958 959 960 961 | 648 649 650 651 652 653 654 655 656 657 658 659 660 661 662 663 664 665 666 667 668 669 670 671 | 994 995 996 997 998 999 | 331 332 333 334 335 336 337 338 339 340 341 342 343 344 345 346 347 348 349 350 351 352 353 354 355 356 357 358 359 360 361 362 363 364 365 366 367 368 369 370 371 372 373 | 288 289 290 291 292 293 294 295 296 | 251 252 253 254 | 297 298 299 300 301 302 303 304 305 306 307 308 309 310 311 312 313 314 315 316 317 | 318 673 674 675 676 677 678 679 680 681 682 683 684 685 686 687 688 689 690 691 692 693 694 695 696 697 698 699 700 701 702 703 704 705 706 707 708 709 710 711 712 713 714 715 716 717 718 719 720 721 722 723 724 725 726 727 728 729 730 731 732 733 734 735 736 737 738 739 740 741 742 743 744 745 746 747 748 749 750 751 752 753 754 755 756 757 758 759 760 761 762 763 764 765 766 | 767 56 57 58 59 60 61 62 63 | 850 319 320 321 322 323 324 325 326 327 328 329 330 | 917 768 769 770 771 772 773 774 775 776 777 778 779 780 781 782 783 784 785 786 787 788 789 790 791 792 793 794 795 796 797 798 799 800 801 802 803 804 805 806 807 808 809 810 811 812 813 814 815 816 817 818 819 820 821 822 823 824 825 826 827 828 829 830 831 832 833 834 835 836 837 838 839 840 841 842 843 844 845 846 847 848 849 | 284 425 426 427 428 429 430 431 432 433 434 435 436 437 | 0 285 286 287 | 135 918 919 920 921 922 923 924 925 926 927 928 929 930 931 932 | 933 136 137 138 139 140 141 142 143 144 145 146 147 148 149 150 151 152 153 154 155 156 157 158 159 160 161 162 163 164 165 166 167 168 169 170 171 172 173 174 175 176 177 178 179 180 181 182 183 184 185 186 187 188 189 190 191 192 193 194 195 196 197 198 199 200 201 202 203 204 205 206 207 208 209 210 211 212 213 214 215 216 217 218 219 220 221 222 223 224 225 226 227 228 229 230 231 232 233 234 235 236 237 238 239 240 241 242 243 244 245 246 247 248 249 250 | 911 1 2 3 4 5 6 |
>SEQ_11
 14 15 16 17 18 19 20 21 22 23 24 25 26 27 28 29 30 31 32 33 34 35 36 37 38 39 40 41 42 43 44 45 46 47 48 49 50 51 52 53 54 | 934 935 936 937 938 939 940 | 256 257 258 259 260 261 262 263 264 265 266 267 268 269 270 271 272 273 274 275 276 277 278 279 280 281 282 283 | 1 2 3 4 5 6 | 485 486 487 488 489 490 491 492 493 494 495 496 497 498 499 500 501 502 503 504 505 506 507 508 509 510 511 512 513 514 515 516 517 518 519 520 521 522 523 524 525 526 527 528 529 530 531 532 533 534 535 536 537 538 539 540 541 542 543 544 545 546 547 548 549 550 551 552 553 554 555 556 557 558 559 560 561 562 563 564 565 566 567 568 569 570 571 572 573 574 575 576 577 578 579 580 581 582 583 584 585 586 587 588 589 590 591 592 593 594 595 596 597 598 599 600 601 602 603 604 605 606 607 608 609 610 611 612 613 614 615 616 617 618 619 620 621 622 623 624 625 626 627 628 629 630 631 632 633 634 635 636 637 638 639 640 641 642 643 644 645 646 647 | 374 375 376 377 378 379 380 381 382 383 384 385 386 387 388 389 390 391 392 393 394 395 396 397 398 399 400 401 402 403 404 405 406 407 408 409 410 411 412 413 414 415 416 417 418 419 420 421 422 423 | 64 65 66 67 68 69 70 71 72 73 74 75 76 77 78 79 80 | 7 8 9 10 11 12 13 | 81 82 83 84 85 86 87 88 89 90 91 92 93 94 95 96 97 98 99 100 101 102 103 104 105 106 107 108 109 110 111 112 113 114 115 116 117 118 119 120 121 122 123 124 125 126 127 128 129 130 131 132 133 134 | 941 942 943 944 945 946 947 948 949 950 951 952 953 954 955 956 957 958 959 960 961 | 648 649 650 651 652 653 654 655 656 657 658 659 660 661 662 663 664 665 666 667 668 669 670 671 | 994 995 996 997 998 999 | 331 332 333 334 335 336 337 338 339 340 341 342 343 344 345 346 347 348 349 350 351 352 353 354 355 356 357 358 359 360 361 362 363 364 365 366 367 368 369 370 371 372 373 | 288 289 290 291 292 293 294 295 296 | 251 252 253 254 | 297 298 299 300 301 302 303 304 305 306 307 308 309 310 311 312 313 314 315 316 317 | 135 136 137 138 139 140 141 142 143 144 145 146 147 148 149 150 151 152 153 154 155 156 157 158 159 160 161 162 163 164 165 166 167 168 169 170 171 172 173 174 175 176 177 178 179 180 181 182 183 184 185 186 187 188 189 190 191 192 193 194 195 196 197 198 199 200 201 202 203 204 205 206 207 208 209 210 211 212 213 214 215 216 217 218 219 220 221 222 223 224 225 226 227 228 229 230 231 232 233 234 235 236 237 238 239 240 241 242 243 244 245 246 247 248 249 250 | 438 439 440 441 442 443 444 445 446 447 448 449 450 451 452 453 454 455 456 457 458 459 460 461 462 463 464 465 466 467 468 469 470 471 472 473 474 475 476 477 478 479 480 481 482 483 484 | 318 673 674 675 676 677 678 679 680 681 682 683 684 685 686 687 688 689 690 691 692 693 694 695 696 697 698 699 700 701 702 703 704 705 706 707 708 709 710 711 712 713 714 715 716 717 718 719 720 721 722 723 724 725 726 727 728 729 730 731 732 733 734 735 736 737 738 739 740 741 742 743 744 745 746 747 748 749 750 751 752 753 754 755 756 757 758 759 760 761 762 763 764 765 766 | 767 56 57 58 59 60 61 62 63 | 850 319 320 321 322 323 324 325 326 327 328 329 330 | 917 768 769 770 771 772 773 774 775 776 777 778 779 780 781 782 783 784 785 786 787 788 789 790 791 792 793 794 795 796 797 798 799 800 801 802 803 804 805 806 807 808 809 810 811 812 813 814 815 816 817 818 819 820 821 822 823 824 825 826 827 828 829 830 831 832 833 834 835 836 837 838 839 840 841 842 843 844 845 846 847 848 849 | 284 425 426 427 428 429 430 431 432 433 434 435 436 437 | 672 851 852 853 854 855 856 857 858 859 860 861 862 863 864 865 866 867 868 869 870 871 872 873 874 875 876 877 878 879 880 881 882 883 884 885 886 887 888 889 890 891 892 893 894 895 896 897 898 899 900 901 902 903 904 905 906 907 908 909 910 | 0 285 286 287 | 962 912 913 914 915 916 | 933 963 964 965 966 967 968 969 970 971 972 973 974 975 976 977 978 979 980 981 982 983 984 985 986 987 988 989 990 991 992 993 | 911 918 919 920 921 922 923 924 925 926 927 928 929 930 931 932 |
>SEQ_12
 934 935 936 937 938 939 940 | 256 257 258 259 260 261 262 263 264 265 266 267 268 269 270 271 272 273 274 275 276 277 278 279 280 281 282 283 | 485 486 487 488 489 490 491 492 493 494 495 496 497 498 499 500 501 502 503 504 505 506 507 508 509 510 511 512 513 514 515 516 517 518 519 520 521 522 523 524 525 526 527 528 529 530 531 532 533 534 535 536 537 538 539 540 541 542 543 544 545 546 547 548 549 550 551 552 553 554 555 556 557 558 559 560 561 562 563 564 565 566 567 568 569 570 571 572 573 574 575 576 577 578 579 580 581 582 583 584 585 586 587 588 589 590 591 592 593 594 595 596 597 598 599 600 601 602 603 604 605 606 607 608 609 610 611 612 613 614 615 616 617 618 619 620 621 622 623 624 625 626 627 628 629 630 631 632 633 634 635 636 637 638 639 640 641 642 643 644 645 646 647 | 374 375 376 377 378 379 380 381 382 383 384 385 386 387 388 389 390 391 392 393 394 395 396 397 398 399 400 401 402 403 404 405 406 407 408 409 410 411 412 413 414 415 416 417 418 419 420 421 422 423 | 64 65 66 67 68 69 70 71 72 73 74 75 76 77 78 79 80 | 7 8 9 10 11 12 13 14 15 16 17 18 19 20 21 22 23 24 25 26 27 28 29 30 31 32 33 34 35 36 37 38 39 40 41 42 43 44 45 46 47 48 49 50 51 52 53 54 | 81 82 83 84 85 86 87 88 89 90 91 92 93 94 95 96 97 98 99 100 101 102 103 104 105 106 107 108 109 110 111 112 113 114 115 116 117 118 119 120 121 122 123 124 125 126 127 128 129 130 131 132 133 134 135 136 137 138 139 140 141 142 143 144 145 146 147 148 149 150 151 152 153 154 155 156 157 158 159 160 161 162 163 164 165 166 167 168 169 170 171 172 173 174 175 176 177 178 179 180 181 182 183 184 185 186 187 188 189 190 191 192 193 194 195 196 197 198 199 200 201 202 203 204 205 206 207 208 209 210 211 212 213 214 215 216 217 218 219 220 221 222 223 224 225 226 227 228 229 230 231 232 233 234 235 236 237 238 239 240 241 242 243 244 245 246 247 248 249 250 | 941 942 943 944 945 946 947 948 949 950 951 952 953 954 955 956 957 958 959 960 961 | 648 649 650 651 652 653 654 655 656 657 658 659 660 661 662 663 664 665 666 667 668 669 670 671 | 994 995 996 997 998 999 | 331 332 333 334 335 336 337 338 339 340 341 342 343 344 345 346 347 348 349 350 351 352 353 354 355 356 357 358 359 360 361 362 363 364 365 366 367 368 369 370 371 372 373 | 251 252 253 254 | 297 298 299 300 301 302 303 304 305 306 307 308 309 310 311 312 313 314 315 316 317 | 438 439 440 441 442 443 444 445 446 447 448 449 450 451 452 453 454 455 456 457 458 459 460 461 462 463 464 465 466 467 468 469 470 471 472 473 474 475 476 477 478 479 480 481 482 483 484 | 318 673 674 675 676 677 678 679 680 681 682 683 684 685 686 687 688 689 690 691 692 693 694 695 696 697 698 699 700 701 702 703 704 705 706 707 708 709 710 711 712 713 714 715 716 717 718 719 720 721 722 723 724 725 726 727 728 729 730 731 732 733 734 735 736 737 738 739 740 741 742 743 744 745 746 747 748 749 750 751 752 753 754 755 756 757 758 759 760 761 762 763 764 765 766 | 767 56 57 58 59 60 61 62 63 | 850 319 320 321 322 323 324 325 326 327 328 329 330 | 917 768 769 770 771 772 773 774 775 776 777 778 779 780 781 782 783 784 785 786 787 788 789 790 791 792 793 794 795 796 797 798 799 800 801 802 803 804 805 806 807 808 809 810 811 812 813 814 815 816 817 818 819 820 821 822 823 824 825 826 827 828 829 830 831 832 833 834 835 836 837 838 839 840 841 842 843 844 845 846 847 848 849 | 284 425 426 427 428 429 430 431 432 433 434 435 436 437 | 672 851 852 853 854 855 856 857 858 859 860 861 862 863 864 865 866 867 868 869 870 871 872 873 874 875 876 877 878 879 880 881 882 883 884 885 886 887 888 889 890 891 892 893 894 895 896 897 898 899 900 901 902 903 904 905 906 907 908 909 910 911 918 919 920 921 922 923 924 925 926 927 928 929 930 931 932 | 0 285 286 287 288 289 290 291 292 293 294 295 296 | 962 912 913 914 915 916 | 933 963 964 965 966 967 968 969 970 971 972 973 974 975 976 977 978 979 980 981 982 983 984 985 986 987 988 989 990 991 992 993 | 424 1 2 3 4 5 6 |
>SEQ_13
 934 935 936 937 938 939 940 941 942 943 944 945 946 947 948 949 950 951 952 953 954 955 956 957 958 959 960 961 | 256 257 258 259 260 261 262 263 264 265 266 267 268 269 270 271 272 273 274 275 276 277 278 279 280 281 282 283 | 485 486 487 488 489 490 491 492 493 494 495 496 497 498 499 500 501 502 503 504 505 506 507 508 509 510 511 512 513 514 515 516 517 518 519 520 521 522 523 524 525 526 527 528 529 530 531 532 533 534 535 536 537 538 539 540 541 542 543 544 545 546 547 548 549 550 551 552 553 554 555 556 557 558 559 560 561 562 563 564 565 566 567 568 569 570 571 572 573 574 575 576 577 578 579 580 581 582 583 584 585 586 587 588 589 590 591 592 593 594 595 596 597 598 599 600 601 602 603 604 605 606 607 608 609 610 611 612 613 614 615 616 617 618 619 620 621 622 623 624 625 626 627 628 629 630 631 632 633 634 635 636 637 638 639 640 641 642 643 644 645 646 647 | 64 65 66 67 68 69 70 71 72 73 74 75 76 77 78 79 80 | 7 8 9 10 11 12 13 14 15 16 17 18 19 20 21 22 23 24 25 26 27 28 29 30 31 32 33 34 35 36 37 38 39 40 41 42 43 44 45 46 47 48 49 50 51 52 53 54 | 81 82 83 84 85 86 87 88 89 90 91 92 93 94 95 96 97 98 99 100 101 102 103 104 105 106 107 108 109 110 111 112 113 114 115 116 117 118 119 120 121 122 123 124 125 126 127 128 129 130 131 132 133 134 135 136 137 138 139 140 141 142 143 144 145 146 147 148 149 150 151 152 153 154 155 156 157 158 159 160 161 162 163 164 165 166 167 168 169 170 171 172 173 174 175 176 177 178 179 180 181 182 183 184 185 186 187 188 189 190 191 192 193 194 195 196 197 198 199 200 201 202 203 204 205 206 207 208 209 210 211 212 213 214 215 216 217 218 219 220 221 222 223 224 225 226 227 228 229 230 231 232 233 234 235 236 237 238 239 240 241 242 243 244 245 246 247 248 249 250 | 648 649 650 651 652 653 654 655 656 657 658 659 660 661 662 663 664 665 666 667 668 669 670 671 | 994 995 996 997 998 999 | 331 332 333 334 335 336 337 338 339 340 341 342 343 344 345 346 347 348 349 350 351 352 353 354 355 356 357 358 359 360 361 362 363 364 365 366 367 368 369 370 371 372 373 374 375 376 377 378 379 380 381 382 383 384 385 386 387 388 389 390 391 392 393 394 395 396 397 398 399 400 401 402 403 404 405 406 407 408 409 410 411 412 413 414 415 416 417 418 419 420 421 422 423 | 251 252 253 254 | 297 298 299 300 301 302 303 304 305 306 307 308 309 310 311 312 313 314 315 316 317 | 438 439 440 441 442 443 444 445 446 447 448 449 450 451 452 453 454 455 456 457 458 459 460 461 462 463 464 465 466 467 468 469 470 471 472 473 474 475 476 477 478 479 480 481 482 483 484 | 318 673 674 675 676 677 678 679 680 681 682 683 684 685 686 687 688 689 690 691 692 693 694 695 696 697 698 699 700 701 702 703 704 705 706 707 708 709 710 711 712 713 714 715 716 717 718 719 720 721 722 723 724 725 726 727 728 729 730 731 732 733 734 735 736 737 738 739 740 741 742 743 744 745 746 747 748 749 750 751 752 753 754 755 756 757 758 759 760 761 762 763 764 765 766 | 767 56 57 58 59 60 61 62 63 | 850 319 320 321 322 323 324 325 326 327 328 329 330 | 917 768 769 770 771 772 773 774 775 776 777 778 779 780 781 782 783 784 785 786 787 788 789 790 791 792 793 794 795 796 797 798 799 800 801 802 803 804 805 806 807 808 809 810 811 812 813 814 815 816 817 818 819 820 821 822 823 824 825 826 827 828 829 830 831 832 833 834 835 836 837 838 839 840 841 842 843 844 845 846 847 848 849 | 284 425 426 427 428 429 430 431 432 433 434 435 436 437 | 672 851 852 853 854 855 856 857 858 859 860 861 862 863 864 865 866 867 868 869 870 871 872 873 874 875 876 877 878 879 880 881 882 883 884 885 886 887 888 889 890 891 892 893 894 895 896 897 898 899 900 901 902 903 904 905 906 907 908 909 910 911 918 919 920 921 922 923 924 925 926 927 928 929 930 931 932 | 0 285 286 287 288 289 290 291 292 293 294 295 296 | 962 912 913 914 915 916 | 933 963 964 965 966 967 968 969 970 971 972 973 974 975 976 977 978 979 980 981 982 983 984 985 986 987 988 989 990 991 992 993 | 424 1 2 3 4 5 6 |
>SEQ_14
 934 935 936 937 938 939 940 941 942 943 944 945 946 947 948 949 950 951 952 953 954 955 956 957 958 959 960 961 | 256 257 258 259 260 261 262 263 264 265 266 267 268 269 270 271 272 273 274 275 276 277 278 279 280 281 282 283 | 485 486 487 488 489 490 491 492 493 494 495 496 497 498 499 500 501 502 503 504 505 506 507 508 509 510 511 512 513 514 515 516 517 518 519 520 521 522 523 524 525 526 527 528 529 530 531 532 533 534 535 536 537 538 539 540 541 542 543 544 545 546 547 548 549 550 551 552 553 554 555 556 557 558 559 560 561 562 563 564 565 566 567 568 569 570 571 572 573 574 575 576 577 578 579 580 581 582 583 584 585 586 587 588 589 590 591 592 593 594 595 596 597 598 599 600 601 602 603 604 605 606 607 608 609 610 611 612 613 614 615 616 617 618 619 620 621 622 623 624 625 626 627 628 629 630 631 632 633 634 635 636 637 638 639 640 641 642 643 644 645 646 647 | 64 65 66 67 68 69 70 71 72 73 74 75 76 77 78 79 80 | 7 8 9 10 11 12 13 14 15 16 17 18 19 20 21 22 23 24 25 26 27 28 29 30 31 32 33 34 35 36 37 38 39 40 41 42 43 44 45 46 47 48 49 50 51 52 53 54 | 81 82 83 84 85 86 87 88 89 90 91 92 93 94 95 96 97 98 99 100 101 102 103 104 105 106 107 108 109 110 111 112 113 114 115 116 117 118 119 120 121 122 123 124 125 126 127 128 129 130 131 132 133 134 135 136 137 138 139 140 141 142 143 144 145 146 147 148 149 150 151 152 153 154 155 156 157 158 159 160 161 162 163 164 165 166 167 168 169 170 171 172 173 174 175 176 177 178 179 180 181 182 183 184 185 186 187 188 189 190 191 192 193 194 195 196 197 198 199 200 201 202 203 204 205 206 207 208 209 210 211 212 213 214 215 216 217 218 219 220 221 222 223 224 225 226 227 228 229 230 231 232 233 234 235 236 237 238 239 240 241 242 243 244 245 246 247 248 249 250 | 648 649 650 651 652 653 654 655 656 657 658 659 660 661 662 663 664 665 666 667 668 669 670 671 | 994 995 996 997 998 999 | 331 332 333 334 335 336 337 338 339 340 341 342 343 344 345 346 347 348 349 350 351 352 353 354 355 356 357 358 359 360 361 362 363 364 365 366 367 368 369 370 371 372 373 374 375 376 377 378 379 380 381 382 383 384 385 386 387 388 389 390 391 392 393 394 395 396 397 398 399 400 401 402 403 404 405 406 407 408 409 410 411 412 413 414 415 416 417 418 419 420 421 422 423 | 251 252 253 254 | 297 298 299 300 301 302 303 304 305 306 307 308 309 310 311 312 313 314 315 316 317 | 438 439 440 441 442 443 444 445 446 447 448 449 450 451 452 453 454 455 456 457 458 459 460 461 462 463 464 465 466 467 468 469 470 471 472 473 474 475 476 477 478 479 480 481 482 483 484 | 318 673 674 675 676 677 678 679 680 681 682 683 684 685 686 687 688 689 690 691 692 693 694 695 696 697 698 699 700 701 702 703 704 705 706 707 708 709 710 711 712 713 714 715 716 717 718 719 720 721 722 723 724 725 726 727 728 729 730 731 732 733 734 735 736 737 738 739 740 741 742 743 744 745 746 747 748 749 750 751 752 753 754 755 756 757 758 759 760 761 762 763 764 765 766 | 767 56 57 58 59 60 61 62 63 | 850 319 320 321 322 323 324 325 326 327 328 329 330 | 917 768 769 770 771 772 773 774 775 776 777 778 779 780 781 782 783 784 785 786 787 788 789 790 791 792 793 794 795 796 797 798 799 800 801 802 803 804 805 806 807 808 809 810 811 812 813 814 815 816 817 818 819 820 821 822 823 824 825 826 827 828 829 830 831 832 833 834 835 836 837 838 839 840 841 842 843 844 845 846 847 848 849 | 284 425 426 427 428 429 430 431 432 433 434 435 436 437 | 672 851 852 853 854 855 856 857 858 859 860 861 862 863 864 865 866 867 868 869 870 871 872 873 874 875 876 877 878 879 880 881 882 883 884 885 886 887 888 889 890 891 892 893 894 895 896 897 898 899 900 901 902 903 904 905 906 907 908 909 910 911 918 919 920 921 922 923 924 925 926 927 928 929 930 931 932 | 0 285 286 287 288 289 290 291 292 293 294 295 296 | 962 912 913 914 915 916 | 933 963 964 965 966 967 968 969 970 971 972 973 974 975 976 977 978 979 980 981 982 983 984 985 986 987 988 989 990 991 992 993 | 424 1 2 3 4 5 6 |
>SEQ_15
 934 935 936 937 938 939 940 941 942 943 944 945 946 947 948 949 950 951 952 953 954 955 956 957 958 959 960 961 | 256 257 258 259 260 261 262 263 264 265 266 267 268 269 270 271 272 273 274 275 276 277 278 279 280 281 282 283 | 485 486 487 488 489 490 491 492 493 494 495 496 497 498 499 500 501 502 503 504 505 506 507 508 509 510 511 512 513 514 515 516 517 518 519 520 521 522 523 524 525 526 527 528 529 530 531 532 533 534 535 536 537 538 539 540 541 542 543 544 545 546 547 548 549 550 551 552 553 554 555 556 557 558 559 560 561 562 563 564 565 566 567 568 569 570 571 572 573 574 575 576 577 578 579 580 581 582 583 584 585 586 587 588 589 590 591 592 593 594 595 596 597 598 599 600 601 602 603 604 605 606 607 608 609 610 611 612 613 614 615 616 617 618 619 620 621 622 623 624 625 626 627 628 629 630 631 632 633 634 635 636 637 638 639 640 641 642 643 644 645 646 647 | 64 65 66 67 68 69 70 71 72 73 74 75 76 77 78 79 80 | 7 8 9 10 11 12 13 14 15 16 17 18 19 20 21 22 23 24 25 26 27 28 29 30 31 32 33 34 35 36 37 38 39 40 41 42 43 44 45 46 47 48 49 50 51 52 53 54 | 81 82 83 84 85 86 87 88 89 90 91 92 93 94 95 96 97 98 99 100 101 102 103 104 105 106 107 108 109 110 111 112 113 114 115 116 117 118 119 120 121 122 123 124 125 126 127 128 129 130 131 132 133 134 135 136 137 138 139 140 141 142 143 144 145 146 147 148 149 150 151 152 153 154 155 156 157 158 159 160 161 162 163 164 165 166 167 168 169 170 171 172 173 174 175 176 177 178 179 180 181 182 183 184 185 186 187 188 189 190 191 192 193 194 195 196 197 198 199 200 201 202 203 204 205 206 207 208 209 210 211 212 213 214 215 216 217 218 219 220 221 222 223 224 225 226 227 228 229 230 231 232 233 234 235 236 237 238 239 240 241 242 243 244 245 246 247 248 249 250 | 648 649 650 651 652 653 654 655 656 657 658 659 660 661 662 663 664 665 666 667 668 669 670 671 | 994 995 996 997 998 999 | 331 332 333 334 335 336 337 338 339 340 341 342 343 344 345 346 347 348 349 350 351 352 353 354 355 356 357 358 359 360 361 362 363 364 365 366 367 368 369 370 371 372 373 374 375 376 377 378 379 380 381 382 383 384 385 386 387 388 389 390 391 392 393 394 395 396 397 398 399 400 401 402 403 404 405 406 407 408 409 410 411 412 413 414 415 416 417 418 419 420 421 422 423 | 251 252 253 254 | 297 298 299 300 301 302 303 304 305 306 307 308 309 310 311 312 313 314 315 316 317 | 438 439 440 441 442 443 444 445 446 447 448 449 450 451 452 453 454 455 456 457 458 459 460 461 462 463 464 465 466 467 468 469 470 471 472 473 474 475 476 477 478 479 480 481 482 483 484 | 318 673 674 675 676 677 678 679 680 681 682 683 684 685 686 687 688 689 690 691 692 693 694 695 696 697 698 699 700 701 702 703 704 705 706 707 708 709 710 711 712 713 714 715 716 717 718 719 720 721 722 723 724 725 726 727 728 729 730 731 732 733 734 735 736 737 738 739 740 741 742 743 744 745 746 747 748 749 750 751 752 753 754 755 756 757 758 759 760 761 762 763 764 765 766 | 767 56 57 58 59 60 61 62 63 | 933 918 919 920 921 922 923 924 925 926 927 928 929 930 931 932 | 424 963 964 965 966 967 968 969 970 971 972 973 974 975 976 977 978 979 980 981 982 983 984 985 986 987 988 989 990 991 992 993 | 850 319 320 321 322 323 324 325 326 327 328 329 330 | 917 768 769 770 771 772 773 774 775 776 777 778 779 780 781 782 783 784 785 786 787 788 789 790 791 792 793 794 795 796 797 798 799 800 801 802 803 804 805 806 807 808 809 810 811 812 813 814 815 816 817 818 819 820 821 822 823 824 825 826 827 828 829 830 831 832 833 834 835 836 837 838 839 840 841 842 843 844 845 846 847 848 849 | 284 425 426 427 428 429 430 431 432 433 434 435 436 437 | 672 851 852 853 854 855 856 857 858 859 860 861 862 863 864 865 866 867 868 869 870 871 872 873 874 875 876 877 878 879 880 881 882 883 884 885 886 887 888 889 890 891 892 893 894 895 896 897 898 899 900 901 902 903 904 905 906 907 908 909 910 911 1 2 3 4 5 6 | 0 285 286 287 288 289 290 291 292 293 294 295 296 | 962 912 913 914 915 916 |
>SEQ_16
 934 935 936 937 938 939 940 941 942 943 944 945 946 947 948 949 950 951 952 953 954 955 956 957 958 959 960 961 | 256 257 258 259 260 261 262 263 264 265 266 267 268 269 270 271 272 273 274 275 276 277 278 279 280 281 282 283 | 485 486 487 488 489 490 491 492 493 494 495 496 497 498 499 500 501 502 503 504 505 506 507 508 509 510 511 512 513 514 515 516 517 518 519 520 521 522 523 524 525 526 527 528 529 530 531 532 533 534 535 536 537 538 539 540 541 542 543 544 545 546 547 548 549 550 551 552 553 554 555 556 557 558 559 560 561 562 563 564 565 566 567 568 569 570 571 572 573 574 575 576 577 578 579 580 581 582 583 584 585 586 587 588 589 590 591 592 593 594 595 596 597 598 599 600 601 602 603 604 605 606 607 608 609 610 611 612 613 614 615 616 617 618 619 620 621 622 623 624 625 626 627 628 629 630 631 632 633 634 635 636 637 638 639 640 641 642 643 644 645 646 647 | 64 65 66 67 68 69 70 71 72 73 74 75 76 77 78 79 80 | 7 8 9 10 11 12 13 14 15 16 17 18 19 20 21 22 23 24 25 26 27 28 29 30 31 32 33 34 35 36 37 38 39 40 41 42 43 44 45 46 47 48 49 50 51 52 53 54 | 81 82 83 84 85 86 87 88 89 90 91 92 93 94 95 96 97 98 99 100 101 102 103 104 105 106 107 108 109 110 111 112 113 114 115 116 117 118 119 120 121 122 123 124 125 126 127 128 129 130 131 132 133 134 135 136 137 138 139 140 141 142 143 144 145 146 147 148 149 150 151 152 153 154 155 156 157 158 159 160 161 162 163 164 165 166 167 168 169 170 171 172 173 174 175 176 177 178 179 180 181 182 183 184 185 186 187 188 189 190 191 192 193 194 195 196 197 198 199 200 201 202 203 204 205 206 207 208 209 210 211 212 213 214 215 216 217 218 219 220 221 222 223 224 225 226 227 228 229 230 231 232 233 234 235 236 237 238 239 240 241 242 243 244 245 246 247 248 249 250 | 648 649 650 651 652 653 654 655 656 657 658 659 660 661 662 663 664 665 666 667 668 669 670 671 | 994 995 996 997 998 999 | 331 332 333 334 335 336 337 338 339 340 341 342 343 344 345 346 347 348 349 350 351 352 353 354 355 356 357 358 359 360 361 362 363 364 365 366 367 368 369 370 371 372 373 374 375 376 377 378 379 380 381 382 383 384 385 386 387 388 389 390 391 392 393 394 395 396 397 398 399 400 401 402 403 404 405 406 407 408 409 410 411 412 413 414 415 416 417 418 419 420 421 422 423 | 251 252 253 254 | 297 298 299 300 301 302 303 304 305 306 307 308 309 310 311 312 313 314 315 316 317 | 438 439 440 441 442 443 444 445 446 447 448 449 450 451 452 453 454 455 456 457 458 459 460 461 462 463 464 465 466 467 468 469 470 471 472 473 474 475 476 477 478 479 480 481 482 483 484 | 318 673 674 675 676 677 678 679 680 681 682 683 684 685 686 687 688 689 690 691 692 693 694 695 696 697 698 699 700 701 702 703 704 705 706 707 708 709 710 711 712 713 714 715 716 717 718 719 720 721 722 723 724 725 726 727 728 729 730 731 732 733 734 735 736 737 738 739 740 741 742 743 744 745 746 747 748 749 750 751 752 753 754 755 756 757 758 759 760 761 762 763 764 765 766 | 767 56 57 58 59 60 61 62 63 | 933 918 919 920 921 922 923 924 925 926 927 928 929 930 931 932 | 55 1 2 3 4 5 6 | 424 963 964 965 966 967 968 969 970 971 972 973 974 975 976 977 978 979 980 981 982 983 984 985 986 987 988 989 990 991 992 993 | 850 319 320 321 322 323 324 325 326 327 328 329 330 | 917 768 769 770 771 772 773 774 775 776 777 778 779 780 781 782 783 784 785 786 787 788 789 790 791 792 793 794 795 796 797 798 799 800 801 802 803 804 805 806 807 808 809 810 811 812 813 814 815 816 817 818 819 820 821 822 823 824 825 826 827 828 829 830 831 832 833 834 835 836 837 838 839 840 841 842 843 844 845 846 847 848 849 | 284 425 426 427 428 429 430 431 432 433 434 435 436 437 | 672 851 852 853 854 855 856 857 858 859 860 861 862 863 864 865 866 867 868 869 870 871 872 873 874 875 876 877 878 879 880 881 882 883 884 885 886 887 888 889 890 891 892 893 894 895 896 897 898 899 900 901 902 903 904 905 906 907 908 909 910 911 | 0 285 286 287 288 289 290 291 292 293 294 295 296 | 962 912 913 914 915 916 |
>SEQ_17
 934 935 936 937 938 939 940 941 942 943 944 945 946 947 948 949 950 951 952 953 954 955 956 957 958 959 960 961 | 485 486 487 488 489 490 491 492 493 494 495 496 497 498 499 500 501 502 503 504 505 506 507 508 509 510 511 512 513 514 515 516 517 518 519 520 521 522 523 524 525 526 527 528 529 530 531 532 533 534 535 536 537 538 539 540 541 542 543 544 545 546 547 548 549 550 551 552 553 554 555 556 557 558 559 560 561 562 563 564 565 566 567 568 569 570 571 572 573 574 575 576 577 578 579 580 581 582 583 584 585 586 587 588 589 590 591 592 593 594 595 596 597 598 599 600 601 602 603 604 605 606 607 608 609 610 611 612 613 614 615 616 617 618 619 620 621 622 623 624 625 626 627 628 629 630 631 632 633 634 635 636 637 638 639 640 641 642 643 644 645 646 647 | 425 426 427 428 429 430 431 432 433 434 435 436 437 | 64 65 66 67 68 69 70 71 72 73 74 75 76 77 78 79 80 | 81 82 83 84 85 86 87 88 89 90 91 92 93 94 95 96 97 98 99 100 101 102 103 104 105 106 107 108 109 110 111 112 113 114 115 116 117 118 119 120 121 122 123 124 125 126 127 128 129 130 131 132 133 134 135 136 137 138 139 140 141 142 143 144 145 146 147 148 149 150 151 152 153 154 155 156 157 158 159 160 161 162 163 164 165 166 167 168 169 170 171 172 173 174 175 176 177 178 179 180 181 182 183 184 185 186 187 188 189 190 191 192 193 194 195 196 197 198 199 200 201 202 203 204 205 206 207 208 209 210 211 212 213 214 215 216 217 218 219 220 221 222 223 224 225 226 227 228 229 230 231 232 233 234 235 236 237 238 239 240 241 242 243 244 245 246 247 248 249 250 | 648 649 650 651 652 653 654 655 656 657 658 659 660 661 662 663 664 665 666 667 668 669 670 671 | 994 995 996 997 998 999 | 251 252 253 254 | 438 439 440 441 442 443 444 445 446 447 448 449 450 451 452 453 454 455 456 457 458 459 460 461 462 463 464 465 466 467 468 469 470 471 472 473 474 475 476 477 478 479 480 481 482 483 484 | 318 673 674 675 676 677 678 679 680 681 682 683 684 685 686 687 688 689 690 691 692 693 694 695 696 697 698 699 700 701 702 703 704 705 706 707 708 709 710 711 712 713 714 715 716 717 718 719 720 721 722 723 724 725 726 727 728 729 730 731 732 733 734 735 736 737 738 739 740 741 742 743 744 745 746 747 748 749 750 751 752 753 754 755 756 757 758 759 760 761 762 763 764 765 766 767 56 57 58 59 60 61 62 63 | 933 918 919 920 921 922 923 924 925 926 927 928 929 930 931 932 | 55 1 2 3 4 5 6 7 8 9 10 11 12 13 14 15 16 17 18 19 20 21 22 23 24 25 26 27 28 29 30 31 32 33 34 35 36 37 38 39 40 41 42 43 44 45 46 47 48 49 50 51 52 53 54 | 424 963 964 965 966 967 968 969 970 971 972 973 974 975 976 977 978 979 980 981 982 983 984 985 986 987 988 989 990 991 992 993 | 850 319 320 321 322 323 324 325 326 327 328 329 330 331 332 333 334 335 336 337 338 339 340 341 342 343 344 345 346 347 348 349 350 351 352 353 354 355 356 357 358 359 360 361 362 363 364 365 366 367 368 369 370 371 372 373 374 375 376 377 378 379 380 381 382 383 384 385 386 387 388 389 390 391 392 393 394 395 396 397 398 399 400 401 402 403 404 405 406 407 408 409 410 411 412 413 414 415 416 417 418 419 420 421 422 423 | 917 768 769 770 771 772 773 774 775 776 777 778 779 780 781 782 783 784 785 786 787 788 789 790 791 792 793 794 795 796 797 798 799 800 801 802 803 804 805 806 807 808 809 810 811 812 813 814 815 816 817 818 819 820 821 822 823 824 825 826 827 828 829 830 831 832 833 834 835 836 837 838 839 840 841 842 843 844 845 846 847 848 849 | 672 851 852 853 854 855 856 857 858 859 860 861 862 863 864 865 866 867 868 869 870 871 872 873 874 875 876 877 878 879 880 881 882 883 884 885 886 887 888 889 890 891 892 893 894 895 896 897 898 899 900 901 902 903 904 905 906 907 908 909 910 911 912 913 914 915 916 | 962 256 257 258 259 260 261 262 263 264 265 266 267 268 269 270 271 272 273 274 275 276 277 278 279 280 281 282 283 284 285 286 287 288 289 290 291 292 293 294 295 296 297 298 299 300 301 302 303 304 305 306 307 308 309 310 311 312 313 314 315 316 317 |
>SEQ_18
 934 935 936 937 938 939 940 941 942 943 944 945 946 947 948 949 950 951 952 953 954 955 956 957 958 959 960 961 | 485 486 487 488 489 490 491 492 493 494 495 496 497 498 499 500 501 502 503 504 505 506 507 508 509 510 511 512 513 514 515 516 517 518 519 520 521 522 523 524 525 526 527 528 529 530 531 532 533 534 535 536 537 538 539 540 541 542 543 544 545 546 547 548 549 550 551 552 553 554 555 556 557 558 559 560 561 562 563 564 565 566 567 568 569 570 571 572 573 574 575 576 577 578 579 580 581 582 583 584 585 586 587 588 589 590 591 592 593 594 595 596 597 598 599 600 601 602 603 604 605 606 607 608 609 610 611 612 613 614 615 616 617 618 619 620 621 622 623 624 625 626 627 628 629 630 631 632 633 634 635 636 637 638 639 640 641 642 643 644 645 646 647 | 64 65 66 67 68 69 70 71 72 73 74 75 76 77 78 79 80 | 81 82 83 84 85 86 87 88 89 90 91 92 93 94 95 96 97 98 99 100 101 102 103 104 105 106 107 108 109 110 111 112 113 114 115 116 117 118 119 120 121 122 123 124 125 126 127 128 129 130 131 132 133 134 135 136 137 138 139 140 141 142 143 144 145 146 147 148 149 150 151 152 153 154 155 156 157 158 159 160 161 162 163 164 165 166 167 168 169 170 171 172 173 174 175 176 177 178 179 180 181 182 183 184 185 186 187 188 189 190 191 192 193 194 195 196 197 198 199 200 201 202 203 204 205 206 207 208 209 210 211 212 213 214 215 216 217 218 219 220 221 222 223 224 225 226 227 228 229 230 231 232 233 234 235 236 237 238 239 240 241 242 243 244 245 246 247 248 249 250 | 648 649 650 651 652 653 654 655 656 657 658 659 660 661 662 663 664 665 666 667 668 669 670 671 | 994 995 996 997 998 999 | 251 252 253 254 | 438 439 440 441 442 443 444 445 446 447 448 449 450 451 452 453 454 455 456 457 458 459 460 461 462 463 464 465 466 467 468 469 470 471 472 473 474 475 476 477 478 479 480 481 482 483 484 | 255 256 257 258 259 260 261 262 263 264 265 266 267 268 269 270 271 272 273 274 275 276 277 278 279 280 281 282 283 284 285 286 287 288 289 290 291 292 293 294 295 296 297 298 299 300 301 302 303 304 305 306 307 308 309 310 311 312 313 314 315 316 317 | 318 673 674 675 676 677 678 679 680 681 682 683 684 685 686 687 688 689 690 691 692 693 694 695 696 697 698 699 700 701 702 703 704 705 706 707 708 709 710 711 712 713 714 715 716 717 718 719 720 721 722 723 724 725 726 727 728 729 730 731 732 733 734 735 736 737 738 739 740 741 742 743 744 745 746 747 748 749 750 751 752 753 754 755 756 757 758 759 760 761 762 763 764 765 766 767 56 57 58 59 60 61 62 63 | 933 918 919 920 921 922 923 924 925 926 927 928 929 930 931 932 | 55 1 2 3 4 5 6 7 8 9 10 11 12 13 14 15 16 17 18 19 20 21 22 23 24 25 26 27 28 29 30 31 32 33 34 35 36 37 38 39 40 41 42 43 44 45 46 47 48 49 50 51 52 53 54 | 424 963 964 965 966 967 968 969 970 971 972 973 974 975 976 977 978 979 980 981 982 983 984 985 986 987 988 989 990 991 992 993 | 850 319 320 321 322 323 324 325 326 327 328 329 330 331 332 333 334 335 336 337 338 339 340 341 342 343 344 345 346 347 348 349 350 351 352 353 354 355 356 357 358 359 360 361 362 363 364 365 366 367 368 369 370 371 372 373 374 375 376 377 378 379 380 381 382 383 384 385 386 387 388 389 390 391 392 393 394 395 396 397 398 399 400 401 402 403 404 405 406 407 408 409 410 411 412 413 414 415 416 417 418 419 420 421 422 423 | 917 768 769 770 771 772 773 774 775 776 777 778 779 780 781 782 783 784 785 786 787 788 789 790 791 792 793 794 795 796 797 798 799 800 801 802 803 804 805 806 807 808 809 810 811 812 813 814 815 816 817 818 819 820 821 822 823 824 825 826 827 828 829 830 831 832 833 834 835 836 837 838 839 840 841 842 843 844 845 846 847 848 849 | 672 851 852 853 854 855 856 857 858 859 860 861 862 863 864 865 866 867 868 869 870 871 872 873 874 875 876 877 878 879 880 881 882 883 884 885 886 887 888 889 890 891 892 893 894 895 896 897 898 899 900 901 902 903 904 905 906 907 908 909 910 911 912 913 914 915 916 | 0 425 426 427 428 429 430 431 432 433 434 435 436 437 |
>SEQ_19
 934 935 936 937 938 939 940 941 942 943 944 945 946 947 948 949 950 951 952 953 954 955 956 957 958 959 960 961 | 485 486 487 488 489 490 491 492 493 494 495 496 497 498 499 500 501 502 503 504 505 506 507 508 509 510 511 512 513 514 515 516 517 518 519 520 521 522 523 524 525 526 527 528 529 530 531 532 533 534 535 536 537 538 539 540 541 542 543 544 545 546 547 548 549 550 551 552 553 554 555 556 557 558 559 560 561 562 563 564 565 566 567 568 569 570 571 572 573 574 575 576 577 578 579 580 581 582 583 584 585 586 587 588 589 590 591 592 593 594 595 596 597 598 599 600 601 602 603 604 605 606 607 608 609 610 611 612 613 614 615 616 617 618 619 620 621 622 623 624 625 626 627 628 629 630 631 632 633 634 635 636 637 638 639 640 641 642 643 644 645 646 647 | 64 65 66 67 68 69 70 71 72 73 74 75 76 77 78 79 80 | 81 82 83 84 85 86 87 88 89 90 91 92 93 94 95 96 97 98 99 100 101 102 103 104 105 106 107 108 109 110 111 112 113 114 115 116 117 118 119 120 121 122 123 124 125 126 127 128 129 130 131 132 133 134 135 136 137 138 139 140 141 142 143 144 145 146 147 148 149 150 151 152 153 154 155 156 157 158 159 160 161 162 163 164 165 166 167 168 169 170 171 172 173 174 175 176 177 178 179 180 181 182 183 184 185 186 187 188 189 190 191 192 193 194 195 196 197 198 199 200 201 202 203 204 205 206 207 208 209 210 211 212 213 214 215 216 217 218 219 220 221 222 223 224 225 226 227 228 229 230 231 232 233 234 235 236 237 238 239 240 241 242 243 244 245 246 247 248 249 250 | 648 649 650 651 652 653 654 655 656 657 658 659 660 661 662 663 664 665 666 667 668 669 670 671 | 994 995 996 997 998 999 | 251 252 253 254 | 438 439 440 441 442 443 444 445 446 447 448 449 450 451 452 453 454 455 456 457 458 459 460 461 462 463 464 465 466 467 468 469 470 471 472 473 474 475 476 477 478 479 480 481 482 483 484 | 255 256 257 258 259 260 261 262 263 264 265 266 267 268 269 270 271 272 273 274 275 276 277 278 279 280 281 282 283 284 285 286 287 288 289 290 291 292 293 294 295 296 297 298 299 300 301 302 303 304 305 306 307 308 309 310 311 312 313 314 315 316 317 | 318 673 674 675 676 677 678 679 680 681 682 683 684 685 686 687 688 689 690 691 692 693 694 695 696 697 698 699 700 701 702 703 704 705 706 707 708 709 710 711 712 713 714 715 716 717 718 719 720 721 722 723 724 725 726 727 728 729 730 731 732 733 734 735 736 737 738 739 740 741 742 743 744 745 746 747 748 749 750 751 752 753 754 755 756 757 758 759 760 761 762 763 764 765 766 767 768 769 770 771 772 773 774 775 776 777 778 779 780 781 782 783 784 785 786 787 788 789 790 791 792 793 794 795 796 797 798 799 800 801 802 803 804 805 806 807 808 809 810 811 812 813 814 815 816 817 818 819 820 821 822 823 824 825 826 827 828 829 830 831 832 833 834 835 836 837 838 839 840 841 842 843 844 845 846 847 848 849 | 933 918 919 920 921 922 923 924 925 926 927 928 929 930 931 932 | 55 1 2 3 4 5 6 7 8 9 10 11 12 13 14 15 16 17 18 19 20 21 22 23 24 25 26 27 28 29 30 31 32 33 34 35 36 37 38 39 40 41 42 43 44 45 46 47 48 49 50 51 52 53 54 | 424 963 964 965 966 967 968 969 970 971 972 973 974 975 976 977 978 979 980 981 982 983 984 985 986 987 988 989 990 991 992 993 | 850 319 320 321 322 323 324 325 326 327 328 329 330 331 332 333 334 335 336 337 338 339 340 341 342 343 344 345 346 347 348 349 350 351 352 353 354 355 356 357 358 359 360 361 362 363 364 365 366 367 368 369 370 371 372 373 374 375 376 377 378 379 380 381 382 383 384 385 386 387 388 389 390 391 392 393 394 395 396 397 398 399 400 401 402 403 404 405 406 407 408 409 410 411 412 413 414 415 416 417 418 419 420 421 422 423 | 672 851 852 853 854 855 856 857 858 859 860 861 862 863 864 865 866 867 868 869 870 871 872 873 874 875 876 877 878 879 880 881 882 883 884 885 886 887 888 889 890 891 892 893 894 895 896 897 898 899 900 901 902 903 904 905 906 907 908 909 910 911 912 913 914 915 916 | 0 425 426 427 428 429 430 431 432 433 434 435 436 437 | 917 56 57 58 59 60 61 62 63 |
>SEQ_20
 934 935 936 937 938 939 940 941 942 943 944 945 946 947 948 949 950 951 952 953 954 955 956 957 958 959 960 961 | 485 486 487 488 489 490 491 492 493 494 495 496 497 498 499 500 501 502 503 504 505 506 507 508 509 510 511 512 513 514 515 516 517 518 519 520 521 522 523 524 525 526 527 528 529 530 531 532 533 534 535 536 537 538 539 540 541 542 543 544 545 546 547 548 549 550 551 552 553 554 555 556 557 558 559 560 561 562 563 564 565 566 567 568 569 570 571 572 573 574 575 576 577 578 579 580 581 582 583 584 585 586 587 588 589 590 591 592 593 594 595 596 597 598 599 600 601 602 603 604 605 606 607 608 609 610 611 612 613 614 615 616 617 618 619 620 621 622 623 624 625 626 627 628 629 630 631 632 633 634 635 636 637 638 639 640 641 642 643 644 645 646 647 | 64 65 66 67 68 69 70 71 72 73 74 75 76 77 78 79 80 | 81 82 83 84 85 86 87 88 89 90 91 92 93 94 95 96 97 98 99 100 101 102 103 104 105 106 107 108 109 110 111 112 113 114 115 116 117 118 119 120 121 122 123 124 125 126 127 128 129 130 131 132 133 134 135 136 137 138 139 140 141 142 143 144 145 146 147 148 149 150 151 152 153 154 155 156 157 158 159 160 161 162 163 164 165 166 167 168 169 170 171 172 173 174 175 176 177 178 179 180 181 182 183 184 185 186 187 188 189 190 191 192 193 194 195 196 197 198 199 200 201 202 203 204 205 206 207 208 209 210 211 212 213 214 215 216 217 218 219 220 221 222 223 224 225 226 227 228 229 230 231 232 233 234 235 236 237 238 239 240 241 242 243 244 245 246 247 248 249 250 | 648 649 650 651 652 653 654 655 656 657 658 659 660 661 662 663 664 665 666 667 668 669 670 671 | 994 995 996 997 998 999 | 251 252 253 254 | 438 439 440 441 442 443 444 445 446 447 448 449 450 451 452 453 454 455 456 457 458 459 460 461 462 463 464 465 466 467 468 469 470 471 472 473 474 475 476 477 478 479 480 481 482 483 484 | 255 256 257 258 259 260 261 262 263 264 265 266 267 268 269 270 271 272 273 274 275 276 277 278 279 280 281 282 283 284 285 286 287 288 289 290 291 292 293 294 295 296 297 298 299 300 301 302 303 304 305 306 307 308 309 310 311 312 313 314 315 316 317 | 318 673 674 675 676 677 678 679 680 681 682 683 684 685 686 687 688 689 690 691 692 693 694 695 696 697 698 699 700 701 702 703 704 705 706 707 708 709 710 711 712 713 714 715 716 717 718 719 720 721 722 723 724 725 726 727 728 729 730 731 732 733 734 735 736 737 738 739 740 741 742 743 744 745 746 747 748 749 750 751 752 753 754 755 756 757 758 759 760 761 762 763 764 765 766 767 768 769 770 771 772 773 774 775 776 777 778 779 780 781 782 783 784 785 786 787 788 789 790 791 792 793 794 795 796 797 798 799 800 801 802 803 804 805 806 807 808 809 810 811 812 813 814 815 816 817 818 819 820 821 822 823 824 825 826 827 828 829 830 831 832 833 834 835 836 837 838 839 840 841 842 843 844 845 846 847 848 849 | 933 918 919 920 921 922 923 924 925 926 927 928 929 930 931 932 | 55 1 2 3 4 5 6 7 8 9 10 11 12 13 14 15 16 17 18 19 20 21 22 23 24 25 26 27 28 29 30 31 32 33 34 35 36 37 38 39 40 41 42 43 44 45 46 47 48 49 50 51 52 53 54 | 424 963 964 965 966 967 968 969 970 971 972 973 974 975 976 977 978 979 980 981 982 983 984 985 986 987 988 989 990 991 992 993 | 850 319 320 321 322 323 324 325 326 327 328 329 330 331 332 333 334 335 336 337 338 339 340 341 342 343 344 345 346 347 348 349 350 351 352 353 354 355 356 357 358 359 360 361 362 363 364 365 366 367 368 369 370 371 372 373 374 375 376 377 378 379 380 381 382 383 384 385 386 387 388 389 390 391 392 393 394 395 396 397 398 399 400 401 402 403 404 405 406 407 408 409 410 411 412 413 414 415 416 417 418 419 420 421 422 423 | 672 851 852 853 854 855 856 857 858 859 860 861 862 863 864 865 866 867 868 869 870 871 872 873 874 875 876 877 878 879 880 881 882 883 884 885 886 887 888 889 890 891 892 893 894 895 896 897 898 899 900 901 902 903 904 905 906 907 908 909 910 911 912 913 914 915 916 | 0 425 426 427 428 429 430 431 432 433 434 435 436 437 | 917 56 57 58 59 60 61 62 63 |
>SEQ_21
 485 486 487 488 489 490 491 492 493 494 495 496 497 498 499 500 501 502 503 504 505 506 507 508 509 510 511 512 513 514 515 516 517 518 519 520 521 522 523 524 525 526 527 528 529 530 531 532 533 534 535 536 537 538 539 540 541 542 543 544 545 546 547 548 549 550 551 552 553 554 555 556 557 558 559 560 561 562 563 564 565 566 567 568 569 570 571 572 573 574 575 576 577 578 579 580 581 582 583 584 585 586 587 588 589 590 591 592 593 594 595 596 597 598 599 600 601 602 603 604 605 606 607 608 609 610 611 612 613 614 615 616 617 618 619 620 621 622 623 624 625 626 627 628 629 630 631 632 633 634 635 636 637 638 639 640 641 642 643 644 645 646 647 648 649 650 651 652 653 654 655 656 657 658 659 660 661 662 663 664 665 666 667 668 669 670 671 | 64 65 66 67 68 69 70 71 72 73 74 75 76 77 78 79 80 | 81 82 83 84 85 86 87 88 89 90 91 92 93 94 95 96 97 98 99 100 101 102 103 104 105 106 107 108 109 110 111 112 113 114 115 116 117 118 119 120 121 122 123 124 125 126 127 128 129 130 131 132 133 134 135 136 137 138 139 140 141 142 143 144 145 146 147 148 149 150 151 152 153 154 155 156 157 158 159 160 161 162 163 164 165 166 167 168 169 170 171 172 173 174 175 176 177 178 179 180 181 182 183 184 185 186 187 188 189 190 191 192 193 194 195 196 197 198 199 200 201 202 203 204 205 206 207 208 209 210 211 212 213 214 215 216 217 218 219 220 221 222 223 224 225 226 227 228 229 230 231 232 233 234 235 236 237 238 239 240 241 242 243 244 245 246 247 248 249 250 | 994 995 996 997 998 999 | 251 252 253 254 | 255 256 257 258 259 260 261 262 263 264 265 266 267 268 269 270 271 272 273 274 275 276 277 278 279 280 281 282 283 284 285 286 287 288 289 290 291 292 293 294 295 296 297 298 299 300 301 302 303 304 305 306 307 308 309 310 311 312 313 314 315 316 317 | 672 673 674 675 676 677 678 679 680 681 682 683 684 685 686 687 688 689 690 691 692 693 694 695 696 697 698 699 700 701 702 703 704 705 706 707 708 709 710 711 712 713 714 715 716 717 718 719 720 721 722 723 724 725 726 727 728 729 730 731 732 733 734 735 736 737 738 739 740 741 742 743 744 745 746 747 748 749 750 751 752 753 754 755 756 757 758 759 760 761 762 763 764 765 766 767 768 769 770 771 772 773 774 775 776 777 778 779 780 781 782 783 784 785 786 787 788 789 790 791 792 793 794 795 796 797 798 799 800 801 802 803 804 805 806 807 808 809 810 811 812 813 814 815 816 817 818 819 820 821 822 823 824 825 826 827 828 829 830 831 832 833 834 835 836 837 838 839 840 841 842 843 844 845 846 847 848 849 | 933 918 919 920 921 922 923 924 925 926 927 928 929 930 931 932 | 55 1 2 3 4 5 6 7 8 9 10 11 12 13 14 15 16 17 18 19 20 21 22 23 24 25 26 27 28 29 30 31 32 33 34 35 36 37 38 39 40 41 42 43 44 45 46 47 48 49 50 51 52 53 54 | 424 963 964 965 966 967 968 969 970 971 972 973 974 975 976 977 978 979 980 981 982 983 984 985 986 987 988 989 990 991 992 993 | 850 319 320 321 322 323 324 325 326 327 328 329 330 331 332 333 334 335 336 337 338 339 340 341 342 343 344 345 346 347 348 349 350 351 352 353 354 355 356 357 358 359 360 361 362 363 364 365 366 367 368 369 370 371 372 373 374 375 376 377 378 379 380 381 382 383 384 385 386 387 388 389 390 391 392 393 394 395 396 397 398 399 400 401 402 403 404 405 406 407 408 409 410 411 412 413 414 415 416 417 418 419 420 421 422 423 | 0 425 426 427 428 429 430 431 432 433 434 435 436 437 438 439 440 441 442 443 444 445 446 447 448 449 450 451 452 453 454 455 456 457 458 459 460 461 462 463 464 465 466 467 468 469 470 471 472 473 474 475 476 477 478 479 480 481 482 483 484 | 917 56 57 58 59 60 61 62 63 | 962 934 935 936 937 938 939 940 941 942 943 944 945 946 947 948 949 950 951 952 953 954 955 956 957 958 959 960 961 | 318 851 852 853 854 855 856 857 858 859 860 861 862 863 864 865 866 867 868 869 870 871 872 873 874 875 876 877 878 879 880 881 882 883 884 885 886 887 888 889 890 891 892 893 894 895 896 897 898 899 900 901 902 903 904 905 906 907 908 909 910 911 912 913 914 915 916 |
>SEQ_22
 81 82 83 84 85 86 87 88 89 90 91 92 93 94 95 96 97 98 99 100 101 102 103 104 105 106 107 108 109 110 111 112 113 114 115 116 117 118 119 120 121 122 123 124 125 126 127 128 129 130 131 132 133 134 135 136 137 138 139 140 141 142 143 144 145 146 147 148 149 150 151 152 153 154 155 156 157 158 159 160 161 162 163 164 165 166 167 168 169 170 171 172 173 174 175 176 177 178 179 180 181 182 183 184 185 186 187 188 189 190 191 192 193 194 195 196 197 198 199 200 201 202 203 204 205 206 207 208 209 210 211 212 213 214 215 216 217 218 219 220 221 222 223 224 225 226 227 228 229 230 231 232 233 234 235 236 237 238 239 240 241 242 243 244 245 246 247 248 249 250 251 252 253 254 | 255 256 257 258 259 260 261 262 263 264 265 266 267 268 269 270 271 272 273 274 275 276 277 278 279 280 281 282 283 284 285 286 287 288 289 290 291 292 293 294 295 296 297 298 299 300 301 302 303 304 305 306 307 308 309 310 311 312 313 314 315 316 317 318 319 320 321 322 323 324 325 326 327 328 329 330 331 332 333 334 335 336 337 338 339 340 341 342 343 344 345 346 347 348 349 350 351 352 353 354 355 356 357 358 359 360 361 362 363 364 365 366 367 368 369 370 371 372 373 374 375 376 377 378 379 380 381 382 383 384 385 386 387 388 389 390 391 392 393 394 395 396 397 398 399 400 401 402 403 404 405 406 407 408 409 410 411 412 413 414 415 416 417 418 419 420 421 422 423 | 933 918 919 920 921 922 923 924 925 926 927 928 929 930 931 932 | 55 1 2 3 4 5 6 7 8 9 10 11 12 13 14 15 16 17 18 19 20 21 22 23 24 25 26 27 28 29 30 31 32 33 34 35 36 37 38 39 40 41 42 43 44 45 46 47 48 49 50 51 52 53 54 | 424 963 964 965 966 967 968 969 970 971 972 973 974 975 976 977 978 979 980 981 982 983 984 985 986 987 988 989 990 991 992 993 994 995 996 997 998 999 | 0 425 426 427 428 429 430 431 432 433 434 435 436 437 438 439 440 441 442 443 444 445 446 447 448 449 450 451 452 453 454 455 456 457 458 459 460 461 462 463 464 465 466 467 468 469 470 471 472 473 474 475 476 477 478 479 480 481 482 483 484 485 486 487 488 489 490 491 492 493 494 495 496 497 498 499 500 501 502 503 504 505 506 507 508 509 510 511 512 513 514 515 516 517 518 519 520 521 522 523 524 525 526 527 528 529 530 531 532 533 534 535 536 537 538 539 540 541 542 543 544 545 546 547 548 549 550 551 552 553 554 555 556 557 558 559 560 561 562 563 564 565 566 567 568 569 570 571 572 573 574 575 576 577 578 579 580 581 582 583 584 585 586 587 588 589 590 591 592 593 594 595 596 597 598 599 600 601 602 603 604 605 606 607 608 609 610 611 612 613 614 615 616 617 618 619 620 621 622 623 624 625 626 627 628 629 630 631 632 633 634 635 636 637 638 639 640 641 642 643 644 645 646 647 648 649 650 651 652 653 654 655 656 657 658 659 660 661 662 663 664 665 666 667 668 669 670 671 672 673 674 675 676 677 678 679 680 681 682 683 684 685 686 687 688 689 690 691 692 693 694 695 696 697 698 699 700 701 702 703 704 705 706 707 708 709 710 711 712 713 714 715 716 717 718 719 720 721 722 723 724 725 726 727 728 729 730 731 732 733 734 735 736 737 738 739 740 741 742 743 744 745 746 747 748 749 750 751 752 753 754 755 756 757 758 759 760 761 762 763 764 765 766 767 768 769 770 771 772 773 774 775 776 777 778 779 780 781 782 783 784 785 786 787 788 789 790 791 792 793 794 795 796 797 798 799 800 801 802 803 804 805 806 807 808 809 810 811 812 813 814 815 816 817 818 819 820 821 822 823 824 825 826 827 828 829 830 831 832 833 834 835 836 837 838 839 840 841 842 843 844 845 846 847 848 849 850 851 852 853 854 855 856 857 858 859 860 861 862 863 864 865 866 867 868 869 870 871 872 873 874 875 876 877 878 879 880 881 882 883 884 885 886 887 888 889 890 891 892 893 894 895 896 897 898 899 900 901 902 903 904 905 906 907 908 909 910 911 912 913 914 915 916 | 917 56 57 58 59 60 61 62 63 64 65 66 67 68 69 70 71 72 73 74 75 76 77 78 79 80 | 962 934 935 936 937 938 939 940 941 942 943 944 945 946 947 948 949 950 951 952 953 954 955 956 957 958 959 960 961 |
>SEQ_23
 255 256 257 258 259 260 261 262 263 264 265 266 267 268 269 270 271 272 273 274 275 276 277 278 279 280 281 282 283 284 285 286 287 288 289 290 291 292 293 294 295 296 297 298 299 300 301 302 303 304 305 306 307 308 309 310 311 312 313 314 315 316 317 318 319 320 321 322 323 324 325 326 327 328 329 330 331 332 333 334 335 336 337 338 339 340 341 342 343 344 345 346 347 348 349 350 351 352 353 354 355 356 357 358 359 360 361 362 363 364 365 366 367 368 369 370 371 372 373 374 375 376 377 378 379 380 381 382 383 384 385 386 387 388 389 390 391 392 393 394 395 396 397 398 399 400 401 402 403 404 405 406 407 408 409 410 411 412 413 414 415 416 417 418 419 420 421 422 423 | 933 918 919 920 921 922 923 924 925 926 927 928 929 930 931 932 | 55 1 2 3 4 5 6 7 8 9 10 11 12 13 14 15 16 17 18 19 20 21 22 23 24 25 26 27 28 29 30 31 32 33 34 35 36 37 38 39 40 41 42 43 44 45 46 47 48 49 50 51 52 53 54 | 424 963 964 965 966 967 968 969 970 971 972 973 974 975 976 977 978 979 980 981 982 983 984 985 986 987 988 989 990 991 992 993 994 995 996 997 998 999 | 0 425 426 427 428 429 430 431 432 433 434 435 436 437 438 439 440 441 442 443 444 445 446 447 448 449 450 451 452 453 454 455 456 457 458 459 460 461 462 463 464 465 466 467 468 469 470 471 472 473 474 475 476 477 478 479 480 481 482 483 484 485 486 487 488 489 490 491 492 493 494 495 496 497 498 499 500 501 502 503 504 505 506 507 508 509 510 511 512 513 514 515 516 517 518 519 520 521 522 523 524 525 526 527 528 529 530 531 532 533 534 535 536 537 538 539 540 541 542 543 544 545 546 547 548 549 550 551 552 553 554 555 556 557 558 559 560 561 562 563 564 565 566 567 568 569 570 571 572 573 574 575 576 577 578 579 580 581 582 583 584 585 586 587 588 589 590 591 592 593 594 595 596 597 598 599 600 601 602 603 604 605 606 607 608 609 610 611 612 613 614 615 616 617 618 619 620 621 622 623 624 625 626 627 628 629 630 631 632 633 634 635 636 637 638 639 640 641 642 643 644 645 646 647 648 649 650 651 652 653 654 655 656 657 658 659 660 661 662 663 664 665 666 667 668 669 670 671 672 673 674 675 676 677 678 679 680 681 682 683 684 685 686 687 688 689 690 691 692 693 694 695 696 697 698 699 700 701 702 703 704 705 706 707 708 709 710 711 712 713 714 715 716 717 718 719 720 721 722 723 724 725 726 727 728 729 730 731 732 733 734 735 736 737 738 739 740 741 742 743 744 745 746 747 748 749 750 751 752 753 754 755 756 757 758 759 760 761 762 763 764 765 766 767 768 769 770 771 772 773 774 775 776 777 778 779 780 781 782 783 784 785 786 787 788 789 790 791 792 793 794 795 796 797 798 799 800 801 802 803 804 805 806 807 808 809 810 811 812 813 814 815 816 817 818 819 820 821 822 823 824 825 826 827 828 829 830 831 832 833 834 835 836 837 838 839 840 841 842 843 844 845 846 847 848 849 850 851 852 853 854 855 856 857 858 859 860 861 862 863 864 865 866 867 868 869 870 871 872 873 874 875 876 877 878 879 880 881 882 883 884 885 886 887 888 889 890 891 892 893 894 895 896 897 898 899 900 901 902 903 904 905 906 907 908 909 910 911 912 913 914 915 916 | 917 56 57 58 59 60 61 62 63 64 65 66 67 68 69 70 71 72 73 74 75 76 77 78 79 80 81 82 83 84 85 86 87 88 89 90 91 92 93 94 95 96 97 98 99 100 101 102 103 104 105 106 107 108 109 110 111 112 113 114 115 116 117 118 119 120 121 122 123 124 125 126 127 128 129 130 131 132 133 134 135 136 137 138 139 140 141 142 143 144 145 146 147 148 149 150 151 152 153 154 155 156 157 158 159 160 161 162 163 164 165 166 167 168 169 170 171 172 173 174 175 176 177 178 179 180 181 182 183 184 185 186 187 188 189 190 191 192 193 194 195 196 197 198 199 200 201 202 203 204 205 206 207 208 209 210 211 212 213 214 215 216 217 218 219 220 221 222 223 224 225 226 227 228 229 230 231 232 233 234 235 236 237 238 239 240 241 242 243 244 245 246 247 248 249 250 251 252 253 254 | 962 934 935 936 937 938 939 940 941 942 943 944 945 946 947 948 949 950 951 952 953 954 955 956 957 958 959 960 961 |
>SEQ_24
 255 256 257 258 259 260 261 262 263 264 265 266 267 268 269 270 271 272 273 274 275 276 277 278 279 280 281 282 283 284 285 286 287 288 289 290 291 292 293 294 295 296 297 298 299 300 301 302 303 304 305 306 307 308 309 310 311 312 313 314 315 316 317 318 319 320 321 322 323 324 325 326 327 328 329 330 331 332 333 334 335 336 337 338 339 340 341 342 343 344 345 346 347 348 349 350 351 352 353 354 355 356 357 358 359 360 361 362 363 364 365 366 367 368 369 370 371 372 373 374 375 376 377 378 379 380 381 382 383 384 385 386 387 388 389 390 391 392 393 394 395 396 397 398 399 400 401 402 403 404 405 406 407 408 409 410 411 412 413 414 415 416 417 418 419 420 421 422 423 | 933 918 919 920 921 922 923 924 925 926 927 928 929 930 931 932 | 55 1 2 3 4 5 6 7 8 9 10 11 12 13 14 15 16 17 18 19 20 21 22 23 24 25 26 27 28 29 30 31 32 33 34 35 36 37 38 39 40 41 42 43 44 45 46 47 48 49 50 51 52 53 54 | 424 963 964 965 966 967 968 969 970 971 972 973 974 975 976 977 978 979 980 981 982 983 984 985 986 987 988 989 990 991 992 993 994 995 996 997 998 999 | 0 425 426 427 428 429 430 431 432 433 434 435 436 437 438 439 440 441 442 443 444 445 446 447 448 449 450 451 452 453 454 455 456 457 458 459 460 461 462 463 464 465 466 467 468 469 470 471 472 473 474 475 476 477 478 479 480 481 482 483 484 485 486 487 488 489 490 491 492 493 494 495 496 497 498 499 500 501 502 503 504 505 506 507 508 509 510 511 512 513 514 515 516 517 518 519 520 521 522 523 524 525 526 527 528 529 530 531 532 533 534 535 536 537 538 539 540 541 542 543 544 545 546 547 548 549 550 551 552 553 554 555 556 557 558 559 560 561 562 563 564 565 566 567 568 569 570 571 572 573 574 575 576 577 578 579 580 581 582 583 584 585 586 587 588 589 590 591 592 593 594 595 596 597 598 599 600 601 602 603 604 605 606 607 608 609 610 611 612 613 614 615 616 617 618 619 620 621 622 623 624 625 626 627 628 629 630 631 632 633 634 635 636 637 638 639 640 641 642 643 644 645 646 647 648 649 650 651 652 653 654 655 656 657 658 659 660 661 662 663 664 665 666 667 668 669 670 671 672 673 674 675 676 677 678 679 680 681 682 683 684 685 686 687 688 689 690 691 692 693 694 695 696 697 698 699 700 701 702 703 704 705 706 707 708 709 710 711 712 713 714 715 716 717 718 719 720 721 722 723 724 725 726 727 728 729 730 731 732 733 734 735 736 737 738 739 740 741 742 743 744 745 746 747 748 749 750 751 752 753 754 755 756 757 758 759 760 761 762 763 764 765 766 767 768 769 770 771 772 773 774 775 776 777 778 779 780 781 782 783 784 785 786 787 788 789 790 791 792 793 794 795 796 797 798 799 800 801 802 803 804 805 806 807 808 809 810 811 812 813 814 815 816 817 818 819 820 821 822 823 824 825 826 827 828 829 830 831 832 833 834 835 836 837 838 839 840 841 842 843 844 845 846 847 848 849 850 851 852 853 854 855 856 857 858 859 860 861 862 863 864 865 866 867 868 869 870 871 872 873 874 875 876 877 878 879 880 881 882 883 884 885 886 887 888 889 890 891 892 893 894 895 896 897 898 899 900 901 902 903 904 905 906 907 908 909 910 911 912 913 914 915 916 | 917 56 57 58 59 60 61 62 63 64 65 66 67 68 69 70 71 72 73 74 75 76 77 78 79 80 81 82 83 84 85 86 87 88 89 90 91 92 93 94 95 96 97 98 99 100 101 102 103 104 105 106 107 108 109 110 111 112 113 114 115 116 117 118 119 120 121 122 123 124 125 126 127 128 129 130 131 132 133 134 135 136 137 138 139 140 141 142 143 144 145 146 147 148 149 150 151 152 153 154 155 156 157 158 159 160 161 162 163 164 165 166 167 168 169 170 171 172 173 174 175 176 177 178 179 180 181 182 183 184 185 186 187 188 189 190 191 192 193 194 195 196 197 198 199 200 201 202 203 204 205 206 207 208 209 210 211 212 213 214 215 216 217 218 219 220 221 222 223 224 225 226 227 228 229 230 231 232 233 234 235 236 237 238 239 240 241 242 243 244 245 246 247 248 249 250 251 252 253 254 | 962 934 935 936 937 938 939 940 941 942 943 944 945 946 947 948 949 950 951 952 953 954 955 956 957 958 959 960 961 |
>SEQ_25
 255 256 257 258 259 260 261 262 263 264 265 266 267 268 269 270 271 272 273 274 275 276 277 278 279 280 281 282 283 284 285 286 287 288 289 290 291 292 293 294 295 296 297 298 299 300 301 302 303 304 305 306 307 308 309 310 311 312 313 314 315 316 317 318 319 320 321 322 323 324 325 326 327 328 329 330 331 332 333 334 335 336 337 338 339 340 341 342 343 344 345 346 347 348 349 350 351 352 353 354 355 356 357 358 359 360 361 362 363 364 365 366 367 368 369 370 371 372 373 374 375 376 377 378 379 380 381 382 383 384 385 386 387 388 389 390 391 392 393 394 395 396 397 398 399 400 401 402 403 404 405 406 407 408 409 410 411 412 413 414 415 416 417 418 419 420 421 422 423 | 933 918 919 920 921 922 923 924 925 926 927 928 929 930 931 932 | 55 1 2 3 4 5 6 7 8 9 10 11 12 13 14 15 16 17 18 19 20 21 22 23 24 25 26 27 28 29 30 31 32 33 34 35 36 37 38 39 40 41 42 43 44 45 46 47 48 49 50 51 52 53 54 | 424 963 964 965 966 967 968 969 970 971 972 973 974 975 976 977 978 979 980 981 982 983 984 985 986 987 988 989 990 991 992 993 994 995 996 997 998 999 | 0 425 426 427 428 429 430 431 432 433 434 435 436 437 438 439 440 441 442 443 444 445 446 447 448 449 450 451 452 453 454 455 456 457 458 459 460 461 462 463 464 465 466 467 468 469 470 471 472 473 474 475 476 477 478 479 480 481 482 483 484 485 486 487 488 489 490 491 492 493 494 495 496 497 498 499 500 501 502 503 504 505 506 507 508 509 510 511 512 513 514 515 516 517 518 519 520 521 522 523 524 525 526 527 528 529 530 531 532 533 534 535 536 537 538 539 540 541 542 543 544 545 546 547 548 549 550 551 552 553 554 555 556 557 558 559 560 561 562 563 564 565 566 567 568 569 570 571 572 573 574 575 576 577 578 579 580 581 582 583 584 585 586 587 588 589 590 591 592 593 594 595 596 597 598 599 600 601 602 603 604 605 606 607 608 609 610 611 612 613 614 615 616 617 618 619 620 621 622 623 624 625 626 627 628 629 630 631 632 633 634 635 636 637 638 639 640 641 642 643 644 645 646 647 648 649 650 651 652 653 654 655 656 657 658 659 660 661 662 663 664 665 666 667 668 669 670 671 672 673 674 675 676 677 678 679 680 681 682 683 684 685 686 687 688 689 690 691 692 693 694 695 696 697 698 699 700 701 702 703 704 705 706 707 708 709 710 711 712 713 714 715 716 717 718 719 720 721 722 723 724 725 726 727 728 729 730 731 732 733 734 735 736 737 738 739 740 741 742 743 744 745 746 747 748 749 750 751 752 753 754 755 756 757 758 759 760 761 762 763 764 765 766 767 768 769 770 771 772 773 774 775 776 777 778 779 780 781 782 783 784 785 786 787 788 789 790 791 792 793 794 795 796 797 798 799 800 801 802 803 804 805 806 807 808 809 810 811 812 813 814 815 816 817 818 819 820 821 822 823 824 825 826 827 828 829 830 831 832 833 834 835 836 837 838 839 840 841 842 843 844 845 846 847 848 849 850 851 852 853 854 855 856 857 858 859 860 861 862 863 864 865 866 867 868 869 870 871 872 873 874 875 876 877 878 879 880 881 882 883 884 885 886 887 888 889 890 891 892 893 894 895 896 897 898 899 900 901 902 903 904 905 906 907 908 909 910 911 912 913 914 915 916 | 917 56 57 58 59 60 61 62 63 64 65 66 67 68 69 70 71 72 73 74 75 76 77 78 79 80 81 82 83 84 85 86 87 88 89 90 91 92 93 94 95 96 97 98 99 100 101 102 103 104 105 106 107 108 109 110 111 112 113 114 115 116 117 118 119 120 121 122 123 124 125 126 127 128 129 130 131 132 133 134 135 136 137 138 139 140 141 142 143 144 145 146 147 148 149 150 151 152 153 154 155 156 157 158 159 160 161 162 163 164 165 166 167 168 169 170 171 172 173 174 175 176 177 178 179 180 181 182 183 184 185 186 187 188 189 190 191 192 193 194 195 196 197 198 199 200 201 202 203 204 205 206 207 208 209 210 211 212 213 214 215 216 217 218 219 220 221 222 223 224 225 226 227 228 229 230 231 232 233 234 235 236 237 238 239 240 241 242 243 244 245 246 247 248 249 250 251 252 253 254 | 962 934 935 936 937 938 939 940 941 942 943 944 945 946 947 948 949 950 951 952 953 954 955 956 957 958 959 960 961 |
>SEQ_26
 255 256 257 258 259 260 261 262 263 264 265 266 267 268 269 270 271 272 273 274 275 276 277 278 279 280 281 282 283 284 285 286 287 288 289 290 291 292 293 294 295 296 297 298 299 300 301 302 303 304 305 306 307 308 309 310 311 312 313 314 315 316 317 318 319 320 321 322 323 324 325 326 327 328 329 330 331 332 333 334 335 336 337 338 339 340 341 342 343 344 345 346 347 348 349 350 351 352 353 354 355 356 357 358 359 360 361 362 363 364 365 366 367 368 369 370 371 372 373 374 375 376 377 378 379 380 381 382 383 384 385 386 387 388 389 390 391 392 393 394 395 396 397 398 399 400 401 402 403 404 405 406 407 408 409 410 411 412 413 414 415 416 417 418 419 420 421 422 423 | 933 918 919 920 921 922 923 924 925 926 927 928 929 930 931 932 | 55 1 2 3 4 5 6 7 8 9 10 11 12 13 14 15 16 17 18 19 20 21 22 23 24 25 26 27 28 29 30 31 32 33 34 35 36 37 38 39 40 41 42 43 44 45 46 47 48 49 50 51 52 53 54 | 424 963 964 965 966 967 968 969 970 971 972 973 974 975 976 977 978 979 980 981 982 983 984 985 986 987 988 989 990 991 992 993 994 995 996 997 998 999 | 0 425 426 427 428 429 430 431 432 433 434 435 436 437 438 439 440 441 442 443 444 445 446 447 448 449 450 451 452 453 454 455 456 457 458 459 460 461 462 463 464 465 466 467 468 469 470 471 472 473 474 475 476 477 478 479 480 481 482 483 484 485 486 487 488 489 490 491 492 493 494 495 496 497 498 499 500 501 502 503 504 505 506 507 508 509 510 511 512 513 514 515 516 517 518 519 520 521 522 523 524 525 526 527 528 529 530 531 532 533 534 535 536 537 538 539 540 541 542 543 544 545 546 547 548 549 550 551 552 553 554 555 556 557 558 559 560 561 562 563 564 565 566 567 568 569 570 571 572 573 574 575 576 577 578 579 580 581 582 583 584 585 586 587 588 589 590 591 592 593 594 595 596 597 598 599 600 601 602 603 604 605 606 607 608 609 610 611 612 613 614 615 616 617 618 619 620 621 622 623 624 625 626 627 628 629 630 631 632 633 634 635 636 637 638 639 640 641 642 643 644 645 646 647 648 649 650 651 652 653 654 655 656 657 658 659 660 661 662 663 664 665 666 667 668 669 670 671 672 673 674 675 676 677 678 679 680 681 682 683 684 685 686 687 688 689 690 691 692 693 694 695 696 697 698 699 700 701 702 703 704 705 706 707 708 709 710 711 712 713 714 715 716 717 718 719 720 721 722 723 724 725 726 727 728 729 730 731 732 733 734 735 736 737 738 739 740 741 742 743 744 745 746 747 748 749 750 751 752 753 754 755 756 757 758 759 760 761 762 763 764 765 766 767 768 769 770 771 772 773 774 775 776 777 778 779 780 781 782 783 784 785 786 787 788 789 790 791 792 793 794 795 796 797 798 799 800 801 802 803 804 805 806 807 808 809 810 811 812 813 814 815 816 817 818 819 820 821 822 823 824 825 826 827 828 829 830 831 832 833 834 835 836 837 838 839 840 841 842 843 844 845 846 847 848 849 850 851 852 853 854 855 856 857 858 859 860 861 862 863 864 865 866 867 868 869 870 871 872 873 874 875 876 877 878 879 880 881 882 883 884 885 886 887 888 889 890 891 892 893 894 895 896 897 898 899 900 901 902 903 904 905 906 907 908 909 910 911 912 913 914 915 916 | 917 56 57 58 59 60 61 62 63 64 65 66 67 68 69 70 71 72 73 74 75 76 77 78 79 80 81 82 83 84 85 86 87 88 89 90 91 92 93 94 95 96 97 98 99 100 101 102 103 104 105 106 107 108 109 110 111 112 113 114 115 116 117 118 119 120 121 122 123 124 125 126 127 128 129 130 131 132 133 134 135 136 137 138 139 140 141 142 143 144 145 146 147 148 149 150 151 152 153 154 155 156 157 158 159 160 161 162 163 164 165 166 167 168 169 170 171 172 173 174 175 176 177 178 179 180 181 182 183 184 185 186 187 188 189 190 191 192 193 194 195 196 197 198 199 200 201 202 203 204 205 206 207 208 209 210 211 212 213 214 215 216 217 218 219 220 221 222 223 224 225 226 227 228 229 230 231 232 233 234 235 236 237 238 239 240 241 242 243 244 245 246 247 248 249 250 251 252 253 254 | 962 934 935 936 937 938 939 940 941 942 943 944 945 946 947 948 949 950 951 952 953 954 955 956 957 958 959 960 961 |
>SEQ_27
 255 256 257 258 259 260 261 262 263 264 265 266 267 268 269 270 271 272 273 274 275 276 277 278 279 280 281 282 283 284 285 286 287 288 289 290 291 292 293 294 295 296 297 298 299 300 301 302 303 304 305 306 307 308 309 310 311 312 313 314 315 316 317 318 319 320 321 322 323 324 325 326 327 328 329 330 331 332 333 334 335 336 337 338 339 340 341 342 343 344 345 346 347 348 349 350 351 352 353 354 355 356 357 358 359 360 361 362 363 364 365 366 367 368 369 370 371 372 373 374 375 376 377 378 379 380 381 382 383 384 385 386 387 388 389 390 391 392 393 394 395 396 397 398 399 400 401 402 403 404 405 406 407 408 409 410 411 412 413 414 415 416 417 418 419 420 421 422 423 | 933 918 919 920 921 922 923 924 925 926 927 928 929 930 931 932 | 55 1 2 3 4 5 6 7 8 9 10 11 12 13 14 15 16 17 18 19 20 21 22 23 24 25 26 27 28 29 30 31 32 33 34 35 36 37 38 39 40 41 42 43 44 45 46 47 48 49 50 51 52 53 54 | 424 963 964 965 966 967 968 969 970 971 972 973 974 975 976 977 978 979 980 981 982 983 984 985 986 987 988 989 990 991 992 993 994 995 996 997 998 999 | 0 425 426 427 428 429 430 431 432 433 434 435 436 437 438 439 440 441 442 443 444 445 446 447 448 449 450 451 452 453 454 455 456 457 458 459 460 461 462 463 464 465 466 467 468 469 470 471 472 473 474 475 476 477 478 479 480 481 482 483 484 485 486 487 488 489 490 491 492 493 494 495 496 497 498 499 500 501 502 503 504 505 506 507 508 509 510 511 512 513 514 515 516 517 518 519 520 521 522 523 524 525 526 527 528 529 530 531 532 533 534 535 536 537 538 539 540 541 542 543 544 545 546 547 548 549 550 551 552 553 554 555 556 557 558 559 560 561 562 563 564 565 566 567 568 569 570 571 572 573 574 575 576 577 578 579 580 581 582 583 584 585 586 587 588 589 590 591 592 593 594 595 596 597 598 599 600 601 602 603 604 605 606 607 608 609 610 611 612 613 614 615 616 617 618 619 620 621 622 623 624 625 626 627 628 629 630 631 632 633 634 635 636 637 638 639 640 641 642 643 644 645 646 647 648 649 650 651 652 653 654 655 656 657 658 659 660 661 662 663 664 665 666 667 668 669 670 671 672 673 674 675 676 677 678 679 680 681 682 683 684 685 686 687 688 689 690 691 692 693 694 695 696 697 698 699 700 701 702 703 704 705 706 707 708 709 710 711 712 713 714 715 716 717 718 719 720 721 722 723 724 725 726 727 728 729 730 731 732 733 734 735 736 737 738 739 740 741 742 743 744 745 746 747 748 749 750 751 752 753 754 755 756 757 758 759 760 761 762 763 764 765 766 767 768 769 770 771 772 773 774 775 776 777 778 779 780 781 782 783 784 785 786 787 788 789 790 791 792 793 794 795 796 797 798 799 800 801 802 803 804 805 806 807 808 809 810 811 812 813 814 815 816 817 818 819 820 821 822 823 824 825 826 827 828 829 830 831 832 833 834 835 836 837 838 839 840 841 842 843 844 845 846 847 848 849 850 851 852 853 854 855 856 857 858 859 860 861 862 863 864 865 866 867 868 869 870 871 872 873 874 875 876 877 878 879 880 881 882 883 884 885 886 887 888 889 890 891 892 893 894 895 896 897 898 899 900 901 902 903 904 905 906 907 908 909 910 911 912 913 914 915 916 | 917 56 57 58 59 60 61 62 63 64 65 66 67 68 69 70 71 72 73 74 75 76 77 78 79 80 81 82 83 84 85 86 87 88 89 90 91 92 93 94 95 96 97 98 99 100 101 102 103 104 105 106 107 108 109 110 111 112 113 114 115 116 117 118 119 120 121 122 123 124 125 126 127 128 129 130 131 132 133 134 135 136 137 138 139 140 141 142 143 144 145 146 147 148 149 150 151 152 153 154 155 156 157 158 159 160 161 162 163 164 165 166 167 168 169 170 171 172 173 174 175 176 177 178 179 180 181 182 183 184 185 186 187 188 189 190 191 192 193 194 195 196 197 198 199 200 201 202 203 204 205 206 207 208 209 210 211 212 213 214 215 216 217 218 219 220 221 222 223 224 225 226 227 228 229 230 231 232 233 234 235 236 237 238 239 240 241 242 243 244 245 246 247 248 249 250 251 252 253 254 | 962 934 935 936 937 938 939 940 941 942 943 944 945 946 947 948 949 950 951 952 953 954 955 956 957 958 959 960 961 |
>SEQ_28
 255 256 257 258 259 260 261 262 263 264 265 266 267 268 269 270 271 272 273 274 275 276 277 278 279 280 281 282 283 284 285 286 287 288 289 290 291 292 293 294 295 296 297 298 299 300 301 302 303 304 305 306 307 308 309 310 311 312 313 314 315 316 317 318 319 320 321 322 323 324 325 326 327 328 329 330 331 332 333 334 335 336 337 338 339 340 341 342 343 344 345 346 347 348 349 350 351 352 353 354 355 356 357 358 359 360 361 362 363 364 365 366 367 368 369 370 371 372 373 374 375 376 377 378 379 380 381 382 383 384 385 386 387 388 389 390 391 392 393 394 395 396 397 398 399 400 401 402 403 404 405 406 407 408 409 410 411 412 413 414 415 416 417 418 419 420 421 422 423 | 933 918 919 920 921 922 923 924 925 926 927 928 929 930 931 932 | 55 1 2 3 4 5 6 7 8 9 10 11 12 13 14 15 16 17 18 19 20 21 22 23 24 25 26 27 28 29 30 31 32 33 34 35 36 37 38 39 40 41 42 43 44 45 46 47 48 49 50 51 52 53 54 | 424 963 964 965 966 967 968 969 970 971 972 973 974 975 976 977 978 979 980 981 982 983 984 985 986 987 988 989 990 991 992 993 994 995 996 997 998 999 | 0 425 426 427 428 429 430 431 432 433 434 435 436 437 438 439 440 441 442 443 444 445 446 447 448 449 450 451 452 453 454 455 456 457 458 459 460 461 462 463 464 465 466 467 468 469 470 471 472 473 474 475 476 477 478 479 480 481 482 483 484 485 486 487 488 489 490 491 492 493 494 495 496 497 498 499 500 501 502 503 504 505 506 507 508 509 510 511 512 513 514 515 516 517 518 519 520 521 522 523 524 525 526 527 528 529 530 531 532 533 534 535 536 537 538 539 540 541 542 543 544 545 546 547 548 549 550 551 552 553 554 555 556 557 558 559 560 561 562 563 564 565 566 567 568 569 570 571 572 573 574 575 576 577 578 579 580 581 582 583 584 585 586 587 588 589 590 591 592 593 594 595 596 597 598 599 600 601 602 603 604 605 606 607 608 609 610 611 612 613 614 615 616 617 618 619 620 621 622 623 624 625 626 627 628 629 630 631 632 633 634 635 636 637 638 639 640 641 642 643 644 645 646 647 648 649 650 651 652 653 654 655 656 657 658 659 660 661 662 663 664 665 666 667 668 669 670 671 672 673 674 675 676 677 678 679 680 681 682 683 684 685 686 687 688 689 690 691 692 693 694 695 696 697 698 699 700 701 702 703 704 705 706 707 708 709 710 711 712 713 714 715 716 717 718 719 720 721 722 723 724 725 726 727 728 729 730 731 732 733 734 735 736 737 738 739 740 741 742 743 744 745 746 747 748 749 750 751 752 753 754 755 756 757 758 759 760 761 762 763 764 765 766 767 768 769 770 771 772 773 774 775 776 777 778 779 780 781 782 783 784 785 786 787 788 789 790 791 792 793 794 795 796 797 798 799 800 801 802 803 804 805 806 807 808 809 810 811 812 813 814 815 816 817 818 819 820 821 822 823 824 825 826 827 828 829 830 831 832 833 834 835 836 837 838 839 840 841 842 843 844 845 846 847 848 849 850 851 852 853 854 855 856 857 858 859 860 861 862 863 864 865 866 867 868 869 870 871 872 873 874 875 876 877 878 879 880 881 882 883 884 885 886 887 888 889 890 891 892 893 894 895 896 897 898 899 900 901 902 903 904 905 906 907 908 909 910 911 912 913 914 915 916 | 917 56 57 58 59 60 61 62 63 64 65 66 67 68 69 70 71 72 73 74 75 76 77 78 79 80 81 82 83 84 85 86 87 88 89 90 91 92 93 94 95 96 97 98 99 100 101 102 103 104 105 106 107 108 109 110 111 112 113 114 115 116 117 118 119 120 121 122 123 124 125 126 127 128 129 130 131 132 133 134 135 136 137 138 139 140 141 142 143 144 145 146 147 148 149 150 151 152 153 154 155 156 157 158 159 160 161 162 163 164 165 166 167 168 169 170 171 172 173 174 175 176 177 178 179 180 181 182 183 184 185 186 187 188 189 190 191 192 193 194 195 196 197 198 199 200 201 202 203 204 205 206 207 208 209 210 211 212 213 214 215 216 217 218 219 220 221 222 223 224 225 226 227 228 229 230 231 232 233 234 235 236 237 238 239 240 241 242 243 244 245 246 247 248 249 250 251 252 253 254 | 962 934 935 936 937 938 939 940 941 942 943 944 945 946 947 948 949 950 951 952 953 954 955 956 957 958 959 960 961 |
>SEQ_29
 1 2 3 4 5 6 7 8 9 10 11 12 13 14 15 16 17 18 19 20 21 22 23 24 25 26 27 28 29 30 31 32 33 34 35 36 37 38 39 40 41 42 43 44 45 46 47 48 49 50 51 52 53 54 | 55 56 57 58 59 60 61 62 63 64 65 66 67 68 69 70 71 72 73 74 75 76 77 78 79 80 81 82 83 84 85 86 87 88 89 90 91 92 93 94 95 96 97 98 99 100 101 102 103 104 105 106 107 108 109 110 111 112 113 114 115 116 117 118 119 120 121 122 123 124 125 126 127 128 129 130 131 132 133 134 135 136 137 138 139 140 141 142 143 144 145 146 147 148 149 150 151 152 153 154 155 156 157 158 159 160 161 162 163 164 165 166 167 168 169 170 171 172 173 174 175 176 177 178 179 180 181 182 183 184 185 186 187 188 189 190 191 192 193 194 195 196 197 198 199 200 201 202 203 204 205 206 207 208 209 210 211 212 213 214 215 216 217 218 219 220 221 222 223 224 225 226 227 228 229 230 231 232 233 234 235 236 237 238 239 240 241 242 243 244 245 246 247 248 249 250 251 252 253 254 255 256 257 258 259 260 261 262 263 264 265 266 267 268 269 270 271 272 273 274 275 276 277 278 279 280 281 282 283 284 285 286 287 288 289 290 291 292 293 294 295 296 297 298 299 300 301 302 303 304 305 306 307 308 309 310 311 312 313 314 315 316 317 318 319 320 321 322 323 324 325 326 327 328 329 330 331 332 333 334 335 336 337 338 339 340 341 342 343 344 345 346 347 348 349 350 351 352 353 354 355 356 357 358 359 360 361 362 363 364 365 366 367 368 369 370 371 372 373 374 375 376 377 378 379 380 381 382 383 384 385 386 387 388 389 390 391 392 393 394 395 396 397 398 399 400 401 402 403 404 405 406 407 408 409 410 411 412 413 414 415 416 417 418 419 420 421 422 423 424 425 426 427 428 429 430 431 432 433 434 435 436 437 438 439 440 441 442 443 444 445 446 447 448 449 450 451 452 453 454 455 456 457 458 459 460 461 462 463 464 465 466 467 468 469 470 471 472 473 474 475 476 477 478 479 480 481 482 483 484 485 486 487 488 489 490 491 492 493 494 495 496 497 498 499 500 501 502 503 504 505 506 507 508 509 510 511 512 513 514 515 516 517 518 519 520 521 522 523 524 525 526 527 528 529 530 531 532 533 534 535 536 537 538 539 540 541 542 543 544 545 546 547 548 549 550 551 552 553 554 555 556 557 558 559 560 561 562 563 564 565 566 567 568 569 570 571 572 573 574 575 576 577 578 579 580 581 582 583 584 585 586 587 588 589 590 591 592 593 594 595 596 597 598 599 600 601 602 603 604 605 606 607 608 609 610 611 612 613 614 615 616 617 618 619 620 621 622 623 624 625 626 627 628 629 630 631 632 633 634 635 636 637 638 639 640 641 642 643 644 645 646 647 648 649 650 651 652 653 654 655 656 657 658 659 660 661 662 663 664 665 666 667 668 669 670 671 672 673 674 675 676 677 678 679 680 681 682 683 684 685 686 687 688 689 690 691 692 693 694 695 696 697 698 699 700 701 702 703 704 705 706 707 708 709 710 711 712 713 714 715 716 717 718 719 720 721 722 723 724 725 726 727 728 729 730 731 732 733 734 735 736 737 738 739 740 741 742 743 744 745 746 747 748 749 750 751 752 753 754 755 756 757 758 759 760 761 762 763 764 765 766 767 768 769 770 771 772 773 774 775 776 777 778 779 780 781 782 783 784 785 786 787 788 789 790 791 792 793 794 795 796 797 798 799 800 801 802 803 804 805 806 807 808 809 810 811 812 813 814 815 816 817 818 819 820 821 822 823 824 825 826 827 828 829 830 831 832 833 834 835 836 837 838 839 840 841 842 843 844 845 846 847 848 849 850 851 852 853 854 855 856 857 858 859 860 861 862 863 864 865 866 867 868 869 870 871 872 873 874 875 876 877 878 879 880 881 882 883 884 885 886 887 888 889 890 891 892 893 894 895 896 897 898 899 900 901 902 903 904 905 906 907 908 909 910 911 912 913 914 915 916 917 918 919 920 921 922 923 924 925 926 927 928 929 930 931 932 933 934 935 936 937 938 939 940 941 942 943 944 945 946 947 948 949 950 951 952 953 954 955 956 957 958 959 960 961 962 963 964 965 966 967 968 969 970 971 972 973 974 975 976 977 978 979 980 981 982 983 984 985 986 987 988 989 990 991 992 993 994 995 996 997 998 999 |
>SEQ_30
 1 2 3 4 5 6 7 8 9 10 11 12 13 14 15 16 17 18 19 20 21 22 23 24 25 26 27 28 29 30 31 32 33 34 35 36 37 38 39 40 41 42 43 44 45 46 47 48 49 50 51 52 53 54 55 56 57 58 59 60 61 62 63 64 65 66 67 68 69 70 71 72 73 74 75 76 77 78 79 80 81 82 83 84 85 86 87 88 89 90 91 92 93 94 95 96 97 98 99 100 101 102 103 104 105 106 107 108 109 110 111 112 113 114 115 116 117 118 119 120 121 122 123 124 125 126 127 128 129 130 131 132 133 134 135 136 137 138 139 140 141 142 143 144 145 146 147 148 149 150 151 152 153 154 155 156 157 158 159 160 161 162 163 164 165 166 167 168 169 170 171 172 173 174 175 176 177 178 179 180 181 182 183 184 185 186 187 188 189 190 191 192 193 194 195 196 197 198 199 200 201 202 203 204 205 206 207 208 209 210 211 212 213 214 215 216 217 218 219 220 221 222 223 224 225 226 227 228 229 230 231 232 233 234 235 236 237 238 239 240 241 242 243 244 245 246 247 248 249 250 251 252 253 254 255 256 257 258 259 260 261 262 263 264 265 266 267 268 269 270 271 272 273 274 275 276 277 278 279 280 281 282 283 284 285 286 287 288 289 290 291 292 293 294 295 296 297 298 299 300 301 302 303 304 305 306 307 308 309 310 311 312 313 314 315 316 317 318 319 320 321 322 323 324 325 326 327 328 329 330 331 332 333 334 335 336 337 338 339 340 341 342 343 344 345 346 347 348 349 350 351 352 353 354 355 356 357 358 359 360 361 362 363 364 365 366 367 368 369 370 371 372 373 374 375 376 377 378 379 380 381 382 383 384 385 386 387 388 389 390 391 392 393 394 395 396 397 398 399 400 401 402 403 404 405 406 407 408 409 410 411 412 413 414 415 416 417 418 419 420 421 422 423 424 425 426 427 428 429 430 431 432 433 434 435 436 437 438 439 440 441 442 443 444 445 446 447 448 449 450 451 452 453 454 455 456 457 458 459 460 461 462 463 464 465 466 467 468 469 470 471 472 473 474 475 476 477 478 479 480 481 482 483 484 485 486 487 488 489 490 491 492 493 494 495 496 497 498 499 500 501 502 503 504 505 506 507 508 509 510 511 512 513 514 515 516 517 518 519 520 521 522 523 524 525 526 527 528 529 530 531 532 533 534 535 536 537 538 539 540 541 542 543 544 545 546 547 548 549 550 551 552 553 554 555 556 557 558 559 560 561 562 563 564 565 566 567 568 569 570 571 572 573 574 575 576 577 578 579 580 581 582 583 584 585 586 587 588 589 590 591 592 593 594 595 596 597 598 599 600 601 602 603 604 605 606 607 608 609 610 611 612 613 614 615 616 617 618 619 620 621 622 623 624 625 626 627 628 629 630 631 632 633 634 635 636 637 638 639 640 641 642 643 644 645 646 647 648 649 650 651 652 653 654 655 656 657 658 659 660 661 662 663 664 665 666 667 668 669 670 671 672 673 674 675 676 677 678 679 680 681 682 683 684 685 686 687 688 689 690 691 692 693 694 695 696 697 698 699 700 701 702 703 704 705 706 707 708 709 710 711 712 713 714 715 716 717 718 719 720 721 722 723 724 725 726 727 728 729 730 731 732 733 734 735 736 737 738 739 740 741 742 743 744 745 746 747 748 749 750 751 752 753 754 755 756 757 758 759 760 761 762 763 764 765 766 767 768 769 770 771 772 773 774 775 776 777 778 779 780 781 782 783 784 785 786 787 788 789 790 791 792 793 794 795 796 797 798 799 800 801 802 803 804 805 806 807 808 809 810 811 812 813 814 815 816 817 818 819 820 821 822 823 824 825 826 827 828 829 830 831 832 833 834 835 836 837 838 839 840 841 842 843 844 845 846 847 848 849 850 851 852 853 854 855 856 857 858 859 860 861 862 863 864 865 866 867 868 869 870 871 872 873 874 875 876 877 878 879 880 881 882 883 884 885 886 887 888 889 890 891 892 893 894 895 896 897 898 899 900 901 902 903 904 905 906 907 908 909 910 911 912 913 914 915 916 917 918 919 920 921 922 923 924 925 926 927 928 929 930 931 932 933 934 935 936 937 938 939 940 941 942 943 944 945 946 947 948 949 950 951 952 953 954 955 956 957 958 959 960 961 962 963 964 965 966 967 968 969 970 971 972 973 974 975 976 977 978 979 980 981 982 983 984 985 986 987 988 989 990 991 992 993 994 995 996 997 998 999 |
>SEQ_31
 1 2 3 4 5 6 7 8 9 10 11 12 13 14 15 16 17 18 19 20 21 22 23 24 25 26 27 28 29 30 31 32 33 34 35 36 37 38 39 40 41 42 43 44 45 46 47 48 49 50 51 52 53 54 55 56 57 58 59 60 61 62 63 64 65 66 67 68 69 70 71 72 73 74 75 76 77 78 79 80 81 82 83 84 85 86 87 88 89 90 91 92 93 94 95 96 97 98 99 100 101 102 103 104 105 106 107 108 109 110 111 112 113 114 115 116 117 118 119 120 121 122 123 124 125 126 127 128 129 130 131 132 133 134 135 136 137 138 139 140 141 142 143 144 145 146 147 148 149 150 151 152 153 154 155 156 157 158 159 160 161 162 163 164 165 166 167 168 169 170 171 172 173 174 175 176 177 178 179 180 181 182 183 184 185 186 187 188 189 190 191 192 193 194 195 196 197 198 199 200 201 202 203 204 205 206 207 208 209 210 211 212 213 214 215 216 217 218 219 220 221 222 223 224 225 226 227 228 229 230 231 232 233 234 235 236 237 238 239 240 241 242 243 244 245 246 247 248 249 250 251 252 253 254 255 256 257 258 259 260 261 262 263 264 265 266 267 268 269 270 271 272 273 274 275 276 277 278 279 280 281 282 283 284 285 286 287 288 289 290 291 292 293 294 295 296 297 298 299 300 301 302 303 304 305 306 307 308 309 310 311 312 313 314 315 316 317 318 319 320 321 322 323 324 325 326 327 328 329 330 331 332 333 334 335 336 337 338 339 340 341 342 343 344 345 346 347 348 349 350 351 352 353 354 355 356 357 358 359 360 361 362 363 364 365 366 367 368 369 370 371 372 373 374 375 376 377 378 379 380 381 382 383 384 385 386 387 388 389 390 391 392 393 394 395 396 397 398 399 400 401 402 403 404 405 406 407 408 409 410 411 412 413 414 415 416 417 418 419 420 421 422 423 424 425 426 427 428 429 430 431 432 433 434 435 436 437 438 439 440 441 442 443 444 445 446 447 448 449 450 451 452 453 454 455 456 457 458 459 460 461 462 463 464 465 466 467 468 469 470 471 472 473 474 475 476 477 478 479 480 481 482 483 484 485 486 487 488 489 490 491 492 493 494 495 496 497 498 499 500 501 502 503 504 505 506 507 508 509 510 511 512 513 514 515 516 517 518 519 520 521 522 523 524 525 526 527 528 529 530 531 532 533 534 535 536 537 538 539 540 541 542 543 544 545 546 547 548 549 550 551 552 553 554 555 556 557 558 559 560 561 562 563 564 565 566 567 568 569 570 571 572 573 574 575 576 577 578 579 580 581 582 583 584 585 586 587 588 589 590 591 592 593 594 595 596 597 598 599 600 601 602 603 604 605 606 607 608 609 610 611 612 613 614 615 616 617 618 619 620 621 622 623 624 625 626 627 628 629 630 631 632 633 634 635 636 637 638 639 640 641 642 643 644 645 646 647 648 649 650 651 652 653 654 655 656 657 658 659 660 661 662 663 664 665 666 667 668 669 670 671 672 673 674 675 676 677 678 679 680 681 682 683 684 685 686 687 688 689 690 691 692 693 694 695 696 697 698 699 700 701 702 703 704 705 706 707 708 709 710 711 712 713 714 715 716 717 718 719 720 721 722 723 724 725 726 727 728 729 730 731 732 733 734 735 736 737 738 739 740 741 742 743 744 745 746 747 748 749 750 751 752 753 754 755 756 757 758 759 760 761 762 763 764 765 766 767 768 769 770 771 772 773 774 775 776 777 778 779 780 781 782 783 784 785 786 787 788 789 790 791 792 793 794 795 796 797 798 799 800 801 802 803 804 805 806 807 808 809 810 811 812 813 814 815 816 817 818 819 820 821 822 823 824 825 826 827 828 829 830 831 832 833 834 835 836 837 838 839 840 841 842 843 844 845 846 847 848 849 850 851 852 853 854 855 856 857 858 859 860 861 862 863 864 865 866 867 868 869 870 871 872 873 874 875 876 877 878 879 880 881 882 883 884 885 886 887 888 889 890 891 892 893 894 895 896 897 898 899 900 901 902 903 904 905 906 907 908 909 910 911 912 913 914 915 916 917 918 919 920 921 922 923 924 925 926 927 928 929 930 931 932 933 934 935 936 937 938 939 940 941 942 943 944 945 946 947 948 949 950 951 952 953 954 955 956 957 958 959 960 961 962 963 964 965 966 967 968 969 970 971 972 973 974 975 976 977 978 979 980 981 982 983 984 985 986 987 988 989 990 991 992 993 994 995 996 997 998 999 |
>SEQ_32
 1 2 3 4 5 6 7 8 9 10 11 12 13 14 15 16 17 18 19 20 21 22 23 24 25 26 27 28 29 30 31 32 33 34 35 36 37 38 39 40 41 42 43 44 45 46 47 48 49 50 51 52 53 54 55 56 57 58 59 60 61 62 63 64 65 66 67 68 69 70 71 72 73 74 75 76 77 78 79 80 81 82 83 84 85 86 87 88 89 90 91 92 93 94 95 96 97 98 99 100 101 102 103 104 105 106 107 108 109 110 111 112 113 114 115 116 117 118 119 120 121 122 123 124 125 126 127 128 129 130 131 132 133 134 135 136 137 138 139 140 141 142 143 144 145 146 147 148 149 150 151 152 153 154 155 156 157 158 159 160 161 162 163 164 165 166 167 168 169 170 171 172 173 174 175 176 177 178 179 180 181 182 183 184 185 186 187 188 189 190 191 192 193 194 195 196 197 198 199 200 201 202 203 204 205 206 207 208 209 210 211 212 213 214 215 216 217 218 219 220 221 222 223 224 225 226 227 228 229 230 231 232 233 234 235 236 237 238 239 240 241 242 243 244 245 246 247 248 249 250 251 252 253 254 255 256 257 258 259 260 261 262 263 264 265 266 267 268 269 270 271 272 273 274 275 276 277 278 279 280 281 282 283 284 285 286 287 288 289 290 291 292 293 294 295 296 297 298 299 300 301 302 303 304 305 306 307 308 309 310 311 312 313 314 315 316 317 318 319 320 321 322 323 324 325 326 327 328 329 330 331 332 333 334 335 336 337 338 339 340 341 342 343 344 345 346 347 348 349 350 351 352 353 354 355 356 357 358 359 360 361 362 363 364 365 366 367 368 369 370 371 372 373 374 375 376 377 378 379 380 381 382 383 384 385 386 387 388 389 390 391 392 393 394 395 396 397 398 399 400 401 402 403 404 405 406 407 408 409 410 411 412 413 414 415 416 417 418 419 420 421 422 423 424 425 426 427 428 429 430 431 432 433 434 435 436 437 438 439 440 441 442 443 444 445 446 447 448 449 450 451 452 453 454 455 456 457 458 459 460 461 462 463 464 465 466 467 468 469 470 471 472 473 474 475 476 477 478 479 480 481 482 483 484 485 486 487 488 489 490 491 492 493 494 495 496 497 498 499 500 501 502 503 504 505 506 507 508 509 510 511 512 513 514 515 516 517 518 519 520 521 522 523 524 525 526 527 528 529 530 531 532 533 534 535 536 537 538 539 540 541 542 543 544 545 546 547 548 549 550 551 552 553 554 555 556 557 558 559 560 561 562 563 564 565 566 567 568 569 570 571 572 573 574 575 576 577 578 579 580 581 582 583 584 585 586 587 588 589 590 591 592 593 594 595 596 597 598 599 600 601 602 603 604 605 606 607 608 609 610 611 612 613 614 615 616 617 618 619 620 621 622 623 624 625 626 627 628 629 630 631 632 633 634 635 636 637 638 639 640 641 642 643 644 645 646 647 648 649 650 651 652 653 654 655 656 657 658 659 660 661 662 663 664 665 666 667 668 669 670 671 672 673 674 675 676 677 678 679 680 681 682 683 684 685 686 687 688 689 690 691 692 693 694 695 696 697 698 699 700 701 702 703 704 705 706 707 708 709 710 711 712 713 714 715 716 717 718 719 720 721 722 723 724 725 726 727 728 729 730 731 732 733 734 735 736 737 738 739 740 741 742 743 744 745 746 747 748 749 750 751 752 753 754 755 756 757 758 759 760 761 762 763 764 765 766 767 768 769 770 771 772 773 774 775 776 777 778 779 780 781 782 783 784 785 786 787 788 789 790 791 792 793 794 795 796 797 798 799 800 801 802 803 804 805 806 807 808 809 810 811 812 813 814 815 816 817 818 819 820 821 822 823 824 825 826 827 828 829 830 831 832 833 834 835 836 837 838 839 840 841 842 843 844 845 846 847 848 849 850 851 852 853 854 855 856 857 858 859 860 861 862 863 864 865 866 867 868 869 870 871 872 873 874 875 876 877 878 879 880 881 882 883 884 885 886 887 888 889 890 891 892 893 894 895 896 897 898 899 900 901 902 903 904 905 906 907 908 909 910 911 912 913 914 915 916 917 918 919 920 921 922 923 924 925 926 927 928 929 930 931 932 933 934 935 936 937 938 939 940 941 942 943 944 945 946 947 948 949 950 951 952 953 954 955 956 957 958 959 960 961 962 963 964 965 966 967 968 969 970 971 972 973 974 975 976 977 978 979 980 981 982 983 984 985 986 987 988 989 990 991 992 993 994 995 996 997 998 999 |
>SEQ_33
 1 2 3 4 5 6 7 8 9 10 11 12 13 14 15 16 17 18 19 20 21 22 23 24 25 26 27 28 29 30 31 32 33 34 35 36 37 38 39 40 41 42 43 44 45 46 47 48 49 50 51 52 53 54 55 56 57 58 59 60 61 62 63 64 65 66 67 68 69 70 71 72 73 74 75 76 77 78 79 80 81 82 83 84 85 86 87 88 89 90 91 92 93 94 95 96 97 98 99 100 101 102 103 104 105 106 107 108 109 110 111 112 113 114 115 116 117 118 119 120 121 122 123 124 125 126 127 128 129 130 131 132 133 134 135 136 137 138 139 140 141 142 143 144 145 146 147 148 149 150 151 152 153 154 155 156 157 158 159 160 161 162 163 164 165 166 167 168 169 170 171 172 173 174 175 176 177 178 179 180 181 182 183 184 185 186 187 188 189 190 191 192 193 194 195 196 197 198 199 200 201 202 203 204 205 206 207 208 209 210 211 212 213 214 215 216 217 218 219 220 221 222 223 224 225 226 227 228 229 230 231 232 233 234 235 236 237 238 239 240 241 242 243 244 245 246 247 248 249 250 251 252 253 254 255 256 257 258 259 260 261 262 263 264 265 266 267 268 269 270 271 272 273 274 275 276 277 278 279 280 281 282 283 284 285 286 287 288 289 290 291 292 293 294 295 296 297 298 299 300 301 302 303 304 305 306 307 308 309 310 311 312 313 314 315 316 317 318 319 320 321 322 323 324 325 326 327 328 329 330 331 332 333 334 335 336 337 338 339 340 341 342 343 344 345 346 347 348 349 350 351 352 353 354 355 356 357 358 359 360 361 362 363 364 365 366 367 368 369 370 371 372 373 374 375 376 377 378 379 380 381 382 383 384 385 386 387 388 389 390 391 392 393 394 395 396 397 398 399 400 401 402 403 404 405 406 407 408 409 410 411 412 413 414 415 416 417 418 419 420 421 422 423 424 425 426 427 428 429 430 431 432 433 434 435 436 437 438 439 440 441 442 443 444 445 446 447 448 449 450 451 452 453 454 455 456 457 458 459 460 461 462 463 464 465 466 467 468 469 470 471 472 473 474 475 476 477 478 479 480 481 482 483 484 485 486 487 488 489 490 491 492 493 494 495 496 497 498 499 500 501 502 503 504 505 506 507 508 509 510 511 512 513 514 515 516 517 518 519 520 521 522 523 524 525 526 527 528 529 530 531 532 533 534 535 536 537 538 539 540 541 542 543 544 545 546 547 548 549 550 551 552 553 554 555 556 557 558 559 560 561 562 563 564 565 566 567 568 569 570 571 572 573 574 575 576 577 578 579 580 581 582 583 584 585 586 587 588 589 590 591 592 593 594 595 596 597 598 599 600 601 602 603 604 605 606 607 608 609 610 611 612 613 614 615 616 617 618 619 620 621 622 623 624 625 626 627 628 629 630 631 632 633 634 635 636 637 638 639 640 641 642 643 644 645 646 647 648 649 650 651 652 653 654 655 656 657 658 659 660 661 662 663 664 665 666 667 668 669 670 671 672 673 674 675 676 677 678 679 680 681 682 683 684 685 686 687 688 689 690 691 692 693 694 695 696 697 698 699 700 701 702 703 704 705 706 707 708 709 710 711 712 713 714 715 716 717 718 719 720 721 722 723 724 725 726 727 728 729 730 731 732 733 734 735 736 737 738 739 740 741 742 743 744 745 746 747 748 749 750 751 752 753 754 755 756 757 758 759 760 761 762 763 764 765 766 767 768 769 770 771 772 773 774 775 776 777 778 779 780 781 782 783 784 785 786 787 788 789 790 791 792 793 794 795 796 797 798 799 800 801 802 803 804 805 806 807 808 809 810 811 812 813 814 815 816 817 818 819 820 821 822 823 824 825 826 827 828 829 830 831 832 833 834 835 836 837 838 839 840 841 842 843 844 845 846 847 848 849 850 851 852 853 854 855 856 857 858 859 860 861 862 863 864 865 866 867 868 869 870 871 872 873 874 875 876 877 878 879 880 881 882 883 884 885 886 887 888 889 890 891 892 893 894 895 896 897 898 899 900 901 902 903 904 905 906 907 908 909 910 911 912 913 914 915 916 917 918 919 920 921 922 923 924 925 926 927 928 929 930 931 932 933 934 935 936 937 938 939 940 941 942 943 944 945 946 947 948 949 950 951 952 953 954 955 956 957 958 959 960 961 962 963 964 965 966 967 968 969 970 971 972 973 974 975 976 977 978 979 980 981 982 983 984 985 986 987 988 989 990 991 992 993 994 995 996 997 998 999 |
>SEQ_34
 1 2 3 4 5 6 7 8 9 10 11 12 13 14 15 16 17 18 19 20 21 22 23 24 25 26 27 28 29 30 31 32 33 34 35 36 37 38 39 40 41 42 43 44 45 46 47 48 49 50 51 52 53 54 55 56 57 58 59 60 61 62 63 64 65 66 67 68 69 70 71 72 73 74 75 76 77 78 79 80 81 82 83 84 85 86 87 88 89 90 91 92 93 94 95 96 97 98 99 100 101 102 103 104 105 106 107 108 109 110 111 112 113 114 115 116 117 118 119 120 121 122 123 124 125 126 127 128 129 130 131 132 133 134 135 136 137 138 139 140 141 142 143 144 145 146 147 148 149 150 151 152 153 154 155 156 157 158 159 160 161 162 163 164 165 166 167 168 169 170 171 172 173 174 175 176 177 178 179 180 181 182 183 184 185 186 187 188 189 190 191 192 193 194 195 196 197 198 199 200 201 202 203 204 205 206 207 208 209 210 211 212 213 214 215 216 217 218 219 220 221 222 223 224 225 226 227 228 229 230 231 232 233 234 235 236 237 238 239 240 241 242 243 244 245 246 247 248 249 250 251 252 253 254 255 256 257 258 259 260 261 262 263 264 265 266 267 268 269 270 271 272 273 274 275 276 277 278 279 280 281 282 283 284 285 286 287 288 289 290 291 292 293 294 295 296 297 298 299 300 301 302 303 304 305 306 307 308 309 310 311 312 313 314 315 316 317 318 319 320 321 322 323 324 325 326 327 328 329 330 331 332 333 334 335 336 337 338 339 340 341 342 343 344 345 346 347 348 349 350 351 352 353 354 355 356 357 358 359 360 361 362 363 364 365 366 367 368 369 370 371 372 373 374 375 376 377 378 379 380 381 382 383 384 385 386 387 388 389 390 391 392 393 394 395 396 397 398 399 400 401 402 403 404 405 406 407 408 409 410 411 412 413 414 415 416 417 418 419 420 421 422 423 424 425 426 427 428 429 430 431 432 433 434 435 436 437 438 439 440 441 442 443 444 445 446 447 448 449 450 451 452 453 454 455 456 457 458 459 460 461 462 463 464 465 466 467 468 469 470 471 472 473 474 475 476 477 478 479 480 481 482 483 484 485 486 487 488 489 490 491 492 493 494 495 496 497 498 499 500 501 502 503 504 505 506 507 508 509 510 511 512 513 514 515 516 517 518 519 520 521 522 523 524 525 526 527 528 529 530 531 532 533 534 535 536 537 538 539 540 541 542 543 544 545 546 547 548 549 550 551 552 553 554 555 556 557 558 559 560 561 562 563 564 565 566 567 568 569 570 571 572 573 574 575 576 577 578 579 580 581 582 583 584 585 586 587 588 589 590 591 592 593 594 595 596 597 598 599 600 601 602 603 604 605 606 607 608 609 610 611 612 613 614 615 616 617 618 619 620 621 622 623 624 625 626 627 628 629 630 631 632 633 634 635 636 637 638 639 640 641 642 643 644 645 646 647 648 649 650 651 652 653 654 655 656 657 658 659 660 661 662 663 664 665 666 667 668 669 670 671 672 673 674 675 676 677 678 679 680 681 682 683 684 685 686 687 688 689 690 691 692 693 694 695 696 697 698 699 700 701 702 703 704 705 706 707 708 709 710 711 712 713 714 715 716 717 718 719 720 721 722 723 724 725 726 727 728 729 730 731 732 733 734 735 736 737 738 739 740 741 742 743 744 745 746 747 748 749 750 751 752 753 754 755 756 757 758 759 760 761 762 763 764 765 766 767 768 769 770 771 772 773 774 775 776 777 778 779 780 781 782 783 784 785 786 787 788 789 790 791 792 793 794 795 796 797 798 799 800 801 802 803 804 805 806 807 808 809 810 811 812 813 814 815 816 817 818 819 820 821 822 823 824 825 826 827 828 829 830 831 832 833 834 835 836 837 838 839 840 841 842 843 844 845 846 847 848 849 850 851 852 853 854 855 856 857 858 859 860 861 862 863 864 865 866 867 868 869 870 871 872 873 874 875 876 877 878 879 880 881 882 883 884 885 886 887 888 889 890 891 892 893 894 895 896 897 898 899 900 901 902 903 904 905 906 907 908 909 910 911 912 913 914 915 916 917 918 919 920 921 922 923 924 925 926 927 928 929 930 931 932 933 934 935 936 937 938 939 940 941 942 943 944 945 946 947 948 949 950 951 952 953 954 955 956 957 958 959 960 961 962 963 964 965 966 967 968 969 970 971 972 973 974 975 976 977 978 979 980 981 982 983 984 985 986 987 988 989 990 991 992 993 994 995 996 997 998 999 |
>SEQ_35
 1 2 3 4 5 6 7 8 9 10 11 12 13 14 15 16 17 18 19 20 21 22 23 24 25 26 27 28 29 30 31 32 33 34 35 36 37 38 39 40 41 42 43 44 45 46 47 48 49 50 51 52 53 54 55 56 57 58 59 60 61 62 63 64 65 66 67 68 69 70 71 72 73 74 75 76 77 78 79 80 81 82 83 84 85 86 87 88 89 90 91 92 93 94 95 96 97 98 99 100 101 102 103 104 105 106 107 108 109 110 111 112 113 114 115 116 117 118 119 120 121 122 123 124 125 126 127 128 129 130 131 132 133 134 135 136 137 138 139 140 141 142 143 144 145 146 147 148 149 150 151 152 153 154 155 156 157 158 159 160 161 162 163 164 165 166 167 168 169 170 171 172 173 174 175 176 177 178 179 180 181 182 183 184 185 186 187 188 189 190 191 192 193 194 195 196 197 198 199 200 201 202 203 204 205 206 207 208 209 210 211 212 213 214 215 216 217 218 219 220 221 222 223 224 225 226 227 228 229 230 231 232 233 234 235 236 237 238 239 240 241 242 243 244 245 246 247 248 249 250 251 252 253 254 255 256 257 258 259 260 261 262 263 264 265 266 267 268 269 270 271 272 273 274 275 276 277 278 279 280 281 282 283 284 285 286 287 288 289 290 291 292 293 294 295 296 297 298 299 300 301 302 303 304 305 306 307 308 309 310 311 312 313 314 315 316 317 318 319 320 321 322 323 324 325 326 327 328 329 330 331 332 333 334 335 336 337 338 339 340 341 342 343 344 345 346 347 348 349 350 351 352 353 354 355 356 357 358 359 360 361 362 363 364 365 366 367 368 369 370 371 372 373 374 375 376 377 378 379 380 381 382 383 384 385 386 387 388 389 390 391 392 393 394 395 396 397 398 399 400 401 402 403 404 405 406 407 408 409 410 411 412 413 414 415 416 417 418 419 420 421 422 423 424 425 426 427 428 429 430 431 432 433 434 435 436 437 438 439 440 441 442 443 444 445 446 447 448 449 450 451 452 453 454 455 456 457 458 459 460 461 462 463 464 465 466 467 468 469 470 471 472 473 474 475 476 477 478 479 480 481 482 483 484 485 486 487 488 489 490 491 492 493 494 495 496 497 498 499 500 501 502 503 504 505 506 507 508 509 510 511 512 513 514 515 516 517 518 519 520 521 522 523 524 525 526 527 528 529 530 531 532 533 534 535 536 537 538 539 540 541 542 543 544 545 546 547 548 549 550 551 552 553 554 555 556 557 558 559 560 561 562 563 564 565 566 567 568 569 570 571 572 573 574 575 576 577 578 579 580 581 582 583 584 585 586 587 588 589 590 591 592 593 594 595 596 597 598 599 600 601 602 603 604 605 606 607 608 609 610 611 612 613 614 615 616 617 618 619 620 621 622 623 624 625 626 627 628 629 630 631 632 633 634 635 636 637 638 639 640 641 642 643 644 645 646 647 648 649 650 651 652 653 654 655 656 657 658 659 660 661 662 663 664 665 666 667 668 669 670 671 672 673 674 675 676 677 678 679 680 681 682 683 684 685 686 687 688 689 690 691 692 693 694 695 696 697 698 699 700 701 702 703 704 705 706 707 708 709 710 711 712 713 714 715 716 717 718 719 720 721 722 723 724 725 726 727 728 729 730 731 732 733 734 735 736 737 738 739 740 741 742 743 744 745 746 747 748 749 750 751 752 753 754 755 756 757 758 759 760 761 762 763 764 765 766 767 768 769 770 771 772 773 774 775 776 777 778 779 780 781 782 783 784 785 786 787 788 789 790 791 792 793 794 795 796 797 798 799 800 801 802 803 804 805 806 807 808 809 810 811 812 813 814 815 816 817 818 819 820 821 822 823 824 825 826 827 828 829 830 831 832 833 834 835 836 837 838 839 840 841 842 843 844 845 846 847 848 849 850 851 852 853 854 855 856 857 858 859 860 861 862 863 864 865 866 867 868 869 870 871 872 873 874 875 876 877 878 879 880 881 882 883 884 885 886 887 888 889 890 891 892 893 894 895 896 897 898 899 900 901 902 903 904 905 906 907 908 909 910 911 912 913 914 915 916 917 918 919 920 921 922 923 924 925 926 927 928 929 930 931 932 933 934 935 936 937 938 939 940 941 942 943 944 945 946 947 948 949 950 951 952 953 954 955 956 957 958 959 960 961 962 963 964 965 966 967 968 969 970 971 972 973 974 975 976 977 978 979 980 981 982 983 984 985 986 987 988 989 990 991 992 993 994 995 996 997 998 999 |
>SEQ_36
 1 2 3 4 5 6 7 8 9 10 11 12 13 14 15 16 17 18 19 20 21 22 23 24 25 26 27 28 29 30 31 32 33 34 35 36 37 38 39 40 41 42 43 44 45 46 47 48 49 50 51 52 53 54 55 56 57 58 59 60 61 62 63 64 65 66 67 68 69 70 71 72 73 74 75 76 77 78 79 80 81 82 83 84 85 86 87 88 89 90 91 92 93 94 95 96 97 98 99 100 101 102 103 104 105 106 107 108 109 110 111 112 113 114 115 116 117 118 119 120 121 122 123 124 125 126 127 128 129 130 131 132 133 134 135 136 137 138 139 140 141 142 143 144 145 146 147 148 149 150 151 152 153 154 155 156 157 158 159 160 161 162 163 164 165 166 167 168 169 170 171 172 173 174 175 176 177 178 179 180 181 182 183 184 185 186 187 188 189 190 191 192 193 194 195 196 197 198 199 200 201 202 203 204 205 206 207 208 209 210 211 212 213 214 215 216 217 218 219 220 221 222 223 224 225 226 227 228 229 230 231 232 233 234 235 236 237 238 239 240 241 242 243 244 245 246 247 248 249 250 251 252 253 254 255 256 257 258 259 260 261 262 263 264 265 266 267 268 269 270 271 272 273 274 275 276 277 278 279 280 281 282 283 284 285 286 287 288 289 290 291 292 293 294 295 296 297 298 299 300 301 302 303 304 305 306 307 308 309 310 311 312 313 314 315 316 317 318 319 320 321 322 323 324 325 326 327 328 329 330 331 332 333 334 335 336 337 338 339 340 341 342 343 344 345 346 347 348 349 350 351 352 353 354 355 356 357 358 359 360 361 362 363 364 365 366 367 368 369 370 371 372 373 374 375 376 377 378 379 380 381 382 383 384 385 386 387 388 389 390 391 392 393 394 395 396 397 398 399 400 401 402 403 404 405 406 407 408 409 410 411 412 413 414 415 416 417 418 419 420 421 422 423 424 425 426 427 428 429 430 431 432 433 434 435 436 437 438 439 440 441 442 443 444 445 446 447 448 449 450 451 452 453 454 455 456 457 458 459 460 461 462 463 464 465 466 467 468 469 470 471 472 473 474 475 476 477 478 479 480 481 482 483 484 485 486 487 488 489 490 491 492 493 494 495 496 497 498 499 500 501 502 503 504 505 506 507 508 509 510 511 512 513 514 515 516 517 518 519 520 521 522 523 524 525 526 527 528 529 530 531 532 533 534 535 536 537 538 539 540 541 542 543 544 545 546 547 548 549 550 551 552 553 554 555 556 557 558 559 560 561 562 563 564 565 566 567 568 569 570 571 572 573 574 575 576 577 578 579 580 581 582 583 584 585 586 587 588 589 590 591 592 593 594 595 596 597 598 599 600 601 602 603 604 605 606 607 608 609 610 611 612 613 614 615 616 617 618 619 620 621 622 623 624 625 626 627 628 629 630 631 632 633 634 635 636 637 638 639 640 641 642 643 644 645 646 647 648 649 650 651 652 653 654 655 656 657 658 659 660 661 662 663 664 665 666 667 668 669 670 671 672 673 674 675 676 677 678 679 680 681 682 683 684 685 686 687 688 689 690 691 692 693 694 695 696 697 698 699 700 701 702 703 704 705 706 707 708 709 710 711 712 713 714 715 716 717 718 719 720 721 722 723 724 725 726 727 728 729 730 731 732 733 734 735 736 737 738 739 740 741 742 743 744 745 746 747 748 749 750 751 752 753 754 755 756 757 758 759 760 761 762 763 764 765 766 767 768 769 770 771 772 773 774 775 776 777 778 779 780 781 782 783 784 785 786 787 788 789 790 791 792 793 794 795 796 797 798 799 800 801 802 803 804 805 806 807 808 809 810 811 812 813 814 815 816 817 818 819 820 821 822 823 824 825 826 827 828 829 830 831 832 833 834 835 836 837 838 839 840 841 842 843 844 845 846 847 848 849 850 851 852 853 854 855 856 857 858 859 860 861 862 863 864 865 866 867 868 869 870 871 872 873 874 875 876 877 878 879 880 881 882 883 884 885 886 887 888 889 890 891 892 893 894 895 896 897 898 899 900 901 902 903 904 905 906 907 908 909 910 911 912 913 914 915 916 917 918 919 920 921 922 923 924 925 926 927 928 929 930 931 932 933 934 935 936 937 938 939 940 941 942 943 944 945 946 947 948 949 950 951 952 953 954 955 956 957 958 959 960 961 962 963 964 965 966 967 968 969 970 971 972 973 974 975 976 977 978 979 980 981 982 983 984 985 986 987 988 989 990 991 992 993 994 995 996 997 998 999 |
>SEQ_37
 1 2 3 4 5 6 7 8 9 10 11 12 13 14 15 16 17 18 19 20 21 22 23 24 25 26 27 28 29 30 31 32 33 34 35 36 37 38 39 40 41 42 43 44 45 46 47 48 49 50 51 52 53 54 55 56 57 58 59 60 61 62 63 64 65 66 67 68 69 70 71 72 73 74 75 76 77 78 79 80 81 82 83 84 85 86 87 88 89 90 91 92 93 94 95 96 97 98 99 100 101 102 103 104 105 106 107 108 109 110 111 112 113 114 115 116 117 118 119 120 121 122 123 124 125 126 127 128 129 130 131 132 133 134 135 136 137 138 139 140 141 142 143 144 145 146 147 148 149 150 151 152 153 154 155 156 157 158 159 160 161 162 163 164 165 166 167 168 169 170 171 172 173 174 175 176 177 178 179 180 181 182 183 184 185 186 187 188 189 190 191 192 193 194 195 196 197 198 199 200 201 202 203 204 205 206 207 208 209 210 211 212 213 214 215 216 217 218 219 220 221 222 223 224 225 226 227 228 229 230 231 232 233 234 235 236 237 238 239 240 241 242 243 244 245 246 247 248 249 250 251 252 253 254 255 256 257 258 259 260 261 262 263 264 265 266 267 268 269 270 271 272 273 274 275 276 277 278 279 280 281 282 283 284 285 286 287 288 289 290 291 292 293 294 295 296 297 298 299 300 301 302 303 304 305 306 307 308 309 310 311 312 313 314 315 316 317 318 319 320 321 322 323 324 325 326 327 328 329 330 331 332 333 334 335 336 337 338 339 340 341 342 343 344 345 346 347 348 349 350 351 352 353 354 355 356 357 358 359 360 361 362 363 364 365 366 367 368 369 370 371 372 373 374 375 376 377 378 379 380 381 382 383 384 385 386 387 388 389 390 391 392 393 394 395 396 397 398 399 400 401 402 403 404 405 406 407 408 409 410 411 412 413 414 415 416 417 418 419 420 421 422 423 424 425 426 427 428 429 430 431 432 433 434 435 436 437 438 439 440 441 442 443 444 445 446 447 448 449 450 451 452 453 454 455 456 457 458 459 460 461 462 463 464 465 466 467 468 469 470 471 472 473 474 475 476 477 478 479 480 481 482 483 484 485 486 487 488 489 490 491 492 493 494 495 496 497 498 499 500 501 502 503 504 505 506 507 508 509 510 511 512 513 514 515 516 517 518 519 520 521 522 523 524 525 526 527 528 529 530 531 532 533 534 535 536 537 538 539 540 541 542 543 544 545 546 547 548 549 550 551 552 553 554 555 556 557 558 559 560 561 562 563 564 565 566 567 568 569 570 571 572 573 574 575 576 577 578 579 580 581 582 583 584 585 586 587 588 589 590 591 592 593 594 595 596 597 598 599 600 601 602 603 604 605 606 607 608 609 610 611 612 613 614 615 616 617 618 619 620 621 622 623 624 625 626 627 628 629 630 631 632 633 634 635 636 637 638 639 640 641 642 643 644 645 646 647 648 649 650 651 652 653 654 655 656 657 658 659 660 661 662 663 664 665 666 667 668 669 670 671 672 673 674 675 676 677 678 679 680 681 682 683 684 685 686 687 688 689 690 691 692 693 694 695 696 697 698 699 700 701 702 703 704 705 706 707 708 709 710 711 712 713 714 715 716 717 718 719 720 721 722 723 724 725 726 727 728 729 730 731 732 733 734 735 736 737 738 739 740 741 742 743 744 745 746 747 748 749 750 751 752 753 754 755 756 757 758 759 760 761 762 763 764 765 766 767 768 769 770 771 772 773 774 775 776 777 778 779 780 781 782 783 784 785 786 787 788 789 790 791 792 793 794 795 796 797 798 799 800 801 802 803 804 805 806 807 808 809 810 811 812 813 814 815 816 817 818 819 820 821 822 823 824 825 826 827 828 829 830 831 832 833 834 835 836 837 838 839 840 841 842 843 844 845 846 847 848 849 850 851 852 853 854 855 856 857 858 859 860 861 862 863 864 865 866 867 868 869 870 871 872 873 874 875 876 877 878 879 880 881 882 883 884 885 886 887 888 889 890 891 892 893 894 895 896 897 898 899 900 901 902 903 904 905 906 907 908 909 910 911 912 913 914 915 916 917 918 919 920 921 922 923 924 925 926 927 928 929 930 931 932 933 934 935 936 937 938 939 940 941 942 943 944 945 946 947 948 949 950 951 952 953 954 955 956 957 958 959 960 961 962 963 964 965 966 967 968 969 970 971 972 973 974 975 976 977 978 979 980 981 982 983 984 985 986 987 988 989 990 991 992 993 994 995 996 997 998 999 |
>SEQ_38
 1 2 3 4 5 6 7 8 9 10 11 12 13 14 15 16 17 18 19 20 21 22 23 24 25 26 27 28 29 30 31 32 33 34 35 36 37 38 39 40 41 42 43 44 45 46 47 48 49 50 51 52 53 54 55 56 57 58 59 60 61 62 63 64 65 66 67 68 69 70 71 72 73 74 75 76 77 78 79 80 81 82 83 84 85 86 87 88 89 90 91 92 93 94 95 96 97 98 99 100 101 102 103 104 105 106 107 108 109 110 111 112 113 114 115 116 117 118 119 120 121 122 123 124 125 126 127 128 129 130 131 132 133 134 135 136 137 138 139 140 141 142 143 144 145 146 147 148 149 150 151 152 153 154 155 156 157 158 159 160 161 162 163 164 165 166 167 168 169 170 171 172 173 174 175 176 177 178 179 180 181 182 183 184 185 186 187 188 189 190 191 192 193 194 195 196 197 198 199 200 201 202 203 204 205 206 207 208 209 210 211 212 213 214 215 216 217 218 219 220 221 222 223 224 225 226 227 228 229 230 231 232 233 234 235 236 237 238 239 240 241 242 243 244 245 246 247 248 249 250 251 252 253 254 255 256 257 258 259 260 261 262 263 264 265 266 267 268 269 270 271 272 273 274 275 276 277 278 279 280 281 282 283 284 285 286 287 288 289 290 291 292 293 294 295 296 297 298 299 300 301 302 303 304 305 306 307 308 309 310 311 312 313 314 315 316 317 318 319 320 321 322 323 324 325 326 327 328 329 330 331 332 333 334 335 336 337 338 339 340 341 342 343 344 345 346 347 348 349 350 351 352 353 354 355 356 357 358 359 360 361 362 363 364 365 366 367 368 369 370 371 372 373 374 375 376 377 378 379 380 381 382 383 384 385 386 387 388 389 390 391 392 393 394 395 396 397 398 399 400 401 402 403 404 405 406 407 408 409 410 411 412 413 414 415 416 417 418 419 420 421 422 423 424 425 426 427 428 429 430 431 432 433 434 435 436 437 438 439 440 441 442 443 444 445 446 447 448 449 450 451 452 453 454 455 456 457 458 459 460 461 462 463 464 465 466 467 468 469 470 471 472 473 474 475 476 477 478 479 480 481 482 483 484 485 486 487 488 489 490 491 492 493 494 495 496 497 498 499 500 501 502 503 504 505 506 507 508 509 510 511 512 513 514 515 516 517 518 519 520 521 522 523 524 525 526 527 528 529 530 531 532 533 534 535 536 537 538 539 540 541 542 543 544 545 546 547 548 549 550 551 552 553 554 555 556 557 558 559 560 561 562 563 564 565 566 567 568 569 570 571 572 573 574 575 576 577 578 579 580 581 582 583 584 585 586 587 588 589 590 591 592 593 594 595 596 597 598 599 600 601 602 603 604 605 606 607 608 609 610 611 612 613 614 615 616 617 618 619 620 621 622 623 624 625 626 627 628 629 630 631 632 633 634 635 636 637 638 639 640 641 642 643 644 645 646 647 648 649 650 651 652 653 654 655 656 657 658 659 660 661 662 663 664 665 666 667 668 669 670 671 672 673 674 675 676 677 678 679 680 681 682 683 684 685 686 687 688 689 690 691 692 693 694 695 696 697 698 699 700 701 702 703 704 705 706 707 708 709 710 711 712 713 714 715 716 717 718 719 720 721 722 723 724 725 726 727 728 729 730 731 732 733 734 735 736 737 738 739 740 741 742 743 744 745 746 747 748 749 750 751 752 753 754 755 756 757 758 759 760 761 762 763 764 765 766 767 768 769 770 771 772 773 774 775 776 777 778 779 780 781 782 783 784 785 786 787 788 789 790 791 792 793 794 795 796 797 798 799 800 801 802 803 804 805 806 807 808 809 810 811 812 813 814 815 816 817 818 819 820 821 822 823 824 825 826 827 828 829 830 831 832 833 834 835 836 837 838 839 840 841 842 843 844 845 846 847 848 849 850 851 852 853 854 855 856 857 858 859 860 861 862 863 864 865 866 867 868 869 870 871 872 873 874 875 876 877 878 879 880 881 882 883 884 885 886 887 888 889 890 891 892 893 894 895 896 897 898 899 900 901 902 903 904 905 906 907 908 909 910 911 912 913 914 915 916 917 918 919 920 921 922 923 924 925 926 927 928 929 930 931 932 933 934 935 936 937 938 939 940 941 942 943 944 945 946 947 948 949 950 951 952 953 954 955 956 957 958 959 960 961 962 963 964 965 966 967 968 969 970 971 972 973 974 975 976 977 978 979 980 981 982 983 984 985 986 987 988 989 990 991 992 993 994 995 996 997 998 999 |
>SEQ_39
 1 2 3 4 5 6 7 8 9 10 11 12 13 14 15 16 17 18 19 20 21 22 23 24 25 26 27 28 29 30 31 32 33 34 35 36 37 38 39 40 41 42 43 44 45 46 47 48 49 50 51 52 53 54 55 56 57 58 59 60 61 62 63 64 65 66 67 68 69 70 71 72 73 74 75 76 77 78 79 80 81 82 83 84 85 86 87 88 89 90 91 92 93 94 95 96 97 98 99 100 101 102 103 104 105 106 107 108 109 110 111 112 113 114 115 116 117 118 119 120 121 122 123 124 125 126 127 128 129 130 131 132 133 134 135 136 137 138 139 140 141 142 143 144 145 146 147 148 149 150 151 152 153 154 155 156 157 158 159 160 161 162 163 164 165 166 167 168 169 170 171 172 173 174 175 176 177 178 179 180 181 182 183 184 185 186 187 188 189 190 191 192 193 194 195 196 197 198 199 200 201 202 203 204 205 206 207 208 209 210 211 212 213 214 215 216 217 218 219 220 221 222 223 224 225 226 227 228 229 230 231 232 233 234 235 236 237 238 239 240 241 242 243 244 245 246 247 248 249 250 251 252 253 254 255 256 257 258 259 260 261 262 263 264 265 266 267 268 269 270 271 272 273 274 275 276 277 278 279 280 281 282 283 284 285 286 287 288 289 290 291 292 293 294 295 296 297 298 299 300 301 302 303 304 305 306 307 308 309 310 311 312 313 314 315 316 317 318 319 320 321 322 323 324 325 326 327 328 329 330 331 332 333 334 335 336 337 338 339 340 341 342 343 344 345 346 347 348 349 350 351 352 353 354 355 356 357 358 359 360 361 362 363 364 365 366 367 368 369 370 371 372 373 374 375 376 377 378 379 380 381 382 383 384 385 386 387 388 389 390 391 392 393 394 395 396 397 398 399 400 401 402 403 404 405 406 407 408 409 410 411 412 413 414 415 416 417 418 419 420 421 422 423 424 425 426 427 428 429 430 431 432 433 434 435 436 437 438 439 440 441 442 443 444 445 446 447 448 449 450 451 452 453 454 455 456 457 458 459 460 461 462 463 464 465 466 467 468 469 470 471 472 473 474 475 476 477 478 479 480 481 482 483 484 485 486 487 488 489 490 491 492 493 494 495 496 497 498 499 500 501 502 503 504 505 506 507 508 509 510 511 512 513 514 515 516 517 518 519 520 521 522 523 524 525 526 527 528 529 530 531 532 533 534 535 536 537 538 539 540 541 542 543 544 545 546 547 548 549 550 551 552 553 554 555 556 557 558 559 560 561 562 563 564 565 566 567 568 569 570 571 572 573 574 575 576 577 578 579 580 581 582 583 584 585 586 587 588 589 590 591 592 593 594 595 596 597 598 599 600 601 602 603 604 605 606 607 608 609 610 611 612 613 614 615 616 617 618 619 620 621 622 623 624 625 626 627 628 629 630 631 632 633 634 635 636 637 638 639 640 641 642 643 644 645 646 647 648 649 650 651 652 653 654 655 656 657 658 659 660 661 662 663 664 665 666 667 668 669 670 671 672 673 674 675 676 677 678 679 680 681 682 683 684 685 686 687 688 689 690 691 692 693 694 695 696 697 698 699 700 701 702 703 704 705 706 707 708 709 710 711 712 713 714 715 716 717 718 719 720 721 722 723 724 725 726 727 728 729 730 731 732 733 734 735 736 737 738 739 740 741 742 743 744 745 746 747 748 749 750 751 752 753 754 755 756 757 758 759 760 761 762 763 764 765 766 767 768 769 770 771 772 773 774 775 776 777 778 779 780 781 782 783 784 785 786 787 788 789 790 791 792 793 794 795 796 797 798 799 800 801 802 803 804 805 806 807 808 809 810 811 812 813 814 815 816 817 818 819 820 821 822 823 824 825 826 827 828 829 830 831 832 833 834 835 836 837 838 839 840 841 842 843 844 845 846 847 848 849 850 851 852 853 854 855 856 857 858 859 860 861 862 863 864 865 866 867 868 869 870 871 872 873 874 875 876 877 878 879 880 881 882 883 884 885 886 887 888 889 890 891 892 893 894 895 896 897 898 899 900 901 902 903 904 905 906 907 908 909 910 911 912 913 914 915 916 917 918 919 920 921 922 923 924 925 926 927 928 929 930 931 932 933 934 935 936 937 938 939 940 941 942 943 944 945 946 947 948 949 950 951 952 953 954 955 956 957 958 959 960 961 962 963 964 965 966 967 968 969 970 971 972 973 974 975 976 977 978 979 980 981 982 983 984 985 986 987 988 989 990 991 992 993 994 995 996 997 998 999 |
>SEQ_40
 1 2 3 4 5 6 7 8 9 10 11 12 13 14 15 16 17 18 19 20 21 22 23 24 25 26 27 28 29 30 31 32 33 34 35 36 37 38 39 40 41 42 43 44 45 46 47 48 49 50 51 52 53 54 55 56 57 58 59 60 61 62 63 64 65 66 67 68 69 70 71 72 73 74 75 76 77 78 79 80 81 82 83 84 85 86 87 88 89 90 91 92 93 94 95 96 97 98 99 100 101 102 103 104 105 106 107 108 109 110 111 112 113 114 115 116 117 118 119 120 121 122 123 124 125 126 127 128 129 130 131 132 133 134 135 136 137 138 139 140 141 142 143 144 145 146 147 148 149 150 151 152 153 154 155 156 157 158 159 160 161 162 163 164 165 166 167 168 169 170 171 172 173 174 175 176 177 178 179 180 181 182 183 184 185 186 187 188 189 190 191 192 193 194 195 196 197 198 199 200 201 202 203 204 205 206 207 208 209 210 211 212 213 214 215 216 217 218 219 220 221 222 223 224 225 226 227 228 229 230 231 232 233 234 235 236 237 238 239 240 241 242 243 244 245 246 247 248 249 250 251 252 253 254 255 256 257 258 259 260 261 262 263 264 265 266 267 268 269 270 271 272 273 274 275 276 277 278 279 280 281 282 283 284 285 286 287 288 289 290 291 292 293 294 295 296 297 298 299 300 301 302 303 304 305 306 307 308 309 310 311 312 313 314 315 316 317 318 319 320 321 322 323 324 325 326 327 328 329 330 331 332 333 334 335 336 337 338 339 340 341 342 343 344 345 346 347 348 349 350 351 352 353 354 355 356 357 358 359 360 361 362 363 364 365 366 367 368 369 370 371 372 373 374 375 376 377 378 379 380 381 382 383 384 385 386 387 388 389 390 391 392 393 394 395 396 397 398 399 400 401 402 403 404 405 406 407 408 409 410 411 412 413 414 415 416 417 418 419 420 421 422 423 424 425 426 427 428 429 430 431 432 433 434 435 436 437 438 439 440 441 442 443 444 445 446 447 448 449 450 451 452 453 454 455 456 457 458 459 460 461 462 463 464 465 466 467 468 469 470 471 472 473 474 475 476 477 478 479 480 481 482 483 484 485 486 487 488 489 490 491 492 493 494 495 496 497 498 499 500 501 502 503 504 505 506 507 508 509 510 511 512 513 514 515 516 517 518 519 520 521 522 523 524 525 526 527 528 529 530 531 532 533 534 535 536 537 538 539 540 541 542 543 544 545 546 547 548 549 550 551 552 553 554 555 556 557 558 559 560 561 562 563 564 565 566 567 568 569 570 571 572 573 574 575 576 577 578 579 580 581 582 583 584 585 586 587 588 589 590 591 592 593 594 595 596 597 598 599 600 601 602 603 604 605 606 607 608 609 610 611 612 613 614 615 616 617 618 619 620 621 622 623 624 625 626 627 628 629 630 631 632 633 634 635 636 637 638 639 640 641 642 643 644 645 646 647 648 649 650 651 652 653 654 655 656 657 658 659 660 661 662 663 664 665 666 667 668 669 670 671 672 673 674 675 676 677 678 679 680 681 682 683 684 685 686 687 688 689 690 691 692 693 694 695 696 697 698 699 700 701 702 703 704 705 706 707 708 709 710 711 712 713 714 715 716 717 718 719 720 721 722 723 724 725 726 727 728 729 730 731 732 733 734 735 736 737 738 739 740 741 742 743 744 745 746 747 748 749 750 751 752 753 754 755 756 757 758 759 760 761 762 763 764 765 766 767 768 769 770 771 772 773 774 775 776 777 778 779 780 781 782 783 784 785 786 787 788 789 790 791 792 793 794 795 796 797 798 799 800 801 802 803 804 805 806 807 808 809 810 811 812 813 814 815 816 817 818 819 820 821 822 823 824 825 826 827 828 829 830 831 832 833 834 835 836 837 838 839 840 841 842 843 844 845 846 847 848 849 850 851 852 853 854 855 856 857 858 859 860 861 862 863 864 865 866 867 868 869 870 871 872 873 874 875 876 877 878 879 880 881 882 883 884 885 886 887 888 889 890 891 892 893 894 895 896 897 898 899 900 901 902 903 904 905 906 907 908 909 910 911 912 913 914 915 916 917 918 919 920 921 922 923 924 925 926 927 928 929 930 931 932 933 934 935 936 937 938 939 940 941 942 943 944 945 946 947 948 949 950 951 952 953 954 955 956 957 958 959 960 961 962 963 964 965 966 967 968 969 970 971 972 973 974 975 976 977 978 979 980 981 982 983 984 985 986 987 988 989 990 991 992 993 994 995 996 997 998 999 |
>SEQ_41
 0 1 2 3 4 5 6 7 8 9 10 11 12 13 14 15 16 17 18 19 20 21 22 23 24 25 26 27 28 29 30 31 32 33 34 35 36 37 38 39 40 41 42 43 44 45 46 47 48 49 50 51 52 53 54 55 56 57 58 59 60 61 62 63 64 65 66 67 68 69 70 71 72 73 74 75 76 77 78 79 80 81 82 83 84 85 86 87 88 89 90 91 92 93 94 95 96 97 98 99 100 101 102 103 104 105 106 107 108 109 110 111 112 113 114 115 116 117 118 119 120 121 122 123 124 125 126 127 128 129 130 131 132 133 134 135 136 137 138 139 140 141 142 143 144 145 146 147 148 149 150 151 152 153 154 155 156 157 158 159 160 161 162 163 164 165 166 167 168 169 170 171 172 173 174 175 176 177 178 179 180 181 182 183 184 185 186 187 188 189 190 191 192 193 194 195 196 197 198 199 200 201 202 203 204 205 206 207 208 209 210 211 212 213 214 215 216 217 218 219 220 221 222 223 224 225 226 227 228 229 230 231 232 233 234 235 236 237 238 239 240 241 242 243 244 245 246 247 248 249 250 251 252 253 254 255 256 257 258 259 260 261 262 263 264 265 266 267 268 269 270 271 272 273 274 275 276 277 278 279 280 281 282 283 284 285 286 287 288 289 290 291 292 293 294 295 296 297 298 299 300 301 302 303 304 305 306 307 308 309 310 311 312 313 314 315 316 317 318 319 320 321 322 323 324 325 326 327 328 329 330 331 332 333 334 335 336 337 338 339 340 341 342 343 344 345 346 347 348 349 350 351 352 353 354 355 356 357 358 359 360 361 362 363 364 365 366 367 368 369 370 371 372 373 374 375 376 377 378 379 380 381 382 383 384 385 386 387 388 389 390 391 392 393 394 395 396 397 398 399 400 401 402 403 404 405 406 407 408 409 410 411 412 413 414 415 416 417 418 419 420 421 422 423 424 425 426 427 428 429 430 431 432 433 434 435 436 437 438 439 440 441 442 443 444 445 446 447 448 449 450 451 452 453 454 455 456 457 458 459 460 461 462 463 464 465 466 467 468 469 470 471 472 473 474 475 476 477 478 479 480 481 482 483 484 485 486 487 488 489 490 491 492 493 494 495 496 497 498 499 500 501 502 503 504 505 506 507 508 509 510 511 512 513 514 515 516 517 518 519 520 521 522 523 524 525 526 527 528 529 530 531 532 533 534 535 536 537 538 539 540 541 542 543 544 545 546 547 548 549 550 551 552 553 554 555 556 557 558 559 560 561 562 563 564 565 566 567 568 569 570 571 572 573 574 575 576 577 578 579 580 581 582 583 584 585 586 587 588 589 590 591 592 593 594 595 596 597 598 599 600 601 602 603 604 605 606 607 608 609 610 611 612 613 614 615 616 617 618 619 620 621 622 623 624 625 626 627 628 629 630 631 632 633 634 635 636 637 638 639 640 641 642 643 644 645 646 647 648 649 650 651 652 653 654 655 656 657 658 659 660 661 662 663 664 665 666 667 668 669 670 671 672 673 674 675 676 677 678 679 680 681 682 683 684 685 686 687 688 689 690 691 692 693 694 695 696 697 698 699 700 701 702 703 704 705 706 707 708 709 710 711 712 713 714 715 716 717 718 719 720 721 722 723 724 725 726 727 728 729 730 731 732 733 734 735 736 737 738 739 740 741 742 743 744 745 746 747 748 749 750 751 752 753 754 755 756 757 758 759 760 761 762 763 764 765 766 767 768 769 770 771 772 773 774 775 776 777 778 779 780 781 782 783 784 785 786 787 788 789 790 791 792 793 794 795 796 797 798 799 800 801 802 803 804 805 806 807 808 809 810 811 812 813 814 815 816 817 818 819 820 821 822 823 824 825 826 827 828 829 830 831 832 833 834 835 836 837 838 839 840 841 842 843 844 845 846 847 848 849 850 851 852 853 854 855 856 857 858 859 860 861 862 863 864 865 866 867 868 869 870 871 872 873 874 875 876 877 878 879 880 881 882 883 884 885 886 887 888 889 890 891 892 893 894 895 896 897 898 899 900 901 902 903 904 905 906 907 908 909 910 911 912 913 914 915 916 917 918 919 920 921 922 923 924 925 926 927 928 929 930 931 932 933 934 935 936 937 938 939 940 941 942 943 944 945 946 947 948 949 950 951 952 953 954 955 956 957 958 959 960 961 962 963 964 965 966 967 968 969 970 971 972 973 974 975 976 977 978 979 980 981 982 983 984 985 986 987 988 989 990 991 992 993 994 995 996 997 998 999 |
>SEQ_42
 0 1 2 3 4 5 6 7 8 9 10 11 12 13 14 15 16 17 18 19 20 21 22 23 24 25 26 27 28 29 30 31 32 33 34 35 36 37 38 39 40 41 42 43 44 45 46 47 48 49 50 51 52 53 54 55 56 57 58 59 60 61 62 63 64 65 66 67 68 69 70 71 72 73 74 75 76 77 78 79 80 81 82 83 84 85 86 87 88 89 90 91 92 93 94 95 96 97 98 99 100 101 102 103 104 105 106 107 108 109 110 111 112 113 114 115 116 117 118 119 120 121 122 123 124 125 126 127 128 129 130 131 132 133 134 135 136 137 138 139 140 141 142 143 144 145 146 147 148 149 150 151 152 153 154 155 156 157 158 159 160 161 162 163 164 165 166 167 168 169 170 171 172 173 174 175 176 177 178 179 180 181 182 183 184 185 186 187 188 189 190 191 192 193 194 195 196 197 198 199 200 201 202 203 204 205 206 207 208 209 210 211 212 213 214 215 216 217 218 219 220 221 222 223 224 225 226 227 228 229 230 231 232 233 234 235 236 237 238 239 240 241 242 243 244 245 246 247 248 249 250 251 252 253 254 255 256 257 258 259 260 261 262 263 264 265 266 267 268 269 270 271 272 273 274 275 276 277 278 279 280 281 282 283 284 285 286 287 288 289 290 291 292 293 294 295 296 297 298 299 300 301 302 303 304 305 306 307 308 309 310 311 312 313 314 315 316 317 318 319 320 321 322 323 324 325 326 327 328 329 330 331 332 333 334 335 336 337 338 339 340 341 342 343 344 345 346 347 348 349 350 351 352 353 354 355 356 357 358 359 360 361 362 363 364 365 366 367 368 369 370 371 372 373 374 375 376 377 378 379 380 381 382 383 384 385 386 387 388 389 390 391 392 393 394 395 396 397 398 399 400 401 402 403 404 405 406 407 408 409 410 411 412 413 414 415 416 417 418 419 420 421 422 423 424 425 426 427 428 429 430 431 432 433 434 435 436 437 438 439 440 441 442 443 444 445 446 447 448 449 450 451 452 453 454 455 456 457 458 459 460 461 462 463 464 465 466 467 468 469 470 471 472 473 474 475 476 477 478 479 480 481 482 483 484 485 486 487 488 489 490 491 492 493 494 495 496 497 498 499 500 501 502 503 504 505 506 507 508 509 510 511 512 513 514 515 516 517 518 519 520 521 522 523 524 525 526 527 528 529 530 531 532 533 534 535 536 537 538 539 540 541 542 543 544 545 546 547 548 549 550 551 552 553 554 555 556 557 558 559 560 561 562 563 564 565 566 567 568 569 570 571 572 573 574 575 576 577 578 579 580 581 582 583 584 585 586 587 588 589 590 591 592 593 594 595 596 597 598 599 600 601 602 603 604 605 606 607 608 609 610 611 612 613 614 615 616 617 618 619 620 621 622 623 624 625 626 627 628 629 630 631 632 633 634 635 636 637 638 639 640 641 642 643 644 645 646 647 648 649 650 651 652 653 654 655 656 657 658 659 660 661 662 663 664 665 666 667 668 669 670 671 672 673 674 675 676 677 678 679 680 681 682 683 684 685 686 687 688 689 690 691 692 693 694 695 696 697 698 699 700 701 702 703 704 705 706 707 708 709 710 711 712 713 714 715 716 717 718 719 720 721 722 723 724 725 726 727 728 729 730 731 732 733 734 735 736 737 738 739 740 741 742 743 744 745 746 747 748 749 750 751 752 753 754 755 756 757 758 759 760 761 762 763 764 765 766 767 768 769 770 771 772 773 774 775 776 777 778 779 780 781 782 783 784 785 786 787 788 789 790 791 792 793 794 795 796 797 798 799 800 801 802 803 804 805 806 807 808 809 810 811 812 813 814 815 816 817 818 819 820 821 822 823 824 825 826 827 828 829 830 831 832 833 834 835 836 837 838 839 840 841 842 843 844 845 846 847 848 849 850 851 852 853 854 855 856 857 858 859 860 861 862 863 864 865 866 867 868 869 870 871 872 873 874 875 876 877 878 879 880 881 882 883 884 885 886 887 888 889 890 891 892 893 894 895 896 897 898 899 900 901 902 903 904 905 906 907 908 909 910 911 912 913 914 915 916 917 918 919 920 921 922 923 924 925 926 927 928 929 930 931 932 933 934 935 936 937 938 939 940 941 942 943 944 945 946 947 948 949 950 951 952 953 954 955 956 957 958 959 960 961 962 963 964 965 966 967 968 969 970 971 972 973 974 975 976 977 978 979 980 981 982 983 984 985 986 987 988 989 990 991 992 993 994 995 996 997 998 999 |
>SEQ_43
 0 1 2 3 4 5 6 7 8 9 10 11 12 13 14 15 16 17 18 19 20 21 22 23 24 25 26 27 28 29 30 31 32 33 34 35 36 37 38 39 40 41 42 43 44 45 46 47 48 49 50 51 52 53 54 55 56 57 58 59 60 61 62 63 64 65 66 67 68 69 70 71 72 73 74 75 76 77 78 79 80 81 82 83 84 85 86 87 88 89 90 91 92 93 94 95 96 97 98 99 100 101 102 103 104 105 106 107 108 109 110 111 112 113 114 115 116 117 118 119 120 121 122 123 124 125 126 127 128 129 130 131 132 133 134 135 136 137 138 139 140 141 142 143 144 145 146 147 148 149 150 151 152 153 154 155 156 157 158 159 160 161 162 163 164 165 166 167 168 169 170 171 172 173 174 175 176 177 178 179 180 181 182 183 184 185 186 187 188 189 190 191 192 193 194 195 196 197 198 199 200 201 202 203 204 205 206 207 208 209 210 211 212 213 214 215 216 217 218 219 220 221 222 223 224 225 226 227 228 229 230 231 232 233 234 235 236 237 238 239 240 241 242 243 244 245 246 247 248 249 250 251 252 253 254 255 256 257 258 259 260 261 262 263 264 265 266 267 268 269 270 271 272 273 274 275 276 277 278 279 280 281 282 283 284 285 286 287 288 289 290 291 292 293 294 295 296 297 298 299 300 301 302 303 304 305 306 307 308 309 310 311 312 313 314 315 316 317 318 319 320 321 322 323 324 325 326 327 328 329 330 331 332 333 334 335 336 337 338 339 340 341 342 343 344 345 346 347 348 349 350 351 352 353 354 355 356 357 358 359 360 361 362 363 364 365 366 367 368 369 370 371 372 373 374 375 376 377 378 379 380 381 382 383 384 385 386 387 388 389 390 391 392 393 394 395 396 397 398 399 400 401 402 403 404 405 406 407 408 409 410 411 412 413 414 415 416 417 418 419 420 421 422 423 424 425 426 427 428 429 430 431 432 433 434 435 436 437 438 439 440 441 442 443 444 445 446 447 448 449 450 451 452 453 454 455 456 457 458 459 460 461 462 463 464 465 466 467 468 469 470 471 472 473 474 475 476 477 478 479 480 481 482 483 484 485 486 487 488 489 490 491 492 493 494 495 496 497 498 499 500 501 502 503 504 505 506 507 508 509 510 511 512 513 514 515 516 517 518 519 520 521 522 523 524 525 526 527 528 529 530 531 532 533 534 535 536 537 538 539 540 541 542 543 544 545 546 547 548 549 550 551 552 553 554 555 556 557 558 559 560 561 562 563 564 565 566 567 568 569 570 571 572 573 574 575 576 577 578 579 580 581 582 583 584 585 586 587 588 589 590 591 592 593 594 595 596 597 598 599 600 601 602 603 604 605 606 607 608 609 610 611 612 613 614 615 616 617 618 619 620 621 622 623 624 625 626 627 628 629 630 631 632 633 634 635 636 637 638 639 640 641 642 643 644 645 646 647 648 649 650 651 652 653 654 655 656 657 658 659 660 661 662 663 664 665 666 667 668 669 670 671 672 673 674 675 676 677 678 679 680 681 682 683 684 685 686 687 688 689 690 691 692 693 694 695 696 697 698 699 700 701 702 703 704 705 706 707 708 709 710 711 712 713 714 715 716 717 718 719 720 721 722 723 724 725 726 727 728 729 730 731 732 733 734 735 736 737 738 739 740 741 742 743 744 745 746 747 748 749 750 751 752 753 754 755 756 757 758 759 760 761 762 763 764 765 766 767 768 769 770 771 772 773 774 775 776 777 778 779 780 781 782 783 784 785 786 787 788 789 790 791 792 793 794 795 796 797 798 799 800 801 802 803 804 805 806 807 808 809 810 811 812 813 814 815 816 817 818 819 820 821 822 823 824 825 826 827 828 829 830 831 832 833 834 835 836 837 838 839 840 841 842 843 844 845 846 847 848 849 850 851 852 853 854 855 856 857 858 859 860 861 862 863 864 865 866 867 868 869 870 871 872 873 874 875 876 877 878 879 880 881 882 883 884 885 886 887 888 889 890 891 892 893 894 895 896 897 898 899 900 901 902 903 904 905 906 907 908 909 910 911 912 913 914 915 916 917 918 919 920 921 922 923 924 925 926 927 928 929 930 931 932 933 934 935 936 937 938 939 940 941 942 943 944 945 946 947 948 949 950 951 952 953 954 955 956 957 958 959 960 961 962 963 964 965 966 967 968 969 970 971 972 973 974 975 976 977 978 979 980 981 982 983 984 985 986 987 988 989 990 991 992 993 994 995 996 997 998 999 |
>SEQ_44
 0 1 2 3 4 5 6 7 8 9 10 11 12 13 14 15 16 17 18 19 20 21 22 23 24 25 26 27 28 29 30 31 32 33 34 35 36 37 38 39 40 41 42 43 44 45 46 47 48 49 50 51 52 53 54 55 56 57 58 59 60 61 62 63 64 65 66 67 68 69 70 71 72 73 74 75 76 77 78 79 80 81 82 83 84 85 86 87 88 89 90 91 92 93 94 95 96 97 98 99 100 101 102 103 104 105 106 107 108 109 110 111 112 113 114 115 116 117 118 119 120 121 122 123 124 125 126 127 128 129 130 131 132 133 134 135 136 137 138 139 140 141 142 143 144 145 146 147 148 149 150 151 152 153 154 155 156 157 158 159 160 161 162 163 164 165 166 167 168 169 170 171 172 173 174 175 176 177 178 179 180 181 182 183 184 185 186 187 188 189 190 191 192 193 194 195 196 197 198 199 200 201 202 203 204 205 206 207 208 209 210 211 212 213 214 215 216 217 218 219 220 221 222 223 224 225 226 227 228 229 230 231 232 233 234 235 236 237 238 239 240 241 242 243 244 245 246 247 248 249 250 251 252 253 254 255 256 257 258 259 260 261 262 263 264 265 266 267 268 269 270 271 272 273 274 275 276 277 278 279 280 281 282 283 284 285 286 287 288 289 290 291 292 293 294 295 296 297 298 299 300 301 302 303 304 305 306 307 308 309 310 311 312 313 314 315 316 317 318 319 320 321 322 323 324 325 326 327 328 329 330 331 332 333 334 335 336 337 338 339 340 341 342 343 344 345 346 347 348 349 350 351 352 353 354 355 356 357 358 359 360 361 362 363 364 365 366 367 368 369 370 371 372 373 374 375 376 377 378 379 380 381 382 383 384 385 386 387 388 389 390 391 392 393 394 395 396 397 398 399 400 401 402 403 404 405 406 407 408 409 410 411 412 413 414 415 416 417 418 419 420 421 422 423 424 425 426 427 428 429 430 431 432 433 434 435 436 437 438 439 440 441 442 443 444 445 446 447 448 449 450 451 452 453 454 455 456 457 458 459 460 461 462 463 464 465 466 467 468 469 470 471 472 473 474 475 476 477 478 479 480 481 482 483 484 485 486 487 488 489 490 491 492 493 494 495 496 497 498 499 500 501 502 503 504 505 506 507 508 509 510 511 512 513 514 515 516 517 518 519 520 521 522 523 524 525 526 527 528 529 530 531 532 533 534 535 536 537 538 539 540 541 542 543 544 545 546 547 548 549 550 551 552 553 554 555 556 557 558 559 560 561 562 563 564 565 566 567 568 569 570 571 572 573 574 575 576 577 578 579 580 581 582 583 584 585 586 587 588 589 590 591 592 593 594 595 596 597 598 599 600 601 602 603 604 605 606 607 608 609 610 611 612 613 614 615 616 617 618 619 620 621 622 623 624 625 626 627 628 629 630 631 632 633 634 635 636 637 638 639 640 641 642 643 644 645 646 647 648 649 650 651 652 653 654 655 656 657 658 659 660 661 662 663 664 665 666 667 668 669 670 671 672 673 674 675 676 677 678 679 680 681 682 683 684 685 686 687 688 689 690 691 692 693 694 695 696 697 698 699 700 701 702 703 704 705 706 707 708 709 710 711 712 713 714 715 716 717 718 719 720 721 722 723 724 725 726 727 728 729 730 731 732 733 734 735 736 737 738 739 740 741 742 743 744 745 746 747 748 749 750 751 752 753 754 755 756 757 758 759 760 761 762 763 764 765 766 767 768 769 770 771 772 773 774 775 776 777 778 779 780 781 782 783 784 785 786 787 788 789 790 791 792 793 794 795 796 797 798 799 800 801 802 803 804 805 806 807 808 809 810 811 812 813 814 815 816 817 818 819 820 821 822 823 824 825 826 827 828 829 830 831 832 833 834 835 836 837 838 839 840 841 842 843 844 845 846 847 848 849 850 851 852 853 854 855 856 857 858 859 860 861 862 863 864 865 866 867 868 869 870 871 872 873 874 875 876 877 878 879 880 881 882 883 884 885 886 887 888 889 890 891 892 893 894 895 896 897 898 899 900 901 902 903 904 905 906 907 908 909 910 911 912 913 914 915 916 917 918 919 920 921 922 923 924 925 926 927 928 929 930 931 932 933 934 935 936 937 938 939 940 941 942 943 944 945 946 947 948 949 950 951 952 953 954 955 956 957 958 959 960 961 962 963 964 965 966 967 968 969 970 971 972 973 974 975 976 977 978 979 980 981 982 983 984 985 986 987 988 989 990 991 992 993 994 995 996 997 998 999 |
>SEQ_45
 0 1 2 3 4 5 6 7 8 9 10 11 12 13 14 15 16 17 18 19 20 21 22 23 24 25 26 27 28 29 30 31 32 33 34 35 36 37 38 39 40 41 42 43 44 45 46 47 48 49 50 51 52 53 54 55 56 57 58 59 60 61 62 63 64 65 66 67 68 69 70 71 72 73 74 75 76 77 78 79 80 81 82 83 84 85 86 87 88 89 90 91 92 93 94 95 96 97 98 99 100 101 102 103 104 105 106 107 108 109 110 111 112 113 114 115 116 117 118 119 120 121 122 123 124 125 126 127 128 129 130 131 132 133 134 135 136 137 138 139 140 141 142 143 144 145 146 147 148 149 150 151 152 153 154 155 156 157 158 159 160 161 162 163 164 165 166 167 168 169 170 171 172 173 174 175 176 177 178 179 180 181 182 183 184 185 186 187 188 189 190 191 192 193 194 195 196 197 198 199 200 201 202 203 204 205 206 207 208 209 210 211 212 213 214 215 216 217 218 219 220 221 222 223 224 225 226 227 228 229 230 231 232 233 234 235 236 237 238 239 240 241 242 243 244 245 246 247 248 249 250 251 252 253 254 255 256 257 258 259 260 261 262 263 264 265 266 267 268 269 270 271 272 273 274 275 276 277 278 279 280 281 282 283 284 285 286 287 288 289 290 291 292 293 294 295 296 297 298 299 300 301 302 303 304 305 306 307 308 309 310 311 312 313 314 315 316 317 318 319 320 321 322 323 324 325 326 327 328 329 330 331 332 333 334 335 336 337 338 339 340 341 342 343 344 345 346 347 348 349 350 351 352 353 354 355 356 357 358 359 360 361 362 363 364 365 366 367 368 369 370 371 372 373 374 375 376 377 378 379 380 381 382 383 384 385 386 387 388 389 390 391 392 393 394 395 396 397 398 399 400 401 402 403 404 405 406 407 408 409 410 411 412 413 414 415 416 417 418 419 420 421 422 423 424 425 426 427 428 429 430 431 432 433 434 435 436 437 438 439 440 441 442 443 444 445 446 447 448 449 450 451 452 453 454 455 456 457 458 459 460 461 462 463 464 465 466 467 468 469 470 471 472 473 474 475 476 477 478 479 480 481 482 483 484 485 486 487 488 489 490 491 492 493 494 495 496 497 498 499 500 501 502 503 504 505 506 507 508 509 510 511 512 513 514 515 516 517 518 519 520 521 522 523 524 525 526 527 528 529 530 531 532 533 534 535 536 537 538 539 540 541 542 543 544 545 546 547 548 549 550 551 552 553 554 555 556 557 558 559 560 561 562 563 564 565 566 567 568 569 570 571 572 573 574 575 576 577 578 579 580 581 582 583 584 585 586 587 588 589 590 591 592 593 594 595 596 597 598 599 600 601 602 603 604 605 606 607 608 609 610 611 612 613 614 615 616 617 618 619 620 621 622 623 624 625 626 627 628 629 630 631 632 633 634 635 636 637 638 639 640 641 642 643 644 645 646 647 648 649 650 651 652 653 654 655 656 657 658 659 660 661 662 663 664 665 666 667 668 669 670 671 672 673 674 675 676 677 678 679 680 681 682 683 684 685 686 687 688 689 690 691 692 693 694 695 696 697 698 699 700 701 702 703 704 705 706 707 708 709 710 711 712 713 714 715 716 717 718 719 720 721 722 723 724 725 726 727 728 729 730 731 732 733 734 735 736 737 738 739 740 741 742 743 744 745 746 747 748 749 750 751 752 753 754 755 756 757 758 759 760 761 762 763 764 765 766 767 768 769 770 771 772 773 774 775 776 777 778 779 780 781 782 783 784 785 786 787 788 789 790 791 792 793 794 795 796 797 798 799 800 801 802 803 804 805 806 807 808 809 810 811 812 813 814 815 816 817 818 819 820 821 822 823 824 825 826 827 828 829 830 831 832 833 834 835 836 837 838 839 840 841 842 843 844 845 846 847 848 849 850 851 852 853 854 855 856 857 858 859 860 861 862 863 864 865 866 867 868 869 870 871 872 873 874 875 876 877 878 879 880 881 882 883 884 885 886 887 888 889 890 891 892 893 894 895 896 897 898 899 900 901 902 903 904 905 906 907 908 909 910 911 912 913 914 915 916 917 918 919 920 921 922 923 924 925 926 927 928 929 930 931 932 933 934 935 936 937 938 939 940 941 942 943 944 945 946 947 948 949 950 951 952 953 954 955 956 957 958 959 960 961 962 963 964 965 966 967 968 969 970 971 972 973 974 975 976 977 978 979 980 981 982 983 984 985 986 987 988 989 990 991 992 993 994 995 996 997 998 999 |
>SEQ_46
 0 1 2 3 4 5 6 7 8 9 10 11 12 13 14 15 16 17 18 19 20 21 22 23 24 25 26 27 28 29 30 31 32 33 34 35 36 37 38 39 40 41 42 43 44 45 46 47 48 49 50 51 52 53 54 55 56 57 58 59 60 61 62 63 64 65 66 67 68 69 70 71 72 73 74 75 76 77 78 79 80 81 82 83 84 85 86 87 88 89 90 91 92 93 94 95 96 97 98 99 100 101 102 103 104 105 106 107 108 109 110 111 112 113 114 115 116 117 118 119 120 121 122 123 124 125 126 127 128 129 130 131 132 133 134 135 136 137 138 139 140 141 142 143 144 145 146 147 148 149 150 151 152 153 154 155 156 157 158 159 160 161 162 163 164 165 166 167 168 169 170 171 172 173 174 175 176 177 178 179 180 181 182 183 184 185 186 187 188 189 190 191 192 193 194 195 196 197 198 199 200 201 202 203 204 205 206 207 208 209 210 211 212 213 214 215 216 217 218 219 220 221 222 223 224 225 226 227 228 229 230 231 232 233 234 235 236 237 238 239 240 241 242 243 244 245 246 247 248 249 250 251 252 253 254 255 256 257 258 259 260 261 262 263 264 265 266 267 268 269 270 271 272 273 274 275 276 277 278 279 280 281 282 283 284 285 286 287 288 289 290 291 292 293 294 295 296 297 298 299 300 301 302 303 304 305 306 307 308 309 310 311 312 313 314 315 316 317 318 319 320 321 322 323 324 325 326 327 328 329 330 331 332 333 334 335 336 337 338 339 340 341 342 343 344 345 346 347 348 349 350 351 352 353 354 355 356 357 358 359 360 361 362 363 364 365 366 367 368 369 370 371 372 373 374 375 376 377 378 379 380 381 382 383 384 385 386 387 388 389 390 391 392 393 394 395 396 397 398 399 400 401 402 403 404 405 406 407 408 409 410 411 412 413 414 415 416 417 418 419 420 421 422 423 424 425 426 427 428 429 430 431 432 433 434 435 436 437 438 439 440 441 442 443 444 445 446 447 448 449 450 451 452 453 454 455 456 457 458 459 460 461 462 463 464 465 466 467 468 469 470 471 472 473 474 475 476 477 478 479 480 481 482 483 484 485 486 487 488 489 490 491 492 493 494 495 496 497 498 499 500 501 502 503 504 505 506 507 508 509 510 511 512 513 514 515 516 517 518 519 520 521 522 523 524 525 526 527 528 529 530 531 532 533 534 535 536 537 538 539 540 541 542 543 544 545 546 547 548 549 550 551 552 553 554 555 556 557 558 559 560 561 562 563 564 565 566 567 568 569 570 571 572 573 574 575 576 577 578 579 580 581 582 583 584 585 586 587 588 589 590 591 592 593 594 595 596 597 598 599 600 601 602 603 604 605 606 607 608 609 610 611 612 613 614 615 616 617 618 619 620 621 622 623 624 625 626 627 628 629 630 631 632 633 634 635 636 637 638 639 640 641 642 643 644 645 646 647 648 649 650 651 652 653 654 655 656 657 658 659 660 661 662 663 664 665 666 667 668 669 670 671 672 673 674 675 676 677 678 679 680 681 682 683 684 685 686 687 688 689 690 691 692 693 694 695 696 697 698 699 700 701 702 703 704 705 706 707 708 709 710 711 712 713 714 715 716 717 718 719 720 721 722 723 724 725 726 727 728 729 730 731 732 733 734 735 736 737 738 739 740 741 742 743 744 745 746 747 748 749 750 751 752 753 754 755 756 757 758 759 760 761 762 763 764 765 766 767 768 769 770 771 772 773 774 775 776 777 778 779 780 781 782 783 784 785 786 787 788 789 790 791 792 793 794 795 796 797 798 799 800 801 802 803 804 805 806 807 808 809 810 811 812 813 814 815 816 817 818 819 820 821 822 823 824 825 826 827 828 829 830 831 832 833 834 835 836 837 838 839 840 841 842 843 844 845 846 847 848 849 850 851 852 853 854 855 856 857 858 859 860 861 862 863 864 865 866 867 868 869 870 871 872 873 874 875 876 877 878 879 880 881 882 883 884 885 886 887 888 889 890 891 892 893 894 895 896 897 898 899 900 901 902 903 904 905 906 907 908 909 910 911 912 913 914 915 916 917 918 919 920 921 922 923 924 925 926 927 928 929 930 931 932 933 934 935 936 937 938 939 940 941 942 943 944 945 946 947 948 949 950 951 952 953 954 955 956 957 958 959 960 961 962 963 964 965 966 967 968 969 970 971 972 973 974 975 976 977 978 979 980 981 982 983 984 985 986 987 988 989 990 991 992 993 994 995 996 997 998 999 |
>SEQ_47
 0 1 2 3 4 5 6 7 8 9 10 11 12 13 14 15 16 17 18 19 20 21 22 23 24 25 26 27 28 29 30 31 32 33 34 35 36 37 38 39 40 41 42 43 44 45 46 47 48 49 50 51 52 53 54 55 56 57 58 59 60 61 62 63 64 65 66 67 68 69 70 71 72 73 74 75 76 77 78 79 80 81 82 83 84 85 86 87 88 89 90 91 92 93 94 95 96 97 98 99 100 101 102 103 104 105 106 107 108 109 110 111 112 113 114 115 116 117 118 119 120 121 122 123 124 125 126 127 128 129 130 131 132 133 134 135 136 137 138 139 140 141 142 143 144 145 146 147 148 149 150 151 152 153 154 155 156 157 158 159 160 161 162 163 164 165 166 167 168 169 170 171 172 173 174 175 176 177 178 179 180 181 182 183 184 185 186 187 188 189 190 191 192 193 194 195 196 197 198 199 200 201 202 203 204 205 206 207 208 209 210 211 212 213 214 215 216 217 218 219 220 221 222 223 224 225 226 227 228 229 230 231 232 233 234 235 236 237 238 239 240 241 242 243 244 245 246 247 248 249 250 251 252 253 254 255 256 257 258 259 260 261 262 263 264 265 266 267 268 269 270 271 272 273 274 275 276 277 278 279 280 281 282 283 284 285 286 287 288 289 290 291 292 293 294 295 296 297 298 299 300 301 302 303 304 305 306 307 308 309 310 311 312 313 314 315 316 317 318 319 320 321 322 323 324 325 326 327 328 329 330 331 332 333 334 335 336 337 338 339 340 341 342 343 344 345 346 347 348 349 350 351 352 353 354 355 356 357 358 359 360 361 362 363 364 365 366 367 368 369 370 371 372 373 374 375 376 377 378 379 380 381 382 383 384 385 386 387 388 389 390 391 392 393 394 395 396 397 398 399 400 401 402 403 404 405 406 407 408 409 410 411 412 413 414 415 416 417 418 419 420 421 422 423 424 425 426 427 428 429 430 431 432 433 434 435 436 437 438 439 440 441 442 443 444 445 446 447 448 449 450 451 452 453 454 455 456 457 458 459 460 461 462 463 464 465 466 467 468 469 470 471 472 473 474 475 476 477 478 479 480 481 482 483 484 485 486 487 488 489 490 491 492 493 494 495 496 497 498 499 500 501 502 503 504 505 506 507 508 509 510 511 512 513 514 515 516 517 518 519 520 521 522 523 524 525 526 527 528 529 530 531 532 533 534 535 536 537 538 539 540 541 542 543 544 545 546 547 548 549 550 551 552 553 554 555 556 557 558 559 560 561 562 563 564 565 566 567 568 569 570 571 572 573 574 575 576 577 578 579 580 581 582 583 584 585 586 587 588 589 590 591 592 593 594 595 596 597 598 599 600 601 602 603 604 605 606 607 608 609 610 611 612 613 614 615 616 617 618 619 620 621 622 623 624 625 626 627 628 629 630 631 632 633 634 635 636 637 638 639 640 641 642 643 644 645 646 647 648 649 650 651 652 653 654 655 656 657 658 659 660 661 662 663 664 665 666 667 668 669 670 671 672 673 674 675 676 677 678 679 680 681 682 683 684 685 686 687 688 689 690 691 692 693 694 695 696 697 698 699 700 701 702 703 704 705 706 707 708 709 710 711 712 713 714 715 716 717 718 719 720 721 722 723 724 725 726 727 728 729 730 731 732 733 734 735 736 737 738 739 740 741 742 743 744 745 746 747 748 749 750 751 752 753 754 755 756 757 758 759 760 761 762 763 764 765 766 767 768 769 770 771 772 773 774 775 776 777 778 779 780 781 782 783 784 785 786 787 788 789 790 791 792 793 794 795 796 797 798 799 800 801 802 803 804 805 806 807 808 809 810 811 812 813 814 815 816 817 818 819 820 821 822 823 824 825 826 827 828 829 830 831 832 833 834 835 836 837 838 839 840 841 842 843 844 845 846 847 848 849 850 851 852 853 854 855 856 857 858 859 860 861 862 863 864 865 866 867 868 869 870 871 872 873 874 875 876 877 878 879 880 881 882 883 884 885 886 887 888 889 890 891 892 893 894 895 896 897 898 899 900 901 902 903 904 905 906 907 908 909 910 911 912 913 914 915 916 917 918 919 920 921 922 923 924 925 926 927 928 929 930 931 932 933 934 935 936 937 938 939 940 941 942 943 944 945 946 947 948 949 950 951 952 953 954 955 956 957 958 959 960 961 962 963 964 965 966 967 968 969 970 971 972 973 974 975 976 977 978 979 980 981 982 983 984 985 986 987 988 989 990 991 992 993 994 995 996 997 998 999 |
>SEQ_48
 0 1 2 3 4 5 6 7 8 9 10 11 12 13 14 15 16 17 18 19 20 21 22 23 24 25 26 27 28 29 30 31 32 33 34 35 36 37 38 39 40 41 42 43 44 45 46 47 48 49 50 51 52 53 54 55 56 57 58 59 60 61 62 63 64 65 66 67 68 69 70 71 72 73 74 75 76 77 78 79 80 81 82 83 84 85 86 87 88 89 90 91 92 93 94 95 96 97 98 99 100 101 102 103 104 105 106 107 108 109 110 111 112 113 114 115 116 117 118 119 120 121 122 123 124 125 126 127 128 129 130 131 132 133 134 135 136 137 138 139 140 141 142 143 144 145 146 147 148 149 150 151 152 153 154 155 156 157 158 159 160 161 162 163 164 165 166 167 168 169 170 171 172 173 174 175 176 177 178 179 180 181 182 183 184 185 186 187 188 189 190 191 192 193 194 195 196 197 198 199 200 201 202 203 204 205 206 207 208 209 210 211 212 213 214 215 216 217 218 219 220 221 222 223 224 225 226 227 228 229 230 231 232 233 234 235 236 237 238 239 240 241 242 243 244 245 246 247 248 249 250 251 252 253 254 255 256 257 258 259 260 261 262 263 264 265 266 267 268 269 270 271 272 273 274 275 276 277 278 279 280 281 282 283 284 285 286 287 288 289 290 291 292 293 294 295 296 297 298 299 300 301 302 303 304 305 306 307 308 309 310 311 312 313 314 315 316 317 318 319 320 321 322 323 324 325 326 327 328 329 330 331 332 333 334 335 336 337 338 339 340 341 342 343 344 345 346 347 348 349 350 351 352 353 354 355 356 357 358 359 360 361 362 363 364 365 366 367 368 369 370 371 372 373 374 375 376 377 378 379 380 381 382 383 384 385 386 387 388 389 390 391 392 393 394 395 396 397 398 399 400 401 402 403 404 405 406 407 408 409 410 411 412 413 414 415 416 417 418 419 420 421 422 423 424 425 426 427 428 429 430 431 432 433 434 435 436 437 438 439 440 441 442 443 444 445 446 447 448 449 450 451 452 453 454 455 456 457 458 459 460 461 462 463 464 465 466 467 468 469 470 471 472 473 474 475 476 477 478 479 480 481 482 483 484 485 486 487 488 489 490 491 492 493 494 495 496 497 498 499 500 501 502 503 504 505 506 507 508 509 510 511 512 513 514 515 516 517 518 519 520 521 522 523 524 525 526 527 528 529 530 531 532 533 534 535 536 537 538 539 540 541 542 543 544 545 546 547 548 549 550 551 552 553 554 555 556 557 558 559 560 561 562 563 564 565 566 567 568 569 570 571 572 573 574 575 576 577 578 579 580 581 582 583 584 585 586 587 588 589 590 591 592 593 594 595 596 597 598 599 600 601 602 603 604 605 606 607 608 609 610 611 612 613 614 615 616 617 618 619 620 621 622 623 624 625 626 627 628 629 630 631 632 633 634 635 636 637 638 639 640 641 642 643 644 645 646 647 648 649 650 651 652 653 654 655 656 657 658 659 660 661 662 663 664 665 666 667 668 669 670 671 672 673 674 675 676 677 678 679 680 681 682 683 684 685 686 687 688 689 690 691 692 693 694 695 696 697 698 699 700 701 702 703 704 705 706 707 708 709 710 711 712 713 714 715 716 717 718 719 720 721 722 723 724 725 726 727 728 729 730 731 732 733 734 735 736 737 738 739 740 741 742 743 744 745 746 747 748 749 750 751 752 753 754 755 756 757 758 759 760 761 762 763 764 765 766 767 768 769 770 771 772 773 774 775 776 777 778 779 780 781 782 783 784 785 786 787 788 789 790 791 792 793 794 795 796 797 798 799 800 801 802 803 804 805 806 807 808 809 810 811 812 813 814 815 816 817 818 819 820 821 822 823 824 825 826 827 828 829 830 831 832 833 834 835 836 837 838 839 840 841 842 843 844 845 846 847 848 849 850 851 852 853 854 855 856 857 858 859 860 861 862 863 864 865 866 867 868 869 870 871 872 873 874 875 876 877 878 879 880 881 882 883 884 885 886 887 888 889 890 891 892 893 894 895 896 897 898 899 900 901 902 903 904 905 906 907 908 909 910 911 912 913 914 915 916 917 918 919 920 921 922 923 924 925 926 927 928 929 930 931 932 933 934 935 936 937 938 939 940 941 942 943 944 945 946 947 948 949 950 951 952 953 954 955 956 957 958 959 960 961 962 963 964 965 966 967 968 969 970 971 972 973 974 975 976 977 978 979 980 981 982 983 984 985 986 987 988 989 990 991 992 993 994 995 996 997 998 999 |
>SEQ_49
 0 1 2 3 4 5 6 7 8 9 10 11 12 13 14 15 16 17 18 19 20 21 22 23 24 25 26 27 28 29 30 31 32 33 34 35 36 37 38 39 40 41 42 43 44 45 46 47 48 49 50 51 52 53 54 55 56 57 58 59 60 61 62 63 64 65 66 67 68 69 70 71 72 73 74 75 76 77 78 79 80 81 82 83 84 85 86 87 88 89 90 91 92 93 94 95 96 97 98 99 100 101 102 103 104 105 106 107 108 109 110 111 112 113 114 115 116 117 118 119 120 121 122 123 124 125 126 127 128 129 130 131 132 133 134 135 136 137 138 139 140 141 142 143 144 145 146 147 148 149 150 151 152 153 154 155 156 157 158 159 160 161 162 163 164 165 166 167 168 169 170 171 172 173 174 175 176 177 178 179 180 181 182 183 184 185 186 187 188 189 190 191 192 193 194 195 196 197 198 199 200 201 202 203 204 205 206 207 208 209 210 211 212 213 214 215 216 217 218 219 220 221 222 223 224 225 226 227 228 229 230 231 232 233 234 235 236 237 238 239 240 241 242 243 244 245 246 247 248 249 250 251 252 253 254 255 256 257 258 259 260 261 262 263 264 265 266 267 268 269 270 271 272 273 274 275 276 277 278 279 280 281 282 283 284 285 286 287 288 289 290 291 292 293 294 295 296 297 298 299 300 301 302 303 304 305 306 307 308 309 310 311 312 313 314 315 316 317 318 319 320 321 322 323 324 325 326 327 328 329 330 331 332 333 334 335 336 337 338 339 340 341 342 343 344 345 346 347 348 349 350 351 352 353 354 355 356 357 358 359 360 361 362 363 364 365 366 367 368 369 370 371 372 373 374 375 376 377 378 379 380 381 382 383 384 385 386 387 388 389 390 391 392 393 394 395 396 397 398 399 400 401 402 403 404 405 406 407 408 409 410 411 412 413 414 415 416 417 418 419 420 421 422 423 424 425 426 427 428 429 430 431 432 433 434 435 436 437 438 439 440 441 442 443 444 445 446 447 448 449 450 451 452 453 454 455 456 457 458 459 460 461 462 463 464 465 466 467 468 469 470 471 472 473 474 475 476 477 478 479 480 481 482 483 484 485 486 487 488 489 490 491 492 493 494 495 496 497 498 499 500 501 502 503 504 505 506 507 508 509 510 511 512 513 514 515 516 517 518 519 520 521 522 523 524 525 526 527 528 529 530 531 532 533 534 535 536 537 538 539 540 541 542 543 544 545 546 547 548 549 550 551 552 553 554 555 556 557 558 559 560 561 562 563 564 565 566 567 568 569 570 571 572 573 574 575 576 577 578 579 580 581 582 583 584 585 586 587 588 589 590 591 592 593 594 595 596 597 598 599 600 601 602 603 604 605 606 607 608 609 610 611 612 613 614 615 616 617 618 619 620 621 622 623 624 625 626 627 628 629 630 631 632 633 634 635 636 637 638 639 640 641 642 643 644 645 646 647 648 649 650 651 652 653 654 655 656 657 658 659 660 661 662 663 664 665 666 667 668 669 670 671 672 673 674 675 676 677 678 679 680 681 682 683 684 685 686 687 688 689 690 691 692 693 694 695 696 697 698 699 700 701 702 703 704 705 706 707 708 709 710 711 712 713 714 715 716 717 718 719 720 721 722 723 724 725 726 727 728 729 730 731 732 733 734 735 736 737 738 739 740 741 742 743 744 745 746 747 748 749 750 751 752 753 754 755 756 757 758 759 760 761 762 763 764 765 766 767 768 769 770 771 772 773 774 775 776 777 778 779 780 781 782 783 784 785 786 787 788 789 790 791 792 793 794 795 796 797 798 799 800 801 802 803 804 805 806 807 808 809 810 811 812 813 814 815 816 817 818 819 820 821 822 823 824 825 826 827 828 829 830 831 832 833 834 835 836 837 838 839 840 841 842 843 844 845 846 847 848 849 850 851 852 853 854 855 856 857 858 859 860 861 862 863 864 865 866 867 868 869 870 871 872 873 874 875 876 877 878 879 880 881 882 883 884 885 886 887 888 889 890 891 892 893 894 895 896 897 898 899 900 901 902 903 904 905 906 907 908 909 910 911 912 913 914 915 916 917 918 919 920 921 922 923 924 925 926 927 928 929 930 931 932 933 934 935 936 937 938 939 940 941 942 943 944 945 946 947 948 949 950 951 952 953 954 955 956 957 958 959 960 961 962 963 964 965 966 967 968 969 970 971 972 973 974 975 976 977 978 979 980 981 982 983 984 985 986 987 988 989 990 991 992 993 994 995 996 997 998 999 |
>SEQ_50
 0 1 2 3 4 5 6 7 8 9 10 11 12 13 14 15 16 17 18 19 20 21 22 23 24 25 26 27 28 29 30 31 32 33 34 35 36 37 38 39 40 41 42 43 44 45 46 47 48 49 50 51 52 53 54 55 56 57 58 59 60 61 62 63 64 65 66 67 68 69 70 71 72 73 74 75 76 77 78 79 80 81 82 83 84 85 86 87 88 89 90 91 92 93 94 95 96 97 98 99 100 101 102 103 104 105 106 107 108 109 110 111 112 113 114 115 116 117 118 119 120 121 122 123 124 125 126 127 128 129 130 131 132 133 134 135 136 137 138 139 140 141 142 143 144 145 146 147 148 149 150 151 152 153 154 155 156 157 158 159 160 161 162 163 164 165 166 167 168 169 170 171 172 173 174 175 176 177 178 179 180 181 182 183 184 185 186 187 188 189 190 191 192 193 194 195 196 197 198 199 200 201 202 203 204 205 206 207 208 209 210 211 212 213 214 215 216 217 218 219 220 221 222 223 224 225 226 227 228 229 230 231 232 233 234 235 236 237 238 239 240 241 242 243 244 245 246 247 248 249 250 251 252 253 254 255 256 257 258 259 260 261 262 263 264 265 266 267 268 269 270 271 272 273 274 275 276 277 278 279 280 281 282 283 284 285 286 287 288 289 290 291 292 293 294 295 296 297 298 299 300 301 302 303 304 305 306 307 308 309 310 311 312 313 314 315 316 317 318 319 320 321 322 323 324 325 326 327 328 329 330 331 332 333 334 335 336 337 338 339 340 341 342 343 344 345 346 347 348 349 350 351 352 353 354 355 356 357 358 359 360 361 362 363 364 365 366 367 368 369 370 371 372 373 374 375 376 377 378 379 380 381 382 383 384 385 386 387 388 389 390 391 392 393 394 395 396 397 398 399 400 401 402 403 404 405 406 407 408 409 410 411 412 413 414 415 416 417 418 419 420 421 422 423 424 425 426 427 428 429 430 431 432 433 434 435 436 437 438 439 440 441 442 443 444 445 446 447 448 449 450 451 452 453 454 455 456 457 458 459 460 461 462 463 464 465 466 467 468 469 470 471 472 473 474 475 476 477 478 479 480 481 482 483 484 485 486 487 488 489 490 491 492 493 494 495 496 497 498 499 500 501 502 503 504 505 506 507 508 509 510 511 512 513 514 515 516 517 518 519 520 521 522 523 524 525 526 527 528 529 530 531 532 533 534 535 536 537 538 539 540 541 542 543 544 545 546 547 548 549 550 551 552 553 554 555 556 557 558 559 560 561 562 563 564 565 566 567 568 569 570 571 572 573 574 575 576 577 578 579 580 581 582 583 584 585 586 587 588 589 590 591 592 593 594 595 596 597 598 599 600 601 602 603 604 605 606 607 608 609 610 611 612 613 614 615 616 617 618 619 620 621 622 623 624 625 626 627 628 629 630 631 632 633 634 635 636 637 638 639 640 641 642 643 644 645 646 647 648 649 650 651 652 653 654 655 656 657 658 659 660 661 662 663 664 665 666 667 668 669 670 671 672 673 674 675 676 677 678 679 680 681 682 683 684 685 686 687 688 689 690 691 692 693 694 695 696 697 698 699 700 701 702 703 704 705 706 707 708 709 710 711 712 713 714 715 716 717 718 719 720 721 722 723 724 725 726 727 728 729 730 731 732 733 734 735 736 737 738 739 740 741 742 743 744 745 746 747 748 749 750 751 752 753 754 755 756 757 758 759 760 761 762 763 764 765 766 767 768 769 770 771 772 773 774 775 776 777 778 779 780 781 782 783 784 785 786 787 788 789 790 791 792 793 794 795 796 797 798 799 800 801 802 803 804 805 806 807 808 809 810 811 812 813 814 815 816 817 818 819 820 821 822 823 824 825 826 827 828 829 830 831 832 833 834 835 836 837 838 839 840 841 842 843 844 845 846 847 848 849 850 851 852 853 854 855 856 857 858 859 860 861 862 863 864 865 866 867 868 869 870 871 872 873 874 875 876 877 878 879 880 881 882 883 884 885 886 887 888 889 890 891 892 893 894 895 896 897 898 899 900 901 902 903 904 905 906 907 908 909 910 911 912 913 914 915 916 917 918 919 920 921 922 923 924 925 926 927 928 929 930 931 932 933 934 935 936 937 938 939 940 941 942 943 944 945 946 947 948 949 950 951 952 953 954 955 956 957 958 959 960 961 962 963 964 965 966 967 968 969 970 971 972 973 974 975 976 977 978 979 980 981 982 983 984 985 986 987 988 989 990 991 992 993 994 995 996 997 998 999 |
>SEQ_51
 917 934 7 335 | 512 639 | 511 640 | 78 724 | 77 725 | 764 0 402 | 440 918 165 | 297 841 | 255 425 795 | 441 933 275 | 840 298 424 566 | 326 523 838 960 | 522 319 672 486 | 136 274 | 168 349 | 135 166 | 629 912 81 439 994 | 101 568 | 293 577 | 576 285 763 | 799 911 | 869 102 567 | 798 963 | 216 332 767 | 334 8 962 56 331 819 | 947 556 480 649 | 948 555 481 648 768 | 524 837 | 485 252 401 | 383 851 | 318 82 850 995 | 673 925 | 662 868 | 663 867 | 65 438 1 655 | 42 289 | 85 660 | 86 659 | 66 55 382 | 37 374 327 251 612 | 36 375 |

Output:


DCJ-indel distance comparisons:
______________________________________________________________________________________________________________________________________________________________________________________________________________________________________________________________________________________________________________________________________________________________________________________________________________________________________________________________________________________________________________________________________________________________________________________________________________________________________________________________________________________________________________________________________________________________________________________________________________________________________________________________________________________________________________________________________________________________________________________________________________________________________________________________________________________________________________________________________________________________________________________________________________________________________________________________________________________________________________________________________________________________________________________________________________________________________________________________________________________________________________________________________________________________________________________________________________________________________________________________________________________________________________________________________________________________________________________________________________________________________________________________________________________________________________________________________________________________________________________________________________________________________________________________________________________________________________________________________________________________________________________________________________________________________________________________________________________________________________________
|                          | simulated_k51_l1000_10 | simulated_k51_l1000_22 | simulated_k51_l1000_24 | simulated_k51_l1000_30 | simulated_k51_l1000_32 | simulated_k51_l1000_34 | simulated_k51_l1000_37 | simulated_k51_l1000_38 | simulated_k51_l1000_42 | simulated_k51_l1000_44 | simulated_k51_l1000_46 | simulated_k51_l1000_48 | simulated_k51_l1000_49 | simulated_k51_l1000_50 | simulated_k51_l1000_51 | simulated_k51_l1000_52 | simulated_k51_l1000_54 | simulated_k51_l1000_57 | simulated_k51_l1000_58 | simulated_k51_l1000_61 | simulated_k51_l1000_62 | simulated_k51_l1000_64 | simulated_k51_l1000_66 | simulated_k51_l1000_67 | simulated_k51_l1000_68 | simulated_k51_l1000_69 | simulated_k51_l1000_70 | simulated_k51_l1000_71 | simulated_k51_l1000_72 | simulated_k51_l1000_73 | simulated_k51_l1000_74 | simulated_k51_l1000_76 | simulated_k51_l1000_78 | simulated_k51_l1000_80 | simulated_k51_l1000_81 | simulated_k51_l1000_82 | simulated_k51_l1000_84 | simulated_k51_l1000_86 | simulated_k51_l1000_87 | simulated_k51_l1000_88 | simulated_k51_l1000_89 | simulated_k51_l1000_90 | simulated_k51_l1000_91 | simulated_k51_l1000_92 | simulated_k51_l1000_93 | simulated_k51_l1000_94 | simulated_k51_l1000_95 | simulated_k51_l1000_96 | simulated_k51_l1000_98 | simulated_k51_l1000_99 | simulated_k51_l1000_100 | MST_1 | MST_2 | MST_3 | MST_4 | MST_5 | MST_6 | MST_7 | MST_8 | MST_9 | MST_10 | MST_11 | MST_12 | MST_13 | MST_14 | MST_15 | MST_16 | MST_17 | MST_18 | MST_19 | MST_20 | MST_21 | MST_22 | MST_23 | MST_24 | MST_25 | MST_26 | MST_27 | MST_28 | MST_29 | MST_30 | MST_31 | MST_32 | MST_33 | MST_34 | MST_35 | MST_36 | MST_37 | MST_38 | MST_39 | MST_40 | MST_41 | MST_42 | MST_43 | MST_44 | MST_45 | MST_46 | MST_47 | MST_48 | MST_49 | MST_50 | MST_51 | MST_52 | MST_53 | SEQ_0 | SEQ_1 | SEQ_2 | SEQ_3 | SEQ_4 | SEQ_5 | SEQ_6 | SEQ_7 | SEQ_8 | SEQ_9 | SEQ_10 | SEQ_11 | SEQ_12 | SEQ_13 | SEQ_14 | SEQ_15 | SEQ_16 | SEQ_17 | SEQ_18 | SEQ_19 | SEQ_20 | SEQ_21 | SEQ_22 | SEQ_23 | SEQ_24 | SEQ_25 | SEQ_26 | SEQ_27 | SEQ_28 | SEQ_29 | SEQ_30 | SEQ_31 | SEQ_32 | SEQ_33 | SEQ_34 | SEQ_35 | SEQ_36 | SEQ_37 | SEQ_38 | SEQ_39 | SEQ_40 | SEQ_41 | SEQ_42 | SEQ_43 | SEQ_44 | SEQ_45 | SEQ_46 | SEQ_47 | SEQ_48 | SEQ_49 | SEQ_50 | SEQ_51 | 
| simulated_k51_l1000_10   |                      0 |                     48 |                     49 |                     33 |                     28 |                     31 |                     47 |                     53 |                     24 |                     44 |                     59 |                     49 |                     51 |                     54 |                     55 |                     52 |                     50 |                     46 |                     48 |                     59 |                     57 |                     28 |                     24 |                     29 |                     27 |                     27 |                     24 |                     55 |                     53 |                     25 |                     25 |                     54 |                     51 |                     24 |                     58 |                     59 |                     44 |                     25 |                     47 |                     46 |                     24 |                     24 |                     48 |                     46 |                     29 |                     29 |                     50 |                     50 |                     22 |                     22 |                      22 |    22 |   113 |   210 |   143 |   103 |    72 |    67 |    63 |    57 |     50 |     47 |     47 |     46 |     41 |     38 |     37 |     38 |     38 |     33 |     30 |     30 |     29 |     29 |     31 |     32 |     32 |     32 |     32 |     32 |     32 |     29 |     22 |     22 |     22 |     22 |     22 |     22 |     22 |     22 |     22 |     22 |     21 |     21 |     21 |     21 |     21 |     21 |     21 |     21 |     21 |     21 |    116 |    114 |   235 |   154 |   118 |    81 |    70 |    62 |    61 |    52 |    48 |    47 |     47 |     44 |     39 |     37 |     37 |     37 |     38 |     31 |     30 |     29 |     29 |     25 |     33 |     32 |     32 |     32 |     32 |     32 |     32 |     23 |     22 |     22 |     22 |     22 |     22 |     22 |     22 |     22 |     22 |     22 |     22 |     21 |     21 |     21 |     21 |     21 |     21 |     21 |     21 |     21 |     21 |    138 |
| simulated_k51_l1000_22   |                      - |                      0 |                     21 |                     55 |                     50 |                     51 |                     17 |                     23 |                     48 |                     32 |                     49 |                     15 |                     39 |                     40 |                     45 |                     44 |                     14 |                     12 |                     12 |                     31 |                     29 |                     50 |                     46 |                     51 |                     49 |                     49 |                     46 |                     25 |                     23 |                     47 |                     47 |                     42 |                     21 |                     46 |                     44 |                     47 |                     30 |                     47 |                     15 |                     12 |                     46 |                     46 |                     34 |                     34 |                     51 |                     51 |                     20 |                     20 |                     44 |                     44 |                      44 |    30 |   113 |   200 |   137 |    93 |    62 |    52 |    46 |    43 |     38 |     35 |     34 |     34 |     29 |     27 |     26 |     25 |     23 |     29 |     29 |     28 |     29 |     29 |     23 |     18 |     18 |     18 |     18 |     18 |     18 |     24 |     28 |     28 |     28 |     28 |     28 |     28 |     28 |     28 |     28 |     28 |     27 |     27 |     27 |     27 |     27 |     27 |     27 |     27 |     27 |     27 |    115 |    118 |   234 |   147 |   110 |    70 |    55 |    47 |    44 |    40 |    36 |    35 |     34 |     32 |     28 |     26 |     26 |     24 |     23 |     28 |     28 |     29 |     29 |     27 |     19 |     18 |     18 |     18 |     18 |     18 |     18 |     27 |     28 |     28 |     28 |     28 |     28 |     28 |     28 |     28 |     28 |     28 |     28 |     27 |     27 |     27 |     27 |     27 |     27 |     27 |     27 |     27 |     27 |    139 |
| simulated_k51_l1000_24   |                      - |                      - |                      0 |                     56 |                     51 |                     50 |                     18 |                     24 |                     49 |                     35 |                     50 |                     22 |                     40 |                     43 |                     46 |                     45 |                     23 |                     17 |                     19 |                     20 |                     18 |                     51 |                     47 |                     52 |                     50 |                     50 |                     47 |                     26 |                     24 |                     48 |                     48 |                     43 |                     22 |                     47 |                     47 |                     48 |                     31 |                     48 |                     22 |                     19 |                     47 |                     47 |                     35 |                     35 |                     52 |                     52 |                     21 |                     21 |                     45 |                     45 |                      45 |    31 |   119 |   200 |   132 |    92 |    66 |    56 |    50 |    45 |     38 |     35 |     36 |     36 |     31 |     29 |     28 |     27 |     25 |     31 |     30 |     29 |     30 |     30 |     24 |     19 |     19 |     19 |     19 |     19 |     19 |     24 |     29 |     29 |     29 |     29 |     29 |     29 |     29 |     29 |     29 |     29 |     28 |     28 |     28 |     28 |     28 |     28 |     28 |     28 |     28 |     28 |    113 |    116 |   233 |   142 |   107 |    75 |    60 |    51 |    50 |    40 |    36 |    35 |     36 |     34 |     30 |     28 |     28 |     26 |     25 |     31 |     29 |     30 |     30 |     28 |     20 |     19 |     19 |     19 |     19 |     19 |     19 |     28 |     29 |     29 |     29 |     29 |     29 |     29 |     29 |     29 |     29 |     29 |     29 |     28 |     28 |     28 |     28 |     28 |     28 |     28 |     28 |     28 |     28 |    143 |
| simulated_k51_l1000_30   |                      - |                      - |                      - |                      0 |                     17 |                     16 |                     54 |                     60 |                     25 |                     51 |                     66 |                     58 |                     56 |                     59 |                     64 |                     61 |                     57 |                     53 |                     55 |                     66 |                     64 |                     27 |                     25 |                     28 |                     26 |                     26 |                     23 |                     62 |                     60 |                     26 |                     26 |                     61 |                     58 |                     25 |                     65 |                     66 |                     51 |                     24 |                     56 |                     55 |                     23 |                     23 |                     55 |                     53 |                     16 |                     16 |                     57 |                     57 |                     23 |                     23 |                      23 |    29 |   120 |   203 |   139 |    96 |    66 |    55 |    57 |    53 |     47 |     44 |     45 |     44 |     40 |     37 |     36 |     37 |     37 |     32 |     31 |     31 |     30 |     30 |     36 |     39 |     39 |     39 |     39 |     39 |     39 |     36 |     29 |     29 |     29 |     29 |     29 |     29 |     29 |     29 |     29 |     29 |     28 |     28 |     28 |     28 |     28 |     28 |     28 |     28 |     28 |     28 |    119 |    118 |   231 |   150 |   114 |    74 |    58 |    56 |    56 |    47 |    45 |    44 |     45 |     43 |     38 |     36 |     36 |     38 |     37 |     32 |     31 |     30 |     30 |     30 |     38 |     39 |     39 |     39 |     39 |     39 |     39 |     30 |     29 |     29 |     29 |     29 |     29 |     29 |     29 |     29 |     29 |     29 |     29 |     28 |     28 |     28 |     28 |     28 |     28 |     28 |     28 |     28 |     28 |    135 |
| simulated_k51_l1000_32   |                      - |                      - |                      - |                      - |                      0 |                     15 |                     49 |                     55 |                     22 |                     46 |                     61 |                     53 |                     51 |                     54 |                     59 |                     56 |                     52 |                     48 |                     50 |                     61 |                     59 |                     26 |                     22 |                     27 |                     25 |                     25 |                     22 |                     57 |                     55 |                     23 |                     23 |                     56 |                     53 |                     22 |                     60 |                     61 |                     46 |                     23 |                     51 |                     50 |                     22 |                     22 |                     50 |                     48 |                     13 |                     13 |                     52 |                     52 |                     20 |                     20 |                      20 |    24 |   121 |   203 |   138 |    92 |    61 |    52 |    55 |    51 |     44 |     42 |     41 |     40 |     37 |     34 |     33 |     34 |     34 |     29 |     28 |     28 |     27 |     27 |     31 |     34 |     34 |     34 |     34 |     34 |     34 |     31 |     24 |     24 |     24 |     24 |     24 |     24 |     24 |     24 |     24 |     24 |     23 |     23 |     23 |     23 |     23 |     23 |     23 |     23 |     23 |     23 |    117 |    117 |   234 |   148 |   110 |    70 |    55 |    54 |    55 |    44 |    43 |    42 |     41 |     40 |     35 |     33 |     33 |     35 |     34 |     29 |     28 |     27 |     27 |     27 |     33 |     34 |     34 |     34 |     34 |     34 |     34 |     25 |     24 |     24 |     24 |     24 |     24 |     24 |     24 |     24 |     24 |     24 |     24 |     23 |     23 |     23 |     23 |     23 |     23 |     23 |     23 |     23 |     23 |    136 |
| simulated_k51_l1000_34   |                      - |                      - |                      - |                      - |                      - |                      0 |                     50 |                     56 |                     25 |                     47 |                     62 |                     54 |                     52 |                     55 |                     60 |                     57 |                     53 |                     49 |                     51 |                     62 |                     60 |                     27 |                     23 |                     28 |                     26 |                     26 |                     23 |                     58 |                     56 |                     24 |                     24 |                     57 |                     54 |                     23 |                     61 |                     62 |                     47 |                     24 |                     52 |                     51 |                     23 |                     23 |                     51 |                     49 |                     14 |                     14 |                     53 |                     53 |                     21 |                     21 |                      21 |    26 |   119 |   200 |   134 |    92 |    62 |    51 |    52 |    50 |     44 |     42 |     41 |     40 |     36 |     33 |     32 |     33 |     33 |     28 |     27 |     27 |     26 |     26 |     32 |     35 |     35 |     35 |     35 |     35 |     35 |     32 |     27 |     27 |     27 |     27 |     27 |     27 |     27 |     27 |     27 |     27 |     26 |     26 |     26 |     26 |     26 |     26 |     26 |     26 |     26 |     26 |    120 |    117 |   231 |   143 |   110 |    70 |    54 |    52 |    53 |    43 |    43 |    42 |     41 |     39 |     34 |     32 |     32 |     34 |     33 |     28 |     27 |     26 |     26 |     26 |     34 |     35 |     35 |     35 |     35 |     35 |     35 |     26 |     27 |     27 |     27 |     27 |     27 |     27 |     27 |     27 |     27 |     27 |     27 |     26 |     26 |     26 |     26 |     26 |     26 |     26 |     26 |     26 |     26 |    138 |
| simulated_k51_l1000_37   |                      - |                      - |                      - |                      - |                      - |                      - |                      0 |                     14 |                     47 |                     31 |                     44 |                     18 |                     36 |                     39 |                     40 |                     39 |                     19 |                     15 |                     15 |                     28 |                     26 |                     49 |                     45 |                     50 |                     48 |                     48 |                     45 |                     16 |                     14 |                     46 |                     46 |                     39 |                     12 |                     45 |                     43 |                     44 |                     27 |                     46 |                     18 |                     15 |                     45 |                     45 |                     31 |                     31 |                     50 |                     50 |                     11 |                     11 |                     43 |                     43 |                      43 |    29 |   118 |   200 |   133 |    89 |    59 |    49 |    43 |    36 |     36 |     33 |     32 |     32 |     27 |     25 |     24 |     23 |     21 |     27 |     26 |     25 |     26 |     26 |     20 |     15 |     15 |     15 |     15 |     15 |     15 |     21 |     27 |     27 |     27 |     27 |     27 |     27 |     27 |     27 |     27 |     27 |     26 |     26 |     26 |     26 |     26 |     26 |     26 |     26 |     26 |     26 |    112 |    118 |   235 |   143 |   106 |    66 |    53 |    44 |    41 |    38 |    34 |    33 |     32 |     30 |     26 |     24 |     24 |     22 |     21 |     27 |     25 |     26 |     26 |     24 |     16 |     15 |     15 |     15 |     15 |     15 |     15 |     26 |     27 |     27 |     27 |     27 |     27 |     27 |     27 |     27 |     27 |     27 |     27 |     26 |     26 |     26 |     26 |     26 |     26 |     26 |     26 |     26 |     26 |    142 |
| simulated_k51_l1000_38   |                      - |                      - |                      - |                      - |                      - |                      - |                      - |                      0 |                     53 |                     37 |                     52 |                     24 |                     42 |                     45 |                     48 |                     47 |                     23 |                     21 |                     21 |                     34 |                     32 |                     55 |                     51 |                     56 |                     54 |                     54 |                     51 |                     22 |                     20 |                     52 |                     52 |                     45 |                     18 |                     51 |                     49 |                     50 |                     33 |                     52 |                     24 |                     21 |                     51 |                     51 |                     37 |                     37 |                     56 |                     56 |                     17 |                     17 |                     49 |                     49 |                      49 |    35 |   118 |   201 |   139 |    95 |    65 |    55 |    49 |    42 |     42 |     39 |     38 |     38 |     33 |     31 |     30 |     29 |     27 |     32 |     32 |     31 |     32 |     32 |     26 |     21 |     21 |     21 |     21 |     21 |     21 |     27 |     33 |     33 |     33 |     33 |     33 |     33 |     33 |     33 |     33 |     33 |     32 |     32 |     32 |     32 |     32 |     32 |     32 |     32 |     32 |     32 |    114 |    118 |   232 |   149 |   112 |    72 |    59 |    50 |    47 |    44 |    40 |    39 |     38 |     36 |     32 |     30 |     30 |     28 |     27 |     32 |     31 |     32 |     32 |     30 |     22 |     21 |     21 |     21 |     21 |     21 |     21 |     32 |     33 |     33 |     33 |     33 |     33 |     33 |     33 |     33 |     33 |     33 |     33 |     32 |     32 |     32 |     32 |     32 |     32 |     32 |     32 |     32 |     32 |    139 |
| simulated_k51_l1000_42   |                      - |                      - |                      - |                      - |                      - |                      - |                      - |                      - |                      0 |                     44 |                     61 |                     51 |                     47 |                     50 |                     57 |                     54 |                     50 |                     46 |                     48 |                     59 |                     57 |                     20 |                     10 |                     21 |                     19 |                     17 |                     14 |                     55 |                     53 |                     13 |                     13 |                     54 |                     51 |                     12 |                     58 |                     59 |                     44 |                     15 |                     49 |                     48 |                     14 |                     14 |                     48 |                     46 |                     23 |                     23 |                     50 |                     50 |                     10 |                     10 |                      10 |    22 |   113 |   205 |   135 |    92 |    61 |    54 |    50 |    44 |     39 |     37 |     37 |     36 |     31 |     30 |     31 |     32 |     32 |     27 |     24 |     24 |     23 |     23 |     29 |     32 |     32 |     32 |     32 |     32 |     32 |     29 |     22 |     22 |     22 |     22 |     22 |     22 |     22 |     22 |     22 |     22 |     21 |     21 |     21 |     21 |     21 |     21 |     21 |     21 |     21 |     21 |    114 |    117 |   238 |   146 |   109 |    70 |    56 |    49 |    47 |    38 |    38 |    37 |     37 |     34 |     29 |     31 |     31 |     31 |     32 |     25 |     24 |     23 |     23 |     23 |     31 |     32 |     32 |     32 |     32 |     32 |     32 |     23 |     22 |     22 |     22 |     22 |     22 |     22 |     22 |     22 |     22 |     22 |     22 |     21 |     21 |     21 |     21 |     21 |     21 |     21 |     21 |     21 |     21 |    136 |
| simulated_k51_l1000_44   |                      - |                      - |                      - |                      - |                      - |                      - |                      - |                      - |                      - |                      0 |                     37 |                     35 |                     27 |                     30 |                     33 |                     32 |                     36 |                     30 |                     32 |                     43 |                     41 |                     46 |                     42 |                     47 |                     45 |                     45 |                     42 |                     39 |                     37 |                     43 |                     43 |                     30 |                     35 |                     42 |                     34 |                     35 |                      4 |                     43 |                     33 |                     32 |                     42 |                     42 |                      8 |                      8 |                     47 |                     47 |                     34 |                     34 |                     40 |                     40 |                      40 |    26 |   115 |   202 |   132 |    89 |    64 |    60 |    56 |    49 |     43 |     40 |     38 |     38 |     36 |     34 |     33 |     35 |     36 |     32 |     31 |     30 |     29 |     29 |     23 |     18 |     18 |     18 |     18 |     18 |     18 |     21 |     24 |     24 |     24 |     24 |     24 |     24 |     24 |     24 |     24 |     24 |     23 |     23 |     23 |     23 |     23 |     23 |     23 |     23 |     23 |     23 |    112 |    116 |   235 |   143 |   105 |    67 |    62 |    56 |    54 |    45 |    41 |    39 |     38 |     34 |     35 |     33 |     33 |     35 |     36 |     32 |     30 |     29 |     29 |     27 |     19 |     18 |     18 |     18 |     18 |     18 |     18 |     23 |     24 |     24 |     24 |     24 |     24 |     24 |     24 |     24 |     24 |     24 |     24 |     23 |     23 |     23 |     23 |     23 |     23 |     23 |     23 |     23 |     23 |    140 |
| simulated_k51_l1000_46   |                      - |                      - |                      - |                      - |                      - |                      - |                      - |                      - |                      - |                      - |                      0 |                     48 |                     28 |                     31 |                     14 |                     13 |                     51 |                     47 |                     47 |                     60 |                     58 |                     63 |                     59 |                     64 |                     62 |                     62 |                     59 |                     54 |                     52 |                     60 |                     60 |                     35 |                     50 |                     59 |                     39 |                     40 |                     35 |                     60 |                     50 |                     47 |                     59 |                     59 |                     39 |                     39 |                     62 |                     62 |                     49 |                     49 |                     57 |                     57 |                      57 |    43 |   117 |   200 |   129 |    90 |    69 |    67 |    61 |    56 |     52 |     53 |     51 |     53 |     53 |     53 |     52 |     52 |     51 |     47 |     46 |     45 |     44 |     44 |     36 |     31 |     31 |     31 |     31 |     31 |     31 |     37 |     41 |     41 |     41 |     41 |     41 |     41 |     41 |     41 |     41 |     41 |     40 |     40 |     40 |     40 |     40 |     40 |     40 |     40 |     40 |     40 |    122 |    117 |   229 |   140 |   102 |    76 |    67 |    62 |    61 |    52 |    52 |    52 |     51 |     51 |     54 |     52 |     52 |     50 |     51 |     47 |     45 |     44 |     44 |     40 |     32 |     31 |     31 |     31 |     31 |     31 |     31 |     40 |     41 |     41 |     41 |     41 |     41 |     41 |     41 |     41 |     41 |     41 |     41 |     40 |     40 |     40 |     40 |     40 |     40 |     40 |     40 |     40 |     40 |    132 |
| simulated_k51_l1000_48   |                      - |                      - |                      - |                      - |                      - |                      - |                      - |                      - |                      - |                      - |                      - |                      0 |                     40 |                     43 |                     44 |                     43 |                     11 |                      7 |                      7 |                     32 |                     30 |                     53 |                     49 |                     54 |                     52 |                     52 |                     49 |                     26 |                     24 |                     50 |                     50 |                     43 |                     22 |                     49 |                     47 |                     48 |                     31 |                     50 |                     14 |                     11 |                     49 |                     49 |                     35 |                     35 |                     54 |                     54 |                     21 |                     21 |                     47 |                     47 |                      47 |    33 |   112 |   202 |   131 |    87 |    58 |    52 |    45 |    42 |     37 |     35 |     36 |     36 |     31 |     29 |     28 |     27 |     25 |     31 |     30 |     29 |     30 |     30 |     24 |     19 |     19 |     19 |     19 |     19 |     19 |     25 |     31 |     31 |     31 |     31 |     31 |     31 |     31 |     31 |     31 |     31 |     30 |     30 |     30 |     30 |     30 |     30 |     30 |     30 |     30 |     30 |    115 |    113 |   233 |   141 |   104 |    64 |    56 |    46 |    43 |    39 |    35 |    35 |     36 |     34 |     30 |     28 |     28 |     26 |     25 |     31 |     29 |     30 |     30 |     28 |     20 |     19 |     19 |     19 |     19 |     19 |     19 |     30 |     31 |     31 |     31 |     31 |     31 |     31 |     31 |     31 |     31 |     31 |     31 |     30 |     30 |     30 |     30 |     30 |     30 |     30 |     30 |     30 |     30 |    137 |
| simulated_k51_l1000_49   |                      - |                      - |                      - |                      - |                      - |                      - |                      - |                      - |                      - |                      - |                      - |                      - |                      0 |                     11 |                     24 |                     23 |                     41 |                     37 |                     37 |                     50 |                     48 |                     51 |                     47 |                     52 |                     50 |                     50 |                     47 |                     42 |                     42 |                     48 |                     48 |                     25 |                     40 |                     47 |                     29 |                     30 |                     25 |                     48 |                     40 |                     37 |                     47 |                     47 |                     29 |                     29 |                     52 |                     52 |                     39 |                     39 |                     45 |                     45 |                      45 |    33 |   113 |   199 |   134 |    92 |    62 |    57 |    51 |    44 |     40 |     41 |     39 |     41 |     41 |     41 |     40 |     40 |     39 |     35 |     34 |     33 |     32 |     32 |     24 |     21 |     21 |     21 |     21 |     21 |     21 |     27 |     31 |     31 |     31 |     31 |     31 |     31 |     31 |     31 |     31 |     31 |     30 |     30 |     30 |     30 |     30 |     30 |     30 |     30 |     30 |     30 |    114 |    119 |   235 |   142 |   109 |    72 |    56 |    52 |    49 |    40 |    40 |    40 |     39 |     39 |     42 |     40 |     40 |     38 |     39 |     35 |     33 |     32 |     32 |     28 |     20 |     21 |     21 |     21 |     21 |     21 |     21 |     30 |     31 |     31 |     31 |     31 |     31 |     31 |     31 |     31 |     31 |     31 |     31 |     30 |     30 |     30 |     30 |     30 |     30 |     30 |     30 |     30 |     30 |    140 |
| simulated_k51_l1000_50   |                      - |                      - |                      - |                      - |                      - |                      - |                      - |                      - |                      - |                      - |                      - |                      - |                      - |                      0 |                     27 |                     26 |                     44 |                     40 |                     40 |                     53 |                     51 |                     54 |                     50 |                     55 |                     53 |                     53 |                     50 |                     43 |                     43 |                     51 |                     51 |                     30 |                     43 |                     50 |                     34 |                     35 |                     30 |                     51 |                     43 |                     40 |                     50 |                     50 |                     34 |                     32 |                     55 |                     55 |                     42 |                     42 |                     48 |                     48 |                      48 |    36 |   116 |   198 |   132 |    91 |    63 |    61 |    56 |    49 |     45 |     46 |     44 |     44 |     44 |     44 |     43 |     43 |     42 |     38 |     37 |     36 |     35 |     35 |     27 |     24 |     24 |     24 |     24 |     24 |     24 |     28 |     34 |     34 |     34 |     34 |     34 |     34 |     34 |     34 |     34 |     34 |     33 |     33 |     33 |     33 |     33 |     33 |     33 |     33 |     33 |     33 |    114 |    118 |   233 |   139 |   107 |    73 |    59 |    57 |    54 |    45 |    45 |    45 |     44 |     42 |     45 |     43 |     43 |     41 |     42 |     38 |     36 |     35 |     35 |     31 |     23 |     24 |     24 |     24 |     24 |     24 |     24 |     33 |     34 |     34 |     34 |     34 |     34 |     34 |     34 |     34 |     34 |     34 |     34 |     33 |     33 |     33 |     33 |     33 |     33 |     33 |     33 |     33 |     33 |    137 |
| simulated_k51_l1000_51   |                      - |                      - |                      - |                      - |                      - |                      - |                      - |                      - |                      - |                      - |                      - |                      - |                      - |                      - |                      0 |                      3 |                     47 |                     43 |                     43 |                     56 |                     54 |                     59 |                     55 |                     60 |                     58 |                     58 |                     55 |                     50 |                     48 |                     56 |                     56 |                     31 |                     46 |                     55 |                     35 |                     36 |                     31 |                     56 |                     46 |                     43 |                     55 |                     55 |                     35 |                     35 |                     60 |                     60 |                     45 |                     45 |                     53 |                     53 |                      53 |    39 |   116 |   197 |   126 |    87 |    67 |    65 |    59 |    52 |     48 |     49 |     47 |     49 |     49 |     49 |     48 |     48 |     47 |     43 |     42 |     41 |     40 |     40 |     32 |     27 |     27 |     27 |     27 |     27 |     27 |     33 |     37 |     37 |     37 |     37 |     37 |     37 |     37 |     37 |     37 |     37 |     36 |     36 |     36 |     36 |     36 |     36 |     36 |     36 |     36 |     36 |    118 |    116 |   232 |   134 |    99 |    74 |    65 |    60 |    57 |    48 |    48 |    48 |     47 |     47 |     50 |     48 |     48 |     46 |     47 |     43 |     41 |     40 |     40 |     36 |     28 |     27 |     27 |     27 |     27 |     27 |     27 |     36 |     37 |     37 |     37 |     37 |     37 |     37 |     37 |     37 |     37 |     37 |     37 |     36 |     36 |     36 |     36 |     36 |     36 |     36 |     36 |     36 |     36 |    134 |
| simulated_k51_l1000_52   |                      - |                      - |                      - |                      - |                      - |                      - |                      - |                      - |                      - |                      - |                      - |                      - |                      - |                      - |                      - |                      0 |                     46 |                     42 |                     42 |                     55 |                     53 |                     56 |                     52 |                     57 |                     55 |                     55 |                     52 |                     49 |                     47 |                     53 |                     53 |                     30 |                     45 |                     52 |                     34 |                     35 |                     30 |                     53 |                     45 |                     42 |                     52 |                     52 |                     34 |                     34 |                     57 |                     57 |                     44 |                     44 |                     50 |                     50 |                      50 |    36 |   118 |   196 |   124 |    85 |    65 |    63 |    58 |    51 |     47 |     48 |     46 |     48 |     48 |     48 |     47 |     47 |     46 |     42 |     41 |     40 |     39 |     39 |     31 |     26 |     26 |     26 |     26 |     26 |     26 |     30 |     34 |     34 |     34 |     34 |     34 |     34 |     34 |     34 |     34 |     34 |     33 |     33 |     33 |     33 |     33 |     33 |     33 |     33 |     33 |     33 |    117 |    116 |   233 |   133 |    97 |    72 |    63 |    59 |    55 |    47 |    47 |    47 |     46 |     46 |     49 |     47 |     47 |     45 |     46 |     42 |     40 |     39 |     39 |     35 |     27 |     26 |     26 |     26 |     26 |     26 |     26 |     33 |     34 |     34 |     34 |     34 |     34 |     34 |     34 |     34 |     34 |     34 |     34 |     33 |     33 |     33 |     33 |     33 |     33 |     33 |     33 |     33 |     33 |    136 |
| simulated_k51_l1000_54   |                      - |                      - |                      - |                      - |                      - |                      - |                      - |                      - |                      - |                      - |                      - |                      - |                      - |                      - |                      - |                      - |                      0 |                      8 |                      8 |                     33 |                     31 |                     52 |                     48 |                     53 |                     51 |                     51 |                     46 |                     27 |                     25 |                     49 |                     49 |                     44 |                     23 |                     46 |                     46 |                     49 |                     32 |                     49 |                     15 |                     12 |                     48 |                     48 |                     36 |                     36 |                     53 |                     53 |                     22 |                     22 |                     46 |                     46 |                      46 |    32 |   115 |   198 |   132 |    90 |    60 |    53 |    46 |    43 |     38 |     35 |     36 |     36 |     31 |     29 |     28 |     27 |     25 |     30 |     30 |     30 |     31 |     31 |     25 |     20 |     20 |     20 |     20 |     20 |     20 |     26 |     30 |     30 |     30 |     30 |     30 |     30 |     30 |     30 |     30 |     30 |     29 |     29 |     29 |     29 |     29 |     29 |     29 |     29 |     29 |     29 |    117 |    115 |   234 |   140 |   107 |    67 |    55 |    47 |    44 |    40 |    36 |    35 |     36 |     34 |     30 |     28 |     28 |     26 |     25 |     30 |     30 |     31 |     31 |     29 |     21 |     20 |     20 |     20 |     20 |     20 |     20 |     29 |     30 |     30 |     30 |     30 |     30 |     30 |     30 |     30 |     30 |     30 |     30 |     29 |     29 |     29 |     29 |     29 |     29 |     29 |     29 |     29 |     29 |    141 |
| simulated_k51_l1000_57   |                      - |                      - |                      - |                      - |                      - |                      - |                      - |                      - |                      - |                      - |                      - |                      - |                      - |                      - |                      - |                      - |                      - |                      0 |                      4 |                     27 |                     25 |                     48 |                     44 |                     49 |                     47 |                     47 |                     44 |                     23 |                     21 |                     45 |                     45 |                     40 |                     19 |                     44 |                     44 |                     45 |                     26 |                     45 |                     11 |                      8 |                     44 |                     44 |                     30 |                     30 |                     49 |                     49 |                     18 |                     18 |                     42 |                     42 |                      42 |    28 |   111 |   200 |   129 |    85 |    56 |    48 |    42 |    39 |     32 |     30 |     32 |     32 |     27 |     24 |     23 |     24 |     22 |     28 |     27 |     26 |     27 |     27 |     21 |     16 |     16 |     16 |     16 |     16 |     16 |     22 |     26 |     26 |     26 |     26 |     26 |     26 |     26 |     26 |     26 |     26 |     25 |     25 |     25 |     25 |     25 |     25 |     25 |     25 |     25 |     25 |    115 |    116 |   235 |   139 |   102 |    62 |    52 |    43 |    40 |    34 |    30 |    30 |     32 |     29 |     25 |     23 |     23 |     23 |     22 |     28 |     26 |     27 |     27 |     25 |     17 |     16 |     16 |     16 |     16 |     16 |     16 |     25 |     26 |     26 |     26 |     26 |     26 |     26 |     26 |     26 |     26 |     26 |     26 |     25 |     25 |     25 |     25 |     25 |     25 |     25 |     25 |     25 |     25 |    140 |
| simulated_k51_l1000_58   |                      - |                      - |                      - |                      - |                      - |                      - |                      - |                      - |                      - |                      - |                      - |                      - |                      - |                      - |                      - |                      - |                      - |                      - |                      0 |                     29 |                     27 |                     50 |                     46 |                     51 |                     49 |                     49 |                     46 |                     23 |                     21 |                     47 |                     47 |                     40 |                     19 |                     46 |                     44 |                     45 |                     28 |                     47 |                     11 |                      8 |                     46 |                     46 |                     32 |                     32 |                     51 |                     51 |                     18 |                     18 |                     44 |                     44 |                      44 |    30 |   113 |   200 |   131 |    88 |    57 |    49 |    42 |    39 |     34 |     32 |     33 |     33 |     28 |     26 |     25 |     24 |     22 |     28 |     27 |     26 |     27 |     27 |     21 |     16 |     16 |     16 |     16 |     16 |     16 |     22 |     28 |     28 |     28 |     28 |     28 |     28 |     28 |     28 |     28 |     28 |     27 |     27 |     27 |     27 |     27 |     27 |     27 |     27 |     27 |     27 |    115 |    116 |   235 |   141 |   104 |    65 |    53 |    43 |    40 |    36 |    32 |    32 |     33 |     31 |     27 |     25 |     25 |     23 |     22 |     28 |     26 |     27 |     27 |     25 |     17 |     16 |     16 |     16 |     16 |     16 |     16 |     27 |     28 |     28 |     28 |     28 |     28 |     28 |     28 |     28 |     28 |     28 |     28 |     27 |     27 |     27 |     27 |     27 |     27 |     27 |     27 |     27 |     27 |    140 |
| simulated_k51_l1000_61   |                      - |                      - |                      - |                      - |                      - |                      - |                      - |                      - |                      - |                      - |                      - |                      - |                      - |                      - |                      - |                      - |                      - |                      - |                      - |                      0 |                     14 |                     61 |                     57 |                     62 |                     60 |                     60 |                     57 |                     36 |                     34 |                     58 |                     58 |                     53 |                     32 |                     57 |                     57 |                     58 |                     41 |                     58 |                     32 |                     29 |                     57 |                     57 |                     45 |                     43 |                     62 |                     62 |                     31 |                     31 |                     55 |                     55 |                      55 |    41 |   123 |   198 |   132 |    98 |    75 |    64 |    59 |    54 |     47 |     44 |     45 |     45 |     40 |     37 |     36 |     37 |     35 |     41 |     40 |     39 |     40 |     40 |     34 |     29 |     29 |     29 |     29 |     29 |     29 |     33 |     39 |     39 |     39 |     39 |     39 |     39 |     39 |     39 |     39 |     39 |     38 |     38 |     38 |     38 |     38 |     38 |     38 |     38 |     38 |     38 |    117 |    117 |   228 |   139 |   113 |    81 |    68 |    60 |    59 |    49 |    45 |    44 |     45 |     43 |     38 |     36 |     36 |     36 |     35 |     41 |     39 |     40 |     40 |     38 |     30 |     29 |     29 |     29 |     29 |     29 |     29 |     38 |     39 |     39 |     39 |     39 |     39 |     39 |     39 |     39 |     39 |     39 |     39 |     38 |     38 |     38 |     38 |     38 |     38 |     38 |     38 |     38 |     38 |    143 |
| simulated_k51_l1000_62   |                      - |                      - |                      - |                      - |                      - |                      - |                      - |                      - |                      - |                      - |                      - |                      - |                      - |                      - |                      - |                      - |                      - |                      - |                      - |                      - |                      0 |                     59 |                     55 |                     60 |                     58 |                     58 |                     55 |                     34 |                     32 |                     56 |                     56 |                     51 |                     30 |                     55 |                     55 |                     56 |                     39 |                     56 |                     30 |                     27 |                     55 |                     55 |                     43 |                     41 |                     60 |                     60 |                     29 |                     29 |                     53 |                     53 |                      53 |    39 |   119 |   201 |   133 |    98 |    74 |    63 |    57 |    52 |     45 |     42 |     43 |     43 |     38 |     35 |     34 |     35 |     33 |     39 |     38 |     37 |     38 |     38 |     32 |     27 |     27 |     27 |     27 |     27 |     27 |     31 |     37 |     37 |     37 |     37 |     37 |     37 |     37 |     37 |     37 |     37 |     36 |     36 |     36 |     36 |     36 |     36 |     36 |     36 |     36 |     36 |    117 |    119 |   227 |   140 |   113 |    80 |    67 |    58 |    57 |    47 |    43 |    42 |     43 |     41 |     36 |     34 |     34 |     34 |     33 |     39 |     37 |     38 |     38 |     36 |     28 |     27 |     27 |     27 |     27 |     27 |     27 |     36 |     37 |     37 |     37 |     37 |     37 |     37 |     37 |     37 |     37 |     37 |     37 |     36 |     36 |     36 |     36 |     36 |     36 |     36 |     36 |     36 |     36 |    143 |
| simulated_k51_l1000_64   |                      - |                      - |                      - |                      - |                      - |                      - |                      - |                      - |                      - |                      - |                      - |                      - |                      - |                      - |                      - |                      - |                      - |                      - |                      - |                      - |                      - |                      0 |                     20 |                      9 |                      7 |                     23 |                     20 |                     57 |                     55 |                     21 |                     21 |                     56 |                     53 |                     20 |                     60 |                     61 |                     46 |                     21 |                     51 |                     50 |                     20 |                     20 |                     50 |                     48 |                     25 |                     25 |                     52 |                     52 |                     18 |                     18 |                      18 |    24 |   114 |   206 |   135 |    94 |    71 |    63 |    59 |    53 |     45 |     43 |     43 |     42 |     37 |     34 |     33 |     34 |     34 |     29 |     26 |     26 |     25 |     25 |     31 |     34 |     34 |     34 |     34 |     34 |     34 |     31 |     24 |     24 |     24 |     24 |     24 |     24 |     24 |     24 |     24 |     24 |     23 |     23 |     23 |     23 |     23 |     23 |     23 |     23 |     23 |     23 |    117 |    116 |   236 |   145 |   107 |    79 |    66 |    58 |    56 |    46 |    44 |    43 |     43 |     40 |     35 |     33 |     33 |     33 |     34 |     27 |     26 |     25 |     25 |     25 |     33 |     34 |     34 |     34 |     34 |     34 |     34 |     25 |     24 |     24 |     24 |     24 |     24 |     24 |     24 |     24 |     24 |     24 |     24 |     23 |     23 |     23 |     23 |     23 |     23 |     23 |     23 |     23 |     23 |    139 |
| simulated_k51_l1000_66   |                      - |                      - |                      - |                      - |                      - |                      - |                      - |                      - |                      - |                      - |                      - |                      - |                      - |                      - |                      - |                      - |                      - |                      - |                      - |                      - |                      - |                      - |                      0 |                     21 |                     19 |                     15 |                     12 |                     53 |                     51 |                      7 |                      7 |                     52 |                     49 |                      6 |                     56 |                     57 |                     42 |                     13 |                     47 |                     46 |                     12 |                     12 |                     46 |                     44 |                     21 |                     21 |                     48 |                     48 |                      4 |                      4 |                       4 |    20 |   113 |   204 |   133 |    89 |    59 |    50 |    46 |    42 |     38 |     35 |     35 |     34 |     29 |     28 |     29 |     30 |     30 |     25 |     22 |     22 |     21 |     21 |     27 |     30 |     30 |     30 |     30 |     30 |     30 |     27 |     20 |     20 |     20 |     20 |     20 |     20 |     20 |     20 |     20 |     20 |     19 |     19 |     19 |     19 |     19 |     19 |     19 |     19 |     19 |     19 |    117 |    117 |   239 |   144 |   105 |    67 |    52 |    45 |    44 |    38 |    36 |    35 |     35 |     32 |     27 |     29 |     29 |     29 |     30 |     23 |     22 |     21 |     21 |     21 |     29 |     30 |     30 |     30 |     30 |     30 |     30 |     21 |     20 |     20 |     20 |     20 |     20 |     20 |     20 |     20 |     20 |     20 |     20 |     19 |     19 |     19 |     19 |     19 |     19 |     19 |     19 |     19 |     19 |    135 |
| simulated_k51_l1000_67   |                      - |                      - |                      - |                      - |                      - |                      - |                      - |                      - |                      - |                      - |                      - |                      - |                      - |                      - |                      - |                      - |                      - |                      - |                      - |                      - |                      - |                      - |                      - |                      0 |                      6 |                     24 |                     21 |                     58 |                     56 |                     22 |                     22 |                     57 |                     54 |                     21 |                     61 |                     62 |                     47 |                     22 |                     52 |                     51 |                     21 |                     21 |                     51 |                     49 |                     26 |                     26 |                     53 |                     53 |                     19 |                     19 |                      19 |    25 |   120 |   199 |   134 |    95 |    72 |    64 |    60 |    54 |     46 |     44 |     44 |     43 |     38 |     35 |     34 |     35 |     35 |     30 |     27 |     27 |     26 |     26 |     32 |     35 |     35 |     35 |     35 |     35 |     35 |     32 |     25 |     25 |     25 |     25 |     25 |     25 |     25 |     25 |     25 |     25 |     24 |     24 |     24 |     24 |     24 |     24 |     24 |     24 |     24 |     24 |    116 |    117 |   235 |   142 |   108 |    80 |    67 |    59 |    57 |    47 |    45 |    44 |     44 |     41 |     36 |     34 |     34 |     34 |     35 |     28 |     27 |     26 |     26 |     26 |     34 |     35 |     35 |     35 |     35 |     35 |     35 |     26 |     25 |     25 |     25 |     25 |     25 |     25 |     25 |     25 |     25 |     25 |     25 |     24 |     24 |     24 |     24 |     24 |     24 |     24 |     24 |     24 |     24 |    140 |
| simulated_k51_l1000_68   |                      - |                      - |                      - |                      - |                      - |                      - |                      - |                      - |                      - |                      - |                      - |                      - |                      - |                      - |                      - |                      - |                      - |                      - |                      - |                      - |                      - |                      - |                      - |                      - |                      0 |                     22 |                     19 |                     56 |                     54 |                     20 |                     20 |                     55 |                     52 |                     19 |                     59 |                     60 |                     45 |                     20 |                     50 |                     49 |                     19 |                     19 |                     49 |                     47 |                     24 |                     24 |                     51 |                     51 |                     17 |                     17 |                      17 |    23 |   116 |   204 |   134 |    91 |    70 |    62 |    58 |    52 |     44 |     42 |     42 |     41 |     36 |     33 |     32 |     33 |     33 |     28 |     25 |     25 |     24 |     24 |     30 |     33 |     33 |     33 |     33 |     33 |     33 |     30 |     23 |     23 |     23 |     23 |     23 |     23 |     23 |     23 |     23 |     23 |     22 |     22 |     22 |     22 |     22 |     22 |     22 |     22 |     22 |     22 |    117 |    117 |   237 |   142 |   106 |    78 |    65 |    57 |    55 |    45 |    43 |    42 |     42 |     39 |     34 |     32 |     32 |     32 |     33 |     26 |     25 |     24 |     24 |     24 |     32 |     33 |     33 |     33 |     33 |     33 |     33 |     24 |     23 |     23 |     23 |     23 |     23 |     23 |     23 |     23 |     23 |     23 |     23 |     22 |     22 |     22 |     22 |     22 |     22 |     22 |     22 |     22 |     22 |    141 |
| simulated_k51_l1000_69   |                      - |                      - |                      - |                      - |                      - |                      - |                      - |                      - |                      - |                      - |                      - |                      - |                      - |                      - |                      - |                      - |                      - |                      - |                      - |                      - |                      - |                      - |                      - |                      - |                      - |                      0 |                      9 |                     56 |                     54 |                     16 |                     16 |                     55 |                     52 |                     15 |                     59 |                     60 |                     45 |                     10 |                     50 |                     49 |                      9 |                      9 |                     49 |                     47 |                     24 |                     24 |                     51 |                     51 |                     13 |                     13 |                      13 |    23 |   118 |   206 |   137 |    94 |    64 |    54 |    54 |    47 |     39 |     36 |     38 |     37 |     32 |     31 |     32 |     33 |     33 |     28 |     25 |     25 |     24 |     24 |     30 |     33 |     33 |     33 |     33 |     33 |     33 |     30 |     23 |     23 |     23 |     23 |     23 |     23 |     23 |     23 |     23 |     23 |     22 |     22 |     22 |     22 |     22 |     22 |     22 |     22 |     22 |     22 |    116 |    112 |   237 |   149 |   111 |    72 |    57 |    52 |    52 |    41 |    37 |    36 |     38 |     35 |     30 |     32 |     32 |     32 |     33 |     26 |     25 |     24 |     24 |     24 |     32 |     33 |     33 |     33 |     33 |     33 |     33 |     24 |     23 |     23 |     23 |     23 |     23 |     23 |     23 |     23 |     23 |     23 |     23 |     22 |     22 |     22 |     22 |     22 |     22 |     22 |     22 |     22 |     22 |    136 |
| simulated_k51_l1000_70   |                      - |                      - |                      - |                      - |                      - |                      - |                      - |                      - |                      - |                      - |                      - |                      - |                      - |                      - |                      - |                      - |                      - |                      - |                      - |                      - |                      - |                      - |                      - |                      - |                      - |                      - |                      0 |                     53 |                     51 |                     13 |                     13 |                     52 |                     49 |                     12 |                     56 |                     57 |                     42 |                      7 |                     47 |                     46 |                      6 |                      6 |                     46 |                     44 |                     21 |                     21 |                     48 |                     48 |                     10 |                     10 |                      10 |    20 |   114 |   206 |   133 |    91 |    61 |    51 |    51 |    44 |     36 |     33 |     35 |     34 |     29 |     28 |     29 |     30 |     30 |     25 |     22 |     22 |     21 |     21 |     27 |     30 |     30 |     30 |     30 |     30 |     30 |     27 |     20 |     20 |     20 |     20 |     20 |     20 |     20 |     20 |     20 |     20 |     19 |     19 |     19 |     19 |     19 |     19 |     19 |     19 |     19 |     19 |    116 |    115 |   236 |   145 |   108 |    69 |    54 |    49 |    49 |    38 |    34 |    33 |     35 |     32 |     27 |     29 |     29 |     29 |     30 |     23 |     22 |     21 |     21 |     21 |     29 |     30 |     30 |     30 |     30 |     30 |     30 |     21 |     20 |     20 |     20 |     20 |     20 |     20 |     20 |     20 |     20 |     20 |     20 |     19 |     19 |     19 |     19 |     19 |     19 |     19 |     19 |     19 |     19 |    139 |
| simulated_k51_l1000_71   |                      - |                      - |                      - |                      - |                      - |                      - |                      - |                      - |                      - |                      - |                      - |                      - |                      - |                      - |                      - |                      - |                      - |                      - |                      - |                      - |                      - |                      - |                      - |                      - |                      - |                      - |                      - |                      0 |                      8 |                     54 |                     52 |                     47 |                     20 |                     53 |                     51 |                     52 |                     35 |                     54 |                     26 |                     23 |                     53 |                     53 |                     39 |                     39 |                     58 |                     58 |                     19 |                     19 |                     51 |                     51 |                      51 |    37 |   124 |   198 |   127 |    95 |    67 |    57 |    51 |    44 |     44 |     41 |     40 |     40 |     35 |     33 |     32 |     31 |     29 |     35 |     34 |     33 |     34 |     34 |     28 |     23 |     23 |     23 |     23 |     23 |     23 |     29 |     35 |     35 |     35 |     35 |     35 |     35 |     35 |     35 |     35 |     35 |     34 |     34 |     34 |     34 |     34 |     34 |     34 |     34 |     34 |     34 |    115 |    119 |   227 |   137 |   110 |    76 |    61 |    52 |    49 |    46 |    42 |    41 |     40 |     38 |     34 |     32 |     32 |     30 |     29 |     35 |     33 |     34 |     34 |     32 |     24 |     23 |     23 |     23 |     23 |     23 |     23 |     34 |     35 |     35 |     35 |     35 |     35 |     35 |     35 |     35 |     35 |     35 |     35 |     34 |     34 |     34 |     34 |     34 |     34 |     34 |     34 |     34 |     34 |    143 |
| simulated_k51_l1000_72   |                      - |                      - |                      - |                      - |                      - |                      - |                      - |                      - |                      - |                      - |                      - |                      - |                      - |                      - |                      - |                      - |                      - |                      - |                      - |                      - |                      - |                      - |                      - |                      - |                      - |                      - |                      - |                      - |                      0 |                     52 |                     50 |                     45 |                     18 |                     51 |                     49 |                     50 |                     33 |                     52 |                     24 |                     21 |                     51 |                     51 |                     37 |                     37 |                     56 |                     56 |                     17 |                     17 |                     49 |                     49 |                      49 |    35 |   124 |   196 |   127 |    95 |    65 |    55 |    49 |    42 |     42 |     39 |     38 |     38 |     33 |     31 |     30 |     29 |     27 |     33 |     32 |     31 |     32 |     32 |     26 |     21 |     21 |     21 |     21 |     21 |     21 |     27 |     33 |     33 |     33 |     33 |     33 |     33 |     33 |     33 |     33 |     33 |     32 |     32 |     32 |     32 |     32 |     32 |     32 |     32 |     32 |     32 |    116 |    121 |   228 |   137 |   110 |    74 |    59 |    50 |    47 |    44 |    40 |    39 |     38 |     36 |     32 |     30 |     30 |     28 |     27 |     33 |     31 |     32 |     32 |     30 |     22 |     21 |     21 |     21 |     21 |     21 |     21 |     32 |     33 |     33 |     33 |     33 |     33 |     33 |     33 |     33 |     33 |     33 |     33 |     32 |     32 |     32 |     32 |     32 |     32 |     32 |     32 |     32 |     32 |    143 |
| simulated_k51_l1000_73   |                      - |                      - |                      - |                      - |                      - |                      - |                      - |                      - |                      - |                      - |                      - |                      - |                      - |                      - |                      - |                      - |                      - |                      - |                      - |                      - |                      - |                      - |                      - |                      - |                      - |                      - |                      - |                      - |                      - |                      0 |                      6 |                     53 |                     50 |                      7 |                     57 |                     58 |                     43 |                     14 |                     48 |                     47 |                     13 |                     13 |                     47 |                     45 |                     22 |                     22 |                     49 |                     49 |                      5 |                      5 |                       5 |    21 |   112 |   203 |   133 |    91 |    61 |    51 |    47 |    43 |     39 |     36 |     36 |     35 |     30 |     29 |     30 |     31 |     31 |     26 |     23 |     23 |     22 |     22 |     28 |     31 |     31 |     31 |     31 |     31 |     31 |     28 |     21 |     21 |     21 |     21 |     21 |     21 |     21 |     21 |     21 |     21 |     20 |     20 |     20 |     20 |     20 |     20 |     20 |     20 |     20 |     20 |    117 |    115 |   234 |   145 |   108 |    69 |    54 |    46 |    45 |    39 |    37 |    36 |     36 |     33 |     28 |     30 |     30 |     30 |     31 |     24 |     23 |     22 |     22 |     22 |     30 |     31 |     31 |     31 |     31 |     31 |     31 |     22 |     21 |     21 |     21 |     21 |     21 |     21 |     21 |     21 |     21 |     21 |     21 |     20 |     20 |     20 |     20 |     20 |     20 |     20 |     20 |     20 |     20 |    138 |
| simulated_k51_l1000_74   |                      - |                      - |                      - |                      - |                      - |                      - |                      - |                      - |                      - |                      - |                      - |                      - |                      - |                      - |                      - |                      - |                      - |                      - |                      - |                      - |                      - |                      - |                      - |                      - |                      - |                      - |                      - |                      - |                      - |                      - |                      0 |                     53 |                     50 |                      7 |                     57 |                     58 |                     43 |                     14 |                     48 |                     47 |                     13 |                     13 |                     47 |                     45 |                     22 |                     22 |                     49 |                     49 |                      5 |                      5 |                       5 |    20 |   111 |   202 |   131 |    91 |    61 |    51 |    46 |    43 |     39 |     36 |     36 |     35 |     30 |     29 |     30 |     31 |     31 |     26 |     23 |     23 |     22 |     22 |     28 |     31 |     31 |     31 |     31 |     31 |     31 |     28 |     21 |     21 |     21 |     21 |     21 |     21 |     21 |     21 |     21 |     21 |     20 |     20 |     20 |     20 |     20 |     20 |     20 |     20 |     20 |     20 |    116 |    116 |   235 |   142 |   106 |    69 |    54 |    45 |    44 |    39 |    37 |    36 |     36 |     33 |     28 |     30 |     30 |     30 |     31 |     24 |     23 |     22 |     22 |     22 |     30 |     31 |     31 |     31 |     31 |     31 |     31 |     22 |     21 |     21 |     21 |     21 |     21 |     21 |     21 |     21 |     21 |     21 |     21 |     20 |     20 |     20 |     20 |     20 |     20 |     20 |     20 |     20 |     20 |    138 |
| simulated_k51_l1000_76   |                      - |                      - |                      - |                      - |                      - |                      - |                      - |                      - |                      - |                      - |                      - |                      - |                      - |                      - |                      - |                      - |                      - |                      - |                      - |                      - |                      - |                      - |                      - |                      - |                      - |                      - |                      - |                      - |                      - |                      - |                      - |                      0 |                     43 |                     52 |                      6 |                      7 |                     28 |                     53 |                     43 |                     40 |                     52 |                     52 |                     32 |                     32 |                     57 |                     57 |                     42 |                     42 |                     50 |                     50 |                      50 |    36 |   116 |   193 |   123 |    90 |    72 |    62 |    56 |    49 |     45 |     46 |     44 |     46 |     46 |     46 |     45 |     45 |     44 |     40 |     39 |     38 |     37 |     37 |     29 |     24 |     24 |     24 |     24 |     24 |     24 |     30 |     34 |     34 |     34 |     34 |     34 |     34 |     34 |     34 |     34 |     34 |     33 |     33 |     33 |     33 |     33 |     33 |     33 |     33 |     33 |     33 |    120 |    119 |   229 |   133 |    95 |    83 |    66 |    57 |    54 |    45 |    45 |    45 |     44 |     44 |     47 |     45 |     45 |     43 |     44 |     40 |     38 |     37 |     37 |     33 |     25 |     24 |     24 |     24 |     24 |     24 |     24 |     33 |     34 |     34 |     34 |     34 |     34 |     34 |     34 |     34 |     34 |     34 |     34 |     33 |     33 |     33 |     33 |     33 |     33 |     33 |     33 |     33 |     33 |    139 |
| simulated_k51_l1000_78   |                      - |                      - |                      - |                      - |                      - |                      - |                      - |                      - |                      - |                      - |                      - |                      - |                      - |                      - |                      - |                      - |                      - |                      - |                      - |                      - |                      - |                      - |                      - |                      - |                      - |                      - |                      - |                      - |                      - |                      - |                      - |                      - |                      0 |                     49 |                     47 |                     48 |                     31 |                     50 |                     22 |                     19 |                     49 |                     49 |                     35 |                     35 |                     54 |                     54 |                      9 |                      9 |                     47 |                     47 |                      47 |    33 |   120 |   198 |   133 |    91 |    63 |    53 |    47 |    40 |     40 |     37 |     36 |     36 |     31 |     29 |     28 |     27 |     25 |     31 |     30 |     29 |     30 |     30 |     24 |     19 |     19 |     19 |     19 |     19 |     19 |     25 |     31 |     31 |     31 |     31 |     31 |     31 |     31 |     31 |     31 |     31 |     30 |     30 |     30 |     30 |     30 |     30 |     30 |     30 |     30 |     30 |    116 |    118 |   232 |   144 |   106 |    70 |    57 |    48 |    45 |    42 |    38 |    37 |     36 |     34 |     30 |     28 |     28 |     26 |     25 |     31 |     29 |     30 |     30 |     28 |     20 |     19 |     19 |     19 |     19 |     19 |     19 |     30 |     31 |     31 |     31 |     31 |     31 |     31 |     31 |     31 |     31 |     31 |     31 |     30 |     30 |     30 |     30 |     30 |     30 |     30 |     30 |     30 |     30 |    140 |
| simulated_k51_l1000_80   |                      - |                      - |                      - |                      - |                      - |                      - |                      - |                      - |                      - |                      - |                      - |                      - |                      - |                      - |                      - |                      - |                      - |                      - |                      - |                      - |                      - |                      - |                      - |                      - |                      - |                      - |                      - |                      - |                      - |                      - |                      - |                      - |                      - |                      0 |                     56 |                     57 |                     42 |                     13 |                     47 |                     46 |                     12 |                     12 |                     46 |                     44 |                     21 |                     21 |                     48 |                     48 |                      4 |                      4 |                       4 |    20 |   114 |   202 |   134 |    89 |    60 |    50 |    46 |    42 |     38 |     35 |     35 |     34 |     29 |     28 |     29 |     30 |     30 |     25 |     22 |     22 |     21 |     21 |     27 |     30 |     30 |     30 |     30 |     30 |     30 |     27 |     20 |     20 |     20 |     20 |     20 |     20 |     20 |     20 |     20 |     20 |     19 |     19 |     19 |     19 |     19 |     19 |     19 |     19 |     19 |     19 |    118 |    114 |   238 |   144 |   107 |    67 |    53 |    45 |    44 |    38 |    36 |    35 |     35 |     32 |     27 |     29 |     29 |     29 |     30 |     23 |     22 |     21 |     21 |     21 |     29 |     30 |     30 |     30 |     30 |     30 |     30 |     21 |     20 |     20 |     20 |     20 |     20 |     20 |     20 |     20 |     20 |     20 |     20 |     19 |     19 |     19 |     19 |     19 |     19 |     19 |     19 |     19 |     19 |    138 |
| simulated_k51_l1000_81   |                      - |                      - |                      - |                      - |                      - |                      - |                      - |                      - |                      - |                      - |                      - |                      - |                      - |                      - |                      - |                      - |                      - |                      - |                      - |                      - |                      - |                      - |                      - |                      - |                      - |                      - |                      - |                      - |                      - |                      - |                      - |                      - |                      - |                      - |                      0 |                      5 |                     32 |                     57 |                     47 |                     44 |                     56 |                     56 |                     36 |                     36 |                     61 |                     61 |                     46 |                     44 |                     54 |                     54 |                      54 |    40 |   117 |   195 |   121 |    94 |    76 |    66 |    60 |    53 |     49 |     49 |     47 |     49 |     49 |     49 |     48 |     48 |     47 |     43 |     43 |     42 |     41 |     41 |     33 |     28 |     28 |     28 |     28 |     28 |     28 |     34 |     38 |     38 |     38 |     38 |     38 |     38 |     38 |     38 |     38 |     38 |     37 |     37 |     37 |     37 |     37 |     37 |     37 |     37 |     37 |     37 |    121 |    120 |   226 |   131 |    99 |    87 |    70 |    61 |    58 |    49 |    49 |    48 |     47 |     47 |     50 |     48 |     48 |     46 |     47 |     42 |     42 |     41 |     41 |     37 |     29 |     28 |     28 |     28 |     28 |     28 |     28 |     37 |     38 |     38 |     38 |     38 |     38 |     38 |     38 |     38 |     38 |     38 |     38 |     37 |     37 |     37 |     37 |     37 |     37 |     37 |     37 |     37 |     37 |    138 |
| simulated_k51_l1000_82   |                      - |                      - |                      - |                      - |                      - |                      - |                      - |                      - |                      - |                      - |                      - |                      - |                      - |                      - |                      - |                      - |                      - |                      - |                      - |                      - |                      - |                      - |                      - |                      - |                      - |                      - |                      - |                      - |                      - |                      - |                      - |                      - |                      - |                      - |                      - |                      0 |                     33 |                     58 |                     48 |                     45 |                     57 |                     57 |                     37 |                     37 |                     62 |                     62 |                     47 |                     47 |                     55 |                     55 |                      55 |    41 |   117 |   194 |   122 |    95 |    77 |    67 |    61 |    54 |     50 |     51 |     49 |     51 |     51 |     51 |     50 |     50 |     49 |     45 |     44 |     43 |     42 |     42 |     34 |     29 |     29 |     29 |     29 |     29 |     29 |     35 |     39 |     39 |     39 |     39 |     39 |     39 |     39 |     39 |     39 |     39 |     38 |     38 |     38 |     38 |     38 |     38 |     38 |     38 |     38 |     38 |    123 |    123 |   224 |   132 |   100 |    88 |    71 |    62 |    59 |    50 |    50 |    50 |     49 |     49 |     52 |     50 |     50 |     48 |     49 |     45 |     43 |     42 |     42 |     38 |     30 |     29 |     29 |     29 |     29 |     29 |     29 |     38 |     39 |     39 |     39 |     39 |     39 |     39 |     39 |     39 |     39 |     39 |     39 |     38 |     38 |     38 |     38 |     38 |     38 |     38 |     38 |     38 |     38 |    139 |
| simulated_k51_l1000_84   |                      - |                      - |                      - |                      - |                      - |                      - |                      - |                      - |                      - |                      - |                      - |                      - |                      - |                      - |                      - |                      - |                      - |                      - |                      - |                      - |                      - |                      - |                      - |                      - |                      - |                      - |                      - |                      - |                      - |                      - |                      - |                      - |                      - |                      - |                      - |                      - |                      0 |                     43 |                     29 |                     28 |                     42 |                     42 |                      4 |                      4 |                     47 |                     47 |                     30 |                     30 |                     40 |                     40 |                      40 |    26 |   116 |   202 |   131 |    86 |    62 |    58 |    53 |    46 |     40 |     37 |     36 |     35 |     33 |     32 |     31 |     32 |     32 |     28 |     27 |     26 |     25 |     25 |     19 |     14 |     14 |     14 |     14 |     14 |     14 |     20 |     24 |     24 |     24 |     24 |     24 |     24 |     24 |     24 |     24 |     24 |     23 |     23 |     23 |     23 |     23 |     23 |     23 |     23 |     23 |     23 |    114 |    117 |   237 |   141 |   104 |    65 |    60 |    53 |    51 |    42 |    38 |    37 |     36 |     31 |     33 |     31 |     31 |     33 |     32 |     28 |     26 |     25 |     25 |     23 |     15 |     14 |     14 |     14 |     14 |     14 |     14 |     23 |     24 |     24 |     24 |     24 |     24 |     24 |     24 |     24 |     24 |     24 |     24 |     23 |     23 |     23 |     23 |     23 |     23 |     23 |     23 |     23 |     23 |    142 |
| simulated_k51_l1000_86   |                      - |                      - |                      - |                      - |                      - |                      - |                      - |                      - |                      - |                      - |                      - |                      - |                      - |                      - |                      - |                      - |                      - |                      - |                      - |                      - |                      - |                      - |                      - |                      - |                      - |                      - |                      - |                      - |                      - |                      - |                      - |                      - |                      - |                      - |                      - |                      - |                      - |                      0 |                     48 |                     47 |                      1 |                      1 |                     47 |                     45 |                     22 |                     22 |                     49 |                     49 |                     11 |                     11 |                      11 |    21 |   115 |   201 |   130 |    92 |    62 |    52 |    52 |    45 |     37 |     34 |     36 |     35 |     30 |     29 |     30 |     31 |     31 |     26 |     23 |     23 |     22 |     22 |     28 |     31 |     31 |     31 |     31 |     31 |     31 |     28 |     21 |     21 |     21 |     21 |     21 |     21 |     21 |     21 |     21 |     21 |     20 |     20 |     20 |     20 |     20 |     20 |     20 |     20 |     20 |     20 |    114 |    116 |   235 |   142 |   103 |    70 |    55 |    50 |    50 |    39 |    35 |    34 |     36 |     33 |     28 |     30 |     30 |     30 |     31 |     24 |     23 |     22 |     22 |     22 |     30 |     31 |     31 |     31 |     31 |     31 |     31 |     22 |     21 |     21 |     21 |     21 |     21 |     21 |     21 |     21 |     21 |     21 |     21 |     20 |     20 |     20 |     20 |     20 |     20 |     20 |     20 |     20 |     20 |    141 |
| simulated_k51_l1000_87   |                      - |                      - |                      - |                      - |                      - |                      - |                      - |                      - |                      - |                      - |                      - |                      - |                      - |                      - |                      - |                      - |                      - |                      - |                      - |                      - |                      - |                      - |                      - |                      - |                      - |                      - |                      - |                      - |                      - |                      - |                      - |                      - |                      - |                      - |                      - |                      - |                      - |                      - |                      0 |                      3 |                     47 |                     47 |                     33 |                     33 |                     52 |                     52 |                     21 |                     21 |                     45 |                     45 |                      45 |    31 |   111 |   200 |   133 |    93 |    61 |    51 |    45 |    42 |     37 |     35 |     36 |     34 |     29 |     27 |     26 |     27 |     25 |     30 |     30 |     29 |     30 |     30 |     24 |     19 |     19 |     19 |     19 |     19 |     19 |     25 |     29 |     29 |     29 |     29 |     29 |     29 |     29 |     29 |     29 |     29 |     28 |     28 |     28 |     28 |     28 |     28 |     28 |     28 |     28 |     28 |    114 |    114 |   235 |   143 |   106 |    70 |    55 |    44 |    43 |    39 |    35 |    35 |     36 |     32 |     28 |     26 |     26 |     26 |     25 |     30 |     29 |     30 |     30 |     28 |     20 |     19 |     19 |     19 |     19 |     19 |     19 |     28 |     29 |     29 |     29 |     29 |     29 |     29 |     29 |     29 |     29 |     29 |     29 |     28 |     28 |     28 |     28 |     28 |     28 |     28 |     28 |     28 |     28 |    142 |
| simulated_k51_l1000_88   |                      - |                      - |                      - |                      - |                      - |                      - |                      - |                      - |                      - |                      - |                      - |                      - |                      - |                      - |                      - |                      - |                      - |                      - |                      - |                      - |                      - |                      - |                      - |                      - |                      - |                      - |                      - |                      - |                      - |                      - |                      - |                      - |                      - |                      - |                      - |                      - |                      - |                      - |                      - |                      0 |                     46 |                     46 |                     32 |                     32 |                     51 |                     51 |                     18 |                     18 |                     44 |                     44 |                      44 |    30 |   109 |   200 |   131 |    91 |    59 |    49 |    42 |    39 |     34 |     32 |     33 |     33 |     28 |     26 |     25 |     24 |     22 |     27 |     27 |     26 |     27 |     27 |     21 |     16 |     16 |     16 |     16 |     16 |     16 |     22 |     28 |     28 |     28 |     28 |     28 |     28 |     28 |     28 |     28 |     28 |     27 |     27 |     27 |     27 |     27 |     27 |     27 |     27 |     27 |     27 |    115 |    115 |   236 |   140 |   104 |    68 |    53 |    43 |    40 |    36 |    32 |    32 |     33 |     31 |     27 |     25 |     25 |     23 |     22 |     27 |     26 |     27 |     27 |     25 |     17 |     16 |     16 |     16 |     16 |     16 |     16 |     27 |     28 |     28 |     28 |     28 |     28 |     28 |     28 |     28 |     28 |     28 |     28 |     27 |     27 |     27 |     27 |     27 |     27 |     27 |     27 |     27 |     27 |    143 |
| simulated_k51_l1000_89   |                      - |                      - |                      - |                      - |                      - |                      - |                      - |                      - |                      - |                      - |                      - |                      - |                      - |                      - |                      - |                      - |                      - |                      - |                      - |                      - |                      - |                      - |                      - |                      - |                      - |                      - |                      - |                      - |                      - |                      - |                      - |                      - |                      - |                      - |                      - |                      - |                      - |                      - |                      - |                      - |                      0 |                      0 |                     46 |                     44 |                     21 |                     21 |                     48 |                     48 |                     10 |                     10 |                      10 |    20 |   114 |   202 |   129 |    91 |    61 |    51 |    51 |    44 |     36 |     33 |     35 |     34 |     29 |     28 |     29 |     30 |     30 |     25 |     22 |     22 |     21 |     21 |     27 |     30 |     30 |     30 |     30 |     30 |     30 |     27 |     20 |     20 |     20 |     20 |     20 |     20 |     20 |     20 |     20 |     20 |     19 |     19 |     19 |     19 |     19 |     19 |     19 |     19 |     19 |     19 |    114 |    116 |   236 |   141 |   102 |    69 |    54 |    49 |    49 |    38 |    34 |    33 |     35 |     32 |     27 |     29 |     29 |     29 |     30 |     23 |     22 |     21 |     21 |     21 |     29 |     30 |     30 |     30 |     30 |     30 |     30 |     21 |     20 |     20 |     20 |     20 |     20 |     20 |     20 |     20 |     20 |     20 |     20 |     19 |     19 |     19 |     19 |     19 |     19 |     19 |     19 |     19 |     19 |    141 |
| simulated_k51_l1000_90   |                      - |                      - |                      - |                      - |                      - |                      - |                      - |                      - |                      - |                      - |                      - |                      - |                      - |                      - |                      - |                      - |                      - |                      - |                      - |                      - |                      - |                      - |                      - |                      - |                      - |                      - |                      - |                      - |                      - |                      - |                      - |                      - |                      - |                      - |                      - |                      - |                      - |                      - |                      - |                      - |                      - |                      0 |                     46 |                     44 |                     21 |                     21 |                     48 |                     48 |                     10 |                     10 |                      10 |    20 |   114 |   202 |   129 |    91 |    61 |    51 |    51 |    44 |     36 |     33 |     35 |     34 |     29 |     28 |     29 |     30 |     30 |     25 |     22 |     22 |     21 |     21 |     27 |     30 |     30 |     30 |     30 |     30 |     30 |     27 |     20 |     20 |     20 |     20 |     20 |     20 |     20 |     20 |     20 |     20 |     19 |     19 |     19 |     19 |     19 |     19 |     19 |     19 |     19 |     19 |    114 |    116 |   236 |   141 |   102 |    69 |    54 |    49 |    49 |    38 |    34 |    33 |     35 |     32 |     27 |     29 |     29 |     29 |     30 |     23 |     22 |     21 |     21 |     21 |     29 |     30 |     30 |     30 |     30 |     30 |     30 |     21 |     20 |     20 |     20 |     20 |     20 |     20 |     20 |     20 |     20 |     20 |     20 |     19 |     19 |     19 |     19 |     19 |     19 |     19 |     19 |     19 |     19 |    141 |
| simulated_k51_l1000_91   |                      - |                      - |                      - |                      - |                      - |                      - |                      - |                      - |                      - |                      - |                      - |                      - |                      - |                      - |                      - |                      - |                      - |                      - |                      - |                      - |                      - |                      - |                      - |                      - |                      - |                      - |                      - |                      - |                      - |                      - |                      - |                      - |                      - |                      - |                      - |                      - |                      - |                      - |                      - |                      - |                      - |                      - |                      0 |                      2 |                     51 |                     51 |                     34 |                     34 |                     44 |                     44 |                      44 |    30 |   116 |   199 |   133 |    88 |    64 |    60 |    57 |    50 |     44 |     41 |     40 |     39 |     37 |     36 |     35 |     36 |     36 |     32 |     31 |     30 |     29 |     29 |     23 |     18 |     18 |     18 |     18 |     18 |     18 |     24 |     28 |     28 |     28 |     28 |     28 |     28 |     28 |     28 |     28 |     28 |     27 |     27 |     27 |     27 |     27 |     27 |     27 |     27 |     27 |     27 |    114 |    116 |   234 |   139 |   106 |    67 |    62 |    57 |    55 |    46 |    42 |    41 |     40 |     35 |     37 |     35 |     35 |     37 |     36 |     32 |     30 |     29 |     29 |     27 |     19 |     18 |     18 |     18 |     18 |     18 |     18 |     27 |     28 |     28 |     28 |     28 |     28 |     28 |     28 |     28 |     28 |     28 |     28 |     27 |     27 |     27 |     27 |     27 |     27 |     27 |     27 |     27 |     27 |    141 |
| simulated_k51_l1000_92   |                      - |                      - |                      - |                      - |                      - |                      - |                      - |                      - |                      - |                      - |                      - |                      - |                      - |                      - |                      - |                      - |                      - |                      - |                      - |                      - |                      - |                      - |                      - |                      - |                      - |                      - |                      - |                      - |                      - |                      - |                      - |                      - |                      - |                      - |                      - |                      - |                      - |                      - |                      - |                      - |                      - |                      - |                      - |                      0 |                     49 |                     49 |                     34 |                     34 |                     42 |                     42 |                      42 |    28 |   115 |   200 |   132 |    87 |    64 |    59 |    56 |    49 |     43 |     40 |     39 |     38 |     36 |     34 |     33 |     35 |     36 |     32 |     31 |     30 |     29 |     29 |     23 |     18 |     18 |     18 |     18 |     18 |     18 |     23 |     26 |     26 |     26 |     26 |     26 |     26 |     26 |     26 |     26 |     26 |     25 |     25 |     25 |     25 |     25 |     25 |     25 |     25 |     25 |     25 |    115 |    116 |   235 |   138 |   105 |    66 |    62 |    56 |    54 |    45 |    41 |    40 |     39 |     34 |     35 |     33 |     33 |     35 |     36 |     32 |     30 |     29 |     29 |     27 |     19 |     18 |     18 |     18 |     18 |     18 |     18 |     25 |     26 |     26 |     26 |     26 |     26 |     26 |     26 |     26 |     26 |     26 |     26 |     25 |     25 |     25 |     25 |     25 |     25 |     25 |     25 |     25 |     25 |    141 |
| simulated_k51_l1000_93   |                      - |                      - |                      - |                      - |                      - |                      - |                      - |                      - |                      - |                      - |                      - |                      - |                      - |                      - |                      - |                      - |                      - |                      - |                      - |                      - |                      - |                      - |                      - |                      - |                      - |                      - |                      - |                      - |                      - |                      - |                      - |                      - |                      - |                      - |                      - |                      - |                      - |                      - |                      - |                      - |                      - |                      - |                      - |                      - |                      0 |                      2 |                     53 |                     53 |                     19 |                     19 |                      19 |    25 |   122 |   199 |   128 |    92 |    62 |    51 |    54 |    50 |     44 |     42 |     41 |     40 |     36 |     33 |     32 |     33 |     33 |     28 |     27 |     27 |     26 |     26 |     32 |     35 |     35 |     35 |     35 |     35 |     35 |     32 |     25 |     25 |     25 |     25 |     25 |     25 |     25 |     25 |     25 |     25 |     24 |     24 |     24 |     24 |     24 |     24 |     24 |     24 |     24 |     24 |    120 |    117 |   232 |   138 |   110 |    70 |    54 |    53 |    54 |    43 |    43 |    42 |     41 |     39 |     34 |     32 |     32 |     34 |     33 |     28 |     27 |     26 |     26 |     26 |     34 |     35 |     35 |     35 |     35 |     35 |     35 |     26 |     25 |     25 |     25 |     25 |     25 |     25 |     25 |     25 |     25 |     25 |     25 |     24 |     24 |     24 |     24 |     24 |     24 |     24 |     24 |     24 |     24 |    139 |
| simulated_k51_l1000_94   |                      - |                      - |                      - |                      - |                      - |                      - |                      - |                      - |                      - |                      - |                      - |                      - |                      - |                      - |                      - |                      - |                      - |                      - |                      - |                      - |                      - |                      - |                      - |                      - |                      - |                      - |                      - |                      - |                      - |                      - |                      - |                      - |                      - |                      - |                      - |                      - |                      - |                      - |                      - |                      - |                      - |                      - |                      - |                      - |                      - |                      0 |                     53 |                     53 |                     19 |                     19 |                      19 |    25 |   122 |   199 |   128 |    92 |    62 |    51 |    54 |    50 |     44 |     42 |     41 |     40 |     36 |     33 |     32 |     33 |     33 |     28 |     27 |     27 |     26 |     26 |     32 |     35 |     35 |     35 |     35 |     35 |     35 |     32 |     25 |     25 |     25 |     25 |     25 |     25 |     25 |     25 |     25 |     25 |     24 |     24 |     24 |     24 |     24 |     24 |     24 |     24 |     24 |     24 |    120 |    117 |   232 |   138 |   110 |    70 |    54 |    53 |    54 |    43 |    43 |    42 |     41 |     39 |     34 |     32 |     32 |     34 |     33 |     28 |     27 |     26 |     26 |     26 |     34 |     35 |     35 |     35 |     35 |     35 |     35 |     26 |     25 |     25 |     25 |     25 |     25 |     25 |     25 |     25 |     25 |     25 |     25 |     24 |     24 |     24 |     24 |     24 |     24 |     24 |     24 |     24 |     24 |    139 |
| simulated_k51_l1000_95   |                      - |                      - |                      - |                      - |                      - |                      - |                      - |                      - |                      - |                      - |                      - |                      - |                      - |                      - |                      - |                      - |                      - |                      - |                      - |                      - |                      - |                      - |                      - |                      - |                      - |                      - |                      - |                      - |                      - |                      - |                      - |                      - |                      - |                      - |                      - |                      - |                      - |                      - |                      - |                      - |                      - |                      - |                      - |                      - |                      - |                      - |                      0 |                      2 |                     46 |                     46 |                      46 |    32 |   118 |   197 |   130 |    90 |    62 |    52 |    46 |    39 |     39 |     36 |     35 |     35 |     30 |     28 |     27 |     26 |     24 |     30 |     29 |     28 |     29 |     29 |     23 |     18 |     18 |     18 |     18 |     18 |     18 |     24 |     30 |     30 |     30 |     30 |     30 |     30 |     30 |     30 |     30 |     30 |     29 |     29 |     29 |     29 |     29 |     29 |     29 |     29 |     29 |     29 |    115 |    119 |   233 |   138 |   105 |    69 |    56 |    47 |    44 |    41 |    37 |    36 |     35 |     33 |     29 |     27 |     27 |     25 |     24 |     30 |     28 |     29 |     29 |     27 |     19 |     18 |     18 |     18 |     18 |     18 |     18 |     29 |     30 |     30 |     30 |     30 |     30 |     30 |     30 |     30 |     30 |     30 |     30 |     29 |     29 |     29 |     29 |     29 |     29 |     29 |     29 |     29 |     29 |    142 |
| simulated_k51_l1000_96   |                      - |                      - |                      - |                      - |                      - |                      - |                      - |                      - |                      - |                      - |                      - |                      - |                      - |                      - |                      - |                      - |                      - |                      - |                      - |                      - |                      - |                      - |                      - |                      - |                      - |                      - |                      - |                      - |                      - |                      - |                      - |                      - |                      - |                      - |                      - |                      - |                      - |                      - |                      - |                      - |                      - |                      - |                      - |                      - |                      - |                      - |                      - |                      0 |                     46 |                     46 |                      46 |    32 |   117 |   198 |   129 |    89 |    62 |    52 |    46 |    39 |     39 |     35 |     34 |     34 |     29 |     27 |     26 |     25 |     24 |     30 |     29 |     28 |     29 |     29 |     23 |     18 |     18 |     18 |     18 |     18 |     18 |     24 |     30 |     30 |     30 |     30 |     30 |     30 |     30 |     30 |     30 |     30 |     29 |     29 |     29 |     29 |     29 |     29 |     29 |     29 |     29 |     29 |    114 |    118 |   234 |   137 |   104 |    68 |    56 |    47 |    44 |    41 |    37 |    35 |     34 |     32 |     28 |     26 |     26 |     24 |     24 |     30 |     28 |     29 |     29 |     27 |     19 |     18 |     18 |     18 |     18 |     18 |     18 |     29 |     30 |     30 |     30 |     30 |     30 |     30 |     30 |     30 |     30 |     30 |     30 |     29 |     29 |     29 |     29 |     29 |     29 |     29 |     29 |     29 |     29 |    142 |
| simulated_k51_l1000_98   |                      - |                      - |                      - |                      - |                      - |                      - |                      - |                      - |                      - |                      - |                      - |                      - |                      - |                      - |                      - |                      - |                      - |                      - |                      - |                      - |                      - |                      - |                      - |                      - |                      - |                      - |                      - |                      - |                      - |                      - |                      - |                      - |                      - |                      - |                      - |                      - |                      - |                      - |                      - |                      - |                      - |                      - |                      - |                      - |                      - |                      - |                      - |                      - |                      0 |                      2 |                       2 |    18 |   112 |   203 |   131 |    88 |    58 |    48 |    44 |    40 |     36 |     33 |     33 |     32 |     27 |     26 |     27 |     28 |     28 |     23 |     20 |     20 |     19 |     19 |     25 |     28 |     28 |     28 |     28 |     28 |     28 |     25 |     18 |     18 |     18 |     18 |     18 |     18 |     18 |     18 |     18 |     18 |     17 |     17 |     17 |     17 |     17 |     17 |     17 |     17 |     17 |     17 |    117 |    116 |   238 |   143 |   104 |    66 |    51 |    43 |    42 |    36 |    34 |    33 |     33 |     30 |     25 |     27 |     27 |     27 |     28 |     21 |     20 |     19 |     19 |     19 |     27 |     28 |     28 |     28 |     28 |     28 |     28 |     19 |     18 |     18 |     18 |     18 |     18 |     18 |     18 |     18 |     18 |     18 |     18 |     17 |     17 |     17 |     17 |     17 |     17 |     17 |     17 |     17 |     17 |    138 |
| simulated_k51_l1000_99   |                      - |                      - |                      - |                      - |                      - |                      - |                      - |                      - |                      - |                      - |                      - |                      - |                      - |                      - |                      - |                      - |                      - |                      - |                      - |                      - |                      - |                      - |                      - |                      - |                      - |                      - |                      - |                      - |                      - |                      - |                      - |                      - |                      - |                      - |                      - |                      - |                      - |                      - |                      - |                      - |                      - |                      - |                      - |                      - |                      - |                      - |                      - |                      - |                      - |                      0 |                       2 |    18 |   112 |   204 |   132 |    88 |    58 |    48 |    44 |    40 |     36 |     33 |     33 |     32 |     27 |     26 |     27 |     28 |     28 |     23 |     20 |     20 |     19 |     19 |     25 |     28 |     28 |     28 |     28 |     28 |     28 |     25 |     18 |     18 |     18 |     18 |     18 |     18 |     18 |     18 |     18 |     18 |     17 |     17 |     17 |     17 |     17 |     17 |     17 |     17 |     17 |     17 |    117 |    114 |   238 |   144 |   105 |    66 |    51 |    43 |    42 |    36 |    34 |    33 |     33 |     30 |     25 |     27 |     27 |     27 |     28 |     21 |     20 |     19 |     19 |     19 |     27 |     28 |     28 |     28 |     28 |     28 |     28 |     19 |     18 |     18 |     18 |     18 |     18 |     18 |     18 |     18 |     18 |     18 |     18 |     17 |     17 |     17 |     17 |     17 |     17 |     17 |     17 |     17 |     17 |    137 |
| simulated_k51_l1000_100  |                      - |                      - |                      - |                      - |                      - |                      - |                      - |                      - |                      - |                      - |                      - |                      - |                      - |                      - |                      - |                      - |                      - |                      - |                      - |                      - |                      - |                      - |                      - |                      - |                      - |                      - |                      - |                      - |                      - |                      - |                      - |                      - |                      - |                      - |                      - |                      - |                      - |                      - |                      - |                      - |                      - |                      - |                      - |                      - |                      - |                      - |                      - |                      - |                      - |                      - |                       0 |    18 |   111 |   204 |   132 |    88 |    58 |    48 |    44 |    40 |     36 |     33 |     33 |     32 |     27 |     26 |     27 |     28 |     28 |     23 |     20 |     20 |     19 |     19 |     25 |     28 |     28 |     28 |     28 |     28 |     28 |     25 |     18 |     18 |     18 |     18 |     18 |     18 |     18 |     18 |     18 |     18 |     17 |     17 |     17 |     17 |     17 |     17 |     17 |     17 |     17 |     17 |    117 |    115 |   237 |   144 |   105 |    66 |    51 |    43 |    42 |    36 |    34 |    33 |     33 |     30 |     25 |     27 |     27 |     27 |     28 |     21 |     20 |     19 |     19 |     19 |     27 |     28 |     28 |     28 |     28 |     28 |     28 |     19 |     18 |     18 |     18 |     18 |     18 |     18 |     18 |     18 |     18 |     18 |     18 |     17 |     17 |     17 |     17 |     17 |     17 |     17 |     17 |     17 |     17 |    138 |
| MST_1                    |                      - |                      - |                      - |                      - |                      - |                      - |                      - |                      - |                      - |                      - |                      - |                      - |                      - |                      - |                      - |                      - |                      - |                      - |                      - |                      - |                      - |                      - |                      - |                      - |                      - |                      - |                      - |                      - |                      - |                      - |                      - |                      - |                      - |                      - |                      - |                      - |                      - |                      - |                      - |                      - |                      - |                      - |                      - |                      - |                      - |                      - |                      - |                      - |                      - |                      - |                       - |     0 |   109 |   214 |   146 |   102 |    71 |    62 |    56 |    52 |     45 |     42 |     42 |     41 |     36 |     34 |     33 |     33 |     33 |     27 |     24 |     25 |     24 |     24 |     19 |     14 |     14 |     14 |     14 |     14 |     14 |      9 |      2 |      2 |      2 |      2 |      2 |      2 |      2 |      2 |      2 |      2 |      3 |      3 |      3 |      3 |      3 |      3 |      3 |      3 |      3 |      3 |    119 |    119 |   250 |   156 |   119 |    80 |    65 |    55 |    54 |    47 |    43 |    42 |     42 |     39 |     35 |     33 |     33 |     33 |     33 |     25 |     25 |     24 |     24 |     21 |     15 |     14 |     14 |     14 |     14 |     14 |     14 |      3 |      2 |      2 |      2 |      2 |      2 |      2 |      2 |      2 |      2 |      2 |      2 |      3 |      3 |      3 |      3 |      3 |      3 |      3 |      3 |      3 |      3 |    144 |
| MST_2                    |                      - |                      - |                      - |                      - |                      - |                      - |                      - |                      - |                      - |                      - |                      - |                      - |                      - |                      - |                      - |                      - |                      - |                      - |                      - |                      - |                      - |                      - |                      - |                      - |                      - |                      - |                      - |                      - |                      - |                      - |                      - |                      - |                      - |                      - |                      - |                      - |                      - |                      - |                      - |                      - |                      - |                      - |                      - |                      - |                      - |                      - |                      - |                      - |                      - |                      - |                       - |     - |     0 |   200 |   150 |   140 |   123 |   116 |   112 |   115 |    112 |    112 |    111 |    112 |    115 |    115 |    114 |    113 |    114 |    118 |    117 |    116 |    115 |    115 |    116 |    113 |    113 |    113 |    113 |    113 |    113 |    115 |    111 |    111 |    111 |    111 |    111 |    111 |    111 |    111 |    111 |    111 |    111 |    111 |    111 |    111 |    111 |    111 |    111 |    111 |    111 |    111 |    154 |    151 |   153 |   144 |   126 |   118 |   115 |   113 |   110 |   112 |   112 |   112 |    111 |    112 |    115 |    114 |    114 |    114 |    114 |    117 |    116 |    115 |    115 |    112 |    112 |    113 |    113 |    113 |    113 |    113 |    113 |    110 |    111 |    111 |    111 |    111 |    111 |    111 |    111 |    111 |    111 |    111 |    111 |    111 |    111 |    111 |    111 |    111 |    111 |    111 |    111 |    111 |    111 |    165 |
| MST_3                    |                      - |                      - |                      - |                      - |                      - |                      - |                      - |                      - |                      - |                      - |                      - |                      - |                      - |                      - |                      - |                      - |                      - |                      - |                      - |                      - |                      - |                      - |                      - |                      - |                      - |                      - |                      - |                      - |                      - |                      - |                      - |                      - |                      - |                      - |                      - |                      - |                      - |                      - |                      - |                      - |                      - |                      - |                      - |                      - |                      - |                      - |                      - |                      - |                      - |                      - |                       - |     - |     - |     0 |    98 |   142 |   169 |   175 |   180 |   185 |    191 |    193 |    192 |    191 |    193 |    195 |    196 |    195 |    195 |    200 |    202 |    201 |    201 |    201 |    206 |    211 |    211 |    211 |    211 |    211 |    211 |    213 |    215 |    215 |    215 |    215 |    215 |    215 |    215 |    215 |    215 |    215 |    215 |    215 |    215 |    215 |    215 |    215 |    215 |    215 |    215 |    215 |    191 |    191 |    75 |    87 |   123 |   157 |   172 |   179 |   180 |   190 |   193 |   193 |    192 |    192 |    195 |    196 |    196 |    196 |    195 |    202 |    201 |    201 |    201 |    204 |    210 |    211 |    211 |    211 |    211 |    211 |    211 |    214 |    215 |    215 |    215 |    215 |    215 |    215 |    215 |    215 |    215 |    215 |    215 |    215 |    215 |    215 |    215 |    215 |    215 |    215 |    215 |    215 |    215 |    197 |
| MST_4                    |                      - |                      - |                      - |                      - |                      - |                      - |                      - |                      - |                      - |                      - |                      - |                      - |                      - |                      - |                      - |                      - |                      - |                      - |                      - |                      - |                      - |                      - |                      - |                      - |                      - |                      - |                      - |                      - |                      - |                      - |                      - |                      - |                      - |                      - |                      - |                      - |                      - |                      - |                      - |                      - |                      - |                      - |                      - |                      - |                      - |                      - |                      - |                      - |                      - |                      - |                       - |     - |     - |     - |     0 |    54 |    88 |    96 |   105 |   109 |    116 |    120 |    119 |    119 |    120 |    123 |    124 |    123 |    123 |    127 |    129 |    129 |    129 |    129 |    135 |    140 |    140 |    140 |    140 |    140 |    140 |    141 |    146 |    146 |    146 |    146 |    146 |    146 |    146 |    146 |    146 |    146 |    146 |    146 |    146 |    146 |    146 |    146 |    146 |    146 |    146 |    146 |    165 |    168 |   134 |    23 |    33 |    74 |    94 |   105 |   106 |   115 |   118 |   120 |    119 |    119 |    122 |    124 |    124 |    124 |    123 |    129 |    129 |    129 |    129 |    132 |    139 |    140 |    140 |    140 |    140 |    140 |    140 |    145 |    146 |    146 |    146 |    146 |    146 |    146 |    146 |    146 |    146 |    146 |    146 |    146 |    146 |    146 |    146 |    146 |    146 |    146 |    146 |    146 |    146 |    176 |
| MST_5                    |                      - |                      - |                      - |                      - |                      - |                      - |                      - |                      - |                      - |                      - |                      - |                      - |                      - |                      - |                      - |                      - |                      - |                      - |                      - |                      - |                      - |                      - |                      - |                      - |                      - |                      - |                      - |                      - |                      - |                      - |                      - |                      - |                      - |                      - |                      - |                      - |                      - |                      - |                      - |                      - |                      - |                      - |                      - |                      - |                      - |                      - |                      - |                      - |                      - |                      - |                       - |     - |     - |     - |     - |     0 |    42 |    50 |    60 |    64 |     71 |     73 |     73 |     73 |     76 |     78 |     79 |     78 |     79 |     83 |     85 |     85 |     84 |     84 |     91 |     95 |     95 |     95 |     95 |     95 |     95 |     97 |    102 |    102 |    102 |    102 |    102 |    102 |    102 |    102 |    102 |    102 |    102 |    102 |    102 |    102 |    102 |    102 |    102 |    102 |    102 |    102 |    141 |    141 |   177 |    69 |    25 |    30 |    48 |    60 |    61 |    69 |    72 |    74 |     73 |     75 |     77 |     79 |     79 |     79 |     79 |     85 |     85 |     84 |     84 |     87 |     94 |     95 |     95 |     95 |     95 |     95 |     95 |    101 |    102 |    102 |    102 |    102 |    102 |    102 |    102 |    102 |    102 |    102 |    102 |    102 |    102 |    102 |    102 |    102 |    102 |    102 |    102 |    102 |    102 |    149 |
| MST_6                    |                      - |                      - |                      - |                      - |                      - |                      - |                      - |                      - |                      - |                      - |                      - |                      - |                      - |                      - |                      - |                      - |                      - |                      - |                      - |                      - |                      - |                      - |                      - |                      - |                      - |                      - |                      - |                      - |                      - |                      - |                      - |                      - |                      - |                      - |                      - |                      - |                      - |                      - |                      - |                      - |                      - |                      - |                      - |                      - |                      - |                      - |                      - |                      - |                      - |                      - |                       - |     - |     - |     - |     - |     - |     0 |    18 |    26 |    30 |     35 |     40 |     42 |     42 |     46 |     48 |     49 |     48 |     49 |     53 |     54 |     54 |     55 |     55 |     61 |     65 |     65 |     65 |     65 |     65 |     65 |     66 |     71 |     71 |     71 |     71 |     71 |     71 |     71 |     71 |     71 |     71 |     71 |     71 |     71 |     71 |     71 |     71 |     71 |     71 |     71 |     71 |    132 |    131 |   207 |   100 |    61 |    17 |    13 |    25 |    28 |    35 |    37 |    41 |     42 |     43 |     47 |     49 |     49 |     49 |     49 |     55 |     54 |     55 |     55 |     58 |     64 |     65 |     65 |     65 |     65 |     65 |     65 |     70 |     71 |     71 |     71 |     71 |     71 |     71 |     71 |     71 |     71 |     71 |     71 |     71 |     71 |     71 |     71 |     71 |     71 |     71 |     71 |     71 |     71 |    142 |
| MST_7                    |                      - |                      - |                      - |                      - |                      - |                      - |                      - |                      - |                      - |                      - |                      - |                      - |                      - |                      - |                      - |                      - |                      - |                      - |                      - |                      - |                      - |                      - |                      - |                      - |                      - |                      - |                      - |                      - |                      - |                      - |                      - |                      - |                      - |                      - |                      - |                      - |                      - |                      - |                      - |                      - |                      - |                      - |                      - |                      - |                      - |                      - |                      - |                      - |                      - |                      - |                       - |     - |     - |     - |     - |     - |     - |     0 |    10 |    15 |     23 |     28 |     29 |     30 |     34 |     37 |     38 |     38 |     38 |     43 |     43 |     44 |     45 |     45 |     51 |     56 |     56 |     56 |     56 |     56 |     56 |     57 |     62 |     62 |     62 |     62 |     62 |     62 |     62 |     62 |     62 |     62 |     62 |     62 |     62 |     62 |     62 |     62 |     62 |     62 |     62 |     62 |    126 |    130 |   211 |   109 |    70 |    27 |     8 |    10 |    12 |    21 |    25 |    29 |     29 |     31 |     36 |     38 |     38 |     38 |     38 |     44 |     44 |     45 |     45 |     48 |     55 |     56 |     56 |     56 |     56 |     56 |     56 |     61 |     62 |     62 |     62 |     62 |     62 |     62 |     62 |     62 |     62 |     62 |     62 |     62 |     62 |     62 |     62 |     62 |     62 |     62 |     62 |     62 |     62 |    140 |
| MST_8                    |                      - |                      - |                      - |                      - |                      - |                      - |                      - |                      - |                      - |                      - |                      - |                      - |                      - |                      - |                      - |                      - |                      - |                      - |                      - |                      - |                      - |                      - |                      - |                      - |                      - |                      - |                      - |                      - |                      - |                      - |                      - |                      - |                      - |                      - |                      - |                      - |                      - |                      - |                      - |                      - |                      - |                      - |                      - |                      - |                      - |                      - |                      - |                      - |                      - |                      - |                       - |     - |     - |     - |     - |     - |     - |     - |     0 |     9 |     17 |     22 |     23 |     25 |     29 |     32 |     33 |     33 |     32 |     38 |     39 |     38 |     39 |     39 |     46 |     50 |     50 |     50 |     50 |     50 |     50 |     52 |     58 |     58 |     58 |     58 |     58 |     58 |     58 |     58 |     58 |     58 |     58 |     58 |     58 |     58 |     58 |     58 |     58 |     58 |     58 |     58 |    125 |    125 |   217 |   117 |    79 |    37 |    17 |     4 |     5 |    15 |    19 |    23 |     23 |     26 |     31 |     33 |     33 |     32 |     32 |     40 |     38 |     39 |     39 |     42 |     49 |     50 |     50 |     50 |     50 |     50 |     50 |     57 |     58 |     58 |     58 |     58 |     58 |     58 |     58 |     58 |     58 |     58 |     58 |     58 |     58 |     58 |     58 |     58 |     58 |     58 |     58 |     58 |     58 |    137 |
| MST_9                    |                      - |                      - |                      - |                      - |                      - |                      - |                      - |                      - |                      - |                      - |                      - |                      - |                      - |                      - |                      - |                      - |                      - |                      - |                      - |                      - |                      - |                      - |                      - |                      - |                      - |                      - |                      - |                      - |                      - |                      - |                      - |                      - |                      - |                      - |                      - |                      - |                      - |                      - |                      - |                      - |                      - |                      - |                      - |                      - |                      - |                      - |                      - |                      - |                      - |                      - |                       - |     - |     - |     - |     - |     - |     - |     - |     - |     0 |      9 |     14 |     17 |     19 |     22 |     25 |     26 |     26 |     25 |     31 |     32 |     31 |     32 |     32 |     38 |     43 |     43 |     43 |     43 |     43 |     43 |     46 |     52 |     52 |     52 |     52 |     52 |     52 |     52 |     52 |     52 |     52 |     52 |     52 |     52 |     52 |     52 |     52 |     52 |     52 |     52 |     52 |    121 |    124 |   221 |   123 |    84 |    40 |    22 |     9 |     6 |     7 |    11 |    15 |     17 |     19 |     24 |     26 |     26 |     25 |     25 |     33 |     31 |     32 |     32 |     35 |     42 |     43 |     43 |     43 |     43 |     43 |     43 |     51 |     52 |     52 |     52 |     52 |     52 |     52 |     52 |     52 |     52 |     52 |     52 |     52 |     52 |     52 |     52 |     52 |     52 |     52 |     52 |     52 |     52 |    136 |
| MST_10                   |                      - |                      - |                      - |                      - |                      - |                      - |                      - |                      - |                      - |                      - |                      - |                      - |                      - |                      - |                      - |                      - |                      - |                      - |                      - |                      - |                      - |                      - |                      - |                      - |                      - |                      - |                      - |                      - |                      - |                      - |                      - |                      - |                      - |                      - |                      - |                      - |                      - |                      - |                      - |                      - |                      - |                      - |                      - |                      - |                      - |                      - |                      - |                      - |                      - |                      - |                       - |     - |     - |     - |     - |     - |     - |     - |     - |     - |      0 |      5 |      9 |     11 |     15 |     18 |     19 |     19 |     18 |     24 |     25 |     24 |     25 |     25 |     33 |     37 |     37 |     37 |     37 |     37 |     37 |     40 |     45 |     45 |     45 |     45 |     45 |     45 |     45 |     45 |     45 |     45 |     45 |     45 |     45 |     45 |     45 |     45 |     45 |     45 |     45 |     45 |    117 |    120 |   226 |   129 |    90 |    46 |    30 |    18 |    15 |     5 |     2 |     6 |      9 |     12 |     17 |     19 |     19 |     18 |     18 |     26 |     24 |     25 |     25 |     28 |     36 |     37 |     37 |     37 |     37 |     37 |     37 |     44 |     45 |     45 |     45 |     45 |     45 |     45 |     45 |     45 |     45 |     45 |     45 |     45 |     45 |     45 |     45 |     45 |     45 |     45 |     45 |     45 |     45 |    134 |
| MST_11                   |                      - |                      - |                      - |                      - |                      - |                      - |                      - |                      - |                      - |                      - |                      - |                      - |                      - |                      - |                      - |                      - |                      - |                      - |                      - |                      - |                      - |                      - |                      - |                      - |                      - |                      - |                      - |                      - |                      - |                      - |                      - |                      - |                      - |                      - |                      - |                      - |                      - |                      - |                      - |                      - |                      - |                      - |                      - |                      - |                      - |                      - |                      - |                      - |                      - |                      - |                       - |     - |     - |     - |     - |     - |     - |     - |     - |     - |      - |      0 |      5 |      7 |     10 |     13 |     14 |     14 |     13 |     19 |     22 |     21 |     22 |     22 |     31 |     34 |     34 |     34 |     34 |     34 |     34 |     37 |     42 |     42 |     42 |     42 |     42 |     42 |     42 |     42 |     42 |     42 |     42 |     42 |     42 |     42 |     42 |     42 |     42 |     42 |     42 |     42 |    116 |    118 |   228 |   131 |    93 |    50 |    34 |    23 |    20 |     9 |     3 |     1 |      5 |      7 |     12 |     14 |     14 |     13 |     13 |     21 |     21 |     22 |     22 |     25 |     33 |     34 |     34 |     34 |     34 |     34 |     34 |     41 |     42 |     42 |     42 |     42 |     42 |     42 |     42 |     42 |     42 |     42 |     42 |     42 |     42 |     42 |     42 |     42 |     42 |     42 |     42 |     42 |     42 |    135 |
| MST_12                   |                      - |                      - |                      - |                      - |                      - |                      - |                      - |                      - |                      - |                      - |                      - |                      - |                      - |                      - |                      - |                      - |                      - |                      - |                      - |                      - |                      - |                      - |                      - |                      - |                      - |                      - |                      - |                      - |                      - |                      - |                      - |                      - |                      - |                      - |                      - |                      - |                      - |                      - |                      - |                      - |                      - |                      - |                      - |                      - |                      - |                      - |                      - |                      - |                      - |                      - |                       - |     - |     - |     - |     - |     - |     - |     - |     - |     - |      - |      - |      0 |      2 |      8 |     12 |     13 |     13 |     13 |     19 |     20 |     19 |     20 |     20 |     29 |     33 |     33 |     33 |     33 |     33 |     33 |     36 |     42 |     42 |     42 |     42 |     42 |     42 |     42 |     42 |     42 |     42 |     42 |     42 |     42 |     42 |     42 |     42 |     42 |     42 |     42 |     42 |    119 |    118 |   227 |   131 |    92 |    50 |    35 |    26 |    21 |    13 |     8 |     4 |      0 |      6 |     11 |     13 |     13 |     11 |     13 |     20 |     19 |     20 |     20 |     24 |     32 |     33 |     33 |     33 |     33 |     33 |     33 |     41 |     42 |     42 |     42 |     42 |     42 |     42 |     42 |     42 |     42 |     42 |     42 |     42 |     42 |     42 |     42 |     42 |     42 |     42 |     42 |     42 |     42 |    135 |
| MST_13                   |                      - |                      - |                      - |                      - |                      - |                      - |                      - |                      - |                      - |                      - |                      - |                      - |                      - |                      - |                      - |                      - |                      - |                      - |                      - |                      - |                      - |                      - |                      - |                      - |                      - |                      - |                      - |                      - |                      - |                      - |                      - |                      - |                      - |                      - |                      - |                      - |                      - |                      - |                      - |                      - |                      - |                      - |                      - |                      - |                      - |                      - |                      - |                      - |                      - |                      - |                       - |     - |     - |     - |     - |     - |     - |     - |     - |     - |      - |      - |      - |      0 |      6 |     10 |     11 |     12 |     13 |     19 |     20 |     19 |     20 |     20 |     29 |     33 |     33 |     33 |     33 |     33 |     33 |     36 |     41 |     41 |     41 |     41 |     41 |     41 |     41 |     41 |     41 |     41 |     41 |     41 |     41 |     41 |     41 |     41 |     41 |     41 |     41 |     41 |    118 |    120 |   226 |   131 |    92 |    50 |    35 |    27 |    23 |    15 |    10 |     6 |      2 |      4 |      9 |     11 |     11 |     11 |     13 |     20 |     19 |     20 |     20 |     24 |     32 |     33 |     33 |     33 |     33 |     33 |     33 |     40 |     41 |     41 |     41 |     41 |     41 |     41 |     41 |     41 |     41 |     41 |     41 |     41 |     41 |     41 |     41 |     41 |     41 |     41 |     41 |     41 |     41 |    135 |
| MST_14                   |                      - |                      - |                      - |                      - |                      - |                      - |                      - |                      - |                      - |                      - |                      - |                      - |                      - |                      - |                      - |                      - |                      - |                      - |                      - |                      - |                      - |                      - |                      - |                      - |                      - |                      - |                      - |                      - |                      - |                      - |                      - |                      - |                      - |                      - |                      - |                      - |                      - |                      - |                      - |                      - |                      - |                      - |                      - |                      - |                      - |                      - |                      - |                      - |                      - |                      - |                       - |     - |     - |     - |     - |     - |     - |     - |     - |     - |      - |      - |      - |      - |      0 |      4 |      5 |      6 |      7 |     13 |     16 |     15 |     16 |     16 |     25 |     28 |     28 |     28 |     28 |     28 |     28 |     31 |     36 |     36 |     36 |     36 |     36 |     36 |     36 |     36 |     36 |     36 |     36 |     36 |     36 |     36 |     36 |     36 |     36 |     36 |     36 |     36 |    117 |    119 |   227 |   131 |    93 |    53 |    39 |    30 |    27 |    17 |    13 |     9 |      8 |      4 |      3 |      5 |      5 |      5 |      7 |     15 |     15 |     16 |     16 |     19 |     27 |     28 |     28 |     28 |     28 |     28 |     28 |     35 |     36 |     36 |     36 |     36 |     36 |     36 |     36 |     36 |     36 |     36 |     36 |     36 |     36 |     36 |     36 |     36 |     36 |     36 |     36 |     36 |     36 |    137 |
| MST_15                   |                      - |                      - |                      - |                      - |                      - |                      - |                      - |                      - |                      - |                      - |                      - |                      - |                      - |                      - |                      - |                      - |                      - |                      - |                      - |                      - |                      - |                      - |                      - |                      - |                      - |                      - |                      - |                      - |                      - |                      - |                      - |                      - |                      - |                      - |                      - |                      - |                      - |                      - |                      - |                      - |                      - |                      - |                      - |                      - |                      - |                      - |                      - |                      - |                      - |                      - |                       - |     - |     - |     - |     - |     - |     - |     - |     - |     - |      - |      - |      - |      - |      - |      0 |      1 |      3 |      5 |     11 |     14 |     13 |     14 |     14 |     23 |     26 |     26 |     26 |     26 |     26 |     26 |     30 |     34 |     34 |     34 |     34 |     34 |     34 |     34 |     34 |     34 |     34 |     33 |     33 |     33 |     33 |     33 |     33 |     33 |     33 |     33 |     33 |    115 |    117 |   229 |   132 |    96 |    55 |    41 |    32 |    30 |    20 |    16 |    13 |     12 |      6 |      1 |      1 |      1 |      3 |      5 |     13 |     13 |     14 |     14 |     17 |     25 |     26 |     26 |     26 |     26 |     26 |     26 |     33 |     34 |     34 |     34 |     34 |     34 |     34 |     34 |     34 |     34 |     34 |     34 |     33 |     33 |     33 |     33 |     33 |     33 |     33 |     33 |     33 |     33 |    138 |
| MST_16                   |                      - |                      - |                      - |                      - |                      - |                      - |                      - |                      - |                      - |                      - |                      - |                      - |                      - |                      - |                      - |                      - |                      - |                      - |                      - |                      - |                      - |                      - |                      - |                      - |                      - |                      - |                      - |                      - |                      - |                      - |                      - |                      - |                      - |                      - |                      - |                      - |                      - |                      - |                      - |                      - |                      - |                      - |                      - |                      - |                      - |                      - |                      - |                      - |                      - |                      - |                       - |     - |     - |     - |     - |     - |     - |     - |     - |     - |      - |      - |      - |      - |      - |      - |      0 |      2 |      4 |     10 |     13 |     12 |     13 |     13 |     22 |     25 |     25 |     25 |     25 |     25 |     25 |     29 |     33 |     33 |     33 |     33 |     33 |     33 |     33 |     33 |     33 |     33 |     32 |     32 |     32 |     32 |     32 |     32 |     32 |     32 |     32 |     32 |    114 |    116 |   230 |   133 |    97 |    56 |    42 |    33 |    31 |    21 |    17 |    14 |     13 |      7 |      2 |      0 |      0 |      2 |      4 |     12 |     12 |     13 |     13 |     16 |     24 |     25 |     25 |     25 |     25 |     25 |     25 |     32 |     33 |     33 |     33 |     33 |     33 |     33 |     33 |     33 |     33 |     33 |     33 |     32 |     32 |     32 |     32 |     32 |     32 |     32 |     32 |     32 |     32 |    138 |
| MST_17                   |                      - |                      - |                      - |                      - |                      - |                      - |                      - |                      - |                      - |                      - |                      - |                      - |                      - |                      - |                      - |                      - |                      - |                      - |                      - |                      - |                      - |                      - |                      - |                      - |                      - |                      - |                      - |                      - |                      - |                      - |                      - |                      - |                      - |                      - |                      - |                      - |                      - |                      - |                      - |                      - |                      - |                      - |                      - |                      - |                      - |                      - |                      - |                      - |                      - |                      - |                       - |     - |     - |     - |     - |     - |     - |     - |     - |     - |      - |      - |      - |      - |      - |      - |      - |      0 |      3 |      9 |     12 |     11 |     12 |     12 |     21 |     24 |     24 |     24 |     24 |     24 |     24 |     29 |     33 |     33 |     33 |     33 |     33 |     33 |     33 |     33 |     33 |     33 |     33 |     33 |     33 |     33 |     33 |     33 |     33 |     33 |     33 |     33 |    113 |    115 |   230 |   133 |    96 |    55 |    41 |    33 |    31 |    21 |    17 |    14 |     13 |      8 |      4 |      2 |      2 |      2 |      3 |     11 |     11 |     12 |     12 |     15 |     23 |     24 |     24 |     24 |     24 |     24 |     24 |     32 |     33 |     33 |     33 |     33 |     33 |     33 |     33 |     33 |     33 |     33 |     33 |     33 |     33 |     33 |     33 |     33 |     33 |     33 |     33 |     33 |     33 |    137 |
| MST_18                   |                      - |                      - |                      - |                      - |                      - |                      - |                      - |                      - |                      - |                      - |                      - |                      - |                      - |                      - |                      - |                      - |                      - |                      - |                      - |                      - |                      - |                      - |                      - |                      - |                      - |                      - |                      - |                      - |                      - |                      - |                      - |                      - |                      - |                      - |                      - |                      - |                      - |                      - |                      - |                      - |                      - |                      - |                      - |                      - |                      - |                      - |                      - |                      - |                      - |                      - |                       - |     - |     - |     - |     - |     - |     - |     - |     - |     - |      - |      - |      - |      - |      - |      - |      - |      - |      0 |      6 |     10 |      9 |     10 |     10 |     19 |     22 |     22 |     22 |     22 |     22 |     22 |     28 |     33 |     33 |     33 |     33 |     33 |     33 |     33 |     33 |     33 |     33 |     33 |     33 |     33 |     33 |     33 |     33 |     33 |     33 |     33 |     33 |    116 |    115 |   229 |   131 |    96 |    56 |    42 |    33 |    30 |    20 |    16 |    14 |     13 |     10 |      6 |      4 |      4 |      2 |      0 |      9 |      9 |     10 |     10 |     13 |     21 |     22 |     22 |     22 |     22 |     22 |     22 |     32 |     33 |     33 |     33 |     33 |     33 |     33 |     33 |     33 |     33 |     33 |     33 |     33 |     33 |     33 |     33 |     33 |     33 |     33 |     33 |     33 |     33 |    138 |
| MST_19                   |                      - |                      - |                      - |                      - |                      - |                      - |                      - |                      - |                      - |                      - |                      - |                      - |                      - |                      - |                      - |                      - |                      - |                      - |                      - |                      - |                      - |                      - |                      - |                      - |                      - |                      - |                      - |                      - |                      - |                      - |                      - |                      - |                      - |                      - |                      - |                      - |                      - |                      - |                      - |                      - |                      - |                      - |                      - |                      - |                      - |                      - |                      - |                      - |                      - |                      - |                       - |     - |     - |     - |     - |     - |     - |     - |     - |     - |      - |      - |      - |      - |      - |      - |      - |      - |      - |      0 |      4 |      5 |      6 |      6 |     15 |     18 |     18 |     18 |     18 |     18 |     18 |     22 |     27 |     27 |     27 |     27 |     27 |     27 |     27 |     27 |     27 |     27 |     28 |     28 |     28 |     28 |     28 |     28 |     28 |     28 |     28 |     28 |    116 |    113 |   234 |   135 |   100 |    59 |    46 |    39 |    35 |    26 |    22 |    20 |     19 |     16 |     12 |     10 |     10 |      8 |      6 |      3 |      5 |      6 |      6 |      9 |     17 |     18 |     18 |     18 |     18 |     18 |     18 |     26 |     27 |     27 |     27 |     27 |     27 |     27 |     27 |     27 |     27 |     27 |     27 |     28 |     28 |     28 |     28 |     28 |     28 |     28 |     28 |     28 |     28 |    138 |
| MST_20                   |                      - |                      - |                      - |                      - |                      - |                      - |                      - |                      - |                      - |                      - |                      - |                      - |                      - |                      - |                      - |                      - |                      - |                      - |                      - |                      - |                      - |                      - |                      - |                      - |                      - |                      - |                      - |                      - |                      - |                      - |                      - |                      - |                      - |                      - |                      - |                      - |                      - |                      - |                      - |                      - |                      - |                      - |                      - |                      - |                      - |                      - |                      - |                      - |                      - |                      - |                       - |     - |     - |     - |     - |     - |     - |     - |     - |     - |      - |      - |      - |      - |      - |      - |      - |      - |      - |      - |      0 |      1 |      2 |      2 |     12 |     15 |     15 |     15 |     15 |     15 |     15 |     19 |     24 |     24 |     24 |     24 |     24 |     24 |     24 |     24 |     24 |     24 |     25 |     25 |     25 |     25 |     25 |     25 |     25 |     25 |     25 |     25 |    116 |    114 |   236 |   138 |   102 |    61 |    47 |    40 |    35 |    27 |    23 |    22 |     20 |     19 |     15 |     13 |     13 |     11 |     10 |      2 |      1 |      2 |      2 |      6 |     14 |     15 |     15 |     15 |     15 |     15 |     15 |     23 |     24 |     24 |     24 |     24 |     24 |     24 |     24 |     24 |     24 |     24 |     24 |     25 |     25 |     25 |     25 |     25 |     25 |     25 |     25 |     25 |     25 |    138 |
| MST_21                   |                      - |                      - |                      - |                      - |                      - |                      - |                      - |                      - |                      - |                      - |                      - |                      - |                      - |                      - |                      - |                      - |                      - |                      - |                      - |                      - |                      - |                      - |                      - |                      - |                      - |                      - |                      - |                      - |                      - |                      - |                      - |                      - |                      - |                      - |                      - |                      - |                      - |                      - |                      - |                      - |                      - |                      - |                      - |                      - |                      - |                      - |                      - |                      - |                      - |                      - |                       - |     - |     - |     - |     - |     - |     - |     - |     - |     - |      - |      - |      - |      - |      - |      - |      - |      - |      - |      - |      - |      0 |      1 |      1 |     11 |     14 |     14 |     14 |     14 |     14 |     14 |     20 |     25 |     25 |     25 |     25 |     25 |     25 |     25 |     25 |     25 |     25 |     25 |     25 |     25 |     25 |     25 |     25 |     25 |     25 |     25 |     25 |    116 |    115 |   236 |   139 |   102 |    62 |    47 |    39 |    36 |    26 |    22 |    21 |     19 |     18 |     14 |     12 |     12 |     10 |      9 |      3 |      0 |      1 |      1 |      5 |     13 |     14 |     14 |     14 |     14 |     14 |     14 |     24 |     25 |     25 |     25 |     25 |     25 |     25 |     25 |     25 |     25 |     25 |     25 |     25 |     25 |     25 |     25 |     25 |     25 |     25 |     25 |     25 |     25 |    139 |
| MST_22                   |                      - |                      - |                      - |                      - |                      - |                      - |                      - |                      - |                      - |                      - |                      - |                      - |                      - |                      - |                      - |                      - |                      - |                      - |                      - |                      - |                      - |                      - |                      - |                      - |                      - |                      - |                      - |                      - |                      - |                      - |                      - |                      - |                      - |                      - |                      - |                      - |                      - |                      - |                      - |                      - |                      - |                      - |                      - |                      - |                      - |                      - |                      - |                      - |                      - |                      - |                       - |     - |     - |     - |     - |     - |     - |     - |     - |     - |      - |      - |      - |      - |      - |      - |      - |      - |      - |      - |      - |      - |      0 |      0 |     10 |     13 |     13 |     13 |     13 |     13 |     13 |     19 |     24 |     24 |     24 |     24 |     24 |     24 |     24 |     24 |     24 |     24 |     24 |     24 |     24 |     24 |     24 |     24 |     24 |     24 |     24 |     24 |    116 |    115 |   236 |   139 |   102 |    63 |    48 |    40 |    37 |    27 |    23 |    22 |     20 |     19 |     15 |     13 |     13 |     11 |     10 |      4 |      1 |      0 |      0 |      4 |     12 |     13 |     13 |     13 |     13 |     13 |     13 |     23 |     24 |     24 |     24 |     24 |     24 |     24 |     24 |     24 |     24 |     24 |     24 |     24 |     24 |     24 |     24 |     24 |     24 |     24 |     24 |     24 |     24 |    139 |
| MST_23                   |                      - |                      - |                      - |                      - |                      - |                      - |                      - |                      - |                      - |                      - |                      - |                      - |                      - |                      - |                      - |                      - |                      - |                      - |                      - |                      - |                      - |                      - |                      - |                      - |                      - |                      - |                      - |                      - |                      - |                      - |                      - |                      - |                      - |                      - |                      - |                      - |                      - |                      - |                      - |                      - |                      - |                      - |                      - |                      - |                      - |                      - |                      - |                      - |                      - |                      - |                       - |     - |     - |     - |     - |     - |     - |     - |     - |     - |      - |      - |      - |      - |      - |      - |      - |      - |      - |      - |      - |      - |      - |      0 |     10 |     13 |     13 |     13 |     13 |     13 |     13 |     19 |     24 |     24 |     24 |     24 |     24 |     24 |     24 |     24 |     24 |     24 |     24 |     24 |     24 |     24 |     24 |     24 |     24 |     24 |     24 |     24 |    116 |    115 |   236 |   139 |   102 |    63 |    48 |    40 |    37 |    27 |    23 |    22 |     20 |     19 |     15 |     13 |     13 |     11 |     10 |      4 |      1 |      0 |      0 |      4 |     12 |     13 |     13 |     13 |     13 |     13 |     13 |     23 |     24 |     24 |     24 |     24 |     24 |     24 |     24 |     24 |     24 |     24 |     24 |     24 |     24 |     24 |     24 |     24 |     24 |     24 |     24 |     24 |     24 |    139 |
| MST_24                   |                      - |                      - |                      - |                      - |                      - |                      - |                      - |                      - |                      - |                      - |                      - |                      - |                      - |                      - |                      - |                      - |                      - |                      - |                      - |                      - |                      - |                      - |                      - |                      - |                      - |                      - |                      - |                      - |                      - |                      - |                      - |                      - |                      - |                      - |                      - |                      - |                      - |                      - |                      - |                      - |                      - |                      - |                      - |                      - |                      - |                      - |                      - |                      - |                      - |                      - |                       - |     - |     - |     - |     - |     - |     - |     - |     - |     - |      - |      - |      - |      - |      - |      - |      - |      - |      - |      - |      - |      - |      - |      - |      0 |      5 |      5 |      5 |      5 |      5 |      5 |     11 |     17 |     17 |     17 |     17 |     17 |     17 |     17 |     17 |     17 |     17 |     16 |     16 |     16 |     16 |     16 |     16 |     16 |     16 |     16 |     16 |    118 |    119 |   241 |   146 |   110 |    69 |    54 |    46 |    43 |    35 |    32 |    31 |     29 |     28 |     24 |     22 |     22 |     20 |     19 |     13 |     11 |     10 |     10 |      6 |      4 |      5 |      5 |      5 |      5 |      5 |      5 |     16 |     17 |     17 |     17 |     17 |     17 |     17 |     17 |     17 |     17 |     17 |     17 |     16 |     16 |     16 |     16 |     16 |     16 |     16 |     16 |     16 |     16 |    142 |
| MST_25                   |                      - |                      - |                      - |                      - |                      - |                      - |                      - |                      - |                      - |                      - |                      - |                      - |                      - |                      - |                      - |                      - |                      - |                      - |                      - |                      - |                      - |                      - |                      - |                      - |                      - |                      - |                      - |                      - |                      - |                      - |                      - |                      - |                      - |                      - |                      - |                      - |                      - |                      - |                      - |                      - |                      - |                      - |                      - |                      - |                      - |                      - |                      - |                      - |                      - |                      - |                       - |     - |     - |     - |     - |     - |     - |     - |     - |     - |      - |      - |      - |      - |      - |      - |      - |      - |      - |      - |      - |      - |      - |      - |      - |      0 |      0 |      0 |      0 |      0 |      0 |      6 |     12 |     12 |     12 |     12 |     12 |     12 |     12 |     12 |     12 |     12 |     11 |     11 |     11 |     11 |     11 |     11 |     11 |     11 |     11 |     11 |    119 |    119 |   246 |   150 |   113 |    74 |    59 |    51 |    48 |    39 |    35 |    34 |     33 |     31 |     27 |     25 |     25 |     23 |     22 |     16 |     14 |     13 |     13 |      9 |      1 |      0 |      0 |      0 |      0 |      0 |      0 |     11 |     12 |     12 |     12 |     12 |     12 |     12 |     12 |     12 |     12 |     12 |     12 |     11 |     11 |     11 |     11 |     11 |     11 |     11 |     11 |     11 |     11 |    143 |
| MST_26                   |                      - |                      - |                      - |                      - |                      - |                      - |                      - |                      - |                      - |                      - |                      - |                      - |                      - |                      - |                      - |                      - |                      - |                      - |                      - |                      - |                      - |                      - |                      - |                      - |                      - |                      - |                      - |                      - |                      - |                      - |                      - |                      - |                      - |                      - |                      - |                      - |                      - |                      - |                      - |                      - |                      - |                      - |                      - |                      - |                      - |                      - |                      - |                      - |                      - |                      - |                       - |     - |     - |     - |     - |     - |     - |     - |     - |     - |      - |      - |      - |      - |      - |      - |      - |      - |      - |      - |      - |      - |      - |      - |      - |      - |      0 |      0 |      0 |      0 |      0 |      6 |     12 |     12 |     12 |     12 |     12 |     12 |     12 |     12 |     12 |     12 |     11 |     11 |     11 |     11 |     11 |     11 |     11 |     11 |     11 |     11 |    119 |    119 |   246 |   150 |   113 |    74 |    59 |    51 |    48 |    39 |    35 |    34 |     33 |     31 |     27 |     25 |     25 |     23 |     22 |     16 |     14 |     13 |     13 |      9 |      1 |      0 |      0 |      0 |      0 |      0 |      0 |     11 |     12 |     12 |     12 |     12 |     12 |     12 |     12 |     12 |     12 |     12 |     12 |     11 |     11 |     11 |     11 |     11 |     11 |     11 |     11 |     11 |     11 |    143 |
| MST_27                   |                      - |                      - |                      - |                      - |                      - |                      - |                      - |                      - |                      - |                      - |                      - |                      - |                      - |                      - |                      - |                      - |                      - |                      - |                      - |                      - |                      - |                      - |                      - |                      - |                      - |                      - |                      - |                      - |                      - |                      - |                      - |                      - |                      - |                      - |                      - |                      - |                      - |                      - |                      - |                      - |                      - |                      - |                      - |                      - |                      - |                      - |                      - |                      - |                      - |                      - |                       - |     - |     - |     - |     - |     - |     - |     - |     - |     - |      - |      - |      - |      - |      - |      - |      - |      - |      - |      - |      - |      - |      - |      - |      - |      - |      - |      0 |      0 |      0 |      0 |      6 |     12 |     12 |     12 |     12 |     12 |     12 |     12 |     12 |     12 |     12 |     11 |     11 |     11 |     11 |     11 |     11 |     11 |     11 |     11 |     11 |    119 |    119 |   246 |   150 |   113 |    74 |    59 |    51 |    48 |    39 |    35 |    34 |     33 |     31 |     27 |     25 |     25 |     23 |     22 |     16 |     14 |     13 |     13 |      9 |      1 |      0 |      0 |      0 |      0 |      0 |      0 |     11 |     12 |     12 |     12 |     12 |     12 |     12 |     12 |     12 |     12 |     12 |     12 |     11 |     11 |     11 |     11 |     11 |     11 |     11 |     11 |     11 |     11 |    143 |
| MST_28                   |                      - |                      - |                      - |                      - |                      - |                      - |                      - |                      - |                      - |                      - |                      - |                      - |                      - |                      - |                      - |                      - |                      - |                      - |                      - |                      - |                      - |                      - |                      - |                      - |                      - |                      - |                      - |                      - |                      - |                      - |                      - |                      - |                      - |                      - |                      - |                      - |                      - |                      - |                      - |                      - |                      - |                      - |                      - |                      - |                      - |                      - |                      - |                      - |                      - |                      - |                       - |     - |     - |     - |     - |     - |     - |     - |     - |     - |      - |      - |      - |      - |      - |      - |      - |      - |      - |      - |      - |      - |      - |      - |      - |      - |      - |      - |      0 |      0 |      0 |      6 |     12 |     12 |     12 |     12 |     12 |     12 |     12 |     12 |     12 |     12 |     11 |     11 |     11 |     11 |     11 |     11 |     11 |     11 |     11 |     11 |    119 |    119 |   246 |   150 |   113 |    74 |    59 |    51 |    48 |    39 |    35 |    34 |     33 |     31 |     27 |     25 |     25 |     23 |     22 |     16 |     14 |     13 |     13 |      9 |      1 |      0 |      0 |      0 |      0 |      0 |      0 |     11 |     12 |     12 |     12 |     12 |     12 |     12 |     12 |     12 |     12 |     12 |     12 |     11 |     11 |     11 |     11 |     11 |     11 |     11 |     11 |     11 |     11 |    143 |
| MST_29                   |                      - |                      - |                      - |                      - |                      - |                      - |                      - |                      - |                      - |                      - |                      - |                      - |                      - |                      - |                      - |                      - |                      - |                      - |                      - |                      - |                      - |                      - |                      - |                      - |                      - |                      - |                      - |                      - |                      - |                      - |                      - |                      - |                      - |                      - |                      - |                      - |                      - |                      - |                      - |                      - |                      - |                      - |                      - |                      - |                      - |                      - |                      - |                      - |                      - |                      - |                       - |     - |     - |     - |     - |     - |     - |     - |     - |     - |      - |      - |      - |      - |      - |      - |      - |      - |      - |      - |      - |      - |      - |      - |      - |      - |      - |      - |      - |      0 |      0 |      6 |     12 |     12 |     12 |     12 |     12 |     12 |     12 |     12 |     12 |     12 |     11 |     11 |     11 |     11 |     11 |     11 |     11 |     11 |     11 |     11 |    119 |    119 |   246 |   150 |   113 |    74 |    59 |    51 |    48 |    39 |    35 |    34 |     33 |     31 |     27 |     25 |     25 |     23 |     22 |     16 |     14 |     13 |     13 |      9 |      1 |      0 |      0 |      0 |      0 |      0 |      0 |     11 |     12 |     12 |     12 |     12 |     12 |     12 |     12 |     12 |     12 |     12 |     12 |     11 |     11 |     11 |     11 |     11 |     11 |     11 |     11 |     11 |     11 |    143 |
| MST_30                   |                      - |                      - |                      - |                      - |                      - |                      - |                      - |                      - |                      - |                      - |                      - |                      - |                      - |                      - |                      - |                      - |                      - |                      - |                      - |                      - |                      - |                      - |                      - |                      - |                      - |                      - |                      - |                      - |                      - |                      - |                      - |                      - |                      - |                      - |                      - |                      - |                      - |                      - |                      - |                      - |                      - |                      - |                      - |                      - |                      - |                      - |                      - |                      - |                      - |                      - |                       - |     - |     - |     - |     - |     - |     - |     - |     - |     - |      - |      - |      - |      - |      - |      - |      - |      - |      - |      - |      - |      - |      - |      - |      - |      - |      - |      - |      - |      - |      0 |      6 |     12 |     12 |     12 |     12 |     12 |     12 |     12 |     12 |     12 |     12 |     11 |     11 |     11 |     11 |     11 |     11 |     11 |     11 |     11 |     11 |    119 |    119 |   246 |   150 |   113 |    74 |    59 |    51 |    48 |    39 |    35 |    34 |     33 |     31 |     27 |     25 |     25 |     23 |     22 |     16 |     14 |     13 |     13 |      9 |      1 |      0 |      0 |      0 |      0 |      0 |      0 |     11 |     12 |     12 |     12 |     12 |     12 |     12 |     12 |     12 |     12 |     12 |     12 |     11 |     11 |     11 |     11 |     11 |     11 |     11 |     11 |     11 |     11 |    143 |
| MST_31                   |                      - |                      - |                      - |                      - |                      - |                      - |                      - |                      - |                      - |                      - |                      - |                      - |                      - |                      - |                      - |                      - |                      - |                      - |                      - |                      - |                      - |                      - |                      - |                      - |                      - |                      - |                      - |                      - |                      - |                      - |                      - |                      - |                      - |                      - |                      - |                      - |                      - |                      - |                      - |                      - |                      - |                      - |                      - |                      - |                      - |                      - |                      - |                      - |                      - |                      - |                       - |     - |     - |     - |     - |     - |     - |     - |     - |     - |      - |      - |      - |      - |      - |      - |      - |      - |      - |      - |      - |      - |      - |      - |      - |      - |      - |      - |      - |      - |      - |      0 |      7 |      7 |      7 |      7 |      7 |      7 |      7 |      7 |      7 |      7 |      8 |      8 |      8 |      8 |      8 |      8 |      8 |      8 |      8 |      8 |    119 |    118 |   249 |   151 |   114 |    75 |    60 |    53 |    50 |    42 |    38 |    37 |     36 |     34 |     31 |     29 |     29 |     28 |     28 |     20 |     20 |     19 |     19 |     15 |      7 |      6 |      6 |      6 |      6 |      6 |      6 |      6 |      7 |      7 |      7 |      7 |      7 |      7 |      7 |      7 |      7 |      7 |      7 |      8 |      8 |      8 |      8 |      8 |      8 |      8 |      8 |      8 |      8 |    143 |
| MST_32                   |                      - |                      - |                      - |                      - |                      - |                      - |                      - |                      - |                      - |                      - |                      - |                      - |                      - |                      - |                      - |                      - |                      - |                      - |                      - |                      - |                      - |                      - |                      - |                      - |                      - |                      - |                      - |                      - |                      - |                      - |                      - |                      - |                      - |                      - |                      - |                      - |                      - |                      - |                      - |                      - |                      - |                      - |                      - |                      - |                      - |                      - |                      - |                      - |                      - |                      - |                       - |     - |     - |     - |     - |     - |     - |     - |     - |     - |      - |      - |      - |      - |      - |      - |      - |      - |      - |      - |      - |      - |      - |      - |      - |      - |      - |      - |      - |      - |      - |      - |      0 |      0 |      0 |      0 |      0 |      0 |      0 |      0 |      0 |      0 |      1 |      1 |      1 |      1 |      1 |      1 |      1 |      1 |      1 |      1 |    119 |    119 |   252 |   157 |   119 |    80 |    65 |    57 |    56 |    47 |    43 |    42 |     42 |     39 |     35 |     33 |     33 |     33 |     33 |     25 |     25 |     24 |     24 |     21 |     13 |     12 |     12 |     12 |     12 |     12 |     12 |      1 |      0 |      0 |      0 |      0 |      0 |      0 |      0 |      0 |      0 |      0 |      0 |      1 |      1 |      1 |      1 |      1 |      1 |      1 |      1 |      1 |      1 |    145 |
| MST_33                   |                      - |                      - |                      - |                      - |                      - |                      - |                      - |                      - |                      - |                      - |                      - |                      - |                      - |                      - |                      - |                      - |                      - |                      - |                      - |                      - |                      - |                      - |                      - |                      - |                      - |                      - |                      - |                      - |                      - |                      - |                      - |                      - |                      - |                      - |                      - |                      - |                      - |                      - |                      - |                      - |                      - |                      - |                      - |                      - |                      - |                      - |                      - |                      - |                      - |                      - |                       - |     - |     - |     - |     - |     - |     - |     - |     - |     - |      - |      - |      - |      - |      - |      - |      - |      - |      - |      - |      - |      - |      - |      - |      - |      - |      - |      - |      - |      - |      - |      - |      - |      0 |      0 |      0 |      0 |      0 |      0 |      0 |      0 |      0 |      1 |      1 |      1 |      1 |      1 |      1 |      1 |      1 |      1 |      1 |    119 |    119 |   252 |   157 |   119 |    80 |    65 |    57 |    56 |    47 |    43 |    42 |     42 |     39 |     35 |     33 |     33 |     33 |     33 |     25 |     25 |     24 |     24 |     21 |     13 |     12 |     12 |     12 |     12 |     12 |     12 |      1 |      0 |      0 |      0 |      0 |      0 |      0 |      0 |      0 |      0 |      0 |      0 |      1 |      1 |      1 |      1 |      1 |      1 |      1 |      1 |      1 |      1 |    145 |
| MST_34                   |                      - |                      - |                      - |                      - |                      - |                      - |                      - |                      - |                      - |                      - |                      - |                      - |                      - |                      - |                      - |                      - |                      - |                      - |                      - |                      - |                      - |                      - |                      - |                      - |                      - |                      - |                      - |                      - |                      - |                      - |                      - |                      - |                      - |                      - |                      - |                      - |                      - |                      - |                      - |                      - |                      - |                      - |                      - |                      - |                      - |                      - |                      - |                      - |                      - |                      - |                       - |     - |     - |     - |     - |     - |     - |     - |     - |     - |      - |      - |      - |      - |      - |      - |      - |      - |      - |      - |      - |      - |      - |      - |      - |      - |      - |      - |      - |      - |      - |      - |      - |      - |      0 |      0 |      0 |      0 |      0 |      0 |      0 |      0 |      1 |      1 |      1 |      1 |      1 |      1 |      1 |      1 |      1 |      1 |    119 |    119 |   252 |   157 |   119 |    80 |    65 |    57 |    56 |    47 |    43 |    42 |     42 |     39 |     35 |     33 |     33 |     33 |     33 |     25 |     25 |     24 |     24 |     21 |     13 |     12 |     12 |     12 |     12 |     12 |     12 |      1 |      0 |      0 |      0 |      0 |      0 |      0 |      0 |      0 |      0 |      0 |      0 |      1 |      1 |      1 |      1 |      1 |      1 |      1 |      1 |      1 |      1 |    145 |
| MST_35                   |                      - |                      - |                      - |                      - |                      - |                      - |                      - |                      - |                      - |                      - |                      - |                      - |                      - |                      - |                      - |                      - |                      - |                      - |                      - |                      - |                      - |                      - |                      - |                      - |                      - |                      - |                      - |                      - |                      - |                      - |                      - |                      - |                      - |                      - |                      - |                      - |                      - |                      - |                      - |                      - |                      - |                      - |                      - |                      - |                      - |                      - |                      - |                      - |                      - |                      - |                       - |     - |     - |     - |     - |     - |     - |     - |     - |     - |      - |      - |      - |      - |      - |      - |      - |      - |      - |      - |      - |      - |      - |      - |      - |      - |      - |      - |      - |      - |      - |      - |      - |      - |      - |      0 |      0 |      0 |      0 |      0 |      0 |      0 |      1 |      1 |      1 |      1 |      1 |      1 |      1 |      1 |      1 |      1 |    119 |    119 |   252 |   157 |   119 |    80 |    65 |    57 |    56 |    47 |    43 |    42 |     42 |     39 |     35 |     33 |     33 |     33 |     33 |     25 |     25 |     24 |     24 |     21 |     13 |     12 |     12 |     12 |     12 |     12 |     12 |      1 |      0 |      0 |      0 |      0 |      0 |      0 |      0 |      0 |      0 |      0 |      0 |      1 |      1 |      1 |      1 |      1 |      1 |      1 |      1 |      1 |      1 |    145 |
| MST_36                   |                      - |                      - |                      - |                      - |                      - |                      - |                      - |                      - |                      - |                      - |                      - |                      - |                      - |                      - |                      - |                      - |                      - |                      - |                      - |                      - |                      - |                      - |                      - |                      - |                      - |                      - |                      - |                      - |                      - |                      - |                      - |                      - |                      - |                      - |                      - |                      - |                      - |                      - |                      - |                      - |                      - |                      - |                      - |                      - |                      - |                      - |                      - |                      - |                      - |                      - |                       - |     - |     - |     - |     - |     - |     - |     - |     - |     - |      - |      - |      - |      - |      - |      - |      - |      - |      - |      - |      - |      - |      - |      - |      - |      - |      - |      - |      - |      - |      - |      - |      - |      - |      - |      - |      0 |      0 |      0 |      0 |      0 |      0 |      1 |      1 |      1 |      1 |      1 |      1 |      1 |      1 |      1 |      1 |    119 |    119 |   252 |   157 |   119 |    80 |    65 |    57 |    56 |    47 |    43 |    42 |     42 |     39 |     35 |     33 |     33 |     33 |     33 |     25 |     25 |     24 |     24 |     21 |     13 |     12 |     12 |     12 |     12 |     12 |     12 |      1 |      0 |      0 |      0 |      0 |      0 |      0 |      0 |      0 |      0 |      0 |      0 |      1 |      1 |      1 |      1 |      1 |      1 |      1 |      1 |      1 |      1 |    145 |
| MST_37                   |                      - |                      - |                      - |                      - |                      - |                      - |                      - |                      - |                      - |                      - |                      - |                      - |                      - |                      - |                      - |                      - |                      - |                      - |                      - |                      - |                      - |                      - |                      - |                      - |                      - |                      - |                      - |                      - |                      - |                      - |                      - |                      - |                      - |                      - |                      - |                      - |                      - |                      - |                      - |                      - |                      - |                      - |                      - |                      - |                      - |                      - |                      - |                      - |                      - |                      - |                       - |     - |     - |     - |     - |     - |     - |     - |     - |     - |      - |      - |      - |      - |      - |      - |      - |      - |      - |      - |      - |      - |      - |      - |      - |      - |      - |      - |      - |      - |      - |      - |      - |      - |      - |      - |      - |      0 |      0 |      0 |      0 |      0 |      1 |      1 |      1 |      1 |      1 |      1 |      1 |      1 |      1 |      1 |    119 |    119 |   252 |   157 |   119 |    80 |    65 |    57 |    56 |    47 |    43 |    42 |     42 |     39 |     35 |     33 |     33 |     33 |     33 |     25 |     25 |     24 |     24 |     21 |     13 |     12 |     12 |     12 |     12 |     12 |     12 |      1 |      0 |      0 |      0 |      0 |      0 |      0 |      0 |      0 |      0 |      0 |      0 |      1 |      1 |      1 |      1 |      1 |      1 |      1 |      1 |      1 |      1 |    145 |
| MST_38                   |                      - |                      - |                      - |                      - |                      - |                      - |                      - |                      - |                      - |                      - |                      - |                      - |                      - |                      - |                      - |                      - |                      - |                      - |                      - |                      - |                      - |                      - |                      - |                      - |                      - |                      - |                      - |                      - |                      - |                      - |                      - |                      - |                      - |                      - |                      - |                      - |                      - |                      - |                      - |                      - |                      - |                      - |                      - |                      - |                      - |                      - |                      - |                      - |                      - |                      - |                       - |     - |     - |     - |     - |     - |     - |     - |     - |     - |      - |      - |      - |      - |      - |      - |      - |      - |      - |      - |      - |      - |      - |      - |      - |      - |      - |      - |      - |      - |      - |      - |      - |      - |      - |      - |      - |      - |      0 |      0 |      0 |      0 |      1 |      1 |      1 |      1 |      1 |      1 |      1 |      1 |      1 |      1 |    119 |    119 |   252 |   157 |   119 |    80 |    65 |    57 |    56 |    47 |    43 |    42 |     42 |     39 |     35 |     33 |     33 |     33 |     33 |     25 |     25 |     24 |     24 |     21 |     13 |     12 |     12 |     12 |     12 |     12 |     12 |      1 |      0 |      0 |      0 |      0 |      0 |      0 |      0 |      0 |      0 |      0 |      0 |      1 |      1 |      1 |      1 |      1 |      1 |      1 |      1 |      1 |      1 |    145 |
| MST_39                   |                      - |                      - |                      - |                      - |                      - |                      - |                      - |                      - |                      - |                      - |                      - |                      - |                      - |                      - |                      - |                      - |                      - |                      - |                      - |                      - |                      - |                      - |                      - |                      - |                      - |                      - |                      - |                      - |                      - |                      - |                      - |                      - |                      - |                      - |                      - |                      - |                      - |                      - |                      - |                      - |                      - |                      - |                      - |                      - |                      - |                      - |                      - |                      - |                      - |                      - |                       - |     - |     - |     - |     - |     - |     - |     - |     - |     - |      - |      - |      - |      - |      - |      - |      - |      - |      - |      - |      - |      - |      - |      - |      - |      - |      - |      - |      - |      - |      - |      - |      - |      - |      - |      - |      - |      - |      - |      0 |      0 |      0 |      1 |      1 |      1 |      1 |      1 |      1 |      1 |      1 |      1 |      1 |    119 |    119 |   252 |   157 |   119 |    80 |    65 |    57 |    56 |    47 |    43 |    42 |     42 |     39 |     35 |     33 |     33 |     33 |     33 |     25 |     25 |     24 |     24 |     21 |     13 |     12 |     12 |     12 |     12 |     12 |     12 |      1 |      0 |      0 |      0 |      0 |      0 |      0 |      0 |      0 |      0 |      0 |      0 |      1 |      1 |      1 |      1 |      1 |      1 |      1 |      1 |      1 |      1 |    145 |
| MST_40                   |                      - |                      - |                      - |                      - |                      - |                      - |                      - |                      - |                      - |                      - |                      - |                      - |                      - |                      - |                      - |                      - |                      - |                      - |                      - |                      - |                      - |                      - |                      - |                      - |                      - |                      - |                      - |                      - |                      - |                      - |                      - |                      - |                      - |                      - |                      - |                      - |                      - |                      - |                      - |                      - |                      - |                      - |                      - |                      - |                      - |                      - |                      - |                      - |                      - |                      - |                       - |     - |     - |     - |     - |     - |     - |     - |     - |     - |      - |      - |      - |      - |      - |      - |      - |      - |      - |      - |      - |      - |      - |      - |      - |      - |      - |      - |      - |      - |      - |      - |      - |      - |      - |      - |      - |      - |      - |      - |      0 |      0 |      1 |      1 |      1 |      1 |      1 |      1 |      1 |      1 |      1 |      1 |    119 |    119 |   252 |   157 |   119 |    80 |    65 |    57 |    56 |    47 |    43 |    42 |     42 |     39 |     35 |     33 |     33 |     33 |     33 |     25 |     25 |     24 |     24 |     21 |     13 |     12 |     12 |     12 |     12 |     12 |     12 |      1 |      0 |      0 |      0 |      0 |      0 |      0 |      0 |      0 |      0 |      0 |      0 |      1 |      1 |      1 |      1 |      1 |      1 |      1 |      1 |      1 |      1 |    145 |
| MST_41                   |                      - |                      - |                      - |                      - |                      - |                      - |                      - |                      - |                      - |                      - |                      - |                      - |                      - |                      - |                      - |                      - |                      - |                      - |                      - |                      - |                      - |                      - |                      - |                      - |                      - |                      - |                      - |                      - |                      - |                      - |                      - |                      - |                      - |                      - |                      - |                      - |                      - |                      - |                      - |                      - |                      - |                      - |                      - |                      - |                      - |                      - |                      - |                      - |                      - |                      - |                       - |     - |     - |     - |     - |     - |     - |     - |     - |     - |      - |      - |      - |      - |      - |      - |      - |      - |      - |      - |      - |      - |      - |      - |      - |      - |      - |      - |      - |      - |      - |      - |      - |      - |      - |      - |      - |      - |      - |      - |      - |      0 |      1 |      1 |      1 |      1 |      1 |      1 |      1 |      1 |      1 |      1 |    119 |    119 |   252 |   157 |   119 |    80 |    65 |    57 |    56 |    47 |    43 |    42 |     42 |     39 |     35 |     33 |     33 |     33 |     33 |     25 |     25 |     24 |     24 |     21 |     13 |     12 |     12 |     12 |     12 |     12 |     12 |      1 |      0 |      0 |      0 |      0 |      0 |      0 |      0 |      0 |      0 |      0 |      0 |      1 |      1 |      1 |      1 |      1 |      1 |      1 |      1 |      1 |      1 |    145 |
| MST_42                   |                      - |                      - |                      - |                      - |                      - |                      - |                      - |                      - |                      - |                      - |                      - |                      - |                      - |                      - |                      - |                      - |                      - |                      - |                      - |                      - |                      - |                      - |                      - |                      - |                      - |                      - |                      - |                      - |                      - |                      - |                      - |                      - |                      - |                      - |                      - |                      - |                      - |                      - |                      - |                      - |                      - |                      - |                      - |                      - |                      - |                      - |                      - |                      - |                      - |                      - |                       - |     - |     - |     - |     - |     - |     - |     - |     - |     - |      - |      - |      - |      - |      - |      - |      - |      - |      - |      - |      - |      - |      - |      - |      - |      - |      - |      - |      - |      - |      - |      - |      - |      - |      - |      - |      - |      - |      - |      - |      - |      - |      0 |      0 |      0 |      0 |      0 |      0 |      0 |      0 |      0 |      0 |    120 |    119 |   251 |   157 |   119 |    80 |    65 |    57 |    56 |    47 |    43 |    42 |     42 |     39 |     34 |     32 |     32 |     32 |     33 |     26 |     25 |     24 |     24 |     20 |     12 |     11 |     11 |     11 |     11 |     11 |     11 |      2 |      1 |      1 |      1 |      1 |      1 |      1 |      1 |      1 |      1 |      1 |      1 |      0 |      0 |      0 |      0 |      0 |      0 |      0 |      0 |      0 |      0 |    145 |
| MST_43                   |                      - |                      - |                      - |                      - |                      - |                      - |                      - |                      - |                      - |                      - |                      - |                      - |                      - |                      - |                      - |                      - |                      - |                      - |                      - |                      - |                      - |                      - |                      - |                      - |                      - |                      - |                      - |                      - |                      - |                      - |                      - |                      - |                      - |                      - |                      - |                      - |                      - |                      - |                      - |                      - |                      - |                      - |                      - |                      - |                      - |                      - |                      - |                      - |                      - |                      - |                       - |     - |     - |     - |     - |     - |     - |     - |     - |     - |      - |      - |      - |      - |      - |      - |      - |      - |      - |      - |      - |      - |      - |      - |      - |      - |      - |      - |      - |      - |      - |      - |      - |      - |      - |      - |      - |      - |      - |      - |      - |      - |      - |      0 |      0 |      0 |      0 |      0 |      0 |      0 |      0 |      0 |    120 |    119 |   251 |   157 |   119 |    80 |    65 |    57 |    56 |    47 |    43 |    42 |     42 |     39 |     34 |     32 |     32 |     32 |     33 |     26 |     25 |     24 |     24 |     20 |     12 |     11 |     11 |     11 |     11 |     11 |     11 |      2 |      1 |      1 |      1 |      1 |      1 |      1 |      1 |      1 |      1 |      1 |      1 |      0 |      0 |      0 |      0 |      0 |      0 |      0 |      0 |      0 |      0 |    145 |
| MST_44                   |                      - |                      - |                      - |                      - |                      - |                      - |                      - |                      - |                      - |                      - |                      - |                      - |                      - |                      - |                      - |                      - |                      - |                      - |                      - |                      - |                      - |                      - |                      - |                      - |                      - |                      - |                      - |                      - |                      - |                      - |                      - |                      - |                      - |                      - |                      - |                      - |                      - |                      - |                      - |                      - |                      - |                      - |                      - |                      - |                      - |                      - |                      - |                      - |                      - |                      - |                       - |     - |     - |     - |     - |     - |     - |     - |     - |     - |      - |      - |      - |      - |      - |      - |      - |      - |      - |      - |      - |      - |      - |      - |      - |      - |      - |      - |      - |      - |      - |      - |      - |      - |      - |      - |      - |      - |      - |      - |      - |      - |      - |      - |      0 |      0 |      0 |      0 |      0 |      0 |      0 |      0 |    120 |    119 |   251 |   157 |   119 |    80 |    65 |    57 |    56 |    47 |    43 |    42 |     42 |     39 |     34 |     32 |     32 |     32 |     33 |     26 |     25 |     24 |     24 |     20 |     12 |     11 |     11 |     11 |     11 |     11 |     11 |      2 |      1 |      1 |      1 |      1 |      1 |      1 |      1 |      1 |      1 |      1 |      1 |      0 |      0 |      0 |      0 |      0 |      0 |      0 |      0 |      0 |      0 |    145 |
| MST_45                   |                      - |                      - |                      - |                      - |                      - |                      - |                      - |                      - |                      - |                      - |                      - |                      - |                      - |                      - |                      - |                      - |                      - |                      - |                      - |                      - |                      - |                      - |                      - |                      - |                      - |                      - |                      - |                      - |                      - |                      - |                      - |                      - |                      - |                      - |                      - |                      - |                      - |                      - |                      - |                      - |                      - |                      - |                      - |                      - |                      - |                      - |                      - |                      - |                      - |                      - |                       - |     - |     - |     - |     - |     - |     - |     - |     - |     - |      - |      - |      - |      - |      - |      - |      - |      - |      - |      - |      - |      - |      - |      - |      - |      - |      - |      - |      - |      - |      - |      - |      - |      - |      - |      - |      - |      - |      - |      - |      - |      - |      - |      - |      - |      0 |      0 |      0 |      0 |      0 |      0 |      0 |    120 |    119 |   251 |   157 |   119 |    80 |    65 |    57 |    56 |    47 |    43 |    42 |     42 |     39 |     34 |     32 |     32 |     32 |     33 |     26 |     25 |     24 |     24 |     20 |     12 |     11 |     11 |     11 |     11 |     11 |     11 |      2 |      1 |      1 |      1 |      1 |      1 |      1 |      1 |      1 |      1 |      1 |      1 |      0 |      0 |      0 |      0 |      0 |      0 |      0 |      0 |      0 |      0 |    145 |
| MST_46                   |                      - |                      - |                      - |                      - |                      - |                      - |                      - |                      - |                      - |                      - |                      - |                      - |                      - |                      - |                      - |                      - |                      - |                      - |                      - |                      - |                      - |                      - |                      - |                      - |                      - |                      - |                      - |                      - |                      - |                      - |                      - |                      - |                      - |                      - |                      - |                      - |                      - |                      - |                      - |                      - |                      - |                      - |                      - |                      - |                      - |                      - |                      - |                      - |                      - |                      - |                       - |     - |     - |     - |     - |     - |     - |     - |     - |     - |      - |      - |      - |      - |      - |      - |      - |      - |      - |      - |      - |      - |      - |      - |      - |      - |      - |      - |      - |      - |      - |      - |      - |      - |      - |      - |      - |      - |      - |      - |      - |      - |      - |      - |      - |      - |      0 |      0 |      0 |      0 |      0 |      0 |    120 |    119 |   251 |   157 |   119 |    80 |    65 |    57 |    56 |    47 |    43 |    42 |     42 |     39 |     34 |     32 |     32 |     32 |     33 |     26 |     25 |     24 |     24 |     20 |     12 |     11 |     11 |     11 |     11 |     11 |     11 |      2 |      1 |      1 |      1 |      1 |      1 |      1 |      1 |      1 |      1 |      1 |      1 |      0 |      0 |      0 |      0 |      0 |      0 |      0 |      0 |      0 |      0 |    145 |
| MST_47                   |                      - |                      - |                      - |                      - |                      - |                      - |                      - |                      - |                      - |                      - |                      - |                      - |                      - |                      - |                      - |                      - |                      - |                      - |                      - |                      - |                      - |                      - |                      - |                      - |                      - |                      - |                      - |                      - |                      - |                      - |                      - |                      - |                      - |                      - |                      - |                      - |                      - |                      - |                      - |                      - |                      - |                      - |                      - |                      - |                      - |                      - |                      - |                      - |                      - |                      - |                       - |     - |     - |     - |     - |     - |     - |     - |     - |     - |      - |      - |      - |      - |      - |      - |      - |      - |      - |      - |      - |      - |      - |      - |      - |      - |      - |      - |      - |      - |      - |      - |      - |      - |      - |      - |      - |      - |      - |      - |      - |      - |      - |      - |      - |      - |      - |      0 |      0 |      0 |      0 |      0 |    120 |    119 |   251 |   157 |   119 |    80 |    65 |    57 |    56 |    47 |    43 |    42 |     42 |     39 |     34 |     32 |     32 |     32 |     33 |     26 |     25 |     24 |     24 |     20 |     12 |     11 |     11 |     11 |     11 |     11 |     11 |      2 |      1 |      1 |      1 |      1 |      1 |      1 |      1 |      1 |      1 |      1 |      1 |      0 |      0 |      0 |      0 |      0 |      0 |      0 |      0 |      0 |      0 |    145 |
| MST_48                   |                      - |                      - |                      - |                      - |                      - |                      - |                      - |                      - |                      - |                      - |                      - |                      - |                      - |                      - |                      - |                      - |                      - |                      - |                      - |                      - |                      - |                      - |                      - |                      - |                      - |                      - |                      - |                      - |                      - |                      - |                      - |                      - |                      - |                      - |                      - |                      - |                      - |                      - |                      - |                      - |                      - |                      - |                      - |                      - |                      - |                      - |                      - |                      - |                      - |                      - |                       - |     - |     - |     - |     - |     - |     - |     - |     - |     - |      - |      - |      - |      - |      - |      - |      - |      - |      - |      - |      - |      - |      - |      - |      - |      - |      - |      - |      - |      - |      - |      - |      - |      - |      - |      - |      - |      - |      - |      - |      - |      - |      - |      - |      - |      - |      - |      - |      0 |      0 |      0 |      0 |    120 |    119 |   251 |   157 |   119 |    80 |    65 |    57 |    56 |    47 |    43 |    42 |     42 |     39 |     34 |     32 |     32 |     32 |     33 |     26 |     25 |     24 |     24 |     20 |     12 |     11 |     11 |     11 |     11 |     11 |     11 |      2 |      1 |      1 |      1 |      1 |      1 |      1 |      1 |      1 |      1 |      1 |      1 |      0 |      0 |      0 |      0 |      0 |      0 |      0 |      0 |      0 |      0 |    145 |
| MST_49                   |                      - |                      - |                      - |                      - |                      - |                      - |                      - |                      - |                      - |                      - |                      - |                      - |                      - |                      - |                      - |                      - |                      - |                      - |                      - |                      - |                      - |                      - |                      - |                      - |                      - |                      - |                      - |                      - |                      - |                      - |                      - |                      - |                      - |                      - |                      - |                      - |                      - |                      - |                      - |                      - |                      - |                      - |                      - |                      - |                      - |                      - |                      - |                      - |                      - |                      - |                       - |     - |     - |     - |     - |     - |     - |     - |     - |     - |      - |      - |      - |      - |      - |      - |      - |      - |      - |      - |      - |      - |      - |      - |      - |      - |      - |      - |      - |      - |      - |      - |      - |      - |      - |      - |      - |      - |      - |      - |      - |      - |      - |      - |      - |      - |      - |      - |      - |      0 |      0 |      0 |    120 |    119 |   251 |   157 |   119 |    80 |    65 |    57 |    56 |    47 |    43 |    42 |     42 |     39 |     34 |     32 |     32 |     32 |     33 |     26 |     25 |     24 |     24 |     20 |     12 |     11 |     11 |     11 |     11 |     11 |     11 |      2 |      1 |      1 |      1 |      1 |      1 |      1 |      1 |      1 |      1 |      1 |      1 |      0 |      0 |      0 |      0 |      0 |      0 |      0 |      0 |      0 |      0 |    145 |
| MST_50                   |                      - |                      - |                      - |                      - |                      - |                      - |                      - |                      - |                      - |                      - |                      - |                      - |                      - |                      - |                      - |                      - |                      - |                      - |                      - |                      - |                      - |                      - |                      - |                      - |                      - |                      - |                      - |                      - |                      - |                      - |                      - |                      - |                      - |                      - |                      - |                      - |                      - |                      - |                      - |                      - |                      - |                      - |                      - |                      - |                      - |                      - |                      - |                      - |                      - |                      - |                       - |     - |     - |     - |     - |     - |     - |     - |     - |     - |      - |      - |      - |      - |      - |      - |      - |      - |      - |      - |      - |      - |      - |      - |      - |      - |      - |      - |      - |      - |      - |      - |      - |      - |      - |      - |      - |      - |      - |      - |      - |      - |      - |      - |      - |      - |      - |      - |      - |      - |      0 |      0 |    120 |    119 |   251 |   157 |   119 |    80 |    65 |    57 |    56 |    47 |    43 |    42 |     42 |     39 |     34 |     32 |     32 |     32 |     33 |     26 |     25 |     24 |     24 |     20 |     12 |     11 |     11 |     11 |     11 |     11 |     11 |      2 |      1 |      1 |      1 |      1 |      1 |      1 |      1 |      1 |      1 |      1 |      1 |      0 |      0 |      0 |      0 |      0 |      0 |      0 |      0 |      0 |      0 |    145 |
| MST_51                   |                      - |                      - |                      - |                      - |                      - |                      - |                      - |                      - |                      - |                      - |                      - |                      - |                      - |                      - |                      - |                      - |                      - |                      - |                      - |                      - |                      - |                      - |                      - |                      - |                      - |                      - |                      - |                      - |                      - |                      - |                      - |                      - |                      - |                      - |                      - |                      - |                      - |                      - |                      - |                      - |                      - |                      - |                      - |                      - |                      - |                      - |                      - |                      - |                      - |                      - |                       - |     - |     - |     - |     - |     - |     - |     - |     - |     - |      - |      - |      - |      - |      - |      - |      - |      - |      - |      - |      - |      - |      - |      - |      - |      - |      - |      - |      - |      - |      - |      - |      - |      - |      - |      - |      - |      - |      - |      - |      - |      - |      - |      - |      - |      - |      - |      - |      - |      - |      - |      0 |    120 |    119 |   251 |   157 |   119 |    80 |    65 |    57 |    56 |    47 |    43 |    42 |     42 |     39 |     34 |     32 |     32 |     32 |     33 |     26 |     25 |     24 |     24 |     20 |     12 |     11 |     11 |     11 |     11 |     11 |     11 |      2 |      1 |      1 |      1 |      1 |      1 |      1 |      1 |      1 |      1 |      1 |      1 |      0 |      0 |      0 |      0 |      0 |      0 |      0 |      0 |      0 |      0 |    145 |
| MST_52                   |                      - |                      - |                      - |                      - |                      - |                      - |                      - |                      - |                      - |                      - |                      - |                      - |                      - |                      - |                      - |                      - |                      - |                      - |                      - |                      - |                      - |                      - |                      - |                      - |                      - |                      - |                      - |                      - |                      - |                      - |                      - |                      - |                      - |                      - |                      - |                      - |                      - |                      - |                      - |                      - |                      - |                      - |                      - |                      - |                      - |                      - |                      - |                      - |                      - |                      - |                       - |     - |     - |     - |     - |     - |     - |     - |     - |     - |      - |      - |      - |      - |      - |      - |      - |      - |      - |      - |      - |      - |      - |      - |      - |      - |      - |      - |      - |      - |      - |      - |      - |      - |      - |      - |      - |      - |      - |      - |      - |      - |      - |      - |      - |      - |      - |      - |      - |      - |      - |      - |      0 |    103 |   215 |   172 |   151 |   131 |   126 |   125 |   124 |   119 |   116 |   117 |    119 |    117 |    116 |    114 |    114 |    115 |    116 |    116 |    116 |    116 |    116 |    118 |    118 |    119 |    119 |    119 |    119 |    119 |    119 |    119 |    119 |    119 |    119 |    119 |    119 |    119 |    119 |    119 |    119 |    119 |    119 |    120 |    120 |    120 |    120 |    120 |    120 |    120 |    120 |    120 |    120 |     98 |
| MST_53                   |                      - |                      - |                      - |                      - |                      - |                      - |                      - |                      - |                      - |                      - |                      - |                      - |                      - |                      - |                      - |                      - |                      - |                      - |                      - |                      - |                      - |                      - |                      - |                      - |                      - |                      - |                      - |                      - |                      - |                      - |                      - |                      - |                      - |                      - |                      - |                      - |                      - |                      - |                      - |                      - |                      - |                      - |                      - |                      - |                      - |                      - |                      - |                      - |                      - |                      - |                       - |     - |     - |     - |     - |     - |     - |     - |     - |     - |      - |      - |      - |      - |      - |      - |      - |      - |      - |      - |      - |      - |      - |      - |      - |      - |      - |      - |      - |      - |      - |      - |      - |      - |      - |      - |      - |      - |      - |      - |      - |      - |      - |      - |      - |      - |      - |      - |      - |      - |      - |      - |      - |      0 |   216 |   169 |   154 |   129 |   130 |   128 |   124 |   122 |   118 |   119 |    118 |    120 |    118 |    116 |    116 |    116 |    115 |    114 |    115 |    115 |    115 |    116 |    119 |    119 |    119 |    119 |    119 |    119 |    119 |    118 |    119 |    119 |    119 |    119 |    119 |    119 |    119 |    119 |    119 |    119 |    119 |    119 |    119 |    119 |    119 |    119 |    119 |    119 |    119 |    119 |    119 |     68 |
| SEQ_0                    |                      - |                      - |                      - |                      - |                      - |                      - |                      - |                      - |                      - |                      - |                      - |                      - |                      - |                      - |                      - |                      - |                      - |                      - |                      - |                      - |                      - |                      - |                      - |                      - |                      - |                      - |                      - |                      - |                      - |                      - |                      - |                      - |                      - |                      - |                      - |                      - |                      - |                      - |                      - |                      - |                      - |                      - |                      - |                      - |                      - |                      - |                      - |                      - |                      - |                      - |                       - |     - |     - |     - |     - |     - |     - |     - |     - |     - |      - |      - |      - |      - |      - |      - |      - |      - |      - |      - |      - |      - |      - |      - |      - |      - |      - |      - |      - |      - |      - |      - |      - |      - |      - |      - |      - |      - |      - |      - |      - |      - |      - |      - |      - |      - |      - |      - |      - |      - |      - |      - |      - |      - |     0 |   124 |   159 |   195 |   210 |   216 |   216 |   225 |   228 |   227 |    227 |    227 |    229 |    230 |    230 |    230 |    229 |    236 |    236 |    236 |    236 |    238 |    245 |    246 |    246 |    246 |    246 |    246 |    246 |    251 |    252 |    252 |    252 |    252 |    252 |    252 |    252 |    252 |    252 |    252 |    252 |    251 |    251 |    251 |    251 |    251 |    251 |    251 |    251 |    251 |    251 |    225 |
| SEQ_1                    |                      - |                      - |                      - |                      - |                      - |                      - |                      - |                      - |                      - |                      - |                      - |                      - |                      - |                      - |                      - |                      - |                      - |                      - |                      - |                      - |                      - |                      - |                      - |                      - |                      - |                      - |                      - |                      - |                      - |                      - |                      - |                      - |                      - |                      - |                      - |                      - |                      - |                      - |                      - |                      - |                      - |                      - |                      - |                      - |                      - |                      - |                      - |                      - |                      - |                      - |                       - |     - |     - |     - |     - |     - |     - |     - |     - |     - |      - |      - |      - |      - |      - |      - |      - |      - |      - |      - |      - |      - |      - |      - |      - |      - |      - |      - |      - |      - |      - |      - |      - |      - |      - |      - |      - |      - |      - |      - |      - |      - |      - |      - |      - |      - |      - |      - |      - |      - |      - |      - |      - |      - |     - |     0 |    48 |    90 |   108 |   117 |   119 |   128 |   131 |   132 |    131 |    130 |    132 |    133 |    133 |    132 |    131 |    138 |    139 |    139 |    139 |    142 |    149 |    150 |    150 |    150 |    150 |    150 |    150 |    156 |    157 |    157 |    157 |    157 |    157 |    157 |    157 |    157 |    157 |    157 |    157 |    157 |    157 |    157 |    157 |    157 |    157 |    157 |    157 |    157 |    157 |    182 |
| SEQ_2                    |                      - |                      - |                      - |                      - |                      - |                      - |                      - |                      - |                      - |                      - |                      - |                      - |                      - |                      - |                      - |                      - |                      - |                      - |                      - |                      - |                      - |                      - |                      - |                      - |                      - |                      - |                      - |                      - |                      - |                      - |                      - |                      - |                      - |                      - |                      - |                      - |                      - |                      - |                      - |                      - |                      - |                      - |                      - |                      - |                      - |                      - |                      - |                      - |                      - |                      - |                       - |     - |     - |     - |     - |     - |     - |     - |     - |     - |      - |      - |      - |      - |      - |      - |      - |      - |      - |      - |      - |      - |      - |      - |      - |      - |      - |      - |      - |      - |      - |      - |      - |      - |      - |      - |      - |      - |      - |      - |      - |      - |      - |      - |      - |      - |      - |      - |      - |      - |      - |      - |      - |      - |     - |     - |     0 |    49 |    68 |    79 |    81 |    88 |    91 |    93 |     92 |     92 |     95 |     97 |     97 |     97 |     96 |    102 |    102 |    102 |    102 |    105 |    112 |    113 |    113 |    113 |    113 |    113 |    113 |    118 |    119 |    119 |    119 |    119 |    119 |    119 |    119 |    119 |    119 |    119 |    119 |    119 |    119 |    119 |    119 |    119 |    119 |    119 |    119 |    119 |    119 |    160 |
| SEQ_3                    |                      - |                      - |                      - |                      - |                      - |                      - |                      - |                      - |                      - |                      - |                      - |                      - |                      - |                      - |                      - |                      - |                      - |                      - |                      - |                      - |                      - |                      - |                      - |                      - |                      - |                      - |                      - |                      - |                      - |                      - |                      - |                      - |                      - |                      - |                      - |                      - |                      - |                      - |                      - |                      - |                      - |                      - |                      - |                      - |                      - |                      - |                      - |                      - |                      - |                      - |                       - |     - |     - |     - |     - |     - |     - |     - |     - |     - |      - |      - |      - |      - |      - |      - |      - |      - |      - |      - |      - |      - |      - |      - |      - |      - |      - |      - |      - |      - |      - |      - |      - |      - |      - |      - |      - |      - |      - |      - |      - |      - |      - |      - |      - |      - |      - |      - |      - |      - |      - |      - |      - |      - |     - |     - |     - |     0 |    24 |    36 |    38 |    46 |    48 |    51 |     50 |     52 |     54 |     56 |     56 |     56 |     56 |     61 |     62 |     63 |     63 |     66 |     73 |     74 |     74 |     74 |     74 |     74 |     74 |     79 |     80 |     80 |     80 |     80 |     80 |     80 |     80 |     80 |     80 |     80 |     80 |     80 |     80 |     80 |     80 |     80 |     80 |     80 |     80 |     80 |     80 |    142 |
| SEQ_4                    |                      - |                      - |                      - |                      - |                      - |                      - |                      - |                      - |                      - |                      - |                      - |                      - |                      - |                      - |                      - |                      - |                      - |                      - |                      - |                      - |                      - |                      - |                      - |                      - |                      - |                      - |                      - |                      - |                      - |                      - |                      - |                      - |                      - |                      - |                      - |                      - |                      - |                      - |                      - |                      - |                      - |                      - |                      - |                      - |                      - |                      - |                      - |                      - |                      - |                      - |                       - |     - |     - |     - |     - |     - |     - |     - |     - |     - |      - |      - |      - |      - |      - |      - |      - |      - |      - |      - |      - |      - |      - |      - |      - |      - |      - |      - |      - |      - |      - |      - |      - |      - |      - |      - |      - |      - |      - |      - |      - |      - |      - |      - |      - |      - |      - |      - |      - |      - |      - |      - |      - |      - |     - |     - |     - |     - |     0 |    16 |    19 |    28 |    32 |    35 |     35 |     36 |     40 |     42 |     42 |     42 |     42 |     48 |     47 |     48 |     48 |     51 |     58 |     59 |     59 |     59 |     59 |     59 |     59 |     64 |     65 |     65 |     65 |     65 |     65 |     65 |     65 |     65 |     65 |     65 |     65 |     65 |     65 |     65 |     65 |     65 |     65 |     65 |     65 |     65 |     65 |    140 |
| SEQ_5                    |                      - |                      - |                      - |                      - |                      - |                      - |                      - |                      - |                      - |                      - |                      - |                      - |                      - |                      - |                      - |                      - |                      - |                      - |                      - |                      - |                      - |                      - |                      - |                      - |                      - |                      - |                      - |                      - |                      - |                      - |                      - |                      - |                      - |                      - |                      - |                      - |                      - |                      - |                      - |                      - |                      - |                      - |                      - |                      - |                      - |                      - |                      - |                      - |                      - |                      - |                       - |     - |     - |     - |     - |     - |     - |     - |     - |     - |      - |      - |      - |      - |      - |      - |      - |      - |      - |      - |      - |      - |      - |      - |      - |      - |      - |      - |      - |      - |      - |      - |      - |      - |      - |      - |      - |      - |      - |      - |      - |      - |      - |      - |      - |      - |      - |      - |      - |      - |      - |      - |      - |      - |     - |     - |     - |     - |     - |     0 |     7 |    16 |    20 |    24 |     26 |     27 |     31 |     33 |     33 |     33 |     33 |     41 |     39 |     40 |     40 |     43 |     50 |     51 |     51 |     51 |     51 |     51 |     51 |     56 |     57 |     57 |     57 |     57 |     57 |     57 |     57 |     57 |     57 |     57 |     57 |     57 |     57 |     57 |     57 |     57 |     57 |     57 |     57 |     57 |     57 |    138 |
| SEQ_6                    |                      - |                      - |                      - |                      - |                      - |                      - |                      - |                      - |                      - |                      - |                      - |                      - |                      - |                      - |                      - |                      - |                      - |                      - |                      - |                      - |                      - |                      - |                      - |                      - |                      - |                      - |                      - |                      - |                      - |                      - |                      - |                      - |                      - |                      - |                      - |                      - |                      - |                      - |                      - |                      - |                      - |                      - |                      - |                      - |                      - |                      - |                      - |                      - |                      - |                      - |                       - |     - |     - |     - |     - |     - |     - |     - |     - |     - |      - |      - |      - |      - |      - |      - |      - |      - |      - |      - |      - |      - |      - |      - |      - |      - |      - |      - |      - |      - |      - |      - |      - |      - |      - |      - |      - |      - |      - |      - |      - |      - |      - |      - |      - |      - |      - |      - |      - |      - |      - |      - |      - |      - |     - |     - |     - |     - |     - |     - |     0 |    13 |    17 |    21 |     21 |     24 |     29 |     31 |     31 |     30 |     30 |     36 |     36 |     37 |     37 |     40 |     47 |     48 |     48 |     48 |     48 |     48 |     48 |     55 |     56 |     56 |     56 |     56 |     56 |     56 |     56 |     56 |     56 |     56 |     56 |     56 |     56 |     56 |     56 |     56 |     56 |     56 |     56 |     56 |     56 |    137 |
| SEQ_7                    |                      - |                      - |                      - |                      - |                      - |                      - |                      - |                      - |                      - |                      - |                      - |                      - |                      - |                      - |                      - |                      - |                      - |                      - |                      - |                      - |                      - |                      - |                      - |                      - |                      - |                      - |                      - |                      - |                      - |                      - |                      - |                      - |                      - |                      - |                      - |                      - |                      - |                      - |                      - |                      - |                      - |                      - |                      - |                      - |                      - |                      - |                      - |                      - |                      - |                      - |                       - |     - |     - |     - |     - |     - |     - |     - |     - |     - |      - |      - |      - |      - |      - |      - |      - |      - |      - |      - |      - |      - |      - |      - |      - |      - |      - |      - |      - |      - |      - |      - |      - |      - |      - |      - |      - |      - |      - |      - |      - |      - |      - |      - |      - |      - |      - |      - |      - |      - |      - |      - |      - |      - |     - |     - |     - |     - |     - |     - |     - |     0 |     6 |    10 |     13 |     14 |     19 |     21 |     21 |     20 |     20 |     28 |     26 |     27 |     27 |     30 |     38 |     39 |     39 |     39 |     39 |     39 |     39 |     46 |     47 |     47 |     47 |     47 |     47 |     47 |     47 |     47 |     47 |     47 |     47 |     47 |     47 |     47 |     47 |     47 |     47 |     47 |     47 |     47 |     47 |    135 |
| SEQ_8                    |                      - |                      - |                      - |                      - |                      - |                      - |                      - |                      - |                      - |                      - |                      - |                      - |                      - |                      - |                      - |                      - |                      - |                      - |                      - |                      - |                      - |                      - |                      - |                      - |                      - |                      - |                      - |                      - |                      - |                      - |                      - |                      - |                      - |                      - |                      - |                      - |                      - |                      - |                      - |                      - |                      - |                      - |                      - |                      - |                      - |                      - |                      - |                      - |                      - |                      - |                       - |     - |     - |     - |     - |     - |     - |     - |     - |     - |      - |      - |      - |      - |      - |      - |      - |      - |      - |      - |      - |      - |      - |      - |      - |      - |      - |      - |      - |      - |      - |      - |      - |      - |      - |      - |      - |      - |      - |      - |      - |      - |      - |      - |      - |      - |      - |      - |      - |      - |      - |      - |      - |      - |     - |     - |     - |     - |     - |     - |     - |     - |     0 |     4 |      8 |     10 |     15 |     17 |     17 |     16 |     16 |     24 |     22 |     23 |     23 |     26 |     34 |     35 |     35 |     35 |     35 |     35 |     35 |     42 |     43 |     43 |     43 |     43 |     43 |     43 |     43 |     43 |     43 |     43 |     43 |     43 |     43 |     43 |     43 |     43 |     43 |     43 |     43 |     43 |     43 |    135 |
| SEQ_9                    |                      - |                      - |                      - |                      - |                      - |                      - |                      - |                      - |                      - |                      - |                      - |                      - |                      - |                      - |                      - |                      - |                      - |                      - |                      - |                      - |                      - |                      - |                      - |                      - |                      - |                      - |                      - |                      - |                      - |                      - |                      - |                      - |                      - |                      - |                      - |                      - |                      - |                      - |                      - |                      - |                      - |                      - |                      - |                      - |                      - |                      - |                      - |                      - |                      - |                      - |                       - |     - |     - |     - |     - |     - |     - |     - |     - |     - |      - |      - |      - |      - |      - |      - |      - |      - |      - |      - |      - |      - |      - |      - |      - |      - |      - |      - |      - |      - |      - |      - |      - |      - |      - |      - |      - |      - |      - |      - |      - |      - |      - |      - |      - |      - |      - |      - |      - |      - |      - |      - |      - |      - |     - |     - |     - |     - |     - |     - |     - |     - |     - |     0 |      4 |      7 |     12 |     14 |     14 |     12 |     14 |     21 |     21 |     22 |     22 |     25 |     33 |     34 |     34 |     34 |     34 |     34 |     34 |     41 |     42 |     42 |     42 |     42 |     42 |     42 |     42 |     42 |     42 |     42 |     42 |     42 |     42 |     42 |     42 |     42 |     42 |     42 |     42 |     42 |     42 |    136 |
| SEQ_10                   |                      - |                      - |                      - |                      - |                      - |                      - |                      - |                      - |                      - |                      - |                      - |                      - |                      - |                      - |                      - |                      - |                      - |                      - |                      - |                      - |                      - |                      - |                      - |                      - |                      - |                      - |                      - |                      - |                      - |                      - |                      - |                      - |                      - |                      - |                      - |                      - |                      - |                      - |                      - |                      - |                      - |                      - |                      - |                      - |                      - |                      - |                      - |                      - |                      - |                      - |                       - |     - |     - |     - |     - |     - |     - |     - |     - |     - |      - |      - |      - |      - |      - |      - |      - |      - |      - |      - |      - |      - |      - |      - |      - |      - |      - |      - |      - |      - |      - |      - |      - |      - |      - |      - |      - |      - |      - |      - |      - |      - |      - |      - |      - |      - |      - |      - |      - |      - |      - |      - |      - |      - |     - |     - |     - |     - |     - |     - |     - |     - |     - |     - |      0 |      6 |     11 |     13 |     13 |     11 |     13 |     20 |     19 |     20 |     20 |     24 |     32 |     33 |     33 |     33 |     33 |     33 |     33 |     41 |     42 |     42 |     42 |     42 |     42 |     42 |     42 |     42 |     42 |     42 |     42 |     42 |     42 |     42 |     42 |     42 |     42 |     42 |     42 |     42 |     42 |    135 |
| SEQ_11                   |                      - |                      - |                      - |                      - |                      - |                      - |                      - |                      - |                      - |                      - |                      - |                      - |                      - |                      - |                      - |                      - |                      - |                      - |                      - |                      - |                      - |                      - |                      - |                      - |                      - |                      - |                      - |                      - |                      - |                      - |                      - |                      - |                      - |                      - |                      - |                      - |                      - |                      - |                      - |                      - |                      - |                      - |                      - |                      - |                      - |                      - |                      - |                      - |                      - |                      - |                       - |     - |     - |     - |     - |     - |     - |     - |     - |     - |      - |      - |      - |      - |      - |      - |      - |      - |      - |      - |      - |      - |      - |      - |      - |      - |      - |      - |      - |      - |      - |      - |      - |      - |      - |      - |      - |      - |      - |      - |      - |      - |      - |      - |      - |      - |      - |      - |      - |      - |      - |      - |      - |      - |     - |     - |     - |     - |     - |     - |     - |     - |     - |     - |      - |      0 |      5 |      7 |      7 |      9 |     10 |     18 |     18 |     19 |     19 |     22 |     30 |     31 |     31 |     31 |     31 |     31 |     31 |     38 |     39 |     39 |     39 |     39 |     39 |     39 |     39 |     39 |     39 |     39 |     39 |     39 |     39 |     39 |     39 |     39 |     39 |     39 |     39 |     39 |     39 |    136 |
| SEQ_12                   |                      - |                      - |                      - |                      - |                      - |                      - |                      - |                      - |                      - |                      - |                      - |                      - |                      - |                      - |                      - |                      - |                      - |                      - |                      - |                      - |                      - |                      - |                      - |                      - |                      - |                      - |                      - |                      - |                      - |                      - |                      - |                      - |                      - |                      - |                      - |                      - |                      - |                      - |                      - |                      - |                      - |                      - |                      - |                      - |                      - |                      - |                      - |                      - |                      - |                      - |                       - |     - |     - |     - |     - |     - |     - |     - |     - |     - |      - |      - |      - |      - |      - |      - |      - |      - |      - |      - |      - |      - |      - |      - |      - |      - |      - |      - |      - |      - |      - |      - |      - |      - |      - |      - |      - |      - |      - |      - |      - |      - |      - |      - |      - |      - |      - |      - |      - |      - |      - |      - |      - |      - |     - |     - |     - |     - |     - |     - |     - |     - |     - |     - |      - |      - |      0 |      2 |      2 |      4 |      6 |     14 |     14 |     15 |     15 |     18 |     26 |     27 |     27 |     27 |     27 |     27 |     27 |     34 |     35 |     35 |     35 |     35 |     35 |     35 |     35 |     35 |     35 |     35 |     35 |     34 |     34 |     34 |     34 |     34 |     34 |     34 |     34 |     34 |     34 |    138 |
| SEQ_13                   |                      - |                      - |                      - |                      - |                      - |                      - |                      - |                      - |                      - |                      - |                      - |                      - |                      - |                      - |                      - |                      - |                      - |                      - |                      - |                      - |                      - |                      - |                      - |                      - |                      - |                      - |                      - |                      - |                      - |                      - |                      - |                      - |                      - |                      - |                      - |                      - |                      - |                      - |                      - |                      - |                      - |                      - |                      - |                      - |                      - |                      - |                      - |                      - |                      - |                      - |                       - |     - |     - |     - |     - |     - |     - |     - |     - |     - |      - |      - |      - |      - |      - |      - |      - |      - |      - |      - |      - |      - |      - |      - |      - |      - |      - |      - |      - |      - |      - |      - |      - |      - |      - |      - |      - |      - |      - |      - |      - |      - |      - |      - |      - |      - |      - |      - |      - |      - |      - |      - |      - |      - |     - |     - |     - |     - |     - |     - |     - |     - |     - |     - |      - |      - |      - |      0 |      0 |      2 |      4 |     12 |     12 |     13 |     13 |     16 |     24 |     25 |     25 |     25 |     25 |     25 |     25 |     32 |     33 |     33 |     33 |     33 |     33 |     33 |     33 |     33 |     33 |     33 |     33 |     32 |     32 |     32 |     32 |     32 |     32 |     32 |     32 |     32 |     32 |    138 |
| SEQ_14                   |                      - |                      - |                      - |                      - |                      - |                      - |                      - |                      - |                      - |                      - |                      - |                      - |                      - |                      - |                      - |                      - |                      - |                      - |                      - |                      - |                      - |                      - |                      - |                      - |                      - |                      - |                      - |                      - |                      - |                      - |                      - |                      - |                      - |                      - |                      - |                      - |                      - |                      - |                      - |                      - |                      - |                      - |                      - |                      - |                      - |                      - |                      - |                      - |                      - |                      - |                       - |     - |     - |     - |     - |     - |     - |     - |     - |     - |      - |      - |      - |      - |      - |      - |      - |      - |      - |      - |      - |      - |      - |      - |      - |      - |      - |      - |      - |      - |      - |      - |      - |      - |      - |      - |      - |      - |      - |      - |      - |      - |      - |      - |      - |      - |      - |      - |      - |      - |      - |      - |      - |      - |     - |     - |     - |     - |     - |     - |     - |     - |     - |     - |      - |      - |      - |      - |      0 |      2 |      4 |     12 |     12 |     13 |     13 |     16 |     24 |     25 |     25 |     25 |     25 |     25 |     25 |     32 |     33 |     33 |     33 |     33 |     33 |     33 |     33 |     33 |     33 |     33 |     33 |     32 |     32 |     32 |     32 |     32 |     32 |     32 |     32 |     32 |     32 |    138 |
| SEQ_15                   |                      - |                      - |                      - |                      - |                      - |                      - |                      - |                      - |                      - |                      - |                      - |                      - |                      - |                      - |                      - |                      - |                      - |                      - |                      - |                      - |                      - |                      - |                      - |                      - |                      - |                      - |                      - |                      - |                      - |                      - |                      - |                      - |                      - |                      - |                      - |                      - |                      - |                      - |                      - |                      - |                      - |                      - |                      - |                      - |                      - |                      - |                      - |                      - |                      - |                      - |                       - |     - |     - |     - |     - |     - |     - |     - |     - |     - |      - |      - |      - |      - |      - |      - |      - |      - |      - |      - |      - |      - |      - |      - |      - |      - |      - |      - |      - |      - |      - |      - |      - |      - |      - |      - |      - |      - |      - |      - |      - |      - |      - |      - |      - |      - |      - |      - |      - |      - |      - |      - |      - |      - |     - |     - |     - |     - |     - |     - |     - |     - |     - |     - |      - |      - |      - |      - |      - |      0 |      2 |     10 |     10 |     11 |     11 |     14 |     22 |     23 |     23 |     23 |     23 |     23 |     23 |     32 |     33 |     33 |     33 |     33 |     33 |     33 |     33 |     33 |     33 |     33 |     33 |     32 |     32 |     32 |     32 |     32 |     32 |     32 |     32 |     32 |     32 |    138 |
| SEQ_16                   |                      - |                      - |                      - |                      - |                      - |                      - |                      - |                      - |                      - |                      - |                      - |                      - |                      - |                      - |                      - |                      - |                      - |                      - |                      - |                      - |                      - |                      - |                      - |                      - |                      - |                      - |                      - |                      - |                      - |                      - |                      - |                      - |                      - |                      - |                      - |                      - |                      - |                      - |                      - |                      - |                      - |                      - |                      - |                      - |                      - |                      - |                      - |                      - |                      - |                      - |                       - |     - |     - |     - |     - |     - |     - |     - |     - |     - |      - |      - |      - |      - |      - |      - |      - |      - |      - |      - |      - |      - |      - |      - |      - |      - |      - |      - |      - |      - |      - |      - |      - |      - |      - |      - |      - |      - |      - |      - |      - |      - |      - |      - |      - |      - |      - |      - |      - |      - |      - |      - |      - |      - |     - |     - |     - |     - |     - |     - |     - |     - |     - |     - |      - |      - |      - |      - |      - |      - |      0 |      9 |      9 |     10 |     10 |     13 |     21 |     22 |     22 |     22 |     22 |     22 |     22 |     32 |     33 |     33 |     33 |     33 |     33 |     33 |     33 |     33 |     33 |     33 |     33 |     33 |     33 |     33 |     33 |     33 |     33 |     33 |     33 |     33 |     33 |    138 |
| SEQ_17                   |                      - |                      - |                      - |                      - |                      - |                      - |                      - |                      - |                      - |                      - |                      - |                      - |                      - |                      - |                      - |                      - |                      - |                      - |                      - |                      - |                      - |                      - |                      - |                      - |                      - |                      - |                      - |                      - |                      - |                      - |                      - |                      - |                      - |                      - |                      - |                      - |                      - |                      - |                      - |                      - |                      - |                      - |                      - |                      - |                      - |                      - |                      - |                      - |                      - |                      - |                       - |     - |     - |     - |     - |     - |     - |     - |     - |     - |      - |      - |      - |      - |      - |      - |      - |      - |      - |      - |      - |      - |      - |      - |      - |      - |      - |      - |      - |      - |      - |      - |      - |      - |      - |      - |      - |      - |      - |      - |      - |      - |      - |      - |      - |      - |      - |      - |      - |      - |      - |      - |      - |      - |     - |     - |     - |     - |     - |     - |     - |     - |     - |     - |      - |      - |      - |      - |      - |      - |      - |      0 |      3 |      4 |      4 |      7 |     15 |     16 |     16 |     16 |     16 |     16 |     16 |     24 |     25 |     25 |     25 |     25 |     25 |     25 |     25 |     25 |     25 |     25 |     25 |     26 |     26 |     26 |     26 |     26 |     26 |     26 |     26 |     26 |     26 |    139 |
| SEQ_18                   |                      - |                      - |                      - |                      - |                      - |                      - |                      - |                      - |                      - |                      - |                      - |                      - |                      - |                      - |                      - |                      - |                      - |                      - |                      - |                      - |                      - |                      - |                      - |                      - |                      - |                      - |                      - |                      - |                      - |                      - |                      - |                      - |                      - |                      - |                      - |                      - |                      - |                      - |                      - |                      - |                      - |                      - |                      - |                      - |                      - |                      - |                      - |                      - |                      - |                      - |                       - |     - |     - |     - |     - |     - |     - |     - |     - |     - |      - |      - |      - |      - |      - |      - |      - |      - |      - |      - |      - |      - |      - |      - |      - |      - |      - |      - |      - |      - |      - |      - |      - |      - |      - |      - |      - |      - |      - |      - |      - |      - |      - |      - |      - |      - |      - |      - |      - |      - |      - |      - |      - |      - |     - |     - |     - |     - |     - |     - |     - |     - |     - |     - |      - |      - |      - |      - |      - |      - |      - |      - |      0 |      1 |      1 |      5 |     13 |     14 |     14 |     14 |     14 |     14 |     14 |     24 |     25 |     25 |     25 |     25 |     25 |     25 |     25 |     25 |     25 |     25 |     25 |     25 |     25 |     25 |     25 |     25 |     25 |     25 |     25 |     25 |     25 |    139 |
| SEQ_19                   |                      - |                      - |                      - |                      - |                      - |                      - |                      - |                      - |                      - |                      - |                      - |                      - |                      - |                      - |                      - |                      - |                      - |                      - |                      - |                      - |                      - |                      - |                      - |                      - |                      - |                      - |                      - |                      - |                      - |                      - |                      - |                      - |                      - |                      - |                      - |                      - |                      - |                      - |                      - |                      - |                      - |                      - |                      - |                      - |                      - |                      - |                      - |                      - |                      - |                      - |                       - |     - |     - |     - |     - |     - |     - |     - |     - |     - |      - |      - |      - |      - |      - |      - |      - |      - |      - |      - |      - |      - |      - |      - |      - |      - |      - |      - |      - |      - |      - |      - |      - |      - |      - |      - |      - |      - |      - |      - |      - |      - |      - |      - |      - |      - |      - |      - |      - |      - |      - |      - |      - |      - |     - |     - |     - |     - |     - |     - |     - |     - |     - |     - |      - |      - |      - |      - |      - |      - |      - |      - |      - |      0 |      0 |      4 |     12 |     13 |     13 |     13 |     13 |     13 |     13 |     23 |     24 |     24 |     24 |     24 |     24 |     24 |     24 |     24 |     24 |     24 |     24 |     24 |     24 |     24 |     24 |     24 |     24 |     24 |     24 |     24 |     24 |    139 |
| SEQ_20                   |                      - |                      - |                      - |                      - |                      - |                      - |                      - |                      - |                      - |                      - |                      - |                      - |                      - |                      - |                      - |                      - |                      - |                      - |                      - |                      - |                      - |                      - |                      - |                      - |                      - |                      - |                      - |                      - |                      - |                      - |                      - |                      - |                      - |                      - |                      - |                      - |                      - |                      - |                      - |                      - |                      - |                      - |                      - |                      - |                      - |                      - |                      - |                      - |                      - |                      - |                       - |     - |     - |     - |     - |     - |     - |     - |     - |     - |      - |      - |      - |      - |      - |      - |      - |      - |      - |      - |      - |      - |      - |      - |      - |      - |      - |      - |      - |      - |      - |      - |      - |      - |      - |      - |      - |      - |      - |      - |      - |      - |      - |      - |      - |      - |      - |      - |      - |      - |      - |      - |      - |      - |     - |     - |     - |     - |     - |     - |     - |     - |     - |     - |      - |      - |      - |      - |      - |      - |      - |      - |      - |      - |      0 |      4 |     12 |     13 |     13 |     13 |     13 |     13 |     13 |     23 |     24 |     24 |     24 |     24 |     24 |     24 |     24 |     24 |     24 |     24 |     24 |     24 |     24 |     24 |     24 |     24 |     24 |     24 |     24 |     24 |     24 |    139 |
| SEQ_21                   |                      - |                      - |                      - |                      - |                      - |                      - |                      - |                      - |                      - |                      - |                      - |                      - |                      - |                      - |                      - |                      - |                      - |                      - |                      - |                      - |                      - |                      - |                      - |                      - |                      - |                      - |                      - |                      - |                      - |                      - |                      - |                      - |                      - |                      - |                      - |                      - |                      - |                      - |                      - |                      - |                      - |                      - |                      - |                      - |                      - |                      - |                      - |                      - |                      - |                      - |                       - |     - |     - |     - |     - |     - |     - |     - |     - |     - |      - |      - |      - |      - |      - |      - |      - |      - |      - |      - |      - |      - |      - |      - |      - |      - |      - |      - |      - |      - |      - |      - |      - |      - |      - |      - |      - |      - |      - |      - |      - |      - |      - |      - |      - |      - |      - |      - |      - |      - |      - |      - |      - |      - |     - |     - |     - |     - |     - |     - |     - |     - |     - |     - |      - |      - |      - |      - |      - |      - |      - |      - |      - |      - |      - |      0 |      8 |      9 |      9 |      9 |      9 |      9 |      9 |     20 |     21 |     21 |     21 |     21 |     21 |     21 |     21 |     21 |     21 |     21 |     21 |     20 |     20 |     20 |     20 |     20 |     20 |     20 |     20 |     20 |     20 |    139 |
| SEQ_22                   |                      - |                      - |                      - |                      - |                      - |                      - |                      - |                      - |                      - |                      - |                      - |                      - |                      - |                      - |                      - |                      - |                      - |                      - |                      - |                      - |                      - |                      - |                      - |                      - |                      - |                      - |                      - |                      - |                      - |                      - |                      - |                      - |                      - |                      - |                      - |                      - |                      - |                      - |                      - |                      - |                      - |                      - |                      - |                      - |                      - |                      - |                      - |                      - |                      - |                      - |                       - |     - |     - |     - |     - |     - |     - |     - |     - |     - |      - |      - |      - |      - |      - |      - |      - |      - |      - |      - |      - |      - |      - |      - |      - |      - |      - |      - |      - |      - |      - |      - |      - |      - |      - |      - |      - |      - |      - |      - |      - |      - |      - |      - |      - |      - |      - |      - |      - |      - |      - |      - |      - |      - |     - |     - |     - |     - |     - |     - |     - |     - |     - |     - |      - |      - |      - |      - |      - |      - |      - |      - |      - |      - |      - |      - |      0 |      1 |      1 |      1 |      1 |      1 |      1 |     12 |     13 |     13 |     13 |     13 |     13 |     13 |     13 |     13 |     13 |     13 |     13 |     12 |     12 |     12 |     12 |     12 |     12 |     12 |     12 |     12 |     12 |    143 |
| SEQ_23                   |                      - |                      - |                      - |                      - |                      - |                      - |                      - |                      - |                      - |                      - |                      - |                      - |                      - |                      - |                      - |                      - |                      - |                      - |                      - |                      - |                      - |                      - |                      - |                      - |                      - |                      - |                      - |                      - |                      - |                      - |                      - |                      - |                      - |                      - |                      - |                      - |                      - |                      - |                      - |                      - |                      - |                      - |                      - |                      - |                      - |                      - |                      - |                      - |                      - |                      - |                       - |     - |     - |     - |     - |     - |     - |     - |     - |     - |      - |      - |      - |      - |      - |      - |      - |      - |      - |      - |      - |      - |      - |      - |      - |      - |      - |      - |      - |      - |      - |      - |      - |      - |      - |      - |      - |      - |      - |      - |      - |      - |      - |      - |      - |      - |      - |      - |      - |      - |      - |      - |      - |      - |     - |     - |     - |     - |     - |     - |     - |     - |     - |     - |      - |      - |      - |      - |      - |      - |      - |      - |      - |      - |      - |      - |      - |      0 |      0 |      0 |      0 |      0 |      0 |     11 |     12 |     12 |     12 |     12 |     12 |     12 |     12 |     12 |     12 |     12 |     12 |     11 |     11 |     11 |     11 |     11 |     11 |     11 |     11 |     11 |     11 |    143 |
| SEQ_24                   |                      - |                      - |                      - |                      - |                      - |                      - |                      - |                      - |                      - |                      - |                      - |                      - |                      - |                      - |                      - |                      - |                      - |                      - |                      - |                      - |                      - |                      - |                      - |                      - |                      - |                      - |                      - |                      - |                      - |                      - |                      - |                      - |                      - |                      - |                      - |                      - |                      - |                      - |                      - |                      - |                      - |                      - |                      - |                      - |                      - |                      - |                      - |                      - |                      - |                      - |                       - |     - |     - |     - |     - |     - |     - |     - |     - |     - |      - |      - |      - |      - |      - |      - |      - |      - |      - |      - |      - |      - |      - |      - |      - |      - |      - |      - |      - |      - |      - |      - |      - |      - |      - |      - |      - |      - |      - |      - |      - |      - |      - |      - |      - |      - |      - |      - |      - |      - |      - |      - |      - |      - |     - |     - |     - |     - |     - |     - |     - |     - |     - |     - |      - |      - |      - |      - |      - |      - |      - |      - |      - |      - |      - |      - |      - |      - |      0 |      0 |      0 |      0 |      0 |     11 |     12 |     12 |     12 |     12 |     12 |     12 |     12 |     12 |     12 |     12 |     12 |     11 |     11 |     11 |     11 |     11 |     11 |     11 |     11 |     11 |     11 |    143 |
| SEQ_25                   |                      - |                      - |                      - |                      - |                      - |                      - |                      - |                      - |                      - |                      - |                      - |                      - |                      - |                      - |                      - |                      - |                      - |                      - |                      - |                      - |                      - |                      - |                      - |                      - |                      - |                      - |                      - |                      - |                      - |                      - |                      - |                      - |                      - |                      - |                      - |                      - |                      - |                      - |                      - |                      - |                      - |                      - |                      - |                      - |                      - |                      - |                      - |                      - |                      - |                      - |                       - |     - |     - |     - |     - |     - |     - |     - |     - |     - |      - |      - |      - |      - |      - |      - |      - |      - |      - |      - |      - |      - |      - |      - |      - |      - |      - |      - |      - |      - |      - |      - |      - |      - |      - |      - |      - |      - |      - |      - |      - |      - |      - |      - |      - |      - |      - |      - |      - |      - |      - |      - |      - |      - |     - |     - |     - |     - |     - |     - |     - |     - |     - |     - |      - |      - |      - |      - |      - |      - |      - |      - |      - |      - |      - |      - |      - |      - |      - |      0 |      0 |      0 |      0 |     11 |     12 |     12 |     12 |     12 |     12 |     12 |     12 |     12 |     12 |     12 |     12 |     11 |     11 |     11 |     11 |     11 |     11 |     11 |     11 |     11 |     11 |    143 |
| SEQ_26                   |                      - |                      - |                      - |                      - |                      - |                      - |                      - |                      - |                      - |                      - |                      - |                      - |                      - |                      - |                      - |                      - |                      - |                      - |                      - |                      - |                      - |                      - |                      - |                      - |                      - |                      - |                      - |                      - |                      - |                      - |                      - |                      - |                      - |                      - |                      - |                      - |                      - |                      - |                      - |                      - |                      - |                      - |                      - |                      - |                      - |                      - |                      - |                      - |                      - |                      - |                       - |     - |     - |     - |     - |     - |     - |     - |     - |     - |      - |      - |      - |      - |      - |      - |      - |      - |      - |      - |      - |      - |      - |      - |      - |      - |      - |      - |      - |      - |      - |      - |      - |      - |      - |      - |      - |      - |      - |      - |      - |      - |      - |      - |      - |      - |      - |      - |      - |      - |      - |      - |      - |      - |     - |     - |     - |     - |     - |     - |     - |     - |     - |     - |      - |      - |      - |      - |      - |      - |      - |      - |      - |      - |      - |      - |      - |      - |      - |      - |      0 |      0 |      0 |     11 |     12 |     12 |     12 |     12 |     12 |     12 |     12 |     12 |     12 |     12 |     12 |     11 |     11 |     11 |     11 |     11 |     11 |     11 |     11 |     11 |     11 |    143 |
| SEQ_27                   |                      - |                      - |                      - |                      - |                      - |                      - |                      - |                      - |                      - |                      - |                      - |                      - |                      - |                      - |                      - |                      - |                      - |                      - |                      - |                      - |                      - |                      - |                      - |                      - |                      - |                      - |                      - |                      - |                      - |                      - |                      - |                      - |                      - |                      - |                      - |                      - |                      - |                      - |                      - |                      - |                      - |                      - |                      - |                      - |                      - |                      - |                      - |                      - |                      - |                      - |                       - |     - |     - |     - |     - |     - |     - |     - |     - |     - |      - |      - |      - |      - |      - |      - |      - |      - |      - |      - |      - |      - |      - |      - |      - |      - |      - |      - |      - |      - |      - |      - |      - |      - |      - |      - |      - |      - |      - |      - |      - |      - |      - |      - |      - |      - |      - |      - |      - |      - |      - |      - |      - |      - |     - |     - |     - |     - |     - |     - |     - |     - |     - |     - |      - |      - |      - |      - |      - |      - |      - |      - |      - |      - |      - |      - |      - |      - |      - |      - |      - |      0 |      0 |     11 |     12 |     12 |     12 |     12 |     12 |     12 |     12 |     12 |     12 |     12 |     12 |     11 |     11 |     11 |     11 |     11 |     11 |     11 |     11 |     11 |     11 |    143 |
| SEQ_28                   |                      - |                      - |                      - |                      - |                      - |                      - |                      - |                      - |                      - |                      - |                      - |                      - |                      - |                      - |                      - |                      - |                      - |                      - |                      - |                      - |                      - |                      - |                      - |                      - |                      - |                      - |                      - |                      - |                      - |                      - |                      - |                      - |                      - |                      - |                      - |                      - |                      - |                      - |                      - |                      - |                      - |                      - |                      - |                      - |                      - |                      - |                      - |                      - |                      - |                      - |                       - |     - |     - |     - |     - |     - |     - |     - |     - |     - |      - |      - |      - |      - |      - |      - |      - |      - |      - |      - |      - |      - |      - |      - |      - |      - |      - |      - |      - |      - |      - |      - |      - |      - |      - |      - |      - |      - |      - |      - |      - |      - |      - |      - |      - |      - |      - |      - |      - |      - |      - |      - |      - |      - |     - |     - |     - |     - |     - |     - |     - |     - |     - |     - |      - |      - |      - |      - |      - |      - |      - |      - |      - |      - |      - |      - |      - |      - |      - |      - |      - |      - |      0 |     11 |     12 |     12 |     12 |     12 |     12 |     12 |     12 |     12 |     12 |     12 |     12 |     11 |     11 |     11 |     11 |     11 |     11 |     11 |     11 |     11 |     11 |    143 |
| SEQ_29                   |                      - |                      - |                      - |                      - |                      - |                      - |                      - |                      - |                      - |                      - |                      - |                      - |                      - |                      - |                      - |                      - |                      - |                      - |                      - |                      - |                      - |                      - |                      - |                      - |                      - |                      - |                      - |                      - |                      - |                      - |                      - |                      - |                      - |                      - |                      - |                      - |                      - |                      - |                      - |                      - |                      - |                      - |                      - |                      - |                      - |                      - |                      - |                      - |                      - |                      - |                       - |     - |     - |     - |     - |     - |     - |     - |     - |     - |      - |      - |      - |      - |      - |      - |      - |      - |      - |      - |      - |      - |      - |      - |      - |      - |      - |      - |      - |      - |      - |      - |      - |      - |      - |      - |      - |      - |      - |      - |      - |      - |      - |      - |      - |      - |      - |      - |      - |      - |      - |      - |      - |      - |     - |     - |     - |     - |     - |     - |     - |     - |     - |     - |      - |      - |      - |      - |      - |      - |      - |      - |      - |      - |      - |      - |      - |      - |      - |      - |      - |      - |      - |      0 |      1 |      1 |      1 |      1 |      1 |      1 |      1 |      1 |      1 |      1 |      1 |      2 |      2 |      2 |      2 |      2 |      2 |      2 |      2 |      2 |      2 |    145 |
| SEQ_30                   |                      - |                      - |                      - |                      - |                      - |                      - |                      - |                      - |                      - |                      - |                      - |                      - |                      - |                      - |                      - |                      - |                      - |                      - |                      - |                      - |                      - |                      - |                      - |                      - |                      - |                      - |                      - |                      - |                      - |                      - |                      - |                      - |                      - |                      - |                      - |                      - |                      - |                      - |                      - |                      - |                      - |                      - |                      - |                      - |                      - |                      - |                      - |                      - |                      - |                      - |                       - |     - |     - |     - |     - |     - |     - |     - |     - |     - |      - |      - |      - |      - |      - |      - |      - |      - |      - |      - |      - |      - |      - |      - |      - |      - |      - |      - |      - |      - |      - |      - |      - |      - |      - |      - |      - |      - |      - |      - |      - |      - |      - |      - |      - |      - |      - |      - |      - |      - |      - |      - |      - |      - |     - |     - |     - |     - |     - |     - |     - |     - |     - |     - |      - |      - |      - |      - |      - |      - |      - |      - |      - |      - |      - |      - |      - |      - |      - |      - |      - |      - |      - |      - |      0 |      0 |      0 |      0 |      0 |      0 |      0 |      0 |      0 |      0 |      0 |      1 |      1 |      1 |      1 |      1 |      1 |      1 |      1 |      1 |      1 |    145 |
| SEQ_31                   |                      - |                      - |                      - |                      - |                      - |                      - |                      - |                      - |                      - |                      - |                      - |                      - |                      - |                      - |                      - |                      - |                      - |                      - |                      - |                      - |                      - |                      - |                      - |                      - |                      - |                      - |                      - |                      - |                      - |                      - |                      - |                      - |                      - |                      - |                      - |                      - |                      - |                      - |                      - |                      - |                      - |                      - |                      - |                      - |                      - |                      - |                      - |                      - |                      - |                      - |                       - |     - |     - |     - |     - |     - |     - |     - |     - |     - |      - |      - |      - |      - |      - |      - |      - |      - |      - |      - |      - |      - |      - |      - |      - |      - |      - |      - |      - |      - |      - |      - |      - |      - |      - |      - |      - |      - |      - |      - |      - |      - |      - |      - |      - |      - |      - |      - |      - |      - |      - |      - |      - |      - |     - |     - |     - |     - |     - |     - |     - |     - |     - |     - |      - |      - |      - |      - |      - |      - |      - |      - |      - |      - |      - |      - |      - |      - |      - |      - |      - |      - |      - |      - |      - |      0 |      0 |      0 |      0 |      0 |      0 |      0 |      0 |      0 |      0 |      1 |      1 |      1 |      1 |      1 |      1 |      1 |      1 |      1 |      1 |    145 |
| SEQ_32                   |                      - |                      - |                      - |                      - |                      - |                      - |                      - |                      - |                      - |                      - |                      - |                      - |                      - |                      - |                      - |                      - |                      - |                      - |                      - |                      - |                      - |                      - |                      - |                      - |                      - |                      - |                      - |                      - |                      - |                      - |                      - |                      - |                      - |                      - |                      - |                      - |                      - |                      - |                      - |                      - |                      - |                      - |                      - |                      - |                      - |                      - |                      - |                      - |                      - |                      - |                       - |     - |     - |     - |     - |     - |     - |     - |     - |     - |      - |      - |      - |      - |      - |      - |      - |      - |      - |      - |      - |      - |      - |      - |      - |      - |      - |      - |      - |      - |      - |      - |      - |      - |      - |      - |      - |      - |      - |      - |      - |      - |      - |      - |      - |      - |      - |      - |      - |      - |      - |      - |      - |      - |     - |     - |     - |     - |     - |     - |     - |     - |     - |     - |      - |      - |      - |      - |      - |      - |      - |      - |      - |      - |      - |      - |      - |      - |      - |      - |      - |      - |      - |      - |      - |      - |      0 |      0 |      0 |      0 |      0 |      0 |      0 |      0 |      0 |      1 |      1 |      1 |      1 |      1 |      1 |      1 |      1 |      1 |      1 |    145 |
| SEQ_33                   |                      - |                      - |                      - |                      - |                      - |                      - |                      - |                      - |                      - |                      - |                      - |                      - |                      - |                      - |                      - |                      - |                      - |                      - |                      - |                      - |                      - |                      - |                      - |                      - |                      - |                      - |                      - |                      - |                      - |                      - |                      - |                      - |                      - |                      - |                      - |                      - |                      - |                      - |                      - |                      - |                      - |                      - |                      - |                      - |                      - |                      - |                      - |                      - |                      - |                      - |                       - |     - |     - |     - |     - |     - |     - |     - |     - |     - |      - |      - |      - |      - |      - |      - |      - |      - |      - |      - |      - |      - |      - |      - |      - |      - |      - |      - |      - |      - |      - |      - |      - |      - |      - |      - |      - |      - |      - |      - |      - |      - |      - |      - |      - |      - |      - |      - |      - |      - |      - |      - |      - |      - |     - |     - |     - |     - |     - |     - |     - |     - |     - |     - |      - |      - |      - |      - |      - |      - |      - |      - |      - |      - |      - |      - |      - |      - |      - |      - |      - |      - |      - |      - |      - |      - |      - |      0 |      0 |      0 |      0 |      0 |      0 |      0 |      0 |      1 |      1 |      1 |      1 |      1 |      1 |      1 |      1 |      1 |      1 |    145 |
| SEQ_34                   |                      - |                      - |                      - |                      - |                      - |                      - |                      - |                      - |                      - |                      - |                      - |                      - |                      - |                      - |                      - |                      - |                      - |                      - |                      - |                      - |                      - |                      - |                      - |                      - |                      - |                      - |                      - |                      - |                      - |                      - |                      - |                      - |                      - |                      - |                      - |                      - |                      - |                      - |                      - |                      - |                      - |                      - |                      - |                      - |                      - |                      - |                      - |                      - |                      - |                      - |                       - |     - |     - |     - |     - |     - |     - |     - |     - |     - |      - |      - |      - |      - |      - |      - |      - |      - |      - |      - |      - |      - |      - |      - |      - |      - |      - |      - |      - |      - |      - |      - |      - |      - |      - |      - |      - |      - |      - |      - |      - |      - |      - |      - |      - |      - |      - |      - |      - |      - |      - |      - |      - |      - |     - |     - |     - |     - |     - |     - |     - |     - |     - |     - |      - |      - |      - |      - |      - |      - |      - |      - |      - |      - |      - |      - |      - |      - |      - |      - |      - |      - |      - |      - |      - |      - |      - |      - |      0 |      0 |      0 |      0 |      0 |      0 |      0 |      1 |      1 |      1 |      1 |      1 |      1 |      1 |      1 |      1 |      1 |    145 |
| SEQ_35                   |                      - |                      - |                      - |                      - |                      - |                      - |                      - |                      - |                      - |                      - |                      - |                      - |                      - |                      - |                      - |                      - |                      - |                      - |                      - |                      - |                      - |                      - |                      - |                      - |                      - |                      - |                      - |                      - |                      - |                      - |                      - |                      - |                      - |                      - |                      - |                      - |                      - |                      - |                      - |                      - |                      - |                      - |                      - |                      - |                      - |                      - |                      - |                      - |                      - |                      - |                       - |     - |     - |     - |     - |     - |     - |     - |     - |     - |      - |      - |      - |      - |      - |      - |      - |      - |      - |      - |      - |      - |      - |      - |      - |      - |      - |      - |      - |      - |      - |      - |      - |      - |      - |      - |      - |      - |      - |      - |      - |      - |      - |      - |      - |      - |      - |      - |      - |      - |      - |      - |      - |      - |     - |     - |     - |     - |     - |     - |     - |     - |     - |     - |      - |      - |      - |      - |      - |      - |      - |      - |      - |      - |      - |      - |      - |      - |      - |      - |      - |      - |      - |      - |      - |      - |      - |      - |      - |      0 |      0 |      0 |      0 |      0 |      0 |      1 |      1 |      1 |      1 |      1 |      1 |      1 |      1 |      1 |      1 |    145 |
| SEQ_36                   |                      - |                      - |                      - |                      - |                      - |                      - |                      - |                      - |                      - |                      - |                      - |                      - |                      - |                      - |                      - |                      - |                      - |                      - |                      - |                      - |                      - |                      - |                      - |                      - |                      - |                      - |                      - |                      - |                      - |                      - |                      - |                      - |                      - |                      - |                      - |                      - |                      - |                      - |                      - |                      - |                      - |                      - |                      - |                      - |                      - |                      - |                      - |                      - |                      - |                      - |                       - |     - |     - |     - |     - |     - |     - |     - |     - |     - |      - |      - |      - |      - |      - |      - |      - |      - |      - |      - |      - |      - |      - |      - |      - |      - |      - |      - |      - |      - |      - |      - |      - |      - |      - |      - |      - |      - |      - |      - |      - |      - |      - |      - |      - |      - |      - |      - |      - |      - |      - |      - |      - |      - |     - |     - |     - |     - |     - |     - |     - |     - |     - |     - |      - |      - |      - |      - |      - |      - |      - |      - |      - |      - |      - |      - |      - |      - |      - |      - |      - |      - |      - |      - |      - |      - |      - |      - |      - |      - |      0 |      0 |      0 |      0 |      0 |      1 |      1 |      1 |      1 |      1 |      1 |      1 |      1 |      1 |      1 |    145 |
| SEQ_37                   |                      - |                      - |                      - |                      - |                      - |                      - |                      - |                      - |                      - |                      - |                      - |                      - |                      - |                      - |                      - |                      - |                      - |                      - |                      - |                      - |                      - |                      - |                      - |                      - |                      - |                      - |                      - |                      - |                      - |                      - |                      - |                      - |                      - |                      - |                      - |                      - |                      - |                      - |                      - |                      - |                      - |                      - |                      - |                      - |                      - |                      - |                      - |                      - |                      - |                      - |                       - |     - |     - |     - |     - |     - |     - |     - |     - |     - |      - |      - |      - |      - |      - |      - |      - |      - |      - |      - |      - |      - |      - |      - |      - |      - |      - |      - |      - |      - |      - |      - |      - |      - |      - |      - |      - |      - |      - |      - |      - |      - |      - |      - |      - |      - |      - |      - |      - |      - |      - |      - |      - |      - |     - |     - |     - |     - |     - |     - |     - |     - |     - |     - |      - |      - |      - |      - |      - |      - |      - |      - |      - |      - |      - |      - |      - |      - |      - |      - |      - |      - |      - |      - |      - |      - |      - |      - |      - |      - |      - |      0 |      0 |      0 |      0 |      1 |      1 |      1 |      1 |      1 |      1 |      1 |      1 |      1 |      1 |    145 |
| SEQ_38                   |                      - |                      - |                      - |                      - |                      - |                      - |                      - |                      - |                      - |                      - |                      - |                      - |                      - |                      - |                      - |                      - |                      - |                      - |                      - |                      - |                      - |                      - |                      - |                      - |                      - |                      - |                      - |                      - |                      - |                      - |                      - |                      - |                      - |                      - |                      - |                      - |                      - |                      - |                      - |                      - |                      - |                      - |                      - |                      - |                      - |                      - |                      - |                      - |                      - |                      - |                       - |     - |     - |     - |     - |     - |     - |     - |     - |     - |      - |      - |      - |      - |      - |      - |      - |      - |      - |      - |      - |      - |      - |      - |      - |      - |      - |      - |      - |      - |      - |      - |      - |      - |      - |      - |      - |      - |      - |      - |      - |      - |      - |      - |      - |      - |      - |      - |      - |      - |      - |      - |      - |      - |     - |     - |     - |     - |     - |     - |     - |     - |     - |     - |      - |      - |      - |      - |      - |      - |      - |      - |      - |      - |      - |      - |      - |      - |      - |      - |      - |      - |      - |      - |      - |      - |      - |      - |      - |      - |      - |      - |      0 |      0 |      0 |      1 |      1 |      1 |      1 |      1 |      1 |      1 |      1 |      1 |      1 |    145 |
| SEQ_39                   |                      - |                      - |                      - |                      - |                      - |                      - |                      - |                      - |                      - |                      - |                      - |                      - |                      - |                      - |                      - |                      - |                      - |                      - |                      - |                      - |                      - |                      - |                      - |                      - |                      - |                      - |                      - |                      - |                      - |                      - |                      - |                      - |                      - |                      - |                      - |                      - |                      - |                      - |                      - |                      - |                      - |                      - |                      - |                      - |                      - |                      - |                      - |                      - |                      - |                      - |                       - |     - |     - |     - |     - |     - |     - |     - |     - |     - |      - |      - |      - |      - |      - |      - |      - |      - |      - |      - |      - |      - |      - |      - |      - |      - |      - |      - |      - |      - |      - |      - |      - |      - |      - |      - |      - |      - |      - |      - |      - |      - |      - |      - |      - |      - |      - |      - |      - |      - |      - |      - |      - |      - |     - |     - |     - |     - |     - |     - |     - |     - |     - |     - |      - |      - |      - |      - |      - |      - |      - |      - |      - |      - |      - |      - |      - |      - |      - |      - |      - |      - |      - |      - |      - |      - |      - |      - |      - |      - |      - |      - |      - |      0 |      0 |      1 |      1 |      1 |      1 |      1 |      1 |      1 |      1 |      1 |      1 |    145 |
| SEQ_40                   |                      - |                      - |                      - |                      - |                      - |                      - |                      - |                      - |                      - |                      - |                      - |                      - |                      - |                      - |                      - |                      - |                      - |                      - |                      - |                      - |                      - |                      - |                      - |                      - |                      - |                      - |                      - |                      - |                      - |                      - |                      - |                      - |                      - |                      - |                      - |                      - |                      - |                      - |                      - |                      - |                      - |                      - |                      - |                      - |                      - |                      - |                      - |                      - |                      - |                      - |                       - |     - |     - |     - |     - |     - |     - |     - |     - |     - |      - |      - |      - |      - |      - |      - |      - |      - |      - |      - |      - |      - |      - |      - |      - |      - |      - |      - |      - |      - |      - |      - |      - |      - |      - |      - |      - |      - |      - |      - |      - |      - |      - |      - |      - |      - |      - |      - |      - |      - |      - |      - |      - |      - |     - |     - |     - |     - |     - |     - |     - |     - |     - |     - |      - |      - |      - |      - |      - |      - |      - |      - |      - |      - |      - |      - |      - |      - |      - |      - |      - |      - |      - |      - |      - |      - |      - |      - |      - |      - |      - |      - |      - |      - |      0 |      1 |      1 |      1 |      1 |      1 |      1 |      1 |      1 |      1 |      1 |    145 |
| SEQ_41                   |                      - |                      - |                      - |                      - |                      - |                      - |                      - |                      - |                      - |                      - |                      - |                      - |                      - |                      - |                      - |                      - |                      - |                      - |                      - |                      - |                      - |                      - |                      - |                      - |                      - |                      - |                      - |                      - |                      - |                      - |                      - |                      - |                      - |                      - |                      - |                      - |                      - |                      - |                      - |                      - |                      - |                      - |                      - |                      - |                      - |                      - |                      - |                      - |                      - |                      - |                       - |     - |     - |     - |     - |     - |     - |     - |     - |     - |      - |      - |      - |      - |      - |      - |      - |      - |      - |      - |      - |      - |      - |      - |      - |      - |      - |      - |      - |      - |      - |      - |      - |      - |      - |      - |      - |      - |      - |      - |      - |      - |      - |      - |      - |      - |      - |      - |      - |      - |      - |      - |      - |      - |     - |     - |     - |     - |     - |     - |     - |     - |     - |     - |      - |      - |      - |      - |      - |      - |      - |      - |      - |      - |      - |      - |      - |      - |      - |      - |      - |      - |      - |      - |      - |      - |      - |      - |      - |      - |      - |      - |      - |      - |      - |      0 |      0 |      0 |      0 |      0 |      0 |      0 |      0 |      0 |      0 |    145 |
| SEQ_42                   |                      - |                      - |                      - |                      - |                      - |                      - |                      - |                      - |                      - |                      - |                      - |                      - |                      - |                      - |                      - |                      - |                      - |                      - |                      - |                      - |                      - |                      - |                      - |                      - |                      - |                      - |                      - |                      - |                      - |                      - |                      - |                      - |                      - |                      - |                      - |                      - |                      - |                      - |                      - |                      - |                      - |                      - |                      - |                      - |                      - |                      - |                      - |                      - |                      - |                      - |                       - |     - |     - |     - |     - |     - |     - |     - |     - |     - |      - |      - |      - |      - |      - |      - |      - |      - |      - |      - |      - |      - |      - |      - |      - |      - |      - |      - |      - |      - |      - |      - |      - |      - |      - |      - |      - |      - |      - |      - |      - |      - |      - |      - |      - |      - |      - |      - |      - |      - |      - |      - |      - |      - |     - |     - |     - |     - |     - |     - |     - |     - |     - |     - |      - |      - |      - |      - |      - |      - |      - |      - |      - |      - |      - |      - |      - |      - |      - |      - |      - |      - |      - |      - |      - |      - |      - |      - |      - |      - |      - |      - |      - |      - |      - |      - |      0 |      0 |      0 |      0 |      0 |      0 |      0 |      0 |      0 |    145 |
| SEQ_43                   |                      - |                      - |                      - |                      - |                      - |                      - |                      - |                      - |                      - |                      - |                      - |                      - |                      - |                      - |                      - |                      - |                      - |                      - |                      - |                      - |                      - |                      - |                      - |                      - |                      - |                      - |                      - |                      - |                      - |                      - |                      - |                      - |                      - |                      - |                      - |                      - |                      - |                      - |                      - |                      - |                      - |                      - |                      - |                      - |                      - |                      - |                      - |                      - |                      - |                      - |                       - |     - |     - |     - |     - |     - |     - |     - |     - |     - |      - |      - |      - |      - |      - |      - |      - |      - |      - |      - |      - |      - |      - |      - |      - |      - |      - |      - |      - |      - |      - |      - |      - |      - |      - |      - |      - |      - |      - |      - |      - |      - |      - |      - |      - |      - |      - |      - |      - |      - |      - |      - |      - |      - |     - |     - |     - |     - |     - |     - |     - |     - |     - |     - |      - |      - |      - |      - |      - |      - |      - |      - |      - |      - |      - |      - |      - |      - |      - |      - |      - |      - |      - |      - |      - |      - |      - |      - |      - |      - |      - |      - |      - |      - |      - |      - |      - |      0 |      0 |      0 |      0 |      0 |      0 |      0 |      0 |    145 |
| SEQ_44                   |                      - |                      - |                      - |                      - |                      - |                      - |                      - |                      - |                      - |                      - |                      - |                      - |                      - |                      - |                      - |                      - |                      - |                      - |                      - |                      - |                      - |                      - |                      - |                      - |                      - |                      - |                      - |                      - |                      - |                      - |                      - |                      - |                      - |                      - |                      - |                      - |                      - |                      - |                      - |                      - |                      - |                      - |                      - |                      - |                      - |                      - |                      - |                      - |                      - |                      - |                       - |     - |     - |     - |     - |     - |     - |     - |     - |     - |      - |      - |      - |      - |      - |      - |      - |      - |      - |      - |      - |      - |      - |      - |      - |      - |      - |      - |      - |      - |      - |      - |      - |      - |      - |      - |      - |      - |      - |      - |      - |      - |      - |      - |      - |      - |      - |      - |      - |      - |      - |      - |      - |      - |     - |     - |     - |     - |     - |     - |     - |     - |     - |     - |      - |      - |      - |      - |      - |      - |      - |      - |      - |      - |      - |      - |      - |      - |      - |      - |      - |      - |      - |      - |      - |      - |      - |      - |      - |      - |      - |      - |      - |      - |      - |      - |      - |      - |      0 |      0 |      0 |      0 |      0 |      0 |      0 |    145 |
| SEQ_45                   |                      - |                      - |                      - |                      - |                      - |                      - |                      - |                      - |                      - |                      - |                      - |                      - |                      - |                      - |                      - |                      - |                      - |                      - |                      - |                      - |                      - |                      - |                      - |                      - |                      - |                      - |                      - |                      - |                      - |                      - |                      - |                      - |                      - |                      - |                      - |                      - |                      - |                      - |                      - |                      - |                      - |                      - |                      - |                      - |                      - |                      - |                      - |                      - |                      - |                      - |                       - |     - |     - |     - |     - |     - |     - |     - |     - |     - |      - |      - |      - |      - |      - |      - |      - |      - |      - |      - |      - |      - |      - |      - |      - |      - |      - |      - |      - |      - |      - |      - |      - |      - |      - |      - |      - |      - |      - |      - |      - |      - |      - |      - |      - |      - |      - |      - |      - |      - |      - |      - |      - |      - |     - |     - |     - |     - |     - |     - |     - |     - |     - |     - |      - |      - |      - |      - |      - |      - |      - |      - |      - |      - |      - |      - |      - |      - |      - |      - |      - |      - |      - |      - |      - |      - |      - |      - |      - |      - |      - |      - |      - |      - |      - |      - |      - |      - |      - |      0 |      0 |      0 |      0 |      0 |      0 |    145 |
| SEQ_46                   |                      - |                      - |                      - |                      - |                      - |                      - |                      - |                      - |                      - |                      - |                      - |                      - |                      - |                      - |                      - |                      - |                      - |                      - |                      - |                      - |                      - |                      - |                      - |                      - |                      - |                      - |                      - |                      - |                      - |                      - |                      - |                      - |                      - |                      - |                      - |                      - |                      - |                      - |                      - |                      - |                      - |                      - |                      - |                      - |                      - |                      - |                      - |                      - |                      - |                      - |                       - |     - |     - |     - |     - |     - |     - |     - |     - |     - |      - |      - |      - |      - |      - |      - |      - |      - |      - |      - |      - |      - |      - |      - |      - |      - |      - |      - |      - |      - |      - |      - |      - |      - |      - |      - |      - |      - |      - |      - |      - |      - |      - |      - |      - |      - |      - |      - |      - |      - |      - |      - |      - |      - |     - |     - |     - |     - |     - |     - |     - |     - |     - |     - |      - |      - |      - |      - |      - |      - |      - |      - |      - |      - |      - |      - |      - |      - |      - |      - |      - |      - |      - |      - |      - |      - |      - |      - |      - |      - |      - |      - |      - |      - |      - |      - |      - |      - |      - |      - |      0 |      0 |      0 |      0 |      0 |    145 |
| SEQ_47                   |                      - |                      - |                      - |                      - |                      - |                      - |                      - |                      - |                      - |                      - |                      - |                      - |                      - |                      - |                      - |                      - |                      - |                      - |                      - |                      - |                      - |                      - |                      - |                      - |                      - |                      - |                      - |                      - |                      - |                      - |                      - |                      - |                      - |                      - |                      - |                      - |                      - |                      - |                      - |                      - |                      - |                      - |                      - |                      - |                      - |                      - |                      - |                      - |                      - |                      - |                       - |     - |     - |     - |     - |     - |     - |     - |     - |     - |      - |      - |      - |      - |      - |      - |      - |      - |      - |      - |      - |      - |      - |      - |      - |      - |      - |      - |      - |      - |      - |      - |      - |      - |      - |      - |      - |      - |      - |      - |      - |      - |      - |      - |      - |      - |      - |      - |      - |      - |      - |      - |      - |      - |     - |     - |     - |     - |     - |     - |     - |     - |     - |     - |      - |      - |      - |      - |      - |      - |      - |      - |      - |      - |      - |      - |      - |      - |      - |      - |      - |      - |      - |      - |      - |      - |      - |      - |      - |      - |      - |      - |      - |      - |      - |      - |      - |      - |      - |      - |      - |      0 |      0 |      0 |      0 |    145 |
| SEQ_48                   |                      - |                      - |                      - |                      - |                      - |                      - |                      - |                      - |                      - |                      - |                      - |                      - |                      - |                      - |                      - |                      - |                      - |                      - |                      - |                      - |                      - |                      - |                      - |                      - |                      - |                      - |                      - |                      - |                      - |                      - |                      - |                      - |                      - |                      - |                      - |                      - |                      - |                      - |                      - |                      - |                      - |                      - |                      - |                      - |                      - |                      - |                      - |                      - |                      - |                      - |                       - |     - |     - |     - |     - |     - |     - |     - |     - |     - |      - |      - |      - |      - |      - |      - |      - |      - |      - |      - |      - |      - |      - |      - |      - |      - |      - |      - |      - |      - |      - |      - |      - |      - |      - |      - |      - |      - |      - |      - |      - |      - |      - |      - |      - |      - |      - |      - |      - |      - |      - |      - |      - |      - |     - |     - |     - |     - |     - |     - |     - |     - |     - |     - |      - |      - |      - |      - |      - |      - |      - |      - |      - |      - |      - |      - |      - |      - |      - |      - |      - |      - |      - |      - |      - |      - |      - |      - |      - |      - |      - |      - |      - |      - |      - |      - |      - |      - |      - |      - |      - |      - |      0 |      0 |      0 |    145 |
| SEQ_49                   |                      - |                      - |                      - |                      - |                      - |                      - |                      - |                      - |                      - |                      - |                      - |                      - |                      - |                      - |                      - |                      - |                      - |                      - |                      - |                      - |                      - |                      - |                      - |                      - |                      - |                      - |                      - |                      - |                      - |                      - |                      - |                      - |                      - |                      - |                      - |                      - |                      - |                      - |                      - |                      - |                      - |                      - |                      - |                      - |                      - |                      - |                      - |                      - |                      - |                      - |                       - |     - |     - |     - |     - |     - |     - |     - |     - |     - |      - |      - |      - |      - |      - |      - |      - |      - |      - |      - |      - |      - |      - |      - |      - |      - |      - |      - |      - |      - |      - |      - |      - |      - |      - |      - |      - |      - |      - |      - |      - |      - |      - |      - |      - |      - |      - |      - |      - |      - |      - |      - |      - |      - |     - |     - |     - |     - |     - |     - |     - |     - |     - |     - |      - |      - |      - |      - |      - |      - |      - |      - |      - |      - |      - |      - |      - |      - |      - |      - |      - |      - |      - |      - |      - |      - |      - |      - |      - |      - |      - |      - |      - |      - |      - |      - |      - |      - |      - |      - |      - |      - |      - |      0 |      0 |    145 |
| SEQ_50                   |                      - |                      - |                      - |                      - |                      - |                      - |                      - |                      - |                      - |                      - |                      - |                      - |                      - |                      - |                      - |                      - |                      - |                      - |                      - |                      - |                      - |                      - |                      - |                      - |                      - |                      - |                      - |                      - |                      - |                      - |                      - |                      - |                      - |                      - |                      - |                      - |                      - |                      - |                      - |                      - |                      - |                      - |                      - |                      - |                      - |                      - |                      - |                      - |                      - |                      - |                       - |     - |     - |     - |     - |     - |     - |     - |     - |     - |      - |      - |      - |      - |      - |      - |      - |      - |      - |      - |      - |      - |      - |      - |      - |      - |      - |      - |      - |      - |      - |      - |      - |      - |      - |      - |      - |      - |      - |      - |      - |      - |      - |      - |      - |      - |      - |      - |      - |      - |      - |      - |      - |      - |     - |     - |     - |     - |     - |     - |     - |     - |     - |     - |      - |      - |      - |      - |      - |      - |      - |      - |      - |      - |      - |      - |      - |      - |      - |      - |      - |      - |      - |      - |      - |      - |      - |      - |      - |      - |      - |      - |      - |      - |      - |      - |      - |      - |      - |      - |      - |      - |      - |      - |      0 |    145 |
| SEQ_51                   |                      - |                      - |                      - |                      - |                      - |                      - |                      - |                      - |                      - |                      - |                      - |                      - |                      - |                      - |                      - |                      - |                      - |                      - |                      - |                      - |                      - |                      - |                      - |                      - |                      - |                      - |                      - |                      - |                      - |                      - |                      - |                      - |                      - |                      - |                      - |                      - |                      - |                      - |                      - |                      - |                      - |                      - |                      - |                      - |                      - |                      - |                      - |                      - |                      - |                      - |                       - |     - |     - |     - |     - |     - |     - |     - |     - |     - |      - |      - |      - |      - |      - |      - |      - |      - |      - |      - |      - |      - |      - |      - |      - |      - |      - |      - |      - |      - |      - |      - |      - |      - |      - |      - |      - |      - |      - |      - |      - |      - |      - |      - |      - |      - |      - |      - |      - |      - |      - |      - |      - |      - |     - |     - |     - |     - |     - |     - |     - |     - |     - |     - |      - |      - |      - |      - |      - |      - |      - |      - |      - |      - |      - |      - |      - |      - |      - |      - |      - |      - |      - |      - |      - |      - |      - |      - |      - |      - |      - |      - |      - |      - |      - |      - |      - |      - |      - |      - |      - |      - |      - |      - |      - |      0 |


DCJ-indel distance comparisons as PHYLIP matrix:

156
simulated_
simulated_48 
simulated_49 21 
simulated_33 55 56 
simulated_28 50 51 17 
simulated_31 51 50 16 15 
simulated_47 17 18 54 49 50 
simulated_53 23 24 60 55 56 14 
simulated_24 48 49 25 22 25 47 53 
simulated_44 32 35 51 46 47 31 37 44 
simulated_59 49 50 66 61 62 44 52 61 37 
simulated_49 15 22 58 53 54 18 24 51 35 48 
simulated_51 39 40 56 51 52 36 42 47 27 28 40 
simulated_54 40 43 59 54 55 39 45 50 30 31 43 11 
simulated_55 45 46 64 59 60 40 48 57 33 14 44 24 27 
simulated_52 44 45 61 56 57 39 47 54 32 13 43 23 26 3 
simulated_50 14 23 57 52 53 19 23 50 36 51 11 41 44 47 46 
simulated_46 12 17 53 48 49 15 21 46 30 47 7 37 40 43 42 8 
simulated_48 12 19 55 50 51 15 21 48 32 47 7 37 40 43 42 8 4 
simulated_59 31 20 66 61 62 28 34 59 43 60 32 50 53 56 55 33 27 29 
simulated_57 29 18 64 59 60 26 32 57 41 58 30 48 51 54 53 31 25 27 14 
simulated_28 50 51 27 26 27 49 55 20 46 63 53 51 54 59 56 52 48 50 61 59 
simulated_24 46 47 25 22 23 45 51 10 42 59 49 47 50 55 52 48 44 46 57 55 20 
simulated_29 51 52 28 27 28 50 56 21 47 64 54 52 55 60 57 53 49 51 62 60 9 21 
simulated_27 49 50 26 25 26 48 54 19 45 62 52 50 53 58 55 51 47 49 60 58 7 19 6 
simulated_27 49 50 26 25 26 48 54 17 45 62 52 50 53 58 55 51 47 49 60 58 23 15 24 22 
simulated_24 46 47 23 22 23 45 51 14 42 59 49 47 50 55 52 46 44 46 57 55 20 12 21 19 9 
simulated_55 25 26 62 57 58 16 22 55 39 54 26 42 43 50 49 27 23 23 36 34 57 53 58 56 56 53 
simulated_53 23 24 60 55 56 14 20 53 37 52 24 42 43 48 47 25 21 21 34 32 55 51 56 54 54 51 8 
simulated_25 47 48 26 23 24 46 52 13 43 60 50 48 51 56 53 49 45 47 58 56 21 7 22 20 16 13 54 52 
simulated_25 47 48 26 23 24 46 52 13 43 60 50 48 51 56 53 49 45 47 58 56 21 7 22 20 16 13 52 50 6 
simulated_54 42 43 61 56 57 39 45 54 30 35 43 25 30 31 30 44 40 40 53 51 56 52 57 55 55 52 47 45 53 53 
simulated_51 21 22 58 53 54 12 18 51 35 50 22 40 43 46 45 23 19 19 32 30 53 49 54 52 52 49 20 18 50 50 43 
simulated_24 46 47 25 22 23 45 51 12 42 59 49 47 50 55 52 46 44 46 57 55 20 6 21 19 15 12 53 51 7 7 52 49 
simulated_58 44 47 65 60 61 43 49 58 34 39 47 29 34 35 34 46 44 44 57 55 60 56 61 59 59 56 51 49 57 57 6 47 56 
simulated_59 47 48 66 61 62 44 50 59 35 40 48 30 35 36 35 49 45 45 58 56 61 57 62 60 60 57 52 50 58 58 7 48 57 5 
simulated_44 30 31 51 46 47 27 33 44 4 35 31 25 30 31 30 32 26 28 41 39 46 42 47 45 45 42 35 33 43 43 28 31 42 32 33 
simulated_25 47 48 24 23 24 46 52 15 43 60 50 48 51 56 53 49 45 47 58 56 21 13 22 20 10 7 54 52 14 14 53 50 13 57 58 43 
simulated_47 15 22 56 51 52 18 24 49 33 50 14 40 43 46 45 15 11 11 32 30 51 47 52 50 50 47 26 24 48 48 43 22 47 47 48 29 48 
simulated_46 12 19 55 50 51 15 21 48 32 47 11 37 40 43 42 12 8 8 29 27 50 46 51 49 49 46 23 21 47 47 40 19 46 44 45 28 47 3 
simulated_24 46 47 23 22 23 45 51 14 42 59 49 47 50 55 52 48 44 46 57 55 20 12 21 19 9 6 53 51 13 13 52 49 12 56 57 42 1 47 46 
simulated_24 46 47 23 22 23 45 51 14 42 59 49 47 50 55 52 48 44 46 57 55 20 12 21 19 9 6 53 51 13 13 52 49 12 56 57 42 1 47 46 0 
simulated_48 34 35 55 50 51 31 37 48 8 39 35 29 34 35 34 36 30 32 45 43 50 46 51 49 49 46 39 37 47 47 32 35 46 36 37 4 47 33 32 46 46 
simulated_46 34 35 53 48 49 31 37 46 8 39 35 29 32 35 34 36 30 32 43 41 48 44 49 47 47 44 39 37 45 45 32 35 44 36 37 4 45 33 32 44 44 2 
simulated_29 51 52 16 13 14 50 56 23 47 62 54 52 55 60 57 53 49 51 62 60 25 21 26 24 24 21 58 56 22 22 57 54 21 61 62 47 22 52 51 21 21 51 49 
simulated_29 51 52 16 13 14 50 56 23 47 62 54 52 55 60 57 53 49 51 62 60 25 21 26 24 24 21 58 56 22 22 57 54 21 61 62 47 22 52 51 21 21 51 49 2 
simulated_50 20 21 57 52 53 11 17 50 34 49 21 39 42 45 44 22 18 18 31 29 52 48 53 51 51 48 19 17 49 49 42 9 48 46 47 30 49 21 18 48 48 34 34 53 53 
simulated_50 20 21 57 52 53 11 17 50 34 49 21 39 42 45 44 22 18 18 31 29 52 48 53 51 51 48 19 17 49 49 42 9 48 44 47 30 49 21 18 48 48 34 34 53 53 2 
simulated_22 44 45 23 20 21 43 49 10 40 57 47 45 48 53 50 46 42 44 55 53 18 4 19 17 13 10 51 49 5 5 50 47 4 54 55 40 11 45 44 10 10 44 42 19 19 46 46 
simulated_22 44 45 23 20 21 43 49 10 40 57 47 45 48 53 50 46 42 44 55 53 18 4 19 17 13 10 51 49 5 5 50 47 4 54 55 40 11 45 44 10 10 44 42 19 19 46 46 2 
simulated_22 44 45 23 20 21 43 49 10 40 57 47 45 48 53 50 46 42 44 55 53 18 4 19 17 13 10 51 49 5 5 50 47 4 54 55 40 11 45 44 10 10 44 42 19 19 46 46 2 2 
MST_1     22 30 31 29 24 26 29 35 22 26 43 33 33 36 39 36 32 28 30 41 39 24 20 25 23 23 20 37 35 21 20 36 33 20 40 41 26 21 31 30 20 20 30 28 25 25 32 32 18 18 18 
MST_2     113 113 119 120 121 119 118 118 113 115 117 112 113 116 116 118 115 111 113 123 119 114 113 120 116 118 114 124 124 112 111 116 120 114 117 117 116 115 111 109 114 114 116 115 122 122 118 117 112 112 111 109 
MST_3     210 200 200 203 203 200 200 201 205 202 200 202 199 198 197 196 198 200 200 198 201 206 204 199 204 206 206 198 196 203 202 193 198 202 195 194 202 201 200 200 202 202 199 200 199 199 197 198 203 204 204 214 200 
MST_4     143 137 132 139 138 134 133 139 135 132 129 131 134 132 126 124 132 129 131 132 133 135 133 134 134 137 133 127 127 133 131 123 133 134 121 122 131 130 133 131 129 129 133 132 128 128 130 129 131 132 132 146 150 98 
MST_5     103 93 92 96 92 92 89 95 92 89 90 87 92 91 87 85 90 85 88 98 98 94 89 95 91 94 91 95 95 91 91 90 91 89 94 95 86 92 93 91 91 91 88 87 92 92 90 89 88 88 88 102 140 142 54 
MST_6     72 62 66 66 61 62 59 65 61 64 69 58 62 63 67 65 60 56 57 75 74 71 59 72 70 64 61 67 65 61 61 72 63 60 76 77 62 62 61 59 61 61 64 64 62 62 62 62 58 58 58 71 123 169 88 42 
MST_7     67 52 56 55 52 51 49 55 54 60 67 52 57 61 65 63 53 48 49 64 63 63 50 64 62 54 51 57 55 51 51 62 53 50 66 67 58 52 51 49 51 51 60 59 51 51 52 52 48 48 48 62 116 175 96 50 18 
MST_8     63 46 50 57 55 52 43 49 50 56 61 45 51 56 59 58 46 42 42 59 57 59 46 60 58 54 51 51 49 47 46 56 47 46 60 61 53 52 45 42 51 51 57 56 54 54 46 46 44 44 44 56 112 180 105 60 26 10 
MST_9     57 43 45 53 51 50 36 42 44 49 56 42 44 49 52 51 43 39 39 54 52 53 42 54 52 47 44 44 42 43 43 49 40 42 53 54 46 45 42 39 44 44 50 49 50 50 39 39 40 40 40 52 115 185 109 64 30 15 9 
MST_10    50 38 38 47 44 44 36 42 39 43 52 37 40 45 48 47 38 32 34 47 45 45 38 46 44 39 36 44 42 39 39 45 40 38 49 50 40 37 37 34 36 36 44 43 44 44 39 39 36 36 36 45 112 191 116 71 35 23 17 9 
MST_11    47 35 35 44 42 42 33 39 37 40 53 35 41 46 49 48 35 30 32 44 42 43 35 44 42 36 33 41 39 36 36 46 37 35 49 51 37 34 35 32 33 33 41 40 42 42 36 35 33 33 33 42 112 193 120 73 40 28 22 14 5 
MST_12    47 34 36 45 41 41 32 38 37 38 51 36 39 44 47 46 36 32 33 45 43 43 35 44 42 38 35 40 38 36 36 44 36 35 47 49 36 36 36 33 35 35 40 39 41 41 35 34 33 33 33 42 111 192 119 73 42 29 23 17 9 5 
MST_13    46 34 36 44 40 40 32 38 36 38 53 36 41 44 49 48 36 32 33 45 43 42 34 43 41 37 34 40 38 35 35 46 36 34 49 51 35 35 34 33 34 34 39 38 40 40 35 34 32 32 32 41 112 191 119 73 42 30 25 19 11 7 2 
MST_14    41 29 31 40 37 36 27 33 31 36 53 31 41 44 49 48 31 27 28 40 38 37 29 38 36 32 29 35 33 30 30 46 31 29 49 51 33 30 29 28 29 29 37 36 36 36 30 29 27 27 27 36 115 193 120 76 46 34 29 22 15 10 8 6 
MST_15    38 27 29 37 34 33 25 31 30 34 53 29 41 44 49 48 29 24 26 37 35 34 28 35 33 31 28 33 31 29 29 46 29 28 49 51 32 29 27 26 28 28 36 34 33 33 28 27 26 26 26 34 115 195 123 78 48 37 32 25 18 13 12 10 4 
MST_16    37 26 28 36 33 32 24 30 31 33 52 28 40 43 48 47 28 23 25 36 34 33 29 34 32 32 29 32 30 30 30 45 28 29 48 50 31 30 26 25 29 29 35 33 32 32 27 26 27 27 27 33 114 196 124 79 49 38 33 26 19 14 13 11 5 1 
MST_17    38 25 27 37 34 33 23 29 32 35 52 27 40 43 48 47 27 24 24 37 35 34 30 35 33 33 30 31 29 31 31 45 27 30 48 50 32 31 27 24 30 30 36 35 33 33 26 25 28 28 28 33 113 195 123 78 48 38 33 26 19 14 13 12 6 3 2 
MST_18    38 23 25 37 34 33 21 27 32 36 51 25 39 42 47 46 25 22 22 35 33 34 30 35 33 33 30 29 27 31 31 44 25 30 47 49 32 31 25 22 30 30 36 36 33 33 24 24 28 28 28 33 114 195 123 79 49 38 32 25 18 13 13 13 7 5 4 3 
MST_19    33 29 31 32 29 28 27 32 27 32 47 31 35 38 43 42 30 28 28 41 39 29 25 30 28 28 25 35 33 26 26 40 31 25 43 45 28 26 30 27 25 25 32 32 28 28 30 30 23 23 23 27 118 200 127 83 53 43 38 31 24 19 19 19 13 11 10 9 6 
MST_20    30 29 30 31 28 27 26 32 24 31 46 30 34 37 42 41 30 27 27 40 38 26 22 27 25 25 22 34 32 23 23 39 30 22 43 44 27 23 30 27 22 22 31 31 27 27 29 29 20 20 20 24 117 202 129 85 54 43 39 32 25 22 20 20 16 14 13 12 10 4 
MST_21    30 28 29 31 28 27 25 31 24 30 45 29 33 36 41 40 30 26 26 39 37 26 22 27 25 25 22 33 31 23 23 38 29 22 42 43 26 23 29 26 22 22 30 30 27 27 28 28 20 20 20 25 116 201 129 85 54 44 38 31 24 21 19 19 15 13 12 11 9 5 1 
MST_22    29 29 30 30 27 26 26 32 23 29 44 30 32 35 40 39 31 27 27 40 38 25 21 26 24 24 21 34 32 22 22 37 30 21 41 42 25 22 30 27 21 21 29 29 26 26 29 29 19 19 19 24 115 201 129 84 55 45 39 32 25 22 20 20 16 14 13 12 10 6 2 1 
MST_23    29 29 30 30 27 26 26 32 23 29 44 30 32 35 40 39 31 27 27 40 38 25 21 26 24 24 21 34 32 22 22 37 30 21 41 42 25 22 30 27 21 21 29 29 26 26 29 29 19 19 19 24 115 201 129 84 55 45 39 32 25 22 20 20 16 14 13 12 10 6 2 1 0 
MST_24    31 23 24 36 31 32 20 26 29 23 36 24 24 27 32 31 25 21 21 34 32 31 27 32 30 30 27 28 26 28 28 29 24 27 33 34 19 28 24 21 27 27 23 23 32 32 23 23 25 25 25 19 116 206 135 91 61 51 46 38 33 31 29 29 25 23 22 21 19 15 12 11 10 10 
MST_25    32 18 19 39 34 35 15 21 32 18 31 19 21 24 27 26 20 16 16 29 27 34 30 35 33 33 30 23 21 31 31 24 19 30 28 29 14 31 19 16 30 30 18 18 35 35 18 18 28 28 28 14 113 211 140 95 65 56 50 43 37 34 33 33 28 26 25 24 22 18 15 14 13 13 5 
MST_26    32 18 19 39 34 35 15 21 32 18 31 19 21 24 27 26 20 16 16 29 27 34 30 35 33 33 30 23 21 31 31 24 19 30 28 29 14 31 19 16 30 30 18 18 35 35 18 18 28 28 28 14 113 211 140 95 65 56 50 43 37 34 33 33 28 26 25 24 22 18 15 14 13 13 5 0 
MST_27    32 18 19 39 34 35 15 21 32 18 31 19 21 24 27 26 20 16 16 29 27 34 30 35 33 33 30 23 21 31 31 24 19 30 28 29 14 31 19 16 30 30 18 18 35 35 18 18 28 28 28 14 113 211 140 95 65 56 50 43 37 34 33 33 28 26 25 24 22 18 15 14 13 13 5 0 0 
MST_28    32 18 19 39 34 35 15 21 32 18 31 19 21 24 27 26 20 16 16 29 27 34 30 35 33 33 30 23 21 31 31 24 19 30 28 29 14 31 19 16 30 30 18 18 35 35 18 18 28 28 28 14 113 211 140 95 65 56 50 43 37 34 33 33 28 26 25 24 22 18 15 14 13 13 5 0 0 0 
MST_29    32 18 19 39 34 35 15 21 32 18 31 19 21 24 27 26 20 16 16 29 27 34 30 35 33 33 30 23 21 31 31 24 19 30 28 29 14 31 19 16 30 30 18 18 35 35 18 18 28 28 28 14 113 211 140 95 65 56 50 43 37 34 33 33 28 26 25 24 22 18 15 14 13 13 5 0 0 0 0 
MST_30    32 18 19 39 34 35 15 21 32 18 31 19 21 24 27 26 20 16 16 29 27 34 30 35 33 33 30 23 21 31 31 24 19 30 28 29 14 31 19 16 30 30 18 18 35 35 18 18 28 28 28 14 113 211 140 95 65 56 50 43 37 34 33 33 28 26 25 24 22 18 15 14 13 13 5 0 0 0 0 0 
MST_31    29 24 24 36 31 32 21 27 29 21 37 25 27 28 33 30 26 22 22 33 31 31 27 32 30 30 27 29 27 28 28 30 25 27 34 35 20 28 25 22 27 27 24 23 32 32 24 24 25 25 25 9 115 213 141 97 66 57 52 46 40 37 36 36 31 30 29 29 28 22 19 20 19 19 11 6 6 6 6 6 6 
MST_32    22 28 29 29 24 27 27 33 22 24 41 31 31 34 37 34 30 26 28 39 37 24 20 25 23 23 20 35 33 21 21 34 31 20 38 39 24 21 29 28 20 20 28 26 25 25 30 30 18 18 18 2 111 215 146 102 71 62 58 52 45 42 42 41 36 34 33 33 33 27 24 25 24 24 17 12 12 12 12 12 12 7 
MST_33    22 28 29 29 24 27 27 33 22 24 41 31 31 34 37 34 30 26 28 39 37 24 20 25 23 23 20 35 33 21 21 34 31 20 38 39 24 21 29 28 20 20 28 26 25 25 30 30 18 18 18 2 111 215 146 102 71 62 58 52 45 42 42 41 36 34 33 33 33 27 24 25 24 24 17 12 12 12 12 12 12 7 0 
MST_34    22 28 29 29 24 27 27 33 22 24 41 31 31 34 37 34 30 26 28 39 37 24 20 25 23 23 20 35 33 21 21 34 31 20 38 39 24 21 29 28 20 20 28 26 25 25 30 30 18 18 18 2 111 215 146 102 71 62 58 52 45 42 42 41 36 34 33 33 33 27 24 25 24 24 17 12 12 12 12 12 12 7 0 0 
MST_35    22 28 29 29 24 27 27 33 22 24 41 31 31 34 37 34 30 26 28 39 37 24 20 25 23 23 20 35 33 21 21 34 31 20 38 39 24 21 29 28 20 20 28 26 25 25 30 30 18 18 18 2 111 215 146 102 71 62 58 52 45 42 42 41 36 34 33 33 33 27 24 25 24 24 17 12 12 12 12 12 12 7 0 0 0 
MST_36    22 28 29 29 24 27 27 33 22 24 41 31 31 34 37 34 30 26 28 39 37 24 20 25 23 23 20 35 33 21 21 34 31 20 38 39 24 21 29 28 20 20 28 26 25 25 30 30 18 18 18 2 111 215 146 102 71 62 58 52 45 42 42 41 36 34 33 33 33 27 24 25 24 24 17 12 12 12 12 12 12 7 0 0 0 0 
MST_37    22 28 29 29 24 27 27 33 22 24 41 31 31 34 37 34 30 26 28 39 37 24 20 25 23 23 20 35 33 21 21 34 31 20 38 39 24 21 29 28 20 20 28 26 25 25 30 30 18 18 18 2 111 215 146 102 71 62 58 52 45 42 42 41 36 34 33 33 33 27 24 25 24 24 17 12 12 12 12 12 12 7 0 0 0 0 0 
MST_38    22 28 29 29 24 27 27 33 22 24 41 31 31 34 37 34 30 26 28 39 37 24 20 25 23 23 20 35 33 21 21 34 31 20 38 39 24 21 29 28 20 20 28 26 25 25 30 30 18 18 18 2 111 215 146 102 71 62 58 52 45 42 42 41 36 34 33 33 33 27 24 25 24 24 17 12 12 12 12 12 12 7 0 0 0 0 0 0 
MST_39    22 28 29 29 24 27 27 33 22 24 41 31 31 34 37 34 30 26 28 39 37 24 20 25 23 23 20 35 33 21 21 34 31 20 38 39 24 21 29 28 20 20 28 26 25 25 30 30 18 18 18 2 111 215 146 102 71 62 58 52 45 42 42 41 36 34 33 33 33 27 24 25 24 24 17 12 12 12 12 12 12 7 0 0 0 0 0 0 0 
MST_40    22 28 29 29 24 27 27 33 22 24 41 31 31 34 37 34 30 26 28 39 37 24 20 25 23 23 20 35 33 21 21 34 31 20 38 39 24 21 29 28 20 20 28 26 25 25 30 30 18 18 18 2 111 215 146 102 71 62 58 52 45 42 42 41 36 34 33 33 33 27 24 25 24 24 17 12 12 12 12 12 12 7 0 0 0 0 0 0 0 0 
MST_41    22 28 29 29 24 27 27 33 22 24 41 31 31 34 37 34 30 26 28 39 37 24 20 25 23 23 20 35 33 21 21 34 31 20 38 39 24 21 29 28 20 20 28 26 25 25 30 30 18 18 18 2 111 215 146 102 71 62 58 52 45 42 42 41 36 34 33 33 33 27 24 25 24 24 17 12 12 12 12 12 12 7 0 0 0 0 0 0 0 0 0 
MST_42    21 27 28 28 23 26 26 32 21 23 40 30 30 33 36 33 29 25 27 38 36 23 19 24 22 22 19 34 32 20 20 33 30 19 37 38 23 20 28 27 19 19 27 25 24 24 29 29 17 17 17 3 111 215 146 102 71 62 58 52 45 42 42 41 36 33 32 33 33 28 25 25 24 24 16 11 11 11 11 11 11 8 1 1 1 1 1 1 1 1 1 1 
MST_43    21 27 28 28 23 26 26 32 21 23 40 30 30 33 36 33 29 25 27 38 36 23 19 24 22 22 19 34 32 20 20 33 30 19 37 38 23 20 28 27 19 19 27 25 24 24 29 29 17 17 17 3 111 215 146 102 71 62 58 52 45 42 42 41 36 33 32 33 33 28 25 25 24 24 16 11 11 11 11 11 11 8 1 1 1 1 1 1 1 1 1 1 0 
MST_44    21 27 28 28 23 26 26 32 21 23 40 30 30 33 36 33 29 25 27 38 36 23 19 24 22 22 19 34 32 20 20 33 30 19 37 38 23 20 28 27 19 19 27 25 24 24 29 29 17 17 17 3 111 215 146 102 71 62 58 52 45 42 42 41 36 33 32 33 33 28 25 25 24 24 16 11 11 11 11 11 11 8 1 1 1 1 1 1 1 1 1 1 0 0 
MST_45    21 27 28 28 23 26 26 32 21 23 40 30 30 33 36 33 29 25 27 38 36 23 19 24 22 22 19 34 32 20 20 33 30 19 37 38 23 20 28 27 19 19 27 25 24 24 29 29 17 17 17 3 111 215 146 102 71 62 58 52 45 42 42 41 36 33 32 33 33 28 25 25 24 24 16 11 11 11 11 11 11 8 1 1 1 1 1 1 1 1 1 1 0 0 0 
MST_46    21 27 28 28 23 26 26 32 21 23 40 30 30 33 36 33 29 25 27 38 36 23 19 24 22 22 19 34 32 20 20 33 30 19 37 38 23 20 28 27 19 19 27 25 24 24 29 29 17 17 17 3 111 215 146 102 71 62 58 52 45 42 42 41 36 33 32 33 33 28 25 25 24 24 16 11 11 11 11 11 11 8 1 1 1 1 1 1 1 1 1 1 0 0 0 0 
MST_47    21 27 28 28 23 26 26 32 21 23 40 30 30 33 36 33 29 25 27 38 36 23 19 24 22 22 19 34 32 20 20 33 30 19 37 38 23 20 28 27 19 19 27 25 24 24 29 29 17 17 17 3 111 215 146 102 71 62 58 52 45 42 42 41 36 33 32 33 33 28 25 25 24 24 16 11 11 11 11 11 11 8 1 1 1 1 1 1 1 1 1 1 0 0 0 0 0 
MST_48    21 27 28 28 23 26 26 32 21 23 40 30 30 33 36 33 29 25 27 38 36 23 19 24 22 22 19 34 32 20 20 33 30 19 37 38 23 20 28 27 19 19 27 25 24 24 29 29 17 17 17 3 111 215 146 102 71 62 58 52 45 42 42 41 36 33 32 33 33 28 25 25 24 24 16 11 11 11 11 11 11 8 1 1 1 1 1 1 1 1 1 1 0 0 0 0 0 0 
MST_49    21 27 28 28 23 26 26 32 21 23 40 30 30 33 36 33 29 25 27 38 36 23 19 24 22 22 19 34 32 20 20 33 30 19 37 38 23 20 28 27 19 19 27 25 24 24 29 29 17 17 17 3 111 215 146 102 71 62 58 52 45 42 42 41 36 33 32 33 33 28 25 25 24 24 16 11 11 11 11 11 11 8 1 1 1 1 1 1 1 1 1 1 0 0 0 0 0 0 0 
MST_50    21 27 28 28 23 26 26 32 21 23 40 30 30 33 36 33 29 25 27 38 36 23 19 24 22 22 19 34 32 20 20 33 30 19 37 38 23 20 28 27 19 19 27 25 24 24 29 29 17 17 17 3 111 215 146 102 71 62 58 52 45 42 42 41 36 33 32 33 33 28 25 25 24 24 16 11 11 11 11 11 11 8 1 1 1 1 1 1 1 1 1 1 0 0 0 0 0 0 0 0 
MST_51    21 27 28 28 23 26 26 32 21 23 40 30 30 33 36 33 29 25 27 38 36 23 19 24 22 22 19 34 32 20 20 33 30 19 37 38 23 20 28 27 19 19 27 25 24 24 29 29 17 17 17 3 111 215 146 102 71 62 58 52 45 42 42 41 36 33 32 33 33 28 25 25 24 24 16 11 11 11 11 11 11 8 1 1 1 1 1 1 1 1 1 1 0 0 0 0 0 0 0 0 0 
MST_52    116 115 113 119 117 120 112 114 114 112 122 115 114 114 118 117 117 115 115 117 117 117 117 116 117 116 116 115 116 117 116 120 116 118 121 123 114 114 114 115 114 114 114 115 120 120 115 114 117 117 117 119 154 191 165 141 132 126 125 121 117 116 119 118 117 115 114 113 116 116 116 116 116 116 118 119 119 119 119 119 119 119 119 119 119 119 119 119 119 119 119 119 120 120 120 120 120 120 120 120 120 120 
MST_53    114 118 116 118 117 117 118 118 117 116 117 113 119 118 116 116 115 116 116 117 119 116 117 117 117 112 115 119 121 115 116 119 118 114 120 123 117 116 114 115 116 116 116 116 117 117 119 118 116 114 115 119 151 191 168 141 131 130 125 124 120 118 118 120 119 117 116 115 115 113 114 115 115 115 119 119 119 119 119 119 119 118 119 119 119 119 119 119 119 119 119 119 119 119 119 119 119 119 119 119 119 119 103 
SEQ_0     235 234 233 231 234 231 235 232 238 235 229 233 235 233 232 233 234 235 235 228 227 236 239 235 237 237 236 227 228 234 235 229 232 238 226 224 237 235 235 236 236 236 234 235 232 232 233 234 238 238 237 250 153 75 134 177 207 211 217 221 226 228 227 226 227 229 230 230 229 234 236 236 236 236 241 246 246 246 246 246 246 249 252 252 252 252 252 252 252 252 252 252 251 251 251 251 251 251 251 251 251 251 215 216 
SEQ_1     154 147 142 150 148 143 143 149 146 143 140 141 142 139 134 133 140 139 141 139 140 145 144 142 142 149 145 137 137 145 142 133 144 144 131 132 141 142 143 140 141 141 139 138 138 138 138 137 143 144 144 156 144 87 23 69 100 109 117 123 129 131 131 131 131 132 133 133 131 135 138 139 139 139 146 150 150 150 150 150 150 151 157 157 157 157 157 157 157 157 157 157 157 157 157 157 157 157 157 157 157 157 172 169 124 
SEQ_2     118 110 107 114 110 110 106 112 109 105 102 104 109 107 99 97 107 102 104 113 113 107 105 108 106 111 108 110 110 108 106 95 106 107 99 100 104 103 106 104 102 102 106 105 110 110 105 104 104 105 105 119 126 123 33 25 61 70 79 84 90 93 92 92 93 96 97 96 96 100 102 102 102 102 110 113 113 113 113 113 113 114 119 119 119 119 119 119 119 119 119 119 119 119 119 119 119 119 119 119 119 119 151 154 159 48 
SEQ_3     81 70 75 74 70 70 66 72 70 67 76 64 72 73 74 72 67 62 65 81 80 79 67 80 78 72 69 76 74 69 69 83 70 67 87 88 65 70 70 68 69 69 67 66 70 70 69 68 66 66 66 80 118 157 74 30 17 27 37 40 46 50 50 50 53 55 56 55 56 59 61 62 63 63 69 74 74 74 74 74 74 75 80 80 80 80 80 80 80 80 80 80 80 80 80 80 80 80 80 80 80 80 131 129 195 90 49 
SEQ_4     70 55 60 58 55 54 53 59 56 62 67 56 56 59 65 63 55 52 53 68 67 66 52 67 65 57 54 61 59 54 54 66 57 53 70 71 60 55 55 53 54 54 62 62 54 54 56 56 51 51 51 65 115 172 94 48 13 8 17 22 30 34 35 35 39 41 42 41 42 46 47 47 48 48 54 59 59 59 59 59 59 60 65 65 65 65 65 65 65 65 65 65 65 65 65 65 65 65 65 65 65 65 126 130 210 108 68 24 
SEQ_5     62 47 51 56 54 52 44 50 49 56 62 46 52 57 60 59 47 43 43 60 58 58 45 59 57 52 49 52 50 46 45 57 48 45 61 62 53 50 44 43 49 49 57 56 53 53 47 47 43 43 43 55 113 179 105 60 25 10 4 9 18 23 26 27 30 32 33 33 33 39 40 39 40 40 46 51 51 51 51 51 51 53 57 57 57 57 57 57 57 57 57 57 57 57 57 57 57 57 57 57 57 57 125 128 216 117 79 36 16 
SEQ_6     61 44 50 56 55 53 41 47 47 54 61 43 49 54 57 55 44 40 40 59 57 56 44 57 55 52 49 49 47 45 44 54 45 44 58 59 51 50 43 40 49 49 55 54 54 54 44 44 42 42 42 54 110 180 106 61 28 12 5 6 15 20 21 23 27 30 31 31 30 35 35 36 37 37 43 48 48 48 48 48 48 50 56 56 56 56 56 56 56 56 56 56 56 56 56 56 56 56 56 56 56 56 124 124 216 119 81 38 19 7 
SEQ_7     52 40 40 47 44 43 38 44 38 45 52 39 40 45 48 47 40 34 36 49 47 46 38 47 45 41 38 46 44 39 39 45 42 38 49 50 42 39 39 36 38 38 46 45 43 43 41 41 36 36 36 47 112 190 115 69 35 21 15 7 5 9 13 15 17 20 21 21 20 26 27 26 27 27 35 39 39 39 39 39 39 42 47 47 47 47 47 47 47 47 47 47 47 47 47 47 47 47 47 47 47 47 119 122 225 128 88 46 28 16 13 
SEQ_8     48 36 36 45 43 43 34 40 38 41 52 35 40 45 48 47 36 30 32 45 43 44 36 45 43 37 34 42 40 37 37 45 38 36 49 50 38 35 35 32 34 34 42 41 43 43 37 37 34 34 34 43 112 193 118 72 37 25 19 11 2 3 8 10 13 16 17 17 16 22 23 22 23 23 32 35 35 35 35 35 35 38 43 43 43 43 43 43 43 43 43 43 43 43 43 43 43 43 43 43 43 43 116 118 228 131 91 48 32 20 17 6 
SEQ_9     47 35 35 44 42 42 33 39 37 39 52 35 40 45 48 47 35 30 32 44 42 43 35 44 42 36 33 41 39 36 36 45 37 35 48 50 37 34 35 32 33 33 41 40 42 42 36 35 33 33 33 42 112 193 120 74 41 29 23 15 6 1 4 6 9 13 14 14 14 20 22 21 22 22 31 34 34 34 34 34 34 37 42 42 42 42 42 42 42 42 42 42 42 42 42 42 42 42 42 42 42 42 117 119 227 132 93 51 35 24 21 10 4 
SEQ_10    47 34 36 45 41 41 32 38 37 38 51 36 39 44 47 46 36 32 33 45 43 43 35 44 42 38 35 40 38 36 36 44 36 35 47 49 36 36 36 33 35 35 40 39 41 41 35 34 33 33 33 42 111 192 119 73 42 29 23 17 9 5 0 2 8 12 13 13 13 19 20 19 20 20 29 33 33 33 33 33 33 36 42 42 42 42 42 42 42 42 42 42 42 42 42 42 42 42 42 42 42 42 119 118 227 131 92 50 35 26 21 13 8 4 
SEQ_11    44 32 34 43 40 39 30 36 34 34 51 34 39 42 47 46 34 29 31 43 41 40 32 41 39 35 32 38 36 33 33 44 34 32 47 49 31 33 32 31 32 32 35 34 39 39 33 32 30 30 30 39 112 192 119 75 43 31 26 19 12 7 6 4 4 6 7 8 10 16 19 18 19 19 28 31 31 31 31 31 31 34 39 39 39 39 39 39 39 39 39 39 39 39 39 39 39 39 39 39 39 39 117 120 227 130 92 52 36 27 24 14 10 7 6 
SEQ_12    39 28 30 38 35 34 26 32 29 35 54 30 42 45 50 49 30 25 27 38 36 35 27 36 34 30 27 34 32 28 28 47 30 27 50 52 33 28 28 27 27 27 37 35 34 34 29 28 25 25 25 35 115 195 122 77 47 36 31 24 17 12 11 9 3 1 2 4 6 12 15 14 15 15 24 27 27 27 27 27 27 31 35 35 35 35 35 35 35 35 35 35 34 34 34 34 34 34 34 34 34 34 116 118 229 132 95 54 40 31 29 19 15 12 11 5 
SEQ_13    37 26 28 36 33 32 24 30 31 33 52 28 40 43 48 47 28 23 25 36 34 33 29 34 32 32 29 32 30 30 30 45 28 29 48 50 31 30 26 25 29 29 35 33 32 32 27 26 27 27 27 33 114 196 124 79 49 38 33 26 19 14 13 11 5 1 0 2 4 10 13 12 13 13 22 25 25 25 25 25 25 29 33 33 33 33 33 33 33 33 33 33 32 32 32 32 32 32 32 32 32 32 114 116 230 133 97 56 42 33 31 21 17 14 13 7 2 
SEQ_14    37 26 28 36 33 32 24 30 31 33 52 28 40 43 48 47 28 23 25 36 34 33 29 34 32 32 29 32 30 30 30 45 28 29 48 50 31 30 26 25 29 29 35 33 32 32 27 26 27 27 27 33 114 196 124 79 49 38 33 26 19 14 13 11 5 1 0 2 4 10 13 12 13 13 22 25 25 25 25 25 25 29 33 33 33 33 33 33 33 33 33 33 32 32 32 32 32 32 32 32 32 32 114 116 230 133 97 56 42 33 31 21 17 14 13 7 2 0 
SEQ_15    37 24 26 38 35 34 22 28 31 35 50 26 38 41 46 45 26 23 23 36 34 33 29 34 32 32 29 30 28 30 30 43 26 29 46 48 33 30 26 23 29 29 37 35 34 34 25 24 27 27 27 33 114 196 124 79 49 38 32 25 18 13 11 11 5 3 2 2 2 8 11 10 11 11 20 23 23 23 23 23 23 28 33 33 33 33 33 33 33 33 33 33 32 32 32 32 32 32 32 32 32 32 115 116 230 132 97 56 42 33 30 20 16 12 11 9 4 2 2 
SEQ_16    38 23 25 37 34 33 21 27 32 36 51 25 39 42 47 46 25 22 22 35 33 34 30 35 33 33 30 29 27 31 31 44 25 30 47 49 32 31 25 22 30 30 36 36 33 33 24 24 28 28 28 33 114 195 123 79 49 38 32 25 18 13 13 13 7 5 4 3 0 6 10 9 10 10 19 22 22 22 22 22 22 28 33 33 33 33 33 33 33 33 33 33 33 33 33 33 33 33 33 33 33 33 116 115 229 131 96 56 42 33 30 20 16 14 13 10 6 4 4 2 
SEQ_17    31 28 31 32 29 28 27 32 25 32 47 31 35 38 43 42 30 28 28 41 39 27 23 28 26 26 23 35 33 24 24 40 31 23 42 45 28 24 30 27 23 23 32 32 28 28 30 30 21 21 21 25 117 202 129 85 55 44 40 33 26 21 20 20 15 13 12 11 9 3 2 3 4 4 13 16 16 16 16 16 16 20 25 25 25 25 25 25 25 25 25 25 26 26 26 26 26 26 26 26 26 26 116 114 236 138 102 61 48 41 36 28 24 21 20 18 14 12 12 10 9 
SEQ_18    30 28 29 31 28 27 25 31 24 30 45 29 33 36 41 40 30 26 26 39 37 26 22 27 25 25 22 33 31 23 23 38 29 22 42 43 26 23 29 26 22 22 30 30 27 27 28 28 20 20 20 25 116 201 129 85 54 44 38 31 24 21 19 19 15 13 12 11 9 5 1 0 1 1 11 14 14 14 14 14 14 20 25 25 25 25 25 25 25 25 25 25 25 25 25 25 25 25 25 25 25 25 116 115 236 139 102 62 47 39 36 26 22 21 19 18 14 12 12 10 9 3 
SEQ_19    29 29 30 30 27 26 26 32 23 29 44 30 32 35 40 39 31 27 27 40 38 25 21 26 24 24 21 34 32 22 22 37 30 21 41 42 25 22 30 27 21 21 29 29 26 26 29 29 19 19 19 24 115 201 129 84 55 45 39 32 25 22 20 20 16 14 13 12 10 6 2 1 0 0 10 13 13 13 13 13 13 19 24 24 24 24 24 24 24 24 24 24 24 24 24 24 24 24 24 24 24 24 116 115 236 139 102 63 48 40 37 27 23 22 20 19 15 13 13 11 10 4 1 
SEQ_20    29 29 30 30 27 26 26 32 23 29 44 30 32 35 40 39 31 27 27 40 38 25 21 26 24 24 21 34 32 22 22 37 30 21 41 42 25 22 30 27 21 21 29 29 26 26 29 29 19 19 19 24 115 201 129 84 55 45 39 32 25 22 20 20 16 14 13 12 10 6 2 1 0 0 10 13 13 13 13 13 13 19 24 24 24 24 24 24 24 24 24 24 24 24 24 24 24 24 24 24 24 24 116 115 236 139 102 63 48 40 37 27 23 22 20 19 15 13 13 11 10 4 1 0 
SEQ_21    25 27 28 30 27 26 24 30 23 27 40 28 28 31 36 35 29 25 25 38 36 25 21 26 24 24 21 32 30 22 22 33 28 21 37 38 23 22 28 25 21 21 27 27 26 26 27 27 19 19 19 21 112 204 132 87 58 48 42 35 28 25 24 24 19 17 16 15 13 9 6 5 4 4 6 9 9 9 9 9 9 15 21 21 21 21 21 21 21 21 21 21 20 20 20 20 20 20 20 20 20 20 118 116 238 142 105 66 51 43 40 30 26 25 24 22 18 16 16 14 13 7 5 4 4 
SEQ_22    33 19 20 38 33 34 16 22 31 19 32 20 20 23 28 27 21 17 17 30 28 33 29 34 32 32 29 24 22 30 30 25 20 29 29 30 15 30 20 17 29 29 19 19 34 34 19 19 27 27 27 15 112 210 139 94 64 55 49 42 36 33 32 32 27 25 24 23 21 17 14 13 12 12 4 1 1 1 1 1 1 7 13 13 13 13 13 13 13 13 13 13 12 12 12 12 12 12 12 12 12 12 118 119 245 149 112 73 58 50 47 38 34 33 32 30 26 24 24 22 21 15 13 12 12 8 
SEQ_23    32 18 19 39 34 35 15 21 32 18 31 19 21 24 27 26 20 16 16 29 27 34 30 35 33 33 30 23 21 31 31 24 19 30 28 29 14 31 19 16 30 30 18 18 35 35 18 18 28 28 28 14 113 211 140 95 65 56 50 43 37 34 33 33 28 26 25 24 22 18 15 14 13 13 5 0 0 0 0 0 0 6 12 12 12 12 12 12 12 12 12 12 11 11 11 11 11 11 11 11 11 11 119 119 246 150 113 74 59 51 48 39 35 34 33 31 27 25 25 23 22 16 14 13 13 9 1 
SEQ_24    32 18 19 39 34 35 15 21 32 18 31 19 21 24 27 26 20 16 16 29 27 34 30 35 33 33 30 23 21 31 31 24 19 30 28 29 14 31 19 16 30 30 18 18 35 35 18 18 28 28 28 14 113 211 140 95 65 56 50 43 37 34 33 33 28 26 25 24 22 18 15 14 13 13 5 0 0 0 0 0 0 6 12 12 12 12 12 12 12 12 12 12 11 11 11 11 11 11 11 11 11 11 119 119 246 150 113 74 59 51 48 39 35 34 33 31 27 25 25 23 22 16 14 13 13 9 1 0 
SEQ_25    32 18 19 39 34 35 15 21 32 18 31 19 21 24 27 26 20 16 16 29 27 34 30 35 33 33 30 23 21 31 31 24 19 30 28 29 14 31 19 16 30 30 18 18 35 35 18 18 28 28 28 14 113 211 140 95 65 56 50 43 37 34 33 33 28 26 25 24 22 18 15 14 13 13 5 0 0 0 0 0 0 6 12 12 12 12 12 12 12 12 12 12 11 11 11 11 11 11 11 11 11 11 119 119 246 150 113 74 59 51 48 39 35 34 33 31 27 25 25 23 22 16 14 13 13 9 1 0 0 
SEQ_26    32 18 19 39 34 35 15 21 32 18 31 19 21 24 27 26 20 16 16 29 27 34 30 35 33 33 30 23 21 31 31 24 19 30 28 29 14 31 19 16 30 30 18 18 35 35 18 18 28 28 28 14 113 211 140 95 65 56 50 43 37 34 33 33 28 26 25 24 22 18 15 14 13 13 5 0 0 0 0 0 0 6 12 12 12 12 12 12 12 12 12 12 11 11 11 11 11 11 11 11 11 11 119 119 246 150 113 74 59 51 48 39 35 34 33 31 27 25 25 23 22 16 14 13 13 9 1 0 0 0 
SEQ_27    32 18 19 39 34 35 15 21 32 18 31 19 21 24 27 26 20 16 16 29 27 34 30 35 33 33 30 23 21 31 31 24 19 30 28 29 14 31 19 16 30 30 18 18 35 35 18 18 28 28 28 14 113 211 140 95 65 56 50 43 37 34 33 33 28 26 25 24 22 18 15 14 13 13 5 0 0 0 0 0 0 6 12 12 12 12 12 12 12 12 12 12 11 11 11 11 11 11 11 11 11 11 119 119 246 150 113 74 59 51 48 39 35 34 33 31 27 25 25 23 22 16 14 13 13 9 1 0 0 0 0 
SEQ_28    32 18 19 39 34 35 15 21 32 18 31 19 21 24 27 26 20 16 16 29 27 34 30 35 33 33 30 23 21 31 31 24 19 30 28 29 14 31 19 16 30 30 18 18 35 35 18 18 28 28 28 14 113 211 140 95 65 56 50 43 37 34 33 33 28 26 25 24 22 18 15 14 13 13 5 0 0 0 0 0 0 6 12 12 12 12 12 12 12 12 12 12 11 11 11 11 11 11 11 11 11 11 119 119 246 150 113 74 59 51 48 39 35 34 33 31 27 25 25 23 22 16 14 13 13 9 1 0 0 0 0 0 
SEQ_29    23 27 28 30 25 26 26 32 23 23 40 30 30 33 36 33 29 25 27 38 36 25 21 26 24 24 21 34 32 22 22 33 30 21 37 38 23 22 28 27 21 21 27 25 26 26 29 29 19 19 19 3 110 214 145 101 70 61 57 51 44 41 41 40 35 33 32 32 32 26 23 24 23 23 16 11 11 11 11 11 11 6 1 1 1 1 1 1 1 1 1 1 2 2 2 2 2 2 2 2 2 2 119 118 251 156 118 79 64 56 55 46 42 41 41 38 34 32 32 32 32 24 24 23 23 20 12 11 11 11 11 11 11 
SEQ_30    22 28 29 29 24 27 27 33 22 24 41 31 31 34 37 34 30 26 28 39 37 24 20 25 23 23 20 35 33 21 21 34 31 20 38 39 24 21 29 28 20 20 28 26 25 25 30 30 18 18 18 2 111 215 146 102 71 62 58 52 45 42 42 41 36 34 33 33 33 27 24 25 24 24 17 12 12 12 12 12 12 7 0 0 0 0 0 0 0 0 0 0 1 1 1 1 1 1 1 1 1 1 119 119 252 157 119 80 65 57 56 47 43 42 42 39 35 33 33 33 33 25 25 24 24 21 13 12 12 12 12 12 12 1 
SEQ_31    22 28 29 29 24 27 27 33 22 24 41 31 31 34 37 34 30 26 28 39 37 24 20 25 23 23 20 35 33 21 21 34 31 20 38 39 24 21 29 28 20 20 28 26 25 25 30 30 18 18 18 2 111 215 146 102 71 62 58 52 45 42 42 41 36 34 33 33 33 27 24 25 24 24 17 12 12 12 12 12 12 7 0 0 0 0 0 0 0 0 0 0 1 1 1 1 1 1 1 1 1 1 119 119 252 157 119 80 65 57 56 47 43 42 42 39 35 33 33 33 33 25 25 24 24 21 13 12 12 12 12 12 12 1 0 
SEQ_32    22 28 29 29 24 27 27 33 22 24 41 31 31 34 37 34 30 26 28 39 37 24 20 25 23 23 20 35 33 21 21 34 31 20 38 39 24 21 29 28 20 20 28 26 25 25 30 30 18 18 18 2 111 215 146 102 71 62 58 52 45 42 42 41 36 34 33 33 33 27 24 25 24 24 17 12 12 12 12 12 12 7 0 0 0 0 0 0 0 0 0 0 1 1 1 1 1 1 1 1 1 1 119 119 252 157 119 80 65 57 56 47 43 42 42 39 35 33 33 33 33 25 25 24 24 21 13 12 12 12 12 12 12 1 0 0 
SEQ_33    22 28 29 29 24 27 27 33 22 24 41 31 31 34 37 34 30 26 28 39 37 24 20 25 23 23 20 35 33 21 21 34 31 20 38 39 24 21 29 28 20 20 28 26 25 25 30 30 18 18 18 2 111 215 146 102 71 62 58 52 45 42 42 41 36 34 33 33 33 27 24 25 24 24 17 12 12 12 12 12 12 7 0 0 0 0 0 0 0 0 0 0 1 1 1 1 1 1 1 1 1 1 119 119 252 157 119 80 65 57 56 47 43 42 42 39 35 33 33 33 33 25 25 24 24 21 13 12 12 12 12 12 12 1 0 0 0 
SEQ_34    22 28 29 29 24 27 27 33 22 24 41 31 31 34 37 34 30 26 28 39 37 24 20 25 23 23 20 35 33 21 21 34 31 20 38 39 24 21 29 28 20 20 28 26 25 25 30 30 18 18 18 2 111 215 146 102 71 62 58 52 45 42 42 41 36 34 33 33 33 27 24 25 24 24 17 12 12 12 12 12 12 7 0 0 0 0 0 0 0 0 0 0 1 1 1 1 1 1 1 1 1 1 119 119 252 157 119 80 65 57 56 47 43 42 42 39 35 33 33 33 33 25 25 24 24 21 13 12 12 12 12 12 12 1 0 0 0 0 
SEQ_35    22 28 29 29 24 27 27 33 22 24 41 31 31 34 37 34 30 26 28 39 37 24 20 25 23 23 20 35 33 21 21 34 31 20 38 39 24 21 29 28 20 20 28 26 25 25 30 30 18 18 18 2 111 215 146 102 71 62 58 52 45 42 42 41 36 34 33 33 33 27 24 25 24 24 17 12 12 12 12 12 12 7 0 0 0 0 0 0 0 0 0 0 1 1 1 1 1 1 1 1 1 1 119 119 252 157 119 80 65 57 56 47 43 42 42 39 35 33 33 33 33 25 25 24 24 21 13 12 12 12 12 12 12 1 0 0 0 0 0 
SEQ_36    22 28 29 29 24 27 27 33 22 24 41 31 31 34 37 34 30 26 28 39 37 24 20 25 23 23 20 35 33 21 21 34 31 20 38 39 24 21 29 28 20 20 28 26 25 25 30 30 18 18 18 2 111 215 146 102 71 62 58 52 45 42 42 41 36 34 33 33 33 27 24 25 24 24 17 12 12 12 12 12 12 7 0 0 0 0 0 0 0 0 0 0 1 1 1 1 1 1 1 1 1 1 119 119 252 157 119 80 65 57 56 47 43 42 42 39 35 33 33 33 33 25 25 24 24 21 13 12 12 12 12 12 12 1 0 0 0 0 0 0 
SEQ_37    22 28 29 29 24 27 27 33 22 24 41 31 31 34 37 34 30 26 28 39 37 24 20 25 23 23 20 35 33 21 21 34 31 20 38 39 24 21 29 28 20 20 28 26 25 25 30 30 18 18 18 2 111 215 146 102 71 62 58 52 45 42 42 41 36 34 33 33 33 27 24 25 24 24 17 12 12 12 12 12 12 7 0 0 0 0 0 0 0 0 0 0 1 1 1 1 1 1 1 1 1 1 119 119 252 157 119 80 65 57 56 47 43 42 42 39 35 33 33 33 33 25 25 24 24 21 13 12 12 12 12 12 12 1 0 0 0 0 0 0 0 
SEQ_38    22 28 29 29 24 27 27 33 22 24 41 31 31 34 37 34 30 26 28 39 37 24 20 25 23 23 20 35 33 21 21 34 31 20 38 39 24 21 29 28 20 20 28 26 25 25 30 30 18 18 18 2 111 215 146 102 71 62 58 52 45 42 42 41 36 34 33 33 33 27 24 25 24 24 17 12 12 12 12 12 12 7 0 0 0 0 0 0 0 0 0 0 1 1 1 1 1 1 1 1 1 1 119 119 252 157 119 80 65 57 56 47 43 42 42 39 35 33 33 33 33 25 25 24 24 21 13 12 12 12 12 12 12 1 0 0 0 0 0 0 0 0 
SEQ_39    22 28 29 29 24 27 27 33 22 24 41 31 31 34 37 34 30 26 28 39 37 24 20 25 23 23 20 35 33 21 21 34 31 20 38 39 24 21 29 28 20 20 28 26 25 25 30 30 18 18 18 2 111 215 146 102 71 62 58 52 45 42 42 41 36 34 33 33 33 27 24 25 24 24 17 12 12 12 12 12 12 7 0 0 0 0 0 0 0 0 0 0 1 1 1 1 1 1 1 1 1 1 119 119 252 157 119 80 65 57 56 47 43 42 42 39 35 33 33 33 33 25 25 24 24 21 13 12 12 12 12 12 12 1 0 0 0 0 0 0 0 0 0 
SEQ_40    22 28 29 29 24 27 27 33 22 24 41 31 31 34 37 34 30 26 28 39 37 24 20 25 23 23 20 35 33 21 21 34 31 20 38 39 24 21 29 28 20 20 28 26 25 25 30 30 18 18 18 2 111 215 146 102 71 62 58 52 45 42 42 41 36 34 33 33 33 27 24 25 24 24 17 12 12 12 12 12 12 7 0 0 0 0 0 0 0 0 0 0 1 1 1 1 1 1 1 1 1 1 119 119 252 157 119 80 65 57 56 47 43 42 42 39 35 33 33 33 33 25 25 24 24 21 13 12 12 12 12 12 12 1 0 0 0 0 0 0 0 0 0 0 
SEQ_41    21 27 28 28 23 26 26 32 21 23 40 30 30 33 36 33 29 25 27 38 36 23 19 24 22 22 19 34 32 20 20 33 30 19 37 38 23 20 28 27 19 19 27 25 24 24 29 29 17 17 17 3 111 215 146 102 71 62 58 52 45 42 42 41 36 33 32 33 33 28 25 25 24 24 16 11 11 11 11 11 11 8 1 1 1 1 1 1 1 1 1 1 0 0 0 0 0 0 0 0 0 0 120 119 251 157 119 80 65 57 56 47 43 42 42 39 34 32 32 32 33 26 25 24 24 20 12 11 11 11 11 11 11 2 1 1 1 1 1 1 1 1 1 1 1 
SEQ_42    21 27 28 28 23 26 26 32 21 23 40 30 30 33 36 33 29 25 27 38 36 23 19 24 22 22 19 34 32 20 20 33 30 19 37 38 23 20 28 27 19 19 27 25 24 24 29 29 17 17 17 3 111 215 146 102 71 62 58 52 45 42 42 41 36 33 32 33 33 28 25 25 24 24 16 11 11 11 11 11 11 8 1 1 1 1 1 1 1 1 1 1 0 0 0 0 0 0 0 0 0 0 120 119 251 157 119 80 65 57 56 47 43 42 42 39 34 32 32 32 33 26 25 24 24 20 12 11 11 11 11 11 11 2 1 1 1 1 1 1 1 1 1 1 1 0 
SEQ_43    21 27 28 28 23 26 26 32 21 23 40 30 30 33 36 33 29 25 27 38 36 23 19 24 22 22 19 34 32 20 20 33 30 19 37 38 23 20 28 27 19 19 27 25 24 24 29 29 17 17 17 3 111 215 146 102 71 62 58 52 45 42 42 41 36 33 32 33 33 28 25 25 24 24 16 11 11 11 11 11 11 8 1 1 1 1 1 1 1 1 1 1 0 0 0 0 0 0 0 0 0 0 120 119 251 157 119 80 65 57 56 47 43 42 42 39 34 32 32 32 33 26 25 24 24 20 12 11 11 11 11 11 11 2 1 1 1 1 1 1 1 1 1 1 1 0 0 
SEQ_44    21 27 28 28 23 26 26 32 21 23 40 30 30 33 36 33 29 25 27 38 36 23 19 24 22 22 19 34 32 20 20 33 30 19 37 38 23 20 28 27 19 19 27 25 24 24 29 29 17 17 17 3 111 215 146 102 71 62 58 52 45 42 42 41 36 33 32 33 33 28 25 25 24 24 16 11 11 11 11 11 11 8 1 1 1 1 1 1 1 1 1 1 0 0 0 0 0 0 0 0 0 0 120 119 251 157 119 80 65 57 56 47 43 42 42 39 34 32 32 32 33 26 25 24 24 20 12 11 11 11 11 11 11 2 1 1 1 1 1 1 1 1 1 1 1 0 0 0 
SEQ_45    21 27 28 28 23 26 26 32 21 23 40 30 30 33 36 33 29 25 27 38 36 23 19 24 22 22 19 34 32 20 20 33 30 19 37 38 23 20 28 27 19 19 27 25 24 24 29 29 17 17 17 3 111 215 146 102 71 62 58 52 45 42 42 41 36 33 32 33 33 28 25 25 24 24 16 11 11 11 11 11 11 8 1 1 1 1 1 1 1 1 1 1 0 0 0 0 0 0 0 0 0 0 120 119 251 157 119 80 65 57 56 47 43 42 42 39 34 32 32 32 33 26 25 24 24 20 12 11 11 11 11 11 11 2 1 1 1 1 1 1 1 1 1 1 1 0 0 0 0 
SEQ_46    21 27 28 28 23 26 26 32 21 23 40 30 30 33 36 33 29 25 27 38 36 23 19 24 22 22 19 34 32 20 20 33 30 19 37 38 23 20 28 27 19 19 27 25 24 24 29 29 17 17 17 3 111 215 146 102 71 62 58 52 45 42 42 41 36 33 32 33 33 28 25 25 24 24 16 11 11 11 11 11 11 8 1 1 1 1 1 1 1 1 1 1 0 0 0 0 0 0 0 0 0 0 120 119 251 157 119 80 65 57 56 47 43 42 42 39 34 32 32 32 33 26 25 24 24 20 12 11 11 11 11 11 11 2 1 1 1 1 1 1 1 1 1 1 1 0 0 0 0 0 
SEQ_47    21 27 28 28 23 26 26 32 21 23 40 30 30 33 36 33 29 25 27 38 36 23 19 24 22 22 19 34 32 20 20 33 30 19 37 38 23 20 28 27 19 19 27 25 24 24 29 29 17 17 17 3 111 215 146 102 71 62 58 52 45 42 42 41 36 33 32 33 33 28 25 25 24 24 16 11 11 11 11 11 11 8 1 1 1 1 1 1 1 1 1 1 0 0 0 0 0 0 0 0 0 0 120 119 251 157 119 80 65 57 56 47 43 42 42 39 34 32 32 32 33 26 25 24 24 20 12 11 11 11 11 11 11 2 1 1 1 1 1 1 1 1 1 1 1 0 0 0 0 0 0 
SEQ_48    21 27 28 28 23 26 26 32 21 23 40 30 30 33 36 33 29 25 27 38 36 23 19 24 22 22 19 34 32 20 20 33 30 19 37 38 23 20 28 27 19 19 27 25 24 24 29 29 17 17 17 3 111 215 146 102 71 62 58 52 45 42 42 41 36 33 32 33 33 28 25 25 24 24 16 11 11 11 11 11 11 8 1 1 1 1 1 1 1 1 1 1 0 0 0 0 0 0 0 0 0 0 120 119 251 157 119 80 65 57 56 47 43 42 42 39 34 32 32 32 33 26 25 24 24 20 12 11 11 11 11 11 11 2 1 1 1 1 1 1 1 1 1 1 1 0 0 0 0 0 0 0 
SEQ_49    21 27 28 28 23 26 26 32 21 23 40 30 30 33 36 33 29 25 27 38 36 23 19 24 22 22 19 34 32 20 20 33 30 19 37 38 23 20 28 27 19 19 27 25 24 24 29 29 17 17 17 3 111 215 146 102 71 62 58 52 45 42 42 41 36 33 32 33 33 28 25 25 24 24 16 11 11 11 11 11 11 8 1 1 1 1 1 1 1 1 1 1 0 0 0 0 0 0 0 0 0 0 120 119 251 157 119 80 65 57 56 47 43 42 42 39 34 32 32 32 33 26 25 24 24 20 12 11 11 11 11 11 11 2 1 1 1 1 1 1 1 1 1 1 1 0 0 0 0 0 0 0 0 
SEQ_50    21 27 28 28 23 26 26 32 21 23 40 30 30 33 36 33 29 25 27 38 36 23 19 24 22 22 19 34 32 20 20 33 30 19 37 38 23 20 28 27 19 19 27 25 24 24 29 29 17 17 17 3 111 215 146 102 71 62 58 52 45 42 42 41 36 33 32 33 33 28 25 25 24 24 16 11 11 11 11 11 11 8 1 1 1 1 1 1 1 1 1 1 0 0 0 0 0 0 0 0 0 0 120 119 251 157 119 80 65 57 56 47 43 42 42 39 34 32 32 32 33 26 25 24 24 20 12 11 11 11 11 11 11 2 1 1 1 1 1 1 1 1 1 1 1 0 0 0 0 0 0 0 0 0 
SEQ_51    138 139 143 135 136 138 142 139 136 140 132 137 140 137 134 136 141 140 140 143 143 139 135 140 141 136 139 143 143 138 138 139 140 138 138 139 142 141 142 143 141 141 141 141 139 139 142 142 138 137 138 144 165 197 176 149 142 140 137 136 134 135 135 135 137 138 138 137 138 138 138 139 139 139 142 143 143 143 143 143 143 143 145 145 145 145 145 145 145 145 145 145 145 145 145 145 145 145 145 145 145 145 98 68 225 182 160 142 140 138 137 135 135 136 135 136 138 138 138 138 138 139 139 139 139 139 143 143 143 143 143 143 143 145 145 145 145 145 145 145 145 145 145 145 145 145 145 145 145 145 145 145 145 145 145 


Adjacencies of each genome comparison after each step:

