Data generated by UniMoG (http://http://bibiserv.cebitec.uni-bielefeld.de/dcj?id=dcj_unimog)

Input:

>simulated_k53_l25_18
 0 7 | 23 24 | 19 20 21 22 | 6 1 | 13 14 | 15 18 | 8 9 10 11 12 | 17 16 | 2 3 4 5 |
>simulated_k53_l25_22
 0 13 14 15 | 10 1 | 16 17 18 19 20 21 22 23 24 | 12 3 4 5 6 7 8 9 | 2 11 |
>simulated_k53_l25_24
 0 16 17 18 19 | 10 1 2 3 4 5 6 7 8 9 | 12 13 14 | 15 11 | 22 23 24 | 20 21 |
>simulated_k53_l25_30
 0 1 2 3 4 5 6 7 8 9 10 | 20 21 22 23 24 | 11 12 13 14 15 16 17 | 18 19 |
>simulated_k53_l25_36
 0 17 18 | 23 1 2 3 | 19 15 | 6 20 | 4 5 | 14 24 | 16 7 8 9 10 11 12 13 | 21 22 |
>simulated_k53_l25_37
 0 13 14 15 | 10 17 18 | 16 6 7 | 12 3 4 | 8 20 21 | 2 11 | 22 23 24 | 5 9 | 19 1 |
>simulated_k53_l25_38
 0 1 | 10 23 24 | 16 6 7 | 12 13 14 15 | 8 3 4 | 2 11 | 22 17 18 | 5 9 | 19 20 21 |
>simulated_k53_l25_40
 0 12 13 14 15 16 17 18 19 | 20 4 5 6 | 11 1 2 | 3 21 22 23 24 | 9 10 | 7 8 |
>simulated_k53_l25_45
 0 13 14 15 | 10 1 2 3 4 | 16 17 18 19 20 21 22 | 12 9 | 8 6 7 | 5 11 | 23 24 |
>simulated_k53_l25_46
 0 15 | 10 4 | 16 17 18 19 20 21 22 | 12 13 | 8 6 7 | 5 24 | 23 1 2 | 14 11 | 3 9 |
>simulated_k53_l25_47
 0 5 | 23 1 2 3 | 19 7 8 9 10 11 12 13 | 6 15 16 17 18 | 4 24 | 14 20 21 22 |
>simulated_k53_l25_48
 0 15 16 17 18 | 23 20 21 22 | 19 7 | 6 24 | 4 5 | 14 1 2 3 | 8 9 10 11 12 13 |
>simulated_k53_l25_50
 0 7 8 9 | 10 13 14 | 12 23 24 | 15 1 | 6 16 17 18 19 20 21 | 2 3 4 5 | 22 11 |
>simulated_k53_l25_52
 0 17 | 20 1 | 16 21 22 23 24 | 2 3 | 4 5 6 7 | 8 9 | 18 19 | 10 11 12 13 14 15 |
>simulated_k53_l25_53
 0 12 | 20 21 22 23 24 | 11 7 8 9 10 | 16 1 2 3 4 5 | 13 14 15 | 6 17 18 19 |
>simulated_k53_l25_54
 0 1 2 3 4 5 6 7 8 9 10 | 20 21 22 23 24 | 11 12 | 16 17 18 19 | 13 14 15 |
>simulated_k53_l25_56
 0 17 18 19 | 20 12 | 11 1 2 | 16 10 | 13 4 5 6 7 8 | 9 21 22 23 24 | 3 14 15 |
>simulated_k53_l25_57
 0 1 2 3 | 23 7 8 9 10 | 19 15 | 6 5 | 4 24 | 14 12 13 | 11 20 21 22 | 16 17 18 |
>simulated_k53_l25_58
 0 12 13 | 23 5 | 19 15 16 | 6 1 2 3 | 4 24 | 14 7 8 9 10 | 11 20 | 21 22 | 17 18 |
>simulated_k53_l25_62
 0 1 2 | 10 13 14 15 | 16 11 | 12 17 18 19 | 3 21 | 20 4 5 6 7 | 22 23 24 | 8 9 |
>simulated_k53_l25_64
 0 5 | 23 1 2 3 | 19 20 21 22 | 6 7 8 9 | 4 24 | 14 15 16 17 18 | 10 11 12 13 |
>simulated_k53_l25_66
 0 4 5 6 7 | 20 1 2 | 11 12 13 14 | 3 16 17 18 19 | 15 21 22 23 24 | 8 9 10 |
>simulated_k53_l25_68
 0 17 | 20 1 | 16 5 6 | 2 21 22 23 24 | 4 14 15 | 18 19 | 7 8 9 10 11 12 | 13 3 |
>simulated_k53_l25_72
 0 4 5 6 7 8 9 10 | 20 24 | 11 21 22 | 3 12 13 14 | 15 16 17 18 19 | 23 1 2 |
>simulated_k53_l25_73
 0 1 | 10 3 4 5 | 12 11 | 15 7 8 9 | 6 16 17 18 19 20 21 22 23 24 | 2 13 14 |
>simulated_k53_l25_74
 0 1 | 10 16 17 18 19 20 21 22 23 24 | 12 13 14 | 15 7 8 9 | 6 11 | 2 3 4 5 |
>simulated_k53_l25_75
 0 11 | 10 6 | 12 21 22 | 5 1 | 20 3 4 | 23 24 | 2 13 14 15 16 17 18 19 | 7 8 9 |
>simulated_k53_l25_76
 0 11 | 10 6 7 8 9 | 12 21 22 | 5 1 | 20 3 4 | 23 24 | 2 13 | 14 15 16 17 18 19 |
>simulated_k53_l25_77
 0 21 22 23 24 | 10 13 | 16 11 | 12 17 | 3 1 2 | 20 4 5 | 6 7 8 9 | 18 19 | 14 15 |
>simulated_k53_l25_78
 0 13 14 15 | 10 21 22 23 24 | 16 11 | 12 7 8 9 | 3 1 2 | 20 17 | 6 4 5 | 18 19 |
>simulated_k53_l25_80
 0 1 | 20 17 | 16 3 | 2 21 22 23 24 | 4 5 6 | 18 19 | 7 8 9 10 11 12 | 13 14 15 |
>simulated_k53_l25_82
 0 1 | 10 11 | 12 13 14 15 16 17 18 19 20 21 | 22 23 24 | 2 3 4 5 6 7 8 9 |
>simulated_k53_l25_84
 0 4 | 10 13 14 15 16 17 18 19 | 12 1 2 | 5 21 22 23 24 | 3 6 7 8 9 | 20 11 |
>simulated_k53_l25_85
 0 4 | 10 6 7 8 9 | 12 13 14 15 16 | 5 1 2 | 3 21 22 23 24 | 20 11 | 17 18 19 |
>simulated_k53_l25_86
 0 4 | 10 21 22 23 24 | 12 13 14 15 16 17 18 19 | 5 1 2 | 3 6 7 | 20 11 | 8 9 |
>simulated_k53_l25_87
 0 7 8 9 | 23 1 2 3 | 19 5 | 6 20 | 4 15 | 14 24 | 10 13 | 16 17 18 | 12 11 | 21 22 |
>simulated_k53_l25_88
 0 7 8 9 | 23 1 2 3 | 19 5 | 6 20 21 22 | 4 15 | 14 24 | 10 13 | 16 17 18 | 12 11 |
>simulated_k53_l25_89
 0 1 2 3 | 20 17 | 11 12 | 16 21 22 23 24 | 13 19 | 18 14 15 | 4 5 6 7 8 9 10 |
>simulated_k53_l25_90
 0 14 15 | 20 12 | 11 17 | 16 21 22 23 24 | 13 19 | 18 1 2 3 | 4 5 6 7 8 | 9 10 |
>simulated_k53_l25_91
 0 17 18 19 | 20 5 6 7 8 9 10 11 12 13 14 15 | 16 3 | 2 21 22 23 24 | 4 1 |
>simulated_k53_l25_92
 0 17 18 19 | 20 5 6 7 8 9 10 11 12 13 14 15 | 16 3 | 2 21 22 23 24 | 4 1 |
>simulated_k53_l25_93
 0 1 | 20 17 | 16 3 | 2 21 22 23 24 | 4 5 6 | 18 19 | 7 8 9 10 11 12 13 14 15 |
>simulated_k53_l25_94
 0 1 | 20 17 | 16 3 | 2 21 22 23 24 | 4 5 6 | 18 19 | 7 8 9 10 11 12 13 14 15 |
>simulated_k53_l25_95
 0 17 | 20 1 | 16 13 14 15 | 2 21 22 23 24 | 4 5 6 | 18 19 | 7 8 9 10 11 | 12 3 |
>simulated_k53_l25_96
 0 17 | 20 1 | 16 13 14 15 | 2 21 22 23 24 | 4 5 6 | 18 19 | 7 8 | 12 3 | 9 10 11 |
>simulated_k53_l25_97
 0 1 2 3 | 10 11 | 12 13 14 15 16 17 18 19 20 21 | 22 23 24 | 4 5 6 7 | 8 9 |
>simulated_k53_l25_98
 0 1 2 3 | 10 11 | 12 13 14 15 16 17 18 19 20 21 | 22 23 24 | 4 5 6 7 8 9 |
>simulated_k53_l25_99
 0 24 | 10 6 7 8 9 | 12 21 22 | 5 1 | 20 3 4 | 23 11 | 2 13 14 15 16 17 18 19 |
>simulated_k53_l25_100
 0 24 | 10 6 7 8 9 | 12 21 22 | 5 1 | 20 3 4 | 23 11 | 2 13 14 15 16 17 18 19 |
>simulated_k53_l25_101
 0 20 21 22 | 23 1 2 3 | 19 9 10 11 12 13 | 6 7 | 4 24 | 14 15 16 17 18 | 8 5 |
>simulated_k53_l25_102
 0 20 21 22 | 23 1 2 3 | 19 9 10 11 12 13 | 6 7 | 4 24 | 14 15 16 17 18 | 8 5 |
>simulated_k53_l25_103
 0 4 5 6 7 8 9 10 | 20 1 2 | 11 21 22 23 24 | 3 12 13 14 | 15 16 17 18 19 |
>simulated_k53_l25_104
 0 4 5 6 7 8 9 10 | 20 1 2 | 11 21 22 23 24 | 3 12 13 14 | 15 16 17 18 19 |
>MST_1
 0 1 2 3 4 5 6 7 8 9 | 17 20 | 10 21 22 |
>MST_2
 24 23 22 21 20 19 18 17 16 15 14 13 12 11 10 9 |
>MST_3
 10 21 22 17 20 | 5 8 3 |
>MST_4
 11 21 22 | 5 8 9 | 10 17 20 23 12 |
>MST_5
 1 23 10 | 11 21 22 | 6 8 9 | 12 17 20 | 13 16 |
>MST_6
 1 23 11 | 16 21 22 | 6 8 9 | 12 17 20 | 13 19 |
>MST_7
 7 8 9 | 1 23 11 | 16 21 22 | 19 13 0 17 18 | 4 14 |
>MST_8
 1 23 24 14 7 8 9 | 2 13 0 17 18 15 | 3 21 22 |
>MST_9
 1 23 24 14 20 | 2 13 0 17 18 19 | 3 21 22 | 12 7 8 9 |
>MST_10
 1 23 24 14 11 | 2 13 0 17 18 19 | 3 21 22 | 16 7 8 9 | 6 15 |
>MST_11
 1 23 24 | 0 17 18 19 | 2 13 14 15 7 8 9 | 12 21 22 |
>MST_12
 1 23 24 6 4 | 0 17 18 19 | 12 21 22 | 11 2 13 14 15 7 8 9 |
>MST_13
 0 17 18 19 7 8 9 | 10 13 14 15 | 12 21 22 | 2 11 | 3 6 16 | 4 1 23 24 |
>MST_14
 0 17 18 19 7 8 9 | 10 13 14 15 | 12 21 22 23 24 | 2 11 | 4 20 5 | 1 6 16 |
>MST_15
 16 17 18 19 | 10 13 14 15 4 20 5 1 2 21 22 23 24 | 3 6 7 8 9 |
>MST_16
 16 17 18 19 | 10 13 14 15 4 5 1 2 21 22 23 24 | 20 6 7 8 9 | 0 12 |
>MST_17
 1 2 21 22 23 24 4 5 | 10 13 14 15 | 3 16 17 18 19 | 0 12 20 6 7 8 9 |
>MST_18
 1 2 21 22 23 24 4 5 11 | 10 13 14 15 | 3 16 17 18 19 | 0 12 20 6 7 8 9 |
>MST_19
 16 17 18 19 | 1 2 21 22 23 24 4 5 0 | 3 12 13 14 15 | 10 6 7 8 9 |
>MST_20
 16 17 18 19 | 1 2 21 22 23 24 4 5 0 | 10 6 7 8 9 3 12 13 14 15 |
>MST_21
 16 17 18 19 | 1 2 21 22 23 24 4 5 6 7 8 9 10 | 3 12 13 14 15 |
>MST_22
 16 17 18 19 | 1 2 21 22 23 24 4 5 6 7 8 9 10 3 12 13 14 15 |
>MST_23
 21 22 23 24 | 1 2 3 12 13 14 15 | 0 4 5 6 7 8 9 10 16 17 18 19 | 11 20 |
>MST_24
 1 2 3 12 13 14 15 0 4 5 6 7 8 9 10 16 17 18 19 | 11 20 21 22 23 24 |
>MST_25
 16 17 18 19 | 0 4 5 6 7 8 9 10 1 2 3 12 13 14 15 11 20 21 22 23 24 |
>MST_26
 11 12 13 14 15 16 17 18 19 | 0 4 5 6 7 8 9 10 1 2 3 20 21 22 23 24 |
>MST_27
 11 12 13 14 15 16 17 18 19 | 0 4 5 6 7 8 9 10 1 2 3 20 21 22 23 24 |
>MST_28
 1 2 3 20 21 22 23 24 | 0 4 5 6 7 8 9 10 11 12 13 14 15 16 17 18 19 |
>MST_29
 1 2 3 20 21 22 23 24 | 0 4 5 6 7 8 9 10 11 12 13 14 15 16 17 18 19 |
>MST_30
 1 2 3 4 5 6 7 8 9 10 11 12 13 14 15 16 17 18 19 | 20 21 22 23 24 |
>MST_31
 1 2 3 4 5 6 7 8 9 10 11 12 13 14 15 16 17 18 19 | 20 21 22 23 24 |
>MST_32
 1 2 3 4 5 6 7 8 9 10 11 12 13 14 15 16 17 18 19 | 20 21 22 23 24 |
>MST_33
 20 21 22 23 24 | 0 1 2 3 4 5 6 7 8 9 10 11 12 13 14 15 16 17 18 19 |
>MST_34
 20 21 22 23 24 | 0 1 2 3 4 5 6 7 8 9 10 11 12 13 14 15 16 17 18 19 |
>MST_35
 0 1 2 3 4 5 6 7 8 9 10 11 12 13 14 15 16 17 18 19 20 21 22 23 24 |
>MST_36
 0 1 2 3 4 5 6 7 8 9 10 11 12 13 14 15 16 17 18 19 20 21 22 23 24 |
>MST_37
 0 1 2 3 4 5 6 7 8 9 10 11 12 13 14 15 16 17 18 19 20 21 22 23 24 |
>MST_38
 0 1 2 3 4 5 6 7 8 9 10 11 12 13 14 15 16 17 18 19 20 21 22 23 24 |
>MST_39
 0 1 2 3 4 5 6 7 8 9 10 11 12 13 14 15 16 17 18 19 20 21 22 23 24 |
>MST_40
 0 1 2 3 4 5 6 7 8 9 10 11 12 13 14 15 16 17 18 19 20 21 22 23 24 |
>MST_41
 0 1 2 3 4 5 6 7 8 9 10 11 12 13 14 15 16 17 18 19 20 21 22 23 24 |
>MST_42
 0 1 2 3 4 5 6 7 8 9 10 11 12 13 14 15 16 17 18 19 20 21 22 23 24 |
>MST_43
 0 1 2 3 4 5 6 7 8 9 10 11 12 13 14 15 16 17 18 19 20 21 22 23 24 |
>MST_44
 0 1 2 3 4 5 6 7 8 9 10 11 12 13 14 15 16 17 18 19 20 21 22 23 24 |
>MST_45
 0 1 2 3 4 5 6 7 8 9 10 11 12 13 14 15 16 17 18 19 20 21 22 23 24 |
>MST_46
 4 13 3 14 12 1 16 5 23 7 11 6 17 | 9 21 15 | 20 24 |
>MST_47
 5 21 | 0 14 18 1 | 11 17 |
>SEQ_0
 10 21 22 | 6 17 20 |
>SEQ_1
 10 21 22 17 20 | 5 8 3 |
>SEQ_2
 11 21 22 | 5 8 9 | 10 17 20 23 12 |
>SEQ_3
 1 23 10 | 11 21 22 | 6 8 9 | 12 17 20 | 13 16 |
>SEQ_4
 1 23 11 | 16 21 22 | 6 8 9 | 12 17 20 | 4 13 19 |
>SEQ_5
 7 8 9 | 1 23 11 | 16 21 22 | 19 13 0 17 18 | 4 14 |
>SEQ_6
 1 23 24 14 3 21 22 | 2 13 0 17 18 15 | 12 7 8 9 |
>SEQ_7
 1 23 24 14 20 | 2 13 0 17 18 19 | 3 21 22 | 11 7 8 9 |
>SEQ_8
 1 23 24 14 11 | 2 13 0 17 18 19 | 3 21 22 | 16 7 8 9 | 6 15 |
>SEQ_9
 1 23 24 | 0 17 18 19 | 2 13 14 15 7 8 9 | 12 21 22 |
>SEQ_10
 1 23 24 6 | 0 17 18 19 | 12 21 22 | 11 2 13 14 15 7 8 9 |
>SEQ_11
 0 17 18 19 7 8 9 | 10 13 14 15 | 12 21 22 | 2 11 | 3 6 16 | 4 1 23 24 |
>SEQ_12
 0 17 18 19 7 8 9 | 10 13 14 15 | 12 21 22 23 24 | 2 11 | 4 20 5 | 1 6 16 |
>SEQ_13
 16 17 18 19 | 10 13 14 15 4 20 5 1 2 21 22 23 24 | 3 6 7 8 9 |
>SEQ_14
 16 17 18 19 | 10 13 14 15 4 5 1 2 21 22 23 24 | 20 6 7 8 9 | 0 12 |
>SEQ_15
 1 2 21 22 23 24 4 5 | 10 13 14 15 | 3 16 17 18 19 | 0 12 20 6 7 8 9 |
>SEQ_16
 1 2 21 22 23 24 4 5 11 | 10 13 14 15 | 3 16 17 18 19 | 0 12 20 6 7 8 9 |
>SEQ_17
 16 17 18 19 | 1 2 21 22 23 24 4 5 0 | 3 12 13 14 15 | 10 6 7 8 9 |
>SEQ_18
 16 17 18 19 | 1 2 21 22 23 24 4 5 0 | 10 6 7 8 9 3 12 13 14 15 |
>SEQ_19
 16 17 18 19 | 1 2 21 22 23 24 4 5 6 7 8 9 10 | 3 12 13 14 15 |
>SEQ_20
 16 17 18 19 | 1 2 21 22 23 24 4 5 6 7 8 9 10 | 3 12 13 14 15 |
>SEQ_21
 21 22 23 24 | 1 2 3 12 13 14 15 | 0 4 5 6 7 8 9 10 16 17 18 19 | 11 20 |
>SEQ_22
 1 2 3 12 13 14 15 0 4 5 6 7 8 9 10 16 17 18 19 | 11 20 21 22 23 24 |
>SEQ_23
 16 17 18 19 | 0 4 5 6 7 8 9 10 1 2 3 12 13 14 15 11 20 21 22 23 24 |
>SEQ_24
 11 12 13 14 15 16 17 18 19 | 0 4 5 6 7 8 9 10 1 2 3 20 21 22 23 24 |
>SEQ_25
 11 12 13 14 15 16 17 18 19 | 0 4 5 6 7 8 9 10 1 2 3 20 21 22 23 24 |
>SEQ_26
 1 2 3 20 21 22 23 24 | 0 4 5 6 7 8 9 10 11 12 13 14 15 16 17 18 19 |
>SEQ_27
 1 2 3 20 21 22 23 24 | 0 4 5 6 7 8 9 10 11 12 13 14 15 16 17 18 19 |
>SEQ_28
 1 2 3 4 5 6 7 8 9 10 11 12 13 14 15 16 17 18 19 | 20 21 22 23 24 |
>SEQ_29
 1 2 3 4 5 6 7 8 9 10 11 12 13 14 15 16 17 18 19 | 20 21 22 23 24 |
>SEQ_30
 1 2 3 4 5 6 7 8 9 10 11 12 13 14 15 16 17 18 19 | 20 21 22 23 24 |
>SEQ_31
 20 21 22 23 24 | 0 1 2 3 4 5 6 7 8 9 10 11 12 13 14 15 16 17 18 19 |
>SEQ_32
 20 21 22 23 24 | 0 1 2 3 4 5 6 7 8 9 10 11 12 13 14 15 16 17 18 19 |
>SEQ_33
 0 1 2 3 4 5 6 7 8 9 10 11 12 13 14 15 16 17 18 19 20 21 22 23 24 |
>SEQ_34
 0 1 2 3 4 5 6 7 8 9 10 11 12 13 14 15 16 17 18 19 20 21 22 23 24 |
>SEQ_35
 0 1 2 3 4 5 6 7 8 9 10 11 12 13 14 15 16 17 18 19 20 21 22 23 24 |
>SEQ_36
 0 1 2 3 4 5 6 7 8 9 10 11 12 13 14 15 16 17 18 19 20 21 22 23 24 |
>SEQ_37
 0 1 2 3 4 5 6 7 8 9 10 11 12 13 14 15 16 17 18 19 20 21 22 23 24 |
>SEQ_38
 0 1 2 3 4 5 6 7 8 9 10 11 12 13 14 15 16 17 18 19 20 21 22 23 24 |
>SEQ_39
 0 1 2 3 4 5 6 7 8 9 10 11 12 13 14 15 16 17 18 19 20 21 22 23 24 |
>SEQ_40
 0 1 2 3 4 5 6 7 8 9 10 11 12 13 14 15 16 17 18 19 20 21 22 23 24 |
>SEQ_41
 0 1 2 3 4 5 6 7 8 9 10 11 12 13 14 15 16 17 18 19 20 21 22 23 24 |
>SEQ_42
 0 1 2 3 4 5 6 7 8 9 10 11 12 13 14 15 16 17 18 19 20 21 22 23 24 |
>SEQ_43
 0 1 2 3 4 5 6 7 8 9 10 11 12 13 14 15 16 17 18 19 20 21 22 23 24 |
>SEQ_44
 0 1 2 3 4 5 6 7 8 9 10 11 12 13 14 15 16 17 18 19 20 21 22 23 24 |
>SEQ_45
 9 21 15 | 20 24 | 10 3 13 | 4 6 11 | 1 12 14 7 23 5 16 |
>SEQ_46
 5 21 | 0 14 18 1 | 11 17 |

Output:


DCJ-indel distance comparisons:
_____________________________________________________________________________________________________________________________________________________________________________________________________________________________________________________________________________________________________________________________________________________________________________________________________________________________________________________________________________________________________________________________________________________________________________________________________________________________________________________________________________________________________________________________________________________________________________________________________________________________________________________________________________________________________________________________________________________________________________________________________________________________________________________________________________________________________________________________________________________________________________________________________________________________________________________________________________________________________________________________________________________________________________________________________________________________________________________________________________________________________________________________________________________________________________________________________________________________________________________________________________________________________________________________________________________________________________________________________________________________________________________________________________________________________________________________________________________________________________________________________________________________________________________________________________________________________________________________________________________________
|                        | simulated_k53_l25_18 | simulated_k53_l25_22 | simulated_k53_l25_24 | simulated_k53_l25_30 | simulated_k53_l25_36 | simulated_k53_l25_37 | simulated_k53_l25_38 | simulated_k53_l25_40 | simulated_k53_l25_45 | simulated_k53_l25_46 | simulated_k53_l25_47 | simulated_k53_l25_48 | simulated_k53_l25_50 | simulated_k53_l25_52 | simulated_k53_l25_53 | simulated_k53_l25_54 | simulated_k53_l25_56 | simulated_k53_l25_57 | simulated_k53_l25_58 | simulated_k53_l25_62 | simulated_k53_l25_64 | simulated_k53_l25_66 | simulated_k53_l25_68 | simulated_k53_l25_72 | simulated_k53_l25_73 | simulated_k53_l25_74 | simulated_k53_l25_75 | simulated_k53_l25_76 | simulated_k53_l25_77 | simulated_k53_l25_78 | simulated_k53_l25_80 | simulated_k53_l25_82 | simulated_k53_l25_84 | simulated_k53_l25_85 | simulated_k53_l25_86 | simulated_k53_l25_87 | simulated_k53_l25_88 | simulated_k53_l25_89 | simulated_k53_l25_90 | simulated_k53_l25_91 | simulated_k53_l25_92 | simulated_k53_l25_93 | simulated_k53_l25_94 | simulated_k53_l25_95 | simulated_k53_l25_96 | simulated_k53_l25_97 | simulated_k53_l25_98 | simulated_k53_l25_99 | simulated_k53_l25_100 | simulated_k53_l25_101 | simulated_k53_l25_102 | simulated_k53_l25_103 | simulated_k53_l25_104 | MST_1 | MST_2 | MST_3 | MST_4 | MST_5 | MST_6 | MST_7 | MST_8 | MST_9 | MST_10 | MST_11 | MST_12 | MST_13 | MST_14 | MST_15 | MST_16 | MST_17 | MST_18 | MST_19 | MST_20 | MST_21 | MST_22 | MST_23 | MST_24 | MST_25 | MST_26 | MST_27 | MST_28 | MST_29 | MST_30 | MST_31 | MST_32 | MST_33 | MST_34 | MST_35 | MST_36 | MST_37 | MST_38 | MST_39 | MST_40 | MST_41 | MST_42 | MST_43 | MST_44 | MST_45 | MST_46 | MST_47 | SEQ_0 | SEQ_1 | SEQ_2 | SEQ_3 | SEQ_4 | SEQ_5 | SEQ_6 | SEQ_7 | SEQ_8 | SEQ_9 | SEQ_10 | SEQ_11 | SEQ_12 | SEQ_13 | SEQ_14 | SEQ_15 | SEQ_16 | SEQ_17 | SEQ_18 | SEQ_19 | SEQ_20 | SEQ_21 | SEQ_22 | SEQ_23 | SEQ_24 | SEQ_25 | SEQ_26 | SEQ_27 | SEQ_28 | SEQ_29 | SEQ_30 | SEQ_31 | SEQ_32 | SEQ_33 | SEQ_34 | SEQ_35 | SEQ_36 | SEQ_37 | SEQ_38 | SEQ_39 | SEQ_40 | SEQ_41 | SEQ_42 | SEQ_43 | SEQ_44 | SEQ_45 | SEQ_46 | 
| simulated_k53_l25_18   |                    0 |                   15 |                   15 |                   13 |                   14 |                   17 |                   15 |                   17 |                   15 |                   19 |                   13 |                   11 |                   11 |                   14 |                   12 |                   12 |                   19 |                   15 |                   13 |                   17 |                   12 |                   14 |                   15 |                   15 |                   12 |                   11 |                   15 |                   17 |                   18 |                   17 |                   14 |                   12 |                   19 |                   18 |                   17 |                   17 |                   16 |                   15 |                   18 |                   16 |                   16 |                   15 |                   15 |                   15 |                   16 |                   13 |                   14 |                   17 |                    17 |                    12 |                    12 |                    15 |                    15 |    12 |    19 |    14 |    14 |    14 |    14 |    16 |    14 |    15 |     16 |     14 |     17 |     17 |     18 |     19 |     18 |     17 |     18 |     19 |     19 |     18 |     17 |     17 |     16 |     16 |     14 |     14 |     13 |     13 |     12 |     12 |     12 |     11 |     11 |     10 |     10 |     10 |     10 |     10 |     10 |     10 |     10 |     10 |     10 |     10 |     21 |     15 |    12 |    14 |    14 |    14 |    16 |    16 |    15 |    16 |    16 |    14 |     16 |     17 |     18 |     19 |     18 |     17 |     18 |     19 |     19 |     18 |     18 |     17 |     16 |     16 |     14 |     14 |     13 |     13 |     12 |     12 |     12 |     11 |     11 |     10 |     10 |     10 |     10 |     10 |     10 |     10 |     10 |     10 |     10 |     10 |     10 |     20 |     15 |
| simulated_k53_l25_22   |                    - |                    0 |                    8 |                   10 |                   17 |                    8 |                   10 |                   11 |                    7 |                   13 |                   16 |                   16 |                    9 |                   10 |                   10 |                    8 |                   11 |                   16 |                   18 |                    9 |                   13 |                   12 |                   13 |                   13 |                    7 |                    8 |                    8 |                    8 |                   11 |                   11 |                   12 |                    5 |                   11 |                   11 |                   12 |                   14 |                   13 |                   12 |                   15 |                    9 |                    9 |                   11 |                   11 |                    8 |                    9 |                    8 |                    7 |                    8 |                     8 |                    17 |                    17 |                    11 |                    11 |     9 |    17 |    11 |    11 |    13 |    12 |    13 |    11 |    12 |     12 |      8 |     12 |     11 |     10 |     11 |     10 |     10 |      9 |      9 |      9 |      9 |      9 |      9 |      9 |      8 |      9 |      9 |     10 |     10 |      9 |      9 |      9 |      8 |      8 |      7 |      7 |      7 |      7 |      7 |      7 |      7 |      7 |      7 |      7 |      7 |     20 |     11 |     9 |    11 |    11 |    13 |    13 |    13 |    11 |    13 |    12 |     8 |     10 |     11 |     10 |     11 |     10 |     10 |      9 |      9 |      9 |      9 |      9 |      9 |      9 |      8 |      9 |      9 |     10 |     10 |      9 |      9 |      9 |      8 |      8 |      7 |      7 |      7 |      7 |      7 |      7 |      7 |      7 |      7 |      7 |      7 |      7 |     18 |     11 |
| simulated_k53_l25_24   |                    - |                    - |                    0 |                    8 |                   16 |                   14 |                   14 |                   10 |                   11 |                   13 |                   15 |                   16 |                    7 |                   12 |                   10 |                    8 |                   12 |                   15 |                   16 |                    9 |                   13 |                    9 |                   17 |                   10 |                    9 |                    6 |                   10 |                   10 |                   13 |                   13 |                   14 |                    5 |                    9 |                    9 |                   10 |                   15 |                   14 |                   12 |                   15 |                   13 |                   13 |                   13 |                   13 |                   14 |                   15 |                    6 |                    5 |                   10 |                    10 |                    17 |                    17 |                     8 |                     8 |     9 |    16 |    12 |    12 |    15 |    14 |    15 |    15 |    13 |     14 |     10 |     13 |     14 |     14 |     11 |      9 |     11 |     11 |     10 |     11 |     10 |     10 |      9 |      8 |      6 |      7 |      7 |      8 |      8 |      7 |      7 |      7 |      6 |      6 |      7 |      7 |      7 |      7 |      7 |      7 |      7 |      7 |      7 |      7 |      7 |     20 |     11 |    10 |    12 |    12 |    15 |    15 |    15 |    15 |    14 |    14 |    10 |     12 |     14 |     14 |     11 |      9 |     11 |     11 |     10 |     11 |     10 |     10 |      9 |      8 |      6 |      7 |      7 |      8 |      8 |      7 |      7 |      7 |      6 |      6 |      7 |      7 |      7 |      7 |      7 |      7 |      7 |      7 |      7 |      7 |      7 |      7 |     18 |     11 |
| simulated_k53_l25_30   |                    - |                    - |                    - |                    0 |                   15 |                   17 |                   16 |                    6 |                   13 |                   17 |                   12 |                   12 |                   13 |                    8 |                    7 |                    3 |                   10 |                   12 |                   14 |                   11 |                   11 |                    7 |                   11 |                    8 |                   11 |                   10 |                   12 |                   12 |                   11 |                   11 |                    8 |                    7 |                   11 |                   11 |                   10 |                   18 |                   17 |                    5 |                    8 |                    9 |                    9 |                    7 |                    7 |                   10 |                   11 |                    8 |                    7 |                   12 |                    12 |                    13 |                    13 |                     6 |                     6 |     6 |    16 |     9 |    11 |    13 |    14 |    17 |    14 |    15 |     16 |     10 |     13 |     15 |     15 |     11 |      9 |     11 |     11 |     11 |     11 |      8 |      9 |      6 |      6 |      6 |      4 |      4 |      4 |      4 |      3 |      3 |      3 |      2 |      2 |      3 |      3 |      3 |      3 |      3 |      3 |      3 |      3 |      3 |      3 |      3 |     19 |      9 |     7 |     9 |    11 |    13 |    16 |    17 |    15 |    14 |    16 |    10 |     12 |     15 |     15 |     11 |      9 |     11 |     11 |     11 |     11 |      8 |      8 |      6 |      6 |      6 |      4 |      4 |      4 |      4 |      3 |      3 |      3 |      2 |      2 |      3 |      3 |      3 |      3 |      3 |      3 |      3 |      3 |      3 |      3 |      3 |      3 |     20 |      9 |
| simulated_k53_l25_36   |                    - |                    - |                    - |                    - |                    0 |                   19 |                   20 |                   17 |                   18 |                   15 |                    7 |                    7 |                   16 |                   13 |                   14 |                   14 |                   16 |                    7 |                    9 |                   19 |                    8 |                   15 |                   14 |                   13 |                   16 |                   15 |                   18 |                   17 |                   15 |                   16 |                   14 |                   16 |                   18 |                   17 |                   18 |                    5 |                    6 |                   13 |                   15 |                   12 |                   12 |                   13 |                   13 |                   14 |                   15 |                   15 |                   14 |                   19 |                    19 |                     8 |                     8 |                    15 |                    15 |    12 |    19 |    13 |    15 |    15 |    15 |    12 |    13 |    14 |     14 |     14 |     17 |     16 |     17 |     16 |     16 |     16 |     17 |     16 |     16 |     14 |     15 |     13 |     15 |     14 |     14 |     14 |     13 |     13 |     13 |     13 |     13 |     13 |     13 |     12 |     12 |     12 |     12 |     12 |     12 |     12 |     12 |     12 |     12 |     12 |     19 |     14 |    10 |    13 |    15 |    15 |    15 |    12 |    14 |    14 |    14 |    14 |     16 |     16 |     17 |     16 |     16 |     16 |     17 |     16 |     16 |     14 |     14 |     13 |     15 |     14 |     14 |     14 |     13 |     13 |     13 |     13 |     13 |     13 |     13 |     12 |     12 |     12 |     12 |     12 |     12 |     12 |     12 |     12 |     12 |     12 |     12 |     17 |     14 |
| simulated_k53_l25_37   |                    - |                    - |                    - |                    - |                    - |                    0 |                    4 |                   17 |                    9 |                   15 |                   20 |                   20 |                   13 |                   14 |                   15 |                   15 |                   16 |                   19 |                   20 |                   12 |                   17 |                   17 |                   18 |                   20 |                   15 |                   14 |                   12 |                   12 |                   17 |                   15 |                   17 |                   11 |                   14 |                   15 |                   14 |                   18 |                   17 |                   19 |                   17 |                   15 |                   15 |                   17 |                   17 |                   16 |                   16 |                   12 |                   13 |                   12 |                    12 |                    17 |                    17 |                    18 |                    18 |    15 |    20 |    14 |    14 |    18 |    17 |    15 |    16 |    17 |     17 |     13 |     16 |     13 |     12 |     16 |     16 |     17 |     16 |     15 |     15 |     16 |     16 |     17 |     17 |     16 |     17 |     17 |     16 |     16 |     16 |     16 |     16 |     16 |     16 |     15 |     15 |     15 |     15 |     15 |     15 |     15 |     15 |     15 |     15 |     15 |     22 |     13 |    13 |    14 |    14 |    18 |    18 |    15 |    16 |    18 |    17 |    13 |     15 |     13 |     12 |     16 |     16 |     17 |     16 |     15 |     15 |     16 |     16 |     17 |     17 |     16 |     17 |     17 |     16 |     16 |     16 |     16 |     16 |     16 |     16 |     15 |     15 |     15 |     15 |     15 |     15 |     15 |     15 |     15 |     15 |     15 |     15 |     19 |     13 |
| simulated_k53_l25_38   |                    - |                    - |                    - |                    - |                    - |                    - |                    0 |                   18 |                   11 |                   14 |                   19 |                   17 |                   13 |                   14 |                   16 |                   15 |                   17 |                   18 |                   21 |                   11 |                   16 |                   18 |                   19 |                   20 |                   13 |                   12 |                   14 |                   14 |                   16 |                   16 |                   16 |                    9 |                   15 |                   15 |                   14 |                   19 |                   18 |                   19 |                   19 |                   15 |                   15 |                   15 |                   15 |                   16 |                   17 |                   10 |                   11 |                   14 |                    14 |                    16 |                    16 |                    19 |                    19 |    14 |    19 |    12 |    15 |    18 |    18 |    16 |    17 |    18 |     18 |     14 |     17 |     15 |     15 |     17 |     17 |     17 |     17 |     14 |     15 |     16 |     15 |     16 |     16 |     16 |     17 |     17 |     16 |     16 |     15 |     15 |     15 |     14 |     14 |     13 |     13 |     13 |     13 |     13 |     13 |     13 |     13 |     13 |     13 |     13 |     22 |     13 |    13 |    12 |    15 |    18 |    18 |    16 |    17 |    19 |    18 |    14 |     16 |     15 |     15 |     17 |     17 |     17 |     17 |     14 |     15 |     16 |     16 |     16 |     16 |     16 |     17 |     17 |     16 |     16 |     15 |     15 |     15 |     14 |     14 |     13 |     13 |     13 |     13 |     13 |     13 |     13 |     13 |     13 |     13 |     13 |     13 |     19 |     13 |
| simulated_k53_l25_40   |                    - |                    - |                    - |                    - |                    - |                    - |                    - |                    0 |                   14 |                   16 |                   15 |                   15 |                   15 |                   14 |                    9 |                    7 |                    8 |                   16 |                   14 |                   11 |                   15 |                    7 |                   13 |                    8 |                   14 |                   13 |                   12 |                   14 |                   13 |                   12 |                   10 |                   11 |                    9 |                    9 |                   10 |                   18 |                   18 |                   11 |                   12 |                   11 |                   11 |                    9 |                    9 |                   11 |                   10 |                   12 |                   11 |                   14 |                    14 |                    16 |                    16 |                     6 |                     6 |    11 |    20 |    11 |    14 |    16 |    17 |    17 |    14 |    13 |     15 |     12 |     15 |     15 |     15 |     12 |     10 |     10 |     11 |     11 |     11 |      9 |     10 |      8 |      8 |      8 |      8 |      8 |      8 |      8 |      7 |      7 |      7 |      6 |      6 |      7 |      7 |      7 |      7 |      7 |      7 |      7 |      7 |      7 |      7 |      7 |     20 |     12 |    11 |    11 |    14 |    16 |    18 |    17 |    15 |    12 |    15 |    12 |     13 |     15 |     15 |     12 |     10 |     10 |     11 |     11 |     11 |      9 |      9 |      8 |      8 |      8 |      8 |      8 |      8 |      8 |      7 |      7 |      7 |      6 |      6 |      7 |      7 |      7 |      7 |      7 |      7 |      7 |      7 |      7 |      7 |      7 |      7 |     19 |     12 |
| simulated_k53_l25_45   |                    - |                    - |                    - |                    - |                    - |                    - |                    - |                    - |                    0 |                    8 |                   15 |                   15 |                   12 |                   13 |                   12 |                   11 |                   14 |                   16 |                   18 |                   10 |                   12 |                   14 |                   18 |                   15 |                   12 |                   11 |                   11 |                   11 |                   14 |                   14 |                   17 |                   10 |                   10 |                   12 |                    9 |                   15 |                   14 |                   15 |                   17 |                   16 |                   16 |                   16 |                   16 |                   15 |                   16 |                    9 |                   10 |                   11 |                    11 |                    12 |                    12 |                    15 |                    15 |    11 |    18 |    12 |    11 |    16 |    15 |    15 |    14 |    15 |     15 |     11 |     14 |     13 |     15 |     12 |     13 |     13 |     12 |     13 |     14 |     13 |     13 |     12 |     12 |     11 |     12 |     12 |     13 |     13 |     12 |     12 |     12 |     11 |     11 |     10 |     10 |     10 |     10 |     10 |     10 |     10 |     10 |     10 |     10 |     10 |     21 |     13 |    10 |    12 |    11 |    16 |    16 |    15 |    14 |    16 |    15 |    11 |     13 |     13 |     15 |     12 |     13 |     13 |     12 |     13 |     14 |     13 |     13 |     12 |     12 |     11 |     12 |     12 |     13 |     13 |     12 |     12 |     12 |     11 |     11 |     10 |     10 |     10 |     10 |     10 |     10 |     10 |     10 |     10 |     10 |     10 |     10 |     19 |     13 |
| simulated_k53_l25_46   |                    - |                    - |                    - |                    - |                    - |                    - |                    - |                    - |                    - |                    0 |                   14 |                   14 |                   15 |                   17 |                   17 |                   16 |                   15 |                   14 |                   17 |                   14 |                   11 |                   15 |                   20 |                   14 |                   15 |                   14 |                   13 |                   11 |                   14 |                   16 |                   21 |                   14 |                   12 |                   12 |                    9 |                   14 |                   13 |                   19 |                   19 |                   17 |                   17 |                   20 |                   20 |                   19 |                   19 |                   13 |                   14 |                   13 |                    13 |                    12 |                    12 |                    16 |                    16 |    14 |    19 |    14 |    14 |    16 |    17 |    16 |    15 |    16 |     14 |     15 |     18 |     15 |     17 |     13 |     15 |     16 |     15 |     14 |     15 |     14 |     15 |     15 |     15 |     15 |     16 |     16 |     15 |     15 |     16 |     16 |     16 |     15 |     15 |     14 |     14 |     14 |     14 |     14 |     14 |     14 |     14 |     14 |     14 |     14 |     20 |     15 |    12 |    14 |    14 |    16 |    17 |    16 |    16 |    17 |    14 |    15 |     17 |     15 |     17 |     13 |     15 |     16 |     15 |     14 |     15 |     14 |     14 |     15 |     15 |     15 |     16 |     16 |     15 |     15 |     16 |     16 |     16 |     15 |     15 |     14 |     14 |     14 |     14 |     14 |     14 |     14 |     14 |     14 |     14 |     14 |     14 |     16 |     15 |
| simulated_k53_l25_47   |                    - |                    - |                    - |                    - |                    - |                    - |                    - |                    - |                    - |                    - |                    0 |                    4 |                   17 |                   16 |                   15 |                   13 |                   19 |                    6 |                    8 |                   19 |                    3 |                   16 |                   16 |                   13 |                   15 |                   14 |                   15 |                   14 |                   17 |                   17 |                   15 |                   13 |                   16 |                   16 |                   15 |                    8 |                    7 |                   14 |                   17 |                   13 |                   13 |                   14 |                   14 |                   17 |                   18 |                   12 |                   11 |                   16 |                    16 |                     5 |                     5 |                    15 |                    15 |    12 |    19 |    12 |    14 |    16 |    15 |    13 |    14 |    13 |     16 |     13 |     16 |     16 |     17 |     15 |     17 |     17 |     17 |     17 |     17 |     16 |     15 |     14 |     13 |     13 |     11 |     11 |     10 |     10 |     11 |     11 |     11 |     10 |     10 |      9 |      9 |      9 |      9 |      9 |      9 |      9 |      9 |      9 |      9 |      9 |     19 |     12 |     9 |    12 |    14 |    16 |    15 |    13 |    15 |    14 |    16 |    13 |     16 |     16 |     17 |     15 |     17 |     17 |     17 |     17 |     17 |     16 |     16 |     14 |     13 |     13 |     11 |     11 |     10 |     10 |     11 |     11 |     11 |     10 |     10 |      9 |      9 |      9 |      9 |      9 |      9 |      9 |      9 |      9 |      9 |      9 |      9 |     18 |     12 |
| simulated_k53_l25_48   |                    - |                    - |                    - |                    - |                    - |                    - |                    - |                    - |                    - |                    - |                    - |                    0 |                   17 |                   14 |                   15 |                   13 |                   19 |                    8 |                   10 |                   17 |                    7 |                   13 |                   18 |                   13 |                   15 |                   14 |                   17 |                   16 |                   17 |                   17 |                   15 |                   13 |                   18 |                   18 |                   15 |                   10 |                    9 |                   14 |                   17 |                   15 |                   15 |                   14 |                   14 |                   17 |                   18 |                   10 |                   11 |                   16 |                    16 |                     5 |                     5 |                    14 |                    14 |    12 |    19 |    12 |    14 |    17 |    16 |    14 |    15 |    15 |     18 |     14 |     18 |     18 |     18 |     17 |     17 |     17 |     17 |     17 |     17 |     16 |     15 |     14 |     13 |     13 |     11 |     11 |     10 |     10 |     11 |     11 |     11 |     10 |     10 |      9 |      9 |      9 |      9 |      9 |      9 |      9 |      9 |      9 |      9 |      9 |     21 |     13 |    10 |    12 |    14 |    17 |    16 |    14 |    16 |    16 |    18 |    14 |     17 |     18 |     18 |     17 |     17 |     17 |     17 |     17 |     17 |     16 |     16 |     14 |     13 |     13 |     11 |     11 |     10 |     10 |     11 |     11 |     11 |     10 |     10 |      9 |      9 |      9 |      9 |      9 |      9 |      9 |      9 |      9 |      9 |      9 |      9 |     18 |     13 |
| simulated_k53_l25_50   |                    - |                    - |                    - |                    - |                    - |                    - |                    - |                    - |                    - |                    - |                    - |                    - |                    0 |                   15 |                   13 |                   13 |                   17 |                   17 |                   17 |                   12 |                   14 |                   14 |                   19 |                   16 |                    4 |                    5 |                   12 |                   13 |                   14 |                   14 |                   16 |                    6 |                   14 |                   16 |                   15 |                   13 |                   12 |                   17 |                   20 |                   16 |                   16 |                   15 |                   15 |                   16 |                   17 |                    9 |                    8 |                   13 |                    13 |                    18 |                    18 |                    15 |                    15 |    11 |    19 |    13 |    13 |    14 |    14 |    16 |    15 |    14 |     13 |     11 |     14 |     12 |     13 |     14 |     13 |     13 |     13 |     15 |     16 |     16 |     15 |     14 |     13 |     12 |     14 |     14 |     13 |     13 |     12 |     12 |     12 |     11 |     11 |     10 |     10 |     10 |     10 |     10 |     10 |     10 |     10 |     10 |     10 |     10 |     20 |     11 |    10 |    13 |    13 |    14 |    15 |    16 |    15 |    15 |    13 |    11 |     13 |     12 |     13 |     14 |     13 |     13 |     13 |     15 |     16 |     16 |     16 |     14 |     13 |     12 |     14 |     14 |     13 |     13 |     12 |     12 |     12 |     11 |     11 |     10 |     10 |     10 |     10 |     10 |     10 |     10 |     10 |     10 |     10 |     10 |     10 |     19 |     11 |
| simulated_k53_l25_52   |                    - |                    - |                    - |                    - |                    - |                    - |                    - |                    - |                    - |                    - |                    - |                    - |                    - |                    0 |                   11 |                    9 |                   12 |                   16 |                   17 |                   11 |                   13 |                   10 |                    7 |                   14 |                   13 |                   12 |                   14 |                   14 |                   11 |                   11 |                    6 |                    9 |                   13 |                   11 |                   12 |                   16 |                   17 |                    7 |                   10 |                    5 |                    5 |                    5 |                    5 |                    6 |                    7 |                    8 |                    9 |                   14 |                    14 |                    15 |                    15 |                    12 |                    12 |    10 |    19 |    12 |    14 |    17 |    14 |    14 |    13 |    14 |     14 |     10 |     13 |     13 |     12 |     12 |     10 |     13 |     13 |     12 |     12 |     11 |     11 |     10 |     11 |     11 |     10 |     10 |      9 |      9 |      9 |      9 |      9 |      8 |      8 |      9 |      9 |      9 |      9 |      9 |      9 |      9 |      9 |      9 |      9 |      9 |     20 |     13 |    11 |    12 |    14 |    17 |    14 |    14 |    14 |    14 |    14 |    10 |     12 |     13 |     12 |     12 |     10 |     13 |     13 |     12 |     12 |     11 |     11 |     10 |     11 |     11 |     10 |     10 |      9 |      9 |      9 |      9 |      9 |      8 |      8 |      9 |      9 |      9 |      9 |      9 |      9 |      9 |      9 |      9 |      9 |      9 |      9 |     17 |     13 |
| simulated_k53_l25_53   |                    - |                    - |                    - |                    - |                    - |                    - |                    - |                    - |                    - |                    - |                    - |                    - |                    - |                    - |                    0 |                    4 |                    9 |                   13 |                   13 |                   11 |                   14 |                   12 |                   12 |                   11 |                   11 |                   10 |                   13 |                   14 |                   11 |                   10 |                   11 |                   12 |                   12 |                   12 |                   13 |                   16 |                   15 |                    8 |                    9 |                   10 |                   10 |                   12 |                   12 |                   12 |                   13 |                   13 |                   12 |                   14 |                    14 |                    16 |                    16 |                     9 |                     9 |    11 |    19 |    12 |    13 |    14 |    14 |    16 |    14 |    15 |     14 |     12 |     13 |     13 |     12 |     12 |     10 |     10 |     11 |     11 |     11 |     10 |     11 |      8 |      8 |      8 |      9 |      9 |      9 |      9 |      8 |      8 |      8 |      7 |      7 |      8 |      8 |      8 |      8 |      8 |      8 |      8 |      8 |      8 |      8 |      8 |     19 |     12 |     8 |    12 |    13 |    14 |    16 |    16 |    16 |    13 |    14 |    12 |     12 |     13 |     12 |     12 |     10 |     10 |     11 |     11 |     11 |     10 |     10 |      8 |      8 |      8 |      9 |      9 |      9 |      9 |      8 |      8 |      8 |      7 |      7 |      8 |      8 |      8 |      8 |      8 |      8 |      8 |      8 |      8 |      8 |      8 |      8 |     17 |     12 |
| simulated_k53_l25_54   |                    - |                    - |                    - |                    - |                    - |                    - |                    - |                    - |                    - |                    - |                    - |                    - |                    - |                    - |                    - |                    0 |                    7 |                   11 |                   15 |                    9 |                   12 |                    8 |                   10 |                    9 |                   11 |                   10 |                   13 |                   13 |                   11 |                   12 |                    7 |                    8 |                   11 |                   12 |                   11 |                   16 |                   15 |                    4 |                    7 |                    8 |                    8 |                    8 |                    8 |                   11 |                   12 |                    9 |                    8 |                   13 |                    13 |                    14 |                    14 |                     7 |                     7 |     8 |    16 |    11 |    12 |    13 |    13 |    15 |    13 |    14 |     13 |     11 |     14 |     14 |     14 |     10 |      8 |     10 |     10 |     10 |     10 |      7 |      8 |      6 |      6 |      6 |      5 |      5 |      5 |      5 |      4 |      4 |      4 |      3 |      3 |      4 |      4 |      4 |      4 |      4 |      4 |      4 |      4 |      4 |      4 |      4 |     20 |     11 |     9 |    11 |    12 |    13 |    15 |    15 |    15 |    13 |    13 |    11 |     12 |     14 |     14 |     10 |      8 |     10 |     10 |     10 |     10 |      7 |      7 |      6 |      6 |      6 |      5 |      5 |      5 |      5 |      4 |      4 |      4 |      3 |      3 |      4 |      4 |      4 |      4 |      4 |      4 |      4 |      4 |      4 |      4 |      4 |      4 |     17 |     11 |
| simulated_k53_l25_56   |                    - |                    - |                    - |                    - |                    - |                    - |                    - |                    - |                    - |                    - |                    - |                    - |                    - |                    - |                    - |                    - |                    0 |                   17 |                   18 |                   11 |                   18 |                   11 |                   11 |                   12 |                   16 |                   16 |                   14 |                   14 |                   11 |                   11 |                   12 |                   14 |                   12 |                   12 |                   13 |                   18 |                   18 |                    9 |                    8 |                   11 |                   11 |                   13 |                   13 |                   13 |                   12 |                   15 |                   14 |                   14 |                    14 |                    19 |                    19 |                    10 |                    10 |    12 |    18 |    13 |    14 |    16 |    16 |    15 |    13 |    14 |     14 |     11 |     14 |     15 |     14 |     13 |     11 |     12 |     12 |     12 |     13 |     11 |     12 |     11 |     11 |     11 |     12 |     12 |     12 |     12 |     11 |     11 |     11 |     10 |     10 |     11 |     11 |     11 |     11 |     11 |     11 |     11 |     11 |     11 |     11 |     11 |     18 |     13 |    12 |    13 |    14 |    16 |    18 |    15 |    15 |    13 |    14 |    11 |     12 |     15 |     14 |     13 |     11 |     12 |     12 |     12 |     13 |     11 |     11 |     11 |     11 |     11 |     12 |     12 |     12 |     12 |     11 |     11 |     11 |     10 |     10 |     11 |     11 |     11 |     11 |     11 |     11 |     11 |     11 |     11 |     11 |     11 |     11 |     18 |     13 |
| simulated_k53_l25_57   |                    - |                    - |                    - |                    - |                    - |                    - |                    - |                    - |                    - |                    - |                    - |                    - |                    - |                    - |                    - |                    - |                    - |                    0 |                    6 |                   18 |                    7 |                   15 |                   17 |                   13 |                   16 |                   14 |                   17 |                   16 |                   16 |                   18 |                   16 |                   15 |                   18 |                   18 |                   18 |                   10 |                    9 |                   12 |                   15 |                   15 |                   15 |                   15 |                   15 |                   17 |                   18 |                   14 |                   13 |                   16 |                    16 |                     9 |                     9 |                    13 |                    13 |    12 |    19 |    13 |    15 |    15 |    16 |    13 |    15 |    16 |     16 |     15 |     17 |     17 |     18 |     17 |     15 |     16 |     16 |     14 |     14 |     12 |     13 |     11 |     11 |     11 |     12 |     12 |     12 |     12 |     13 |     13 |     13 |     12 |     12 |     11 |     11 |     11 |     11 |     11 |     11 |     11 |     11 |     11 |     11 |     11 |     17 |     13 |    10 |    13 |    15 |    15 |    16 |    13 |    16 |    15 |    16 |    15 |     17 |     17 |     18 |     17 |     15 |     16 |     16 |     14 |     14 |     12 |     12 |     11 |     11 |     11 |     12 |     12 |     12 |     12 |     13 |     13 |     13 |     12 |     12 |     11 |     11 |     11 |     11 |     11 |     11 |     11 |     11 |     11 |     11 |     11 |     11 |     19 |     13 |
| simulated_k53_l25_58   |                    - |                    - |                    - |                    - |                    - |                    - |                    - |                    - |                    - |                    - |                    - |                    - |                    - |                    - |                    - |                    - |                    - |                    - |                    0 |                   20 |                    9 |                   15 |                   18 |                   13 |                   18 |                   15 |                   17 |                   16 |                   16 |                   18 |                   18 |                   17 |                   17 |                   15 |                   17 |                   12 |                   13 |                   15 |                   15 |                   16 |                   16 |                   17 |                   17 |                   17 |                   18 |                   16 |                   15 |                   17 |                    17 |                     9 |                     9 |                    13 |                    13 |    12 |    20 |    12 |    14 |    14 |    15 |    15 |    15 |    15 |     17 |     15 |     17 |     15 |     16 |     17 |     15 |     16 |     16 |     16 |     16 |     15 |     16 |     12 |     14 |     13 |     13 |     13 |     14 |     14 |     14 |     14 |     14 |     14 |     14 |     13 |     13 |     13 |     13 |     13 |     13 |     13 |     13 |     13 |     13 |     13 |     21 |     14 |    10 |    12 |    14 |    14 |    16 |    15 |    15 |    14 |    17 |    15 |     17 |     15 |     16 |     17 |     15 |     16 |     16 |     16 |     16 |     15 |     15 |     12 |     14 |     13 |     13 |     13 |     14 |     14 |     14 |     14 |     14 |     14 |     14 |     13 |     13 |     13 |     13 |     13 |     13 |     13 |     13 |     13 |     13 |     13 |     13 |     16 |     14 |
| simulated_k53_l25_62   |                    - |                    - |                    - |                    - |                    - |                    - |                    - |                    - |                    - |                    - |                    - |                    - |                    - |                    - |                    - |                    - |                    - |                    - |                    - |                    0 |                   16 |                   10 |                   15 |                   13 |                   12 |                   13 |                   15 |                   15 |                    6 |                    8 |                   12 |                    8 |                    8 |                   10 |                    9 |                   16 |                   16 |                   12 |                   13 |                   12 |                   12 |                   12 |                   12 |                   11 |                   12 |                    7 |                    8 |                   15 |                    15 |                    18 |                    18 |                    11 |                    11 |    11 |    18 |    14 |    15 |    17 |    14 |    17 |    14 |    14 |     13 |     12 |     15 |     12 |     12 |     11 |     10 |     10 |     10 |     12 |     13 |     11 |     12 |     11 |     12 |     12 |     12 |     12 |     11 |     11 |     10 |     10 |     10 |      9 |      9 |     10 |     10 |     10 |     10 |     10 |     10 |     10 |     10 |     10 |     10 |     10 |     21 |     14 |    12 |    14 |    15 |    17 |    15 |    17 |    15 |    15 |    13 |    12 |     13 |     12 |     12 |     11 |     10 |     10 |     10 |     12 |     13 |     11 |     11 |     11 |     12 |     12 |     12 |     12 |     11 |     11 |     10 |     10 |     10 |      9 |      9 |     10 |     10 |     10 |     10 |     10 |     10 |     10 |     10 |     10 |     10 |     10 |     10 |     18 |     14 |
| simulated_k53_l25_64   |                    - |                    - |                    - |                    - |                    - |                    - |                    - |                    - |                    - |                    - |                    - |                    - |                    - |                    - |                    - |                    - |                    - |                    - |                    - |                    - |                    0 |                   16 |                   16 |                   13 |                   12 |                   11 |                   13 |                   11 |                   14 |                   16 |                   15 |                   10 |                   13 |                   13 |                   12 |                    7 |                    6 |                   13 |                   16 |                   12 |                   12 |                   14 |                   14 |                   17 |                   18 |                    9 |                    8 |                   13 |                    13 |                     4 |                     4 |                    15 |                    15 |    10 |    19 |    12 |    13 |    15 |    15 |    13 |    14 |    14 |     16 |     12 |     15 |     15 |     16 |     12 |     14 |     14 |     14 |     14 |     15 |     15 |     14 |     13 |     12 |     12 |     10 |     10 |      9 |      9 |     10 |     10 |     10 |      9 |      9 |      8 |      8 |      8 |      8 |      8 |      8 |      8 |      8 |      8 |      8 |      8 |     21 |     13 |     9 |    12 |    13 |    15 |    15 |    13 |    15 |    14 |    16 |    12 |     14 |     15 |     16 |     12 |     14 |     14 |     14 |     14 |     15 |     15 |     15 |     13 |     12 |     12 |     10 |     10 |      9 |      9 |     10 |     10 |     10 |      9 |      9 |      8 |      8 |      8 |      8 |      8 |      8 |      8 |      8 |      8 |      8 |      8 |      8 |     18 |     13 |
| simulated_k53_l25_66   |                    - |                    - |                    - |                    - |                    - |                    - |                    - |                    - |                    - |                    - |                    - |                    - |                    - |                    - |                    - |                    - |                    - |                    - |                    - |                    - |                    - |                    0 |                   13 |                    5 |                   13 |                   13 |                   16 |                   16 |                   14 |                   12 |                   12 |                   12 |                   10 |                   10 |                    9 |                   18 |                   18 |                   11 |                   14 |                    9 |                    9 |                   11 |                   11 |                   12 |                   13 |                   11 |                   12 |                   16 |                    16 |                    14 |                    14 |                     3 |                     3 |    12 |    19 |    13 |    14 |    16 |    17 |    17 |    15 |    14 |     16 |     12 |     15 |     16 |     16 |     12 |     10 |     11 |     10 |     10 |     10 |      8 |      9 |      8 |      8 |      8 |      7 |      7 |      7 |      7 |      8 |      8 |      8 |      7 |      7 |      8 |      8 |      8 |      8 |      8 |      8 |      8 |      8 |      8 |      8 |      8 |     20 |     11 |    11 |    13 |    14 |    16 |    18 |    17 |    16 |    13 |    16 |    12 |     13 |     16 |     16 |     12 |     10 |     11 |     10 |     10 |     10 |      8 |      8 |      8 |      8 |      8 |      7 |      7 |      7 |      7 |      8 |      8 |      8 |      7 |      7 |      8 |      8 |      8 |      8 |      8 |      8 |      8 |      8 |      8 |      8 |      8 |      8 |     20 |     11 |
| simulated_k53_l25_68   |                    - |                    - |                    - |                    - |                    - |                    - |                    - |                    - |                    - |                    - |                    - |                    - |                    - |                    - |                    - |                    - |                    - |                    - |                    - |                    - |                    - |                    - |                    0 |                   15 |                   17 |                   16 |                   15 |                   16 |                   13 |                   14 |                    3 |                   14 |                   15 |                   14 |                   16 |                   19 |                   19 |                    8 |                   11 |                    6 |                    6 |                    4 |                    4 |                    5 |                    6 |                   15 |                   14 |                   17 |                    17 |                    18 |                    18 |                    13 |                    13 |    14 |    21 |    13 |    15 |    17 |    15 |    13 |    13 |    13 |     14 |     10 |     13 |     14 |     14 |     14 |     12 |     15 |     15 |     15 |     15 |     12 |     12 |     13 |     14 |     14 |     13 |     13 |     12 |     12 |     12 |     12 |     12 |     11 |     11 |     12 |     12 |     12 |     12 |     12 |     12 |     12 |     12 |     12 |     12 |     12 |     16 |     13 |    12 |    13 |    15 |    17 |    16 |    13 |    14 |    14 |    14 |    10 |     12 |     14 |     14 |     14 |     12 |     15 |     15 |     15 |     15 |     12 |     12 |     13 |     14 |     14 |     13 |     13 |     12 |     12 |     12 |     12 |     12 |     11 |     11 |     12 |     12 |     12 |     12 |     12 |     12 |     12 |     12 |     12 |     12 |     12 |     12 |     18 |     13 |
| simulated_k53_l25_72   |                    - |                    - |                    - |                    - |                    - |                    - |                    - |                    - |                    - |                    - |                    - |                    - |                    - |                    - |                    - |                    - |                    - |                    - |                    - |                    - |                    - |                    - |                    - |                    0 |                   14 |                   14 |                   13 |                   13 |                   15 |                   13 |                   14 |                   13 |                   11 |                   11 |                   10 |                   15 |                   15 |                   13 |                   14 |                   11 |                   11 |                   13 |                   13 |                   13 |                   14 |                   13 |                   12 |                   12 |                    12 |                    13 |                    13 |                     2 |                     2 |    11 |    18 |    13 |    12 |    14 |    15 |    15 |    14 |    13 |     15 |     11 |     14 |     14 |     16 |     14 |     11 |     13 |     12 |     11 |     11 |      9 |     10 |      7 |      8 |      8 |      8 |      8 |      8 |      8 |      9 |      9 |      9 |      8 |      8 |      9 |      9 |      9 |      9 |      9 |      9 |      9 |      9 |      9 |      9 |      9 |     19 |     11 |    10 |    13 |    12 |    14 |    16 |    15 |    15 |    12 |    15 |    11 |     13 |     14 |     16 |     14 |     11 |     13 |     12 |     11 |     11 |      9 |      9 |      7 |      8 |      8 |      8 |      8 |      8 |      8 |      9 |      9 |      9 |      8 |      8 |      9 |      9 |      9 |      9 |      9 |      9 |      9 |      9 |      9 |      9 |      9 |      9 |     19 |     11 |
| simulated_k53_l25_73   |                    - |                    - |                    - |                    - |                    - |                    - |                    - |                    - |                    - |                    - |                    - |                    - |                    - |                    - |                    - |                    - |                    - |                    - |                    - |                    - |                    - |                    - |                    - |                    - |                    0 |                    3 |                   11 |                   11 |                   12 |                   13 |                   14 |                    6 |                   12 |                   12 |                   13 |                   13 |                   12 |                   15 |                   18 |                   14 |                   14 |                   13 |                   13 |                   12 |                   13 |                    9 |                    8 |                   11 |                    11 |                    16 |                    16 |                    12 |                    12 |    10 |    18 |    12 |    12 |    13 |    13 |    14 |    11 |    11 |     12 |      7 |     11 |     12 |     12 |     13 |     12 |     11 |     11 |     12 |     13 |     13 |     12 |     13 |     12 |     12 |     12 |     12 |     11 |     11 |     10 |     10 |     10 |      9 |      9 |      8 |      8 |      8 |      8 |      8 |      8 |      8 |      8 |      8 |      8 |      8 |     20 |     11 |     9 |    12 |    12 |    13 |    14 |    14 |    12 |    12 |    12 |     7 |     10 |     12 |     12 |     13 |     12 |     11 |     11 |     12 |     13 |     13 |     13 |     13 |     12 |     12 |     12 |     12 |     11 |     11 |     10 |     10 |     10 |      9 |      9 |      8 |      8 |      8 |      8 |      8 |      8 |      8 |      8 |      8 |      8 |      8 |      8 |     17 |     11 |
| simulated_k53_l25_74   |                    - |                    - |                    - |                    - |                    - |                    - |                    - |                    - |                    - |                    - |                    - |                    - |                    - |                    - |                    - |                    - |                    - |                    - |                    - |                    - |                    - |                    - |                    - |                    - |                    - |                    0 |                   10 |                   12 |                   13 |                   13 |                   13 |                    5 |                   13 |                   13 |                   12 |                   14 |                   13 |                   14 |                   17 |                   13 |                   13 |                   12 |                   12 |                   13 |                   14 |                    8 |                    7 |                   12 |                    12 |                    15 |                    15 |                    12 |                    12 |     9 |    19 |    12 |    12 |    13 |    13 |    14 |    12 |    12 |     13 |      8 |     12 |     13 |     13 |     14 |     12 |     11 |     11 |     12 |     12 |     13 |     13 |     10 |      9 |      9 |     11 |     11 |     10 |     10 |      9 |      9 |      9 |      8 |      8 |      7 |      7 |      7 |      7 |      7 |      7 |      7 |      7 |      7 |      7 |      7 |     20 |     11 |     9 |    12 |    12 |    13 |    14 |    14 |    12 |    13 |    13 |     8 |     10 |     13 |     13 |     14 |     12 |     11 |     11 |     12 |     12 |     13 |     13 |     10 |      9 |      9 |     11 |     11 |     10 |     10 |      9 |      9 |      9 |      8 |      8 |      7 |      7 |      7 |      7 |      7 |      7 |      7 |      7 |      7 |      7 |      7 |      7 |     17 |     11 |
| simulated_k53_l25_75   |                    - |                    - |                    - |                    - |                    - |                    - |                    - |                    - |                    - |                    - |                    - |                    - |                    - |                    - |                    - |                    - |                    - |                    - |                    - |                    - |                    - |                    - |                    - |                    - |                    - |                    - |                    0 |                    2 |                   14 |                   13 |                   12 |                    9 |                    9 |                    9 |                   10 |                   15 |                   15 |                   17 |                   18 |                   13 |                   13 |                   11 |                   11 |                   12 |                   13 |                   12 |                   11 |                    2 |                     2 |                    16 |                    16 |                    13 |                    13 |    12 |    19 |    13 |    12 |    15 |    13 |    14 |    13 |    12 |     13 |      7 |     10 |     11 |     11 |     11 |     11 |     13 |     12 |     11 |     12 |     13 |     13 |     14 |     13 |     12 |     11 |     11 |     12 |     12 |     11 |     11 |     11 |     10 |     10 |     11 |     11 |     11 |     11 |     11 |     11 |     11 |     11 |     11 |     11 |     11 |     20 |     13 |    11 |    13 |    12 |    15 |    14 |    14 |    13 |    12 |    13 |     7 |      9 |     11 |     11 |     11 |     11 |     13 |     12 |     11 |     12 |     13 |     13 |     14 |     13 |     12 |     11 |     11 |     12 |     12 |     11 |     11 |     11 |     10 |     10 |     11 |     11 |     11 |     11 |     11 |     11 |     11 |     11 |     11 |     11 |     11 |     11 |     19 |     13 |
| simulated_k53_l25_76   |                    - |                    - |                    - |                    - |                    - |                    - |                    - |                    - |                    - |                    - |                    - |                    - |                    - |                    - |                    - |                    - |                    - |                    - |                    - |                    - |                    - |                    - |                    - |                    - |                    - |                    - |                    - |                    0 |                   12 |                   15 |                   14 |                    9 |                    9 |                    9 |                   10 |                   14 |                   14 |                   17 |                   16 |                   13 |                   13 |                   13 |                   13 |                   14 |                   15 |                   12 |                   11 |                    2 |                     2 |                    14 |                    14 |                    13 |                    13 |    12 |    18 |    13 |    12 |    15 |    13 |    14 |    12 |    11 |     12 |      7 |     10 |     12 |     12 |     11 |     11 |     13 |     12 |     11 |     12 |     13 |     13 |     14 |     13 |     12 |     11 |     11 |     12 |     12 |     11 |     11 |     11 |     10 |     10 |     11 |     11 |     11 |     11 |     11 |     11 |     11 |     11 |     11 |     11 |     11 |     20 |     12 |    11 |    13 |    12 |    15 |    14 |    14 |    12 |    12 |    12 |     7 |     10 |     12 |     12 |     11 |     11 |     13 |     12 |     11 |     12 |     13 |     13 |     14 |     13 |     12 |     11 |     11 |     12 |     12 |     11 |     11 |     11 |     10 |     10 |     11 |     11 |     11 |     11 |     11 |     11 |     11 |     11 |     11 |     11 |     11 |     11 |     18 |     12 |
| simulated_k53_l25_77   |                    - |                    - |                    - |                    - |                    - |                    - |                    - |                    - |                    - |                    - |                    - |                    - |                    - |                    - |                    - |                    - |                    - |                    - |                    - |                    - |                    - |                    - |                    - |                    - |                    - |                    - |                    - |                    - |                    0 |                    4 |                   12 |                   12 |                   10 |                   10 |                   11 |                   12 |                   12 |                   12 |                   11 |                   14 |                   14 |                   12 |                   12 |                   11 |                   12 |                   13 |                   12 |                   14 |                    14 |                    16 |                    16 |                    13 |                    13 |    12 |    18 |    14 |    15 |    15 |    13 |    17 |    15 |    15 |     13 |     12 |     14 |     12 |     10 |     11 |     10 |     10 |     10 |     11 |     12 |     12 |     13 |     12 |     12 |     12 |     12 |     12 |     11 |     11 |     12 |     12 |     12 |     11 |     11 |     12 |     12 |     12 |     12 |     12 |     12 |     12 |     12 |     12 |     12 |     12 |     20 |     14 |    11 |    14 |    15 |    15 |    14 |    17 |    16 |    16 |    13 |    12 |     12 |     12 |     10 |     11 |     10 |     10 |     10 |     11 |     12 |     12 |     12 |     12 |     12 |     12 |     12 |     12 |     11 |     11 |     12 |     12 |     12 |     11 |     11 |     12 |     12 |     12 |     12 |     12 |     12 |     12 |     12 |     12 |     12 |     12 |     12 |     18 |     14 |
| simulated_k53_l25_78   |                    - |                    - |                    - |                    - |                    - |                    - |                    - |                    - |                    - |                    - |                    - |                    - |                    - |                    - |                    - |                    - |                    - |                    - |                    - |                    - |                    - |                    - |                    - |                    - |                    - |                    - |                    - |                    - |                    - |                    0 |                   11 |                   12 |                   10 |                   10 |                    9 |                   15 |                   14 |                   11 |                   14 |                   14 |                   14 |                   11 |                   11 |                   10 |                   11 |                   13 |                   12 |                   15 |                    15 |                    18 |                    18 |                    11 |                    11 |    11 |    17 |    12 |    13 |    15 |    13 |    17 |    15 |    13 |     14 |     12 |     13 |     13 |     11 |     13 |     11 |     11 |     11 |     10 |     11 |     11 |     12 |     11 |     12 |     12 |     12 |     12 |     11 |     11 |     12 |     12 |     12 |     11 |     11 |     12 |     12 |     12 |     12 |     12 |     12 |     12 |     12 |     12 |     12 |     12 |     20 |     14 |     9 |    12 |    13 |    15 |    14 |    17 |    15 |    15 |    14 |    12 |     13 |     13 |     11 |     13 |     11 |     11 |     11 |     10 |     11 |     11 |     11 |     11 |     12 |     12 |     12 |     12 |     11 |     11 |     12 |     12 |     12 |     11 |     11 |     12 |     12 |     12 |     12 |     12 |     12 |     12 |     12 |     12 |     12 |     12 |     12 |     19 |     14 |
| simulated_k53_l25_80   |                    - |                    - |                    - |                    - |                    - |                    - |                    - |                    - |                    - |                    - |                    - |                    - |                    - |                    - |                    - |                    - |                    - |                    - |                    - |                    - |                    - |                    - |                    - |                    - |                    - |                    - |                    - |                    - |                    - |                    - |                    0 |                   11 |                   14 |                   14 |                   16 |                   19 |                   18 |                    5 |                    8 |                    5 |                    5 |                    1 |                    1 |                    4 |                    5 |                   12 |                   11 |                   14 |                    14 |                    17 |                    17 |                    12 |                    12 |    12 |    19 |    13 |    15 |    16 |    14 |    15 |    14 |    14 |     14 |     10 |     13 |     14 |     13 |     13 |     11 |     13 |     13 |     13 |     13 |     10 |     10 |     11 |     11 |     11 |     10 |     10 |      9 |      9 |      9 |      9 |      9 |      8 |      8 |      9 |      9 |      9 |      9 |      9 |      9 |      9 |      9 |      9 |      9 |      9 |     18 |     13 |    11 |    13 |    15 |    16 |    15 |    15 |    14 |    15 |    14 |    10 |     12 |     14 |     13 |     13 |     11 |     13 |     13 |     13 |     13 |     10 |     10 |     11 |     11 |     11 |     10 |     10 |      9 |      9 |      9 |      9 |      9 |      8 |      8 |      9 |      9 |      9 |      9 |      9 |      9 |      9 |      9 |      9 |      9 |      9 |      9 |     18 |     13 |
| simulated_k53_l25_82   |                    - |                    - |                    - |                    - |                    - |                    - |                    - |                    - |                    - |                    - |                    - |                    - |                    - |                    - |                    - |                    - |                    - |                    - |                    - |                    - |                    - |                    - |                    - |                    - |                    - |                    - |                    - |                    - |                    - |                    - |                    - |                    0 |                   10 |                   10 |                    9 |                   15 |                   14 |                   12 |                   15 |                   10 |                   10 |                   10 |                   10 |                   11 |                   12 |                    3 |                    2 |                    9 |                     9 |                    14 |                    14 |                    11 |                    11 |     7 |    17 |    11 |    11 |    13 |    13 |    14 |    12 |    13 |     15 |      8 |     13 |     14 |     13 |     12 |     11 |     11 |     11 |     11 |     12 |     11 |     10 |      9 |      8 |      8 |      8 |      8 |      7 |      7 |      6 |      6 |      6 |      5 |      5 |      4 |      4 |      4 |      4 |      4 |      4 |      4 |      4 |      4 |      4 |      4 |     20 |     10 |     9 |    11 |    11 |    13 |    15 |    14 |    12 |    14 |    15 |     8 |     12 |     14 |     13 |     12 |     11 |     11 |     11 |     11 |     12 |     11 |     11 |      9 |      8 |      8 |      8 |      8 |      7 |      7 |      6 |      6 |      6 |      5 |      5 |      4 |      4 |      4 |      4 |      4 |      4 |      4 |      4 |      4 |      4 |      4 |      4 |     18 |     10 |
| simulated_k53_l25_84   |                    - |                    - |                    - |                    - |                    - |                    - |                    - |                    - |                    - |                    - |                    - |                    - |                    - |                    - |                    - |                    - |                    - |                    - |                    - |                    - |                    - |                    - |                    - |                    - |                    - |                    - |                    - |                    - |                    - |                    - |                    - |                    - |                    0 |                    4 |                    3 |                   14 |                   14 |                   14 |                   15 |                   12 |                   12 |                   14 |                   14 |                   13 |                   14 |                   11 |                   10 |                    9 |                     9 |                    16 |                    16 |                     9 |                     9 |    11 |    18 |    11 |    12 |    16 |    14 |    15 |    14 |    13 |     15 |     10 |     12 |     11 |     11 |      8 |      7 |      8 |      8 |      9 |     10 |     11 |     11 |     10 |     10 |      9 |      8 |      8 |      9 |      9 |     10 |     10 |     10 |      9 |      9 |     10 |     10 |     10 |     10 |     10 |     10 |     10 |     10 |     10 |     10 |     10 |     20 |     11 |    10 |    11 |    12 |    16 |    15 |    15 |    15 |    14 |    15 |    10 |     12 |     11 |     11 |      8 |      7 |      8 |      8 |      9 |     10 |     11 |     11 |     10 |     10 |      9 |      8 |      8 |      9 |      9 |     10 |     10 |     10 |      9 |      9 |     10 |     10 |     10 |     10 |     10 |     10 |     10 |     10 |     10 |     10 |     10 |     10 |     18 |     11 |
| simulated_k53_l25_85   |                    - |                    - |                    - |                    - |                    - |                    - |                    - |                    - |                    - |                    - |                    - |                    - |                    - |                    - |                    - |                    - |                    - |                    - |                    - |                    - |                    - |                    - |                    - |                    - |                    - |                    - |                    - |                    - |                    - |                    - |                    - |                    - |                    - |                    0 |                    3 |                   16 |                   16 |                   13 |                   15 |                   11 |                   11 |                   13 |                   13 |                   12 |                   13 |                   11 |                   10 |                    9 |                     9 |                    16 |                    16 |                     9 |                     9 |    10 |    18 |    12 |    13 |    15 |    14 |    15 |    14 |    13 |     15 |     11 |     13 |     11 |     11 |     10 |      9 |     11 |     10 |      8 |      9 |     11 |     11 |     10 |     10 |      9 |      8 |      8 |      9 |      9 |     10 |     10 |     10 |      9 |      9 |     10 |     10 |     10 |     10 |     10 |     10 |     10 |     10 |     10 |     10 |     10 |     21 |     12 |    11 |    12 |    13 |    15 |    15 |    15 |    15 |    14 |    15 |    11 |     13 |     11 |     11 |     10 |      9 |     11 |     10 |      8 |      9 |     11 |     11 |     10 |     10 |      9 |      8 |      8 |      9 |      9 |     10 |     10 |     10 |      9 |      9 |     10 |     10 |     10 |     10 |     10 |     10 |     10 |     10 |     10 |     10 |     10 |     10 |     18 |     12 |
| simulated_k53_l25_86   |                    - |                    - |                    - |                    - |                    - |                    - |                    - |                    - |                    - |                    - |                    - |                    - |                    - |                    - |                    - |                    - |                    - |                    - |                    - |                    - |                    - |                    - |                    - |                    - |                    - |                    - |                    - |                    - |                    - |                    - |                    - |                    - |                    - |                    - |                    0 |                   16 |                   15 |                   15 |                   16 |                   12 |                   12 |                   15 |                   15 |                   14 |                   15 |                    8 |                    9 |                   10 |                    10 |                    13 |                    13 |                     8 |                     8 |    10 |    18 |    11 |    13 |    16 |    15 |    16 |    15 |    14 |     16 |     11 |     13 |     12 |     12 |      9 |      8 |     11 |     11 |      9 |     10 |     10 |     11 |     10 |     10 |     10 |      9 |      9 |      8 |      8 |      9 |      9 |      9 |      8 |      8 |      9 |      9 |      9 |      9 |      9 |      9 |      9 |      9 |      9 |      9 |      9 |     21 |     13 |    10 |    11 |    13 |    16 |    16 |    16 |    16 |    15 |    16 |    11 |     13 |     12 |     12 |      9 |      8 |     11 |     11 |      9 |     10 |     10 |     10 |     10 |     10 |     10 |      9 |      9 |      8 |      8 |      9 |      9 |      9 |      8 |      8 |      9 |      9 |      9 |      9 |      9 |      9 |      9 |      9 |      9 |      9 |      9 |      9 |     19 |     13 |
| simulated_k53_l25_87   |                    - |                    - |                    - |                    - |                    - |                    - |                    - |                    - |                    - |                    - |                    - |                    - |                    - |                    - |                    - |                    - |                    - |                    - |                    - |                    - |                    - |                    - |                    - |                    - |                    - |                    - |                    - |                    - |                    - |                    - |                    - |                    - |                    - |                    - |                    - |                    0 |                    1 |                   17 |                   17 |                   15 |                   15 |                   18 |                   18 |                   17 |                   18 |                   14 |                   13 |                   16 |                    16 |                     9 |                     9 |                    17 |                    17 |    13 |    18 |    14 |    14 |    14 |    13 |    13 |    15 |    15 |     14 |     15 |     17 |     13 |     14 |     14 |     14 |     15 |     15 |     16 |     17 |     16 |     17 |     15 |     17 |     16 |     17 |     17 |     16 |     16 |     16 |     16 |     16 |     16 |     16 |     15 |     15 |     15 |     15 |     15 |     15 |     15 |     15 |     15 |     15 |     15 |     20 |     16 |    11 |    14 |    14 |    14 |    13 |    13 |    15 |    16 |    14 |    15 |     16 |     13 |     14 |     14 |     14 |     15 |     15 |     16 |     17 |     16 |     16 |     15 |     17 |     16 |     17 |     17 |     16 |     16 |     16 |     16 |     16 |     16 |     16 |     15 |     15 |     15 |     15 |     15 |     15 |     15 |     15 |     15 |     15 |     15 |     15 |     19 |     16 |
| simulated_k53_l25_88   |                    - |                    - |                    - |                    - |                    - |                    - |                    - |                    - |                    - |                    - |                    - |                    - |                    - |                    - |                    - |                    - |                    - |                    - |                    - |                    - |                    - |                    - |                    - |                    - |                    - |                    - |                    - |                    - |                    - |                    - |                    - |                    - |                    - |                    - |                    - |                    - |                    0 |                   16 |                   17 |                   16 |                   16 |                   17 |                   17 |                   18 |                   19 |                   13 |                   12 |                   16 |                    16 |                     8 |                     8 |                    17 |                    17 |    13 |    18 |    14 |    14 |    14 |    14 |    13 |    15 |    15 |     14 |     14 |     17 |     13 |     14 |     15 |     14 |     15 |     15 |     16 |     17 |     16 |     16 |     16 |     16 |     15 |     16 |     16 |     15 |     15 |     15 |     15 |     15 |     15 |     15 |     14 |     14 |     14 |     14 |     14 |     14 |     14 |     14 |     14 |     14 |     14 |     20 |     16 |    11 |    14 |    14 |    14 |    14 |    13 |    15 |    16 |    14 |    14 |     16 |     13 |     14 |     15 |     14 |     15 |     15 |     16 |     17 |     16 |     16 |     16 |     16 |     15 |     16 |     16 |     15 |     15 |     15 |     15 |     15 |     15 |     15 |     14 |     14 |     14 |     14 |     14 |     14 |     14 |     14 |     14 |     14 |     14 |     14 |     19 |     16 |
| simulated_k53_l25_89   |                    - |                    - |                    - |                    - |                    - |                    - |                    - |                    - |                    - |                    - |                    - |                    - |                    - |                    - |                    - |                    - |                    - |                    - |                    - |                    - |                    - |                    - |                    - |                    - |                    - |                    - |                    - |                    - |                    - |                    - |                    - |                    - |                    - |                    - |                    - |                    - |                    - |                    0 |                    3 |                    8 |                    8 |                    6 |                    6 |                    9 |                   10 |                   11 |                   10 |                   17 |                    17 |                    15 |                    15 |                    11 |                    11 |    10 |    17 |    12 |    12 |    14 |    12 |    14 |    16 |    17 |     16 |     14 |     16 |     15 |     15 |     13 |     11 |     13 |     13 |     13 |     13 |     10 |     11 |      9 |      9 |      9 |      8 |      8 |      8 |      8 |      8 |      8 |      8 |      7 |      7 |      8 |      8 |      8 |      8 |      8 |      8 |      8 |      8 |      8 |      8 |      8 |     19 |     11 |    11 |    12 |    12 |    14 |    13 |    14 |    17 |    16 |    16 |    14 |     15 |     15 |     15 |     13 |     11 |     13 |     13 |     13 |     13 |     10 |     10 |      9 |      9 |      9 |      8 |      8 |      8 |      8 |      8 |      8 |      8 |      7 |      7 |      8 |      8 |      8 |      8 |      8 |      8 |      8 |      8 |      8 |      8 |      8 |      8 |     20 |     11 |
| simulated_k53_l25_90   |                    - |                    - |                    - |                    - |                    - |                    - |                    - |                    - |                    - |                    - |                    - |                    - |                    - |                    - |                    - |                    - |                    - |                    - |                    - |                    - |                    - |                    - |                    - |                    - |                    - |                    - |                    - |                    - |                    - |                    - |                    - |                    - |                    - |                    - |                    - |                    - |                    - |                    - |                    0 |                   11 |                   11 |                    9 |                    9 |                   12 |                   11 |                   14 |                   13 |                   18 |                    18 |                    15 |                    15 |                    12 |                    12 |    12 |    17 |    13 |    14 |    15 |    13 |    15 |    17 |    18 |     16 |     16 |     18 |     17 |     17 |     16 |     12 |     15 |     15 |     15 |     15 |     12 |     13 |     10 |     12 |     12 |     11 |     11 |     11 |     11 |     11 |     11 |     11 |     10 |     10 |     11 |     11 |     11 |     11 |     11 |     11 |     11 |     11 |     11 |     11 |     11 |     20 |     10 |    12 |    13 |    14 |    15 |    14 |    15 |    18 |    17 |    16 |    16 |     17 |     17 |     17 |     16 |     12 |     15 |     15 |     15 |     15 |     12 |     12 |     10 |     12 |     12 |     11 |     11 |     11 |     11 |     11 |     11 |     11 |     10 |     10 |     11 |     11 |     11 |     11 |     11 |     11 |     11 |     11 |     11 |     11 |     11 |     11 |     20 |     10 |
| simulated_k53_l25_91   |                    - |                    - |                    - |                    - |                    - |                    - |                    - |                    - |                    - |                    - |                    - |                    - |                    - |                    - |                    - |                    - |                    - |                    - |                    - |                    - |                    - |                    - |                    - |                    - |                    - |                    - |                    - |                    - |                    - |                    - |                    - |                    - |                    - |                    - |                    - |                    - |                    - |                    - |                    - |                    0 |                    0 |                    4 |                    4 |                    5 |                    6 |                   11 |                   10 |                   13 |                    13 |                    14 |                    14 |                     9 |                     9 |    12 |    18 |    11 |    14 |    16 |    14 |    12 |    11 |    12 |     13 |      7 |     10 |     10 |      9 |      9 |      9 |     12 |     12 |     11 |     11 |      8 |      8 |      9 |     10 |     10 |      9 |      9 |      8 |      8 |      8 |      8 |      8 |      7 |      7 |      8 |      8 |      8 |      8 |      8 |      8 |      8 |      8 |      8 |      8 |      8 |     17 |     11 |    10 |    11 |    14 |    16 |    14 |    12 |    12 |    12 |    13 |     7 |      9 |     10 |      9 |      9 |      9 |     12 |     12 |     11 |     11 |      8 |      8 |      9 |     10 |     10 |      9 |      9 |      8 |      8 |      8 |      8 |      8 |      7 |      7 |      8 |      8 |      8 |      8 |      8 |      8 |      8 |      8 |      8 |      8 |      8 |      8 |     15 |     11 |
| simulated_k53_l25_92   |                    - |                    - |                    - |                    - |                    - |                    - |                    - |                    - |                    - |                    - |                    - |                    - |                    - |                    - |                    - |                    - |                    - |                    - |                    - |                    - |                    - |                    - |                    - |                    - |                    - |                    - |                    - |                    - |                    - |                    - |                    - |                    - |                    - |                    - |                    - |                    - |                    - |                    - |                    - |                    - |                    0 |                    4 |                    4 |                    5 |                    6 |                   11 |                   10 |                   13 |                    13 |                    14 |                    14 |                     9 |                     9 |    12 |    18 |    11 |    14 |    16 |    14 |    12 |    11 |    12 |     13 |      7 |     10 |     10 |      9 |      9 |      9 |     12 |     12 |     11 |     11 |      8 |      8 |      9 |     10 |     10 |      9 |      9 |      8 |      8 |      8 |      8 |      8 |      7 |      7 |      8 |      8 |      8 |      8 |      8 |      8 |      8 |      8 |      8 |      8 |      8 |     17 |     11 |    10 |    11 |    14 |    16 |    14 |    12 |    12 |    12 |    13 |     7 |      9 |     10 |      9 |      9 |      9 |     12 |     12 |     11 |     11 |      8 |      8 |      9 |     10 |     10 |      9 |      9 |      8 |      8 |      8 |      8 |      8 |      7 |      7 |      8 |      8 |      8 |      8 |      8 |      8 |      8 |      8 |      8 |      8 |      8 |      8 |     15 |     11 |
| simulated_k53_l25_93   |                    - |                    - |                    - |                    - |                    - |                    - |                    - |                    - |                    - |                    - |                    - |                    - |                    - |                    - |                    - |                    - |                    - |                    - |                    - |                    - |                    - |                    - |                    - |                    - |                    - |                    - |                    - |                    - |                    - |                    - |                    - |                    - |                    - |                    - |                    - |                    - |                    - |                    - |                    - |                    - |                    - |                    0 |                    0 |                    3 |                    4 |                   11 |                   10 |                   13 |                    13 |                    16 |                    16 |                    11 |                    11 |    11 |    18 |    12 |    15 |    17 |    15 |    15 |    14 |    14 |     14 |      9 |     12 |     13 |     12 |     12 |     11 |     13 |     13 |     12 |     12 |      9 |      9 |     10 |     10 |     10 |      9 |      9 |      8 |      8 |      8 |      8 |      8 |      7 |      7 |      8 |      8 |      8 |      8 |      8 |      8 |      8 |      8 |      8 |      8 |      8 |     18 |     12 |    10 |    12 |    15 |    17 |    15 |    15 |    14 |    15 |    14 |     9 |     11 |     13 |     12 |     12 |     11 |     13 |     13 |     12 |     12 |      9 |      9 |     10 |     10 |     10 |      9 |      9 |      8 |      8 |      8 |      8 |      8 |      7 |      7 |      8 |      8 |      8 |      8 |      8 |      8 |      8 |      8 |      8 |      8 |      8 |      8 |     18 |     12 |
| simulated_k53_l25_94   |                    - |                    - |                    - |                    - |                    - |                    - |                    - |                    - |                    - |                    - |                    - |                    - |                    - |                    - |                    - |                    - |                    - |                    - |                    - |                    - |                    - |                    - |                    - |                    - |                    - |                    - |                    - |                    - |                    - |                    - |                    - |                    - |                    - |                    - |                    - |                    - |                    - |                    - |                    - |                    - |                    - |                    - |                    0 |                    3 |                    4 |                   11 |                   10 |                   13 |                    13 |                    16 |                    16 |                    11 |                    11 |    11 |    18 |    12 |    15 |    17 |    15 |    15 |    14 |    14 |     14 |      9 |     12 |     13 |     12 |     12 |     11 |     13 |     13 |     12 |     12 |      9 |      9 |     10 |     10 |     10 |      9 |      9 |      8 |      8 |      8 |      8 |      8 |      7 |      7 |      8 |      8 |      8 |      8 |      8 |      8 |      8 |      8 |      8 |      8 |      8 |     18 |     12 |    10 |    12 |    15 |    17 |    15 |    15 |    14 |    15 |    14 |     9 |     11 |     13 |     12 |     12 |     11 |     13 |     13 |     12 |     12 |      9 |      9 |     10 |     10 |     10 |      9 |      9 |      8 |      8 |      8 |      8 |      8 |      7 |      7 |      8 |      8 |      8 |      8 |      8 |      8 |      8 |      8 |      8 |      8 |      8 |      8 |     18 |     12 |
| simulated_k53_l25_95   |                    - |                    - |                    - |                    - |                    - |                    - |                    - |                    - |                    - |                    - |                    - |                    - |                    - |                    - |                    - |                    - |                    - |                    - |                    - |                    - |                    - |                    - |                    - |                    - |                    - |                    - |                    - |                    - |                    - |                    - |                    - |                    - |                    - |                    - |                    - |                    - |                    - |                    - |                    - |                    - |                    - |                    - |                    - |                    0 |                    1 |                   12 |                   11 |                   14 |                    14 |                    19 |                    19 |                    11 |                    11 |    13 |    18 |    13 |    16 |    17 |    14 |    14 |    14 |    13 |     13 |      9 |     12 |     12 |     11 |     13 |     11 |     13 |     12 |     13 |     13 |     10 |     10 |     11 |     12 |     12 |     12 |     12 |     11 |     11 |     11 |     11 |     11 |     10 |     10 |     11 |     11 |     11 |     11 |     11 |     11 |     11 |     11 |     11 |     11 |     11 |     18 |     13 |    12 |    13 |    16 |    17 |    14 |    14 |    14 |    14 |    13 |     9 |     11 |     12 |     11 |     13 |     11 |     13 |     12 |     13 |     13 |     10 |     10 |     11 |     12 |     12 |     12 |     12 |     11 |     11 |     11 |     11 |     11 |     10 |     10 |     11 |     11 |     11 |     11 |     11 |     11 |     11 |     11 |     11 |     11 |     11 |     11 |     17 |     13 |
| simulated_k53_l25_96   |                    - |                    - |                    - |                    - |                    - |                    - |                    - |                    - |                    - |                    - |                    - |                    - |                    - |                    - |                    - |                    - |                    - |                    - |                    - |                    - |                    - |                    - |                    - |                    - |                    - |                    - |                    - |                    - |                    - |                    - |                    - |                    - |                    - |                    - |                    - |                    - |                    - |                    - |                    - |                    - |                    - |                    - |                    - |                    - |                    0 |                   13 |                   12 |                   15 |                    15 |                    19 |                    19 |                    12 |                    12 |    14 |    19 |    14 |    17 |    18 |    15 |    15 |    15 |    14 |     14 |     10 |     13 |     13 |     12 |     14 |     12 |     14 |     13 |     14 |     14 |     11 |     11 |     12 |     13 |     13 |     13 |     13 |     12 |     12 |     12 |     12 |     12 |     11 |     11 |     12 |     12 |     12 |     12 |     12 |     12 |     12 |     12 |     12 |     12 |     12 |     18 |     14 |    13 |    14 |    17 |    18 |    15 |    15 |    15 |    15 |    14 |    10 |     12 |     13 |     12 |     14 |     12 |     14 |     13 |     14 |     14 |     11 |     11 |     12 |     13 |     13 |     13 |     13 |     12 |     12 |     12 |     12 |     12 |     11 |     11 |     12 |     12 |     12 |     12 |     12 |     12 |     12 |     12 |     12 |     12 |     12 |     12 |     17 |     14 |
| simulated_k53_l25_97   |                    - |                    - |                    - |                    - |                    - |                    - |                    - |                    - |                    - |                    - |                    - |                    - |                    - |                    - |                    - |                    - |                    - |                    - |                    - |                    - |                    - |                    - |                    - |                    - |                    - |                    - |                    - |                    - |                    - |                    - |                    - |                    - |                    - |                    - |                    - |                    - |                    - |                    - |                    - |                    - |                    - |                    - |                    - |                    - |                    - |                    0 |                    1 |                   12 |                    12 |                    11 |                    11 |                    11 |                    11 |     8 |    18 |    11 |    12 |    15 |    15 |    15 |    15 |    14 |     17 |     11 |     14 |     15 |     14 |     12 |     11 |     11 |     11 |     11 |     12 |     11 |     10 |      9 |      8 |      8 |      7 |      7 |      6 |      6 |      7 |      7 |      7 |      6 |      6 |      5 |      5 |      5 |      5 |      5 |      5 |      5 |      5 |      5 |      5 |      5 |     21 |     12 |    10 |    11 |    12 |    15 |    15 |    15 |    15 |    15 |    17 |    11 |     13 |     15 |     14 |     12 |     11 |     11 |     11 |     11 |     12 |     11 |     11 |      9 |      8 |      8 |      7 |      7 |      6 |      6 |      7 |      7 |      7 |      6 |      6 |      5 |      5 |      5 |      5 |      5 |      5 |      5 |      5 |      5 |      5 |      5 |      5 |     18 |     12 |
| simulated_k53_l25_98   |                    - |                    - |                    - |                    - |                    - |                    - |                    - |                    - |                    - |                    - |                    - |                    - |                    - |                    - |                    - |                    - |                    - |                    - |                    - |                    - |                    - |                    - |                    - |                    - |                    - |                    - |                    - |                    - |                    - |                    - |                    - |                    - |                    - |                    - |                    - |                    - |                    - |                    - |                    - |                    - |                    - |                    - |                    - |                    - |                    - |                    - |                    0 |                   11 |                    11 |                    12 |                    12 |                    10 |                    10 |     7 |    17 |    10 |    11 |    14 |    14 |    14 |    14 |    13 |     16 |     10 |     13 |     14 |     13 |     11 |     10 |     10 |     10 |     10 |     11 |     10 |      9 |      8 |      7 |      7 |      6 |      6 |      5 |      5 |      6 |      6 |      6 |      5 |      5 |      4 |      4 |      4 |      4 |      4 |      4 |      4 |      4 |      4 |      4 |      4 |     20 |     11 |     9 |    10 |    11 |    14 |    15 |    14 |    14 |    14 |    16 |    10 |     12 |     14 |     13 |     11 |     10 |     10 |     10 |     10 |     11 |     10 |     10 |      8 |      7 |      7 |      6 |      6 |      5 |      5 |      6 |      6 |      6 |      5 |      5 |      4 |      4 |      4 |      4 |      4 |      4 |      4 |      4 |      4 |      4 |      4 |      4 |     17 |     11 |
| simulated_k53_l25_99   |                    - |                    - |                    - |                    - |                    - |                    - |                    - |                    - |                    - |                    - |                    - |                    - |                    - |                    - |                    - |                    - |                    - |                    - |                    - |                    - |                    - |                    - |                    - |                    - |                    - |                    - |                    - |                    - |                    - |                    - |                    - |                    - |                    - |                    - |                    - |                    - |                    - |                    - |                    - |                    - |                    - |                    - |                    - |                    - |                    - |                    - |                    - |                    0 |                     0 |                    16 |                    16 |                    13 |                    13 |    11 |    18 |    12 |    10 |    13 |    11 |    13 |    13 |    12 |     13 |      7 |     10 |     12 |     12 |     11 |     11 |     13 |     12 |     11 |     12 |     13 |     13 |     14 |     13 |     12 |     11 |     11 |     12 |     12 |     11 |     11 |     11 |     10 |     10 |     11 |     11 |     11 |     11 |     11 |     11 |     11 |     11 |     11 |     11 |     11 |     21 |     12 |    10 |    12 |    10 |    13 |    12 |    13 |    13 |    13 |    13 |     7 |     10 |     12 |     12 |     11 |     11 |     13 |     12 |     11 |     12 |     13 |     13 |     14 |     13 |     12 |     11 |     11 |     12 |     12 |     11 |     11 |     11 |     10 |     10 |     11 |     11 |     11 |     11 |     11 |     11 |     11 |     11 |     11 |     11 |     11 |     11 |     19 |     12 |
| simulated_k53_l25_100  |                    - |                    - |                    - |                    - |                    - |                    - |                    - |                    - |                    - |                    - |                    - |                    - |                    - |                    - |                    - |                    - |                    - |                    - |                    - |                    - |                    - |                    - |                    - |                    - |                    - |                    - |                    - |                    - |                    - |                    - |                    - |                    - |                    - |                    - |                    - |                    - |                    - |                    - |                    - |                    - |                    - |                    - |                    - |                    - |                    - |                    - |                    - |                    - |                     0 |                    16 |                    16 |                    13 |                    13 |    11 |    18 |    12 |    10 |    13 |    11 |    13 |    13 |    12 |     13 |      7 |     10 |     12 |     12 |     11 |     11 |     13 |     12 |     11 |     12 |     13 |     13 |     14 |     13 |     12 |     11 |     11 |     12 |     12 |     11 |     11 |     11 |     10 |     10 |     11 |     11 |     11 |     11 |     11 |     11 |     11 |     11 |     11 |     11 |     11 |     21 |     12 |    10 |    12 |    10 |    13 |    12 |    13 |    13 |    13 |    13 |     7 |     10 |     12 |     12 |     11 |     11 |     13 |     12 |     11 |     12 |     13 |     13 |     14 |     13 |     12 |     11 |     11 |     12 |     12 |     11 |     11 |     11 |     10 |     10 |     11 |     11 |     11 |     11 |     11 |     11 |     11 |     11 |     11 |     11 |     11 |     11 |     19 |     12 |
| simulated_k53_l25_101  |                    - |                    - |                    - |                    - |                    - |                    - |                    - |                    - |                    - |                    - |                    - |                    - |                    - |                    - |                    - |                    - |                    - |                    - |                    - |                    - |                    - |                    - |                    - |                    - |                    - |                    - |                    - |                    - |                    - |                    - |                    - |                    - |                    - |                    - |                    - |                    - |                    - |                    - |                    - |                    - |                    - |                    - |                    - |                    - |                    - |                    - |                    - |                    - |                     - |                     0 |                     0 |                    15 |                    15 |    13 |    19 |    12 |    15 |    18 |    17 |    15 |    16 |    17 |     19 |     14 |     17 |     18 |     19 |     16 |     16 |     16 |     17 |     17 |     17 |     15 |     15 |     15 |     14 |     14 |     12 |     12 |     11 |     11 |     11 |     11 |     11 |     11 |     11 |     10 |     10 |     10 |     10 |     10 |     10 |     10 |     10 |     10 |     10 |     10 |     21 |     14 |    10 |    12 |    15 |    18 |    17 |    15 |    17 |    17 |    19 |    14 |     17 |     18 |     19 |     16 |     16 |     16 |     17 |     17 |     17 |     15 |     15 |     15 |     14 |     14 |     12 |     12 |     11 |     11 |     11 |     11 |     11 |     11 |     11 |     10 |     10 |     10 |     10 |     10 |     10 |     10 |     10 |     10 |     10 |     10 |     10 |     18 |     14 |
| simulated_k53_l25_102  |                    - |                    - |                    - |                    - |                    - |                    - |                    - |                    - |                    - |                    - |                    - |                    - |                    - |                    - |                    - |                    - |                    - |                    - |                    - |                    - |                    - |                    - |                    - |                    - |                    - |                    - |                    - |                    - |                    - |                    - |                    - |                    - |                    - |                    - |                    - |                    - |                    - |                    - |                    - |                    - |                    - |                    - |                    - |                    - |                    - |                    - |                    - |                    - |                     - |                     - |                     0 |                    15 |                    15 |    13 |    19 |    12 |    15 |    18 |    17 |    15 |    16 |    17 |     19 |     14 |     17 |     18 |     19 |     16 |     16 |     16 |     17 |     17 |     17 |     15 |     15 |     15 |     14 |     14 |     12 |     12 |     11 |     11 |     11 |     11 |     11 |     11 |     11 |     10 |     10 |     10 |     10 |     10 |     10 |     10 |     10 |     10 |     10 |     10 |     21 |     14 |    10 |    12 |    15 |    18 |    17 |    15 |    17 |    17 |    19 |    14 |     17 |     18 |     19 |     16 |     16 |     16 |     17 |     17 |     17 |     15 |     15 |     15 |     14 |     14 |     12 |     12 |     11 |     11 |     11 |     11 |     11 |     11 |     11 |     10 |     10 |     10 |     10 |     10 |     10 |     10 |     10 |     10 |     10 |     10 |     10 |     18 |     14 |
| simulated_k53_l25_103  |                    - |                    - |                    - |                    - |                    - |                    - |                    - |                    - |                    - |                    - |                    - |                    - |                    - |                    - |                    - |                    - |                    - |                    - |                    - |                    - |                    - |                    - |                    - |                    - |                    - |                    - |                    - |                    - |                    - |                    - |                    - |                    - |                    - |                    - |                    - |                    - |                    - |                    - |                    - |                    - |                    - |                    - |                    - |                    - |                    - |                    - |                    - |                    - |                     - |                     - |                     - |                     0 |                     0 |    11 |    18 |    12 |    12 |    14 |    16 |    16 |    14 |    13 |     15 |     11 |     13 |     14 |     14 |     12 |      9 |     11 |     10 |      9 |      9 |      7 |      8 |      5 |      6 |      6 |      6 |      6 |      6 |      6 |      7 |      7 |      7 |      6 |      6 |      7 |      7 |      7 |      7 |      7 |      7 |      7 |      7 |      7 |      7 |      7 |     19 |     10 |    10 |    12 |    12 |    14 |    17 |    16 |    15 |    12 |    15 |    11 |     12 |     14 |     14 |     12 |      9 |     11 |     10 |      9 |      9 |      7 |      7 |      5 |      6 |      6 |      6 |      6 |      6 |      6 |      7 |      7 |      7 |      6 |      6 |      7 |      7 |      7 |      7 |      7 |      7 |      7 |      7 |      7 |      7 |      7 |      7 |     19 |     10 |
| simulated_k53_l25_104  |                    - |                    - |                    - |                    - |                    - |                    - |                    - |                    - |                    - |                    - |                    - |                    - |                    - |                    - |                    - |                    - |                    - |                    - |                    - |                    - |                    - |                    - |                    - |                    - |                    - |                    - |                    - |                    - |                    - |                    - |                    - |                    - |                    - |                    - |                    - |                    - |                    - |                    - |                    - |                    - |                    - |                    - |                    - |                    - |                    - |                    - |                    - |                    - |                     - |                     - |                     - |                     - |                     0 |    11 |    18 |    12 |    12 |    14 |    16 |    16 |    14 |    13 |     15 |     11 |     13 |     14 |     14 |     12 |      9 |     11 |     10 |      9 |      9 |      7 |      8 |      5 |      6 |      6 |      6 |      6 |      6 |      6 |      7 |      7 |      7 |      6 |      6 |      7 |      7 |      7 |      7 |      7 |      7 |      7 |      7 |      7 |      7 |      7 |     19 |     10 |    10 |    12 |    12 |    14 |    17 |    16 |    15 |    12 |    15 |    11 |     12 |     14 |     14 |     12 |      9 |     11 |     10 |      9 |      9 |      7 |      7 |      5 |      6 |      6 |      6 |      6 |      6 |      6 |      7 |      7 |      7 |      6 |      6 |      7 |      7 |      7 |      7 |      7 |      7 |      7 |      7 |      7 |      7 |      7 |      7 |     19 |     10 |
| MST_1                  |                    - |                    - |                    - |                    - |                    - |                    - |                    - |                    - |                    - |                    - |                    - |                    - |                    - |                    - |                    - |                    - |                    - |                    - |                    - |                    - |                    - |                    - |                    - |                    - |                    - |                    - |                    - |                    - |                    - |                    - |                    - |                    - |                    - |                    - |                    - |                    - |                    - |                    - |                    - |                    - |                    - |                    - |                    - |                    - |                    - |                    - |                    - |                    - |                     - |                     - |                     - |                     - |                     - |     0 |     8 |     5 |     5 |     9 |     8 |    10 |     9 |     9 |     11 |      9 |     11 |     13 |     13 |     11 |     10 |      9 |     10 |      9 |     10 |      9 |      8 |      9 |      9 |      8 |      8 |      8 |      8 |      8 |      7 |      7 |      7 |      6 |      6 |      6 |      6 |      6 |      6 |      6 |      6 |      6 |      6 |      6 |      6 |      6 |     16 |      7 |     3 |     5 |     5 |     9 |    10 |    10 |     9 |     9 |    11 |     9 |     10 |     13 |     13 |     11 |     10 |      9 |     10 |      9 |     10 |      9 |      9 |      9 |      9 |      8 |      8 |      8 |      8 |      8 |      7 |      7 |      7 |      6 |      6 |      6 |      6 |      6 |      6 |      6 |      6 |      6 |      6 |      6 |      6 |      6 |      6 |     16 |      7 |
| MST_2                  |                    - |                    - |                    - |                    - |                    - |                    - |                    - |                    - |                    - |                    - |                    - |                    - |                    - |                    - |                    - |                    - |                    - |                    - |                    - |                    - |                    - |                    - |                    - |                    - |                    - |                    - |                    - |                    - |                    - |                    - |                    - |                    - |                    - |                    - |                    - |                    - |                    - |                    - |                    - |                    - |                    - |                    - |                    - |                    - |                    - |                    - |                    - |                    - |                     - |                     - |                     - |                     - |                     - |     - |     0 |     7 |    10 |    15 |    15 |    16 |    14 |    17 |     18 |     17 |     17 |     19 |     19 |     16 |     16 |     18 |     18 |     16 |     16 |     17 |     16 |     18 |     17 |     17 |     16 |     16 |     17 |     17 |     16 |     16 |     16 |     16 |     16 |     17 |     17 |     17 |     17 |     17 |     17 |     17 |     17 |     17 |     17 |     17 |     17 |     10 |     8 |     7 |    10 |    15 |    16 |    16 |    15 |    17 |    18 |    17 |     17 |     19 |     19 |     16 |     16 |     18 |     18 |     16 |     16 |     17 |     17 |     18 |     17 |     17 |     16 |     16 |     17 |     17 |     16 |     16 |     16 |     16 |     16 |     17 |     17 |     17 |     17 |     17 |     17 |     17 |     17 |     17 |     17 |     17 |     17 |     17 |     10 |
| MST_3                  |                    - |                    - |                    - |                    - |                    - |                    - |                    - |                    - |                    - |                    - |                    - |                    - |                    - |                    - |                    - |                    - |                    - |                    - |                    - |                    - |                    - |                    - |                    - |                    - |                    - |                    - |                    - |                    - |                    - |                    - |                    - |                    - |                    - |                    - |                    - |                    - |                    - |                    - |                    - |                    - |                    - |                    - |                    - |                    - |                    - |                    - |                    - |                    - |                     - |                     - |                     - |                     - |                     - |     - |     - |     0 |     6 |    10 |    10 |    12 |    10 |    10 |     12 |     11 |     11 |     12 |     12 |      9 |     10 |     10 |     10 |     10 |      9 |     10 |      9 |     10 |      9 |      9 |      9 |      9 |      9 |      9 |      9 |      9 |      9 |      9 |      9 |      9 |      9 |      9 |      9 |      9 |      9 |      9 |      9 |      9 |      9 |      9 |     10 |      6 |     3 |     0 |     6 |    10 |    10 |    12 |    10 |    10 |    12 |    11 |     11 |     12 |     12 |      9 |     10 |     10 |     10 |     10 |      9 |     10 |     10 |     10 |      9 |      9 |      9 |      9 |      9 |      9 |      9 |      9 |      9 |      9 |      9 |      9 |      9 |      9 |      9 |      9 |      9 |      9 |      9 |      9 |      9 |      9 |      9 |     11 |      6 |
| MST_4                  |                    - |                    - |                    - |                    - |                    - |                    - |                    - |                    - |                    - |                    - |                    - |                    - |                    - |                    - |                    - |                    - |                    - |                    - |                    - |                    - |                    - |                    - |                    - |                    - |                    - |                    - |                    - |                    - |                    - |                    - |                    - |                    - |                    - |                    - |                    - |                    - |                    - |                    - |                    - |                    - |                    - |                    - |                    - |                    - |                    - |                    - |                    - |                    - |                     - |                     - |                     - |                     - |                     - |     - |     - |     - |     0 |     7 |    10 |    12 |    10 |    11 |     12 |     11 |     10 |     11 |     12 |     10 |     10 |     11 |     11 |     11 |     11 |     12 |     11 |     11 |     10 |     11 |     10 |     10 |     11 |     11 |     11 |     11 |     11 |     11 |     11 |     11 |     11 |     11 |     11 |     11 |     11 |     11 |     11 |     11 |     11 |     11 |     13 |      6 |     5 |     6 |     0 |     7 |    10 |    12 |    10 |    10 |    12 |    11 |     10 |     11 |     12 |     10 |     10 |     11 |     11 |     11 |     11 |     12 |     12 |     11 |     10 |     11 |     10 |     10 |     11 |     11 |     11 |     11 |     11 |     11 |     11 |     11 |     11 |     11 |     11 |     11 |     11 |     11 |     11 |     11 |     11 |     11 |     11 |     13 |      6 |
| MST_5                  |                    - |                    - |                    - |                    - |                    - |                    - |                    - |                    - |                    - |                    - |                    - |                    - |                    - |                    - |                    - |                    - |                    - |                    - |                    - |                    - |                    - |                    - |                    - |                    - |                    - |                    - |                    - |                    - |                    - |                    - |                    - |                    - |                    - |                    - |                    - |                    - |                    - |                    - |                    - |                    - |                    - |                    - |                    - |                    - |                    - |                    - |                    - |                    - |                     - |                     - |                     - |                     - |                     - |     - |     - |     - |     - |     0 |     5 |    12 |    11 |    10 |     12 |     11 |     10 |     13 |     14 |     14 |     14 |     14 |     14 |     14 |     14 |     13 |     14 |     13 |     14 |     15 |     13 |     13 |     13 |     13 |     13 |     13 |     13 |     14 |     14 |     14 |     14 |     14 |     14 |     14 |     14 |     14 |     14 |     14 |     14 |     14 |     16 |      9 |     6 |    10 |     7 |     0 |     6 |    12 |    10 |    10 |    12 |    11 |     10 |     13 |     14 |     14 |     14 |     14 |     14 |     14 |     14 |     13 |     13 |     13 |     14 |     15 |     13 |     13 |     13 |     13 |     13 |     13 |     13 |     14 |     14 |     14 |     14 |     14 |     14 |     14 |     14 |     14 |     14 |     14 |     14 |     14 |     14 |     14 |      9 |
| MST_6                  |                    - |                    - |                    - |                    - |                    - |                    - |                    - |                    - |                    - |                    - |                    - |                    - |                    - |                    - |                    - |                    - |                    - |                    - |                    - |                    - |                    - |                    - |                    - |                    - |                    - |                    - |                    - |                    - |                    - |                    - |                    - |                    - |                    - |                    - |                    - |                    - |                    - |                    - |                    - |                    - |                    - |                    - |                    - |                    - |                    - |                    - |                    - |                    - |                     - |                     - |                     - |                     - |                     - |     - |     - |     - |     - |     - |     0 |     9 |    11 |     9 |      9 |     10 |     10 |     13 |     14 |     13 |     13 |     13 |     12 |     12 |     13 |     13 |     13 |     13 |     14 |     14 |     14 |     14 |     13 |     13 |     13 |     13 |     13 |     14 |     14 |     15 |     15 |     15 |     15 |     15 |     15 |     15 |     15 |     15 |     15 |     15 |     16 |     10 |     6 |    10 |    10 |     5 |     1 |     9 |    10 |    10 |     9 |    10 |     10 |     13 |     14 |     13 |     13 |     13 |     12 |     12 |     13 |     13 |     13 |     13 |     14 |     14 |     14 |     14 |     13 |     13 |     13 |     13 |     13 |     14 |     14 |     15 |     15 |     15 |     15 |     15 |     15 |     15 |     15 |     15 |     15 |     15 |     15 |     14 |     10 |
| MST_7                  |                    - |                    - |                    - |                    - |                    - |                    - |                    - |                    - |                    - |                    - |                    - |                    - |                    - |                    - |                    - |                    - |                    - |                    - |                    - |                    - |                    - |                    - |                    - |                    - |                    - |                    - |                    - |                    - |                    - |                    - |                    - |                    - |                    - |                    - |                    - |                    - |                    - |                    - |                    - |                    - |                    - |                    - |                    - |                    - |                    - |                    - |                    - |                    - |                     - |                     - |                     - |                     - |                     - |     - |     - |     - |     - |     - |     - |     0 |     9 |    10 |      9 |     10 |     11 |     11 |     13 |     14 |     14 |     14 |     13 |     13 |     14 |     14 |     14 |     14 |     15 |     15 |     16 |     16 |     15 |     15 |     15 |     15 |     15 |     16 |     16 |     16 |     16 |     16 |     16 |     16 |     16 |     16 |     16 |     16 |     16 |     16 |     17 |     11 |     9 |    12 |    12 |    12 |     9 |     0 |     9 |    10 |     9 |    10 |     10 |     11 |     13 |     14 |     14 |     14 |     13 |     13 |     14 |     14 |     14 |     14 |     15 |     15 |     16 |     16 |     15 |     15 |     15 |     15 |     15 |     16 |     16 |     16 |     16 |     16 |     16 |     16 |     16 |     16 |     16 |     16 |     16 |     16 |     16 |     13 |     11 |
| MST_8                  |                    - |                    - |                    - |                    - |                    - |                    - |                    - |                    - |                    - |                    - |                    - |                    - |                    - |                    - |                    - |                    - |                    - |                    - |                    - |                    - |                    - |                    - |                    - |                    - |                    - |                    - |                    - |                    - |                    - |                    - |                    - |                    - |                    - |                    - |                    - |                    - |                    - |                    - |                    - |                    - |                    - |                    - |                    - |                    - |                    - |                    - |                    - |                    - |                     - |                     - |                     - |                     - |                     - |     - |     - |     - |     - |     - |     - |     - |     0 |     4 |      4 |      7 |      9 |      9 |     11 |     12 |     13 |     11 |     11 |     11 |     12 |     11 |     11 |     12 |     11 |     13 |     13 |     13 |     12 |     12 |     12 |     12 |     12 |     13 |     13 |     13 |     13 |     13 |     13 |     13 |     13 |     13 |     13 |     13 |     13 |     13 |     14 |     11 |     7 |    10 |    10 |    11 |    12 |     9 |     2 |     4 |     4 |     7 |      9 |      9 |     11 |     12 |     13 |     11 |     11 |     11 |     12 |     11 |     11 |     12 |     11 |     13 |     13 |     13 |     12 |     12 |     12 |     12 |     12 |     13 |     13 |     13 |     13 |     13 |     13 |     13 |     13 |     13 |     13 |     13 |     13 |     13 |     13 |     13 |     11 |
| MST_9                  |                    - |                    - |                    - |                    - |                    - |                    - |                    - |                    - |                    - |                    - |                    - |                    - |                    - |                    - |                    - |                    - |                    - |                    - |                    - |                    - |                    - |                    - |                    - |                    - |                    - |                    - |                    - |                    - |                    - |                    - |                    - |                    - |                    - |                    - |                    - |                    - |                    - |                    - |                    - |                    - |                    - |                    - |                    - |                    - |                    - |                    - |                    - |                    - |                     - |                     - |                     - |                     - |                     - |     - |     - |     - |     - |     - |     - |     - |     - |     0 |      5 |      6 |      8 |     10 |     12 |     11 |     13 |     12 |     12 |     12 |     13 |     12 |     13 |     11 |     12 |     13 |     14 |     14 |     13 |     13 |     13 |     13 |     13 |     14 |     14 |     15 |     15 |     15 |     15 |     15 |     15 |     15 |     15 |     15 |     15 |     15 |     16 |     12 |     7 |    10 |    11 |    10 |    10 |    10 |     4 |     2 |     5 |     6 |      8 |     10 |     12 |     11 |     13 |     12 |     12 |     12 |     13 |     12 |     12 |     11 |     12 |     13 |     14 |     14 |     13 |     13 |     13 |     13 |     13 |     14 |     14 |     15 |     15 |     15 |     15 |     15 |     15 |     15 |     15 |     15 |     15 |     15 |     15 |     16 |     12 |
| MST_10                 |                    - |                    - |                    - |                    - |                    - |                    - |                    - |                    - |                    - |                    - |                    - |                    - |                    - |                    - |                    - |                    - |                    - |                    - |                    - |                    - |                    - |                    - |                    - |                    - |                    - |                    - |                    - |                    - |                    - |                    - |                    - |                    - |                    - |                    - |                    - |                    - |                    - |                    - |                    - |                    - |                    - |                    - |                    - |                    - |                    - |                    - |                    - |                    - |                     - |                     - |                     - |                     - |                     - |     - |     - |     - |     - |     - |     - |     - |     - |     - |      0 |      8 |     10 |     10 |     12 |     12 |     14 |     13 |     12 |     11 |     12 |     12 |     13 |     15 |     15 |     16 |     16 |     16 |     15 |     15 |     15 |     15 |     15 |     16 |     16 |     17 |     17 |     17 |     17 |     17 |     17 |     17 |     17 |     17 |     17 |     17 |     17 |     13 |     8 |    12 |    12 |    12 |    10 |     9 |     6 |     5 |     0 |     8 |      9 |     10 |     12 |     12 |     14 |     13 |     12 |     11 |     12 |     12 |     12 |     15 |     15 |     16 |     16 |     16 |     15 |     15 |     15 |     15 |     15 |     16 |     16 |     17 |     17 |     17 |     17 |     17 |     17 |     17 |     17 |     17 |     17 |     17 |     17 |     16 |     13 |
| MST_11                 |                    - |                    - |                    - |                    - |                    - |                    - |                    - |                    - |                    - |                    - |                    - |                    - |                    - |                    - |                    - |                    - |                    - |                    - |                    - |                    - |                    - |                    - |                    - |                    - |                    - |                    - |                    - |                    - |                    - |                    - |                    - |                    - |                    - |                    - |                    - |                    - |                    - |                    - |                    - |                    - |                    - |                    - |                    - |                    - |                    - |                    - |                    - |                    - |                     - |                     - |                     - |                     - |                     - |     - |     - |     - |     - |     - |     - |     - |     - |     - |      - |      0 |      2 |      5 |      6 |      9 |      9 |      9 |      9 |      9 |      9 |      9 |      9 |      9 |      9 |      9 |      9 |      9 |      8 |      8 |      9 |      9 |      9 |      9 |      9 |     10 |     10 |     10 |     10 |     10 |     10 |     10 |     10 |     10 |     10 |     10 |     16 |     11 |     8 |    11 |    11 |    11 |    11 |    10 |     7 |     7 |     8 |     0 |      2 |      5 |      6 |      9 |      9 |      9 |      9 |      9 |      9 |      9 |      9 |      9 |      9 |      9 |      9 |      9 |      8 |      8 |      9 |      9 |      9 |      9 |      9 |     10 |     10 |     10 |     10 |     10 |     10 |     10 |     10 |     10 |     10 |     10 |     10 |     14 |     11 |
| MST_12                 |                    - |                    - |                    - |                    - |                    - |                    - |                    - |                    - |                    - |                    - |                    - |                    - |                    - |                    - |                    - |                    - |                    - |                    - |                    - |                    - |                    - |                    - |                    - |                    - |                    - |                    - |                    - |                    - |                    - |                    - |                    - |                    - |                    - |                    - |                    - |                    - |                    - |                    - |                    - |                    - |                    - |                    - |                    - |                    - |                    - |                    - |                    - |                    - |                     - |                     - |                     - |                     - |                     - |     - |     - |     - |     - |     - |     - |     - |     - |     - |      - |      - |      0 |      9 |      9 |     12 |     12 |     12 |     11 |     12 |     12 |     12 |     12 |     12 |     13 |     14 |     12 |     12 |     12 |     12 |     13 |     13 |     13 |     13 |     13 |     14 |     14 |     14 |     14 |     14 |     14 |     14 |     14 |     14 |     14 |     14 |     18 |     10 |     8 |    11 |    10 |    10 |    11 |    11 |     9 |     8 |    10 |     2 |      1 |      9 |      9 |     12 |     12 |     12 |     11 |     12 |     12 |     12 |     12 |     12 |     13 |     14 |     12 |     12 |     12 |     12 |     13 |     13 |     13 |     13 |     13 |     14 |     14 |     14 |     14 |     14 |     14 |     14 |     14 |     14 |     14 |     14 |     14 |     15 |     10 |
| MST_13                 |                    - |                    - |                    - |                    - |                    - |                    - |                    - |                    - |                    - |                    - |                    - |                    - |                    - |                    - |                    - |                    - |                    - |                    - |                    - |                    - |                    - |                    - |                    - |                    - |                    - |                    - |                    - |                    - |                    - |                    - |                    - |                    - |                    - |                    - |                    - |                    - |                    - |                    - |                    - |                    - |                    - |                    - |                    - |                    - |                    - |                    - |                    - |                    - |                     - |                     - |                     - |                     - |                     - |     - |     - |     - |     - |     - |     - |     - |     - |     - |      - |      - |      - |      0 |      5 |     10 |     12 |     13 |     12 |     13 |     14 |     14 |     15 |     14 |     15 |     15 |     13 |     13 |     14 |     14 |     15 |     15 |     15 |     15 |     15 |     16 |     16 |     16 |     16 |     16 |     16 |     16 |     16 |     16 |     16 |     16 |     19 |     13 |     9 |    12 |    11 |    13 |    13 |    11 |    10 |    10 |    10 |     5 |      8 |      0 |      5 |     10 |     12 |     13 |     12 |     13 |     14 |     14 |     14 |     14 |     15 |     15 |     13 |     13 |     14 |     14 |     15 |     15 |     15 |     15 |     15 |     16 |     16 |     16 |     16 |     16 |     16 |     16 |     16 |     16 |     16 |     16 |     16 |     15 |     13 |
| MST_14                 |                    - |                    - |                    - |                    - |                    - |                    - |                    - |                    - |                    - |                    - |                    - |                    - |                    - |                    - |                    - |                    - |                    - |                    - |                    - |                    - |                    - |                    - |                    - |                    - |                    - |                    - |                    - |                    - |                    - |                    - |                    - |                    - |                    - |                    - |                    - |                    - |                    - |                    - |                    - |                    - |                    - |                    - |                    - |                    - |                    - |                    - |                    - |                    - |                     - |                     - |                     - |                     - |                     - |     - |     - |     - |     - |     - |     - |     - |     - |     - |      - |      - |      - |      - |      0 |     10 |     11 |     12 |     12 |     12 |     13 |     13 |     14 |     13 |     14 |     15 |     14 |     14 |     13 |     13 |     14 |     14 |     14 |     14 |     14 |     15 |     15 |     15 |     15 |     15 |     15 |     15 |     15 |     15 |     15 |     15 |     19 |     13 |    10 |    12 |    12 |    14 |    14 |    13 |    11 |    12 |    12 |     6 |      8 |      5 |      0 |     10 |     11 |     12 |     12 |     12 |     13 |     13 |     13 |     13 |     14 |     15 |     14 |     14 |     13 |     13 |     14 |     14 |     14 |     14 |     14 |     15 |     15 |     15 |     15 |     15 |     15 |     15 |     15 |     15 |     15 |     15 |     15 |     13 |     13 |
| MST_15                 |                    - |                    - |                    - |                    - |                    - |                    - |                    - |                    - |                    - |                    - |                    - |                    - |                    - |                    - |                    - |                    - |                    - |                    - |                    - |                    - |                    - |                    - |                    - |                    - |                    - |                    - |                    - |                    - |                    - |                    - |                    - |                    - |                    - |                    - |                    - |                    - |                    - |                    - |                    - |                    - |                    - |                    - |                    - |                    - |                    - |                    - |                    - |                    - |                     - |                     - |                     - |                     - |                     - |     - |     - |     - |     - |     - |     - |     - |     - |     - |      - |      - |      - |      - |      - |      0 |      4 |      6 |      7 |      6 |      7 |      7 |      7 |     11 |     10 |      9 |     10 |     10 |      9 |      9 |      8 |      8 |      8 |      9 |      9 |     10 |     10 |     10 |     10 |     10 |     10 |     10 |     10 |     10 |     10 |     10 |     19 |     11 |     7 |     9 |    10 |    14 |    14 |    14 |    13 |    11 |    12 |     9 |     12 |     10 |     10 |      0 |      4 |      6 |      7 |      6 |      7 |      7 |      7 |     11 |     10 |      9 |     10 |     10 |      9 |      9 |      8 |      8 |      8 |      9 |      9 |     10 |     10 |     10 |     10 |     10 |     10 |     10 |     10 |     10 |     10 |     10 |     10 |     16 |     11 |
| MST_16                 |                    - |                    - |                    - |                    - |                    - |                    - |                    - |                    - |                    - |                    - |                    - |                    - |                    - |                    - |                    - |                    - |                    - |                    - |                    - |                    - |                    - |                    - |                    - |                    - |                    - |                    - |                    - |                    - |                    - |                    - |                    - |                    - |                    - |                    - |                    - |                    - |                    - |                    - |                    - |                    - |                    - |                    - |                    - |                    - |                    - |                    - |                    - |                    - |                     - |                     - |                     - |                     - |                     - |     - |     - |     - |     - |     - |     - |     - |     - |     - |      - |      - |      - |      - |      - |      - |      0 |      4 |      5 |      7 |      7 |      7 |      8 |     10 |     10 |      9 |     10 |     10 |     10 |     10 |     10 |     10 |     10 |      9 |      9 |     10 |     10 |     10 |     10 |     10 |     10 |     10 |     10 |     10 |     10 |     10 |     19 |     11 |     8 |    10 |    10 |    14 |    14 |    14 |    14 |    13 |    14 |     9 |     12 |     12 |     11 |      4 |      0 |      4 |      5 |      7 |      7 |      7 |      7 |     10 |     10 |      9 |     10 |     10 |     10 |     10 |     10 |     10 |     10 |      9 |      9 |     10 |     10 |     10 |     10 |     10 |     10 |     10 |     10 |     10 |     10 |     10 |     10 |     15 |     11 |
| MST_17                 |                    - |                    - |                    - |                    - |                    - |                    - |                    - |                    - |                    - |                    - |                    - |                    - |                    - |                    - |                    - |                    - |                    - |                    - |                    - |                    - |                    - |                    - |                    - |                    - |                    - |                    - |                    - |                    - |                    - |                    - |                    - |                    - |                    - |                    - |                    - |                    - |                    - |                    - |                    - |                    - |                    - |                    - |                    - |                    - |                    - |                    - |                    - |                    - |                     - |                     - |                     - |                     - |                     - |     - |     - |     - |     - |     - |     - |     - |     - |     - |      - |      - |      - |      - |      - |      - |      - |      0 |      1 |      5 |      6 |      6 |      7 |      9 |     11 |     11 |     11 |     11 |     10 |     10 |     10 |     10 |     10 |     10 |     10 |     11 |     11 |     11 |     11 |     11 |     11 |     11 |     11 |     11 |     11 |     11 |     20 |     11 |     8 |    10 |    11 |    14 |    14 |    14 |    13 |    12 |    13 |     9 |     10 |     13 |     12 |      6 |      4 |      0 |      1 |      5 |      6 |      6 |      6 |      9 |     11 |     11 |     11 |     11 |     10 |     10 |     10 |     10 |     10 |     10 |     10 |     11 |     11 |     11 |     11 |     11 |     11 |     11 |     11 |     11 |     11 |     11 |     11 |     17 |     11 |
| MST_18                 |                    - |                    - |                    - |                    - |                    - |                    - |                    - |                    - |                    - |                    - |                    - |                    - |                    - |                    - |                    - |                    - |                    - |                    - |                    - |                    - |                    - |                    - |                    - |                    - |                    - |                    - |                    - |                    - |                    - |                    - |                    - |                    - |                    - |                    - |                    - |                    - |                    - |                    - |                    - |                    - |                    - |                    - |                    - |                    - |                    - |                    - |                    - |                    - |                     - |                     - |                     - |                     - |                     - |     - |     - |     - |     - |     - |     - |     - |     - |     - |      - |      - |      - |      - |      - |      - |      - |      - |      0 |      6 |      7 |      6 |      7 |      9 |     10 |     11 |     10 |     10 |     10 |     10 |     10 |     10 |     10 |     10 |     10 |     11 |     11 |     11 |     11 |     11 |     11 |     11 |     11 |     11 |     11 |     11 |     20 |     11 |     8 |    10 |    11 |    14 |    13 |    13 |    13 |    12 |    12 |     9 |      9 |     12 |     12 |      7 |      5 |      1 |      0 |      6 |      7 |      6 |      6 |      9 |     10 |     11 |     10 |     10 |     10 |     10 |     10 |     10 |     10 |     10 |     10 |     11 |     11 |     11 |     11 |     11 |     11 |     11 |     11 |     11 |     11 |     11 |     11 |     17 |     11 |
| MST_19                 |                    - |                    - |                    - |                    - |                    - |                    - |                    - |                    - |                    - |                    - |                    - |                    - |                    - |                    - |                    - |                    - |                    - |                    - |                    - |                    - |                    - |                    - |                    - |                    - |                    - |                    - |                    - |                    - |                    - |                    - |                    - |                    - |                    - |                    - |                    - |                    - |                    - |                    - |                    - |                    - |                    - |                    - |                    - |                    - |                    - |                    - |                    - |                    - |                     - |                     - |                     - |                     - |                     - |     - |     - |     - |     - |     - |     - |     - |     - |     - |      - |      - |      - |      - |      - |      - |      - |      - |      - |      0 |      1 |      3 |      4 |      6 |      7 |      7 |      8 |      8 |      8 |      8 |      9 |      9 |      9 |     10 |     10 |     10 |     10 |     10 |     10 |     10 |     10 |     10 |     10 |     10 |     10 |     10 |     20 |     12 |     8 |    10 |    11 |    14 |    13 |    13 |    13 |    12 |    11 |     9 |     10 |     13 |     12 |      6 |      7 |      5 |      6 |      0 |      1 |      3 |      3 |      6 |      7 |      7 |      8 |      8 |      8 |      8 |      9 |      9 |      9 |     10 |     10 |     10 |     10 |     10 |     10 |     10 |     10 |     10 |     10 |     10 |     10 |     10 |     10 |     18 |     12 |
| MST_20                 |                    - |                    - |                    - |                    - |                    - |                    - |                    - |                    - |                    - |                    - |                    - |                    - |                    - |                    - |                    - |                    - |                    - |                    - |                    - |                    - |                    - |                    - |                    - |                    - |                    - |                    - |                    - |                    - |                    - |                    - |                    - |                    - |                    - |                    - |                    - |                    - |                    - |                    - |                    - |                    - |                    - |                    - |                    - |                    - |                    - |                    - |                    - |                    - |                     - |                     - |                     - |                     - |                     - |     - |     - |     - |     - |     - |     - |     - |     - |     - |      - |      - |      - |      - |      - |      - |      - |      - |      - |      - |      0 |      3 |      4 |      6 |      7 |      7 |      8 |      8 |      8 |      8 |      9 |      9 |      9 |     10 |     10 |     10 |     10 |     10 |     10 |     10 |     10 |     10 |     10 |     10 |     10 |     10 |     19 |     11 |     7 |     9 |    11 |    14 |    14 |    14 |    13 |    13 |    12 |     9 |     10 |     14 |     13 |      7 |      7 |      6 |      7 |      1 |      0 |      3 |      3 |      6 |      7 |      7 |      8 |      8 |      8 |      8 |      9 |      9 |      9 |     10 |     10 |     10 |     10 |     10 |     10 |     10 |     10 |     10 |     10 |     10 |     10 |     10 |     10 |     18 |     11 |
| MST_21                 |                    - |                    - |                    - |                    - |                    - |                    - |                    - |                    - |                    - |                    - |                    - |                    - |                    - |                    - |                    - |                    - |                    - |                    - |                    - |                    - |                    - |                    - |                    - |                    - |                    - |                    - |                    - |                    - |                    - |                    - |                    - |                    - |                    - |                    - |                    - |                    - |                    - |                    - |                    - |                    - |                    - |                    - |                    - |                    - |                    - |                    - |                    - |                    - |                     - |                     - |                     - |                     - |                     - |     - |     - |     - |     - |     - |     - |     - |     - |     - |      - |      - |      - |      - |      - |      - |      - |      - |      - |      - |      - |      0 |      1 |      5 |      5 |      5 |      7 |      7 |      6 |      6 |      6 |      6 |      6 |      7 |      7 |      8 |      8 |      8 |      8 |      8 |      8 |      8 |      8 |      8 |      8 |      8 |     19 |     11 |     8 |    10 |    12 |    13 |    14 |    14 |    13 |    12 |    12 |     9 |     10 |     14 |     13 |      7 |      7 |      6 |      6 |      3 |      3 |      0 |      0 |      5 |      5 |      5 |      7 |      7 |      6 |      6 |      6 |      6 |      6 |      7 |      7 |      8 |      8 |      8 |      8 |      8 |      8 |      8 |      8 |      8 |      8 |      8 |      8 |     19 |     11 |
| MST_22                 |                    - |                    - |                    - |                    - |                    - |                    - |                    - |                    - |                    - |                    - |                    - |                    - |                    - |                    - |                    - |                    - |                    - |                    - |                    - |                    - |                    - |                    - |                    - |                    - |                    - |                    - |                    - |                    - |                    - |                    - |                    - |                    - |                    - |                    - |                    - |                    - |                    - |                    - |                    - |                    - |                    - |                    - |                    - |                    - |                    - |                    - |                    - |                    - |                     - |                     - |                     - |                     - |                     - |     - |     - |     - |     - |     - |     - |     - |     - |     - |      - |      - |      - |      - |      - |      - |      - |      - |      - |      - |      - |      - |      0 |      5 |      5 |      5 |      7 |      7 |      6 |      6 |      6 |      6 |      6 |      7 |      7 |      7 |      7 |      7 |      7 |      7 |      7 |      7 |      7 |      7 |      7 |      7 |     18 |     10 |     7 |     9 |    11 |    14 |    14 |    14 |    12 |    12 |    13 |     9 |     10 |     15 |     14 |      7 |      8 |      7 |      7 |      4 |      4 |      1 |      1 |      5 |      5 |      5 |      7 |      7 |      6 |      6 |      6 |      6 |      6 |      7 |      7 |      7 |      7 |      7 |      7 |      7 |      7 |      7 |      7 |      7 |      7 |      7 |      7 |     18 |     10 |
| MST_23                 |                    - |                    - |                    - |                    - |                    - |                    - |                    - |                    - |                    - |                    - |                    - |                    - |                    - |                    - |                    - |                    - |                    - |                    - |                    - |                    - |                    - |                    - |                    - |                    - |                    - |                    - |                    - |                    - |                    - |                    - |                    - |                    - |                    - |                    - |                    - |                    - |                    - |                    - |                    - |                    - |                    - |                    - |                    - |                    - |                    - |                    - |                    - |                    - |                     - |                     - |                     - |                     - |                     - |     - |     - |     - |     - |     - |     - |     - |     - |     - |      - |      - |      - |      - |      - |      - |      - |      - |      - |      - |      - |      - |      - |      0 |      2 |      3 |      4 |      4 |      4 |      4 |      6 |      6 |      6 |      6 |      6 |      7 |      7 |      7 |      7 |      7 |      7 |      7 |      7 |      7 |      7 |      7 |     19 |     10 |     8 |    10 |    11 |    13 |    15 |    14 |    12 |    11 |    15 |     9 |     10 |     14 |     13 |     11 |     10 |      9 |      9 |      6 |      6 |      5 |      5 |      0 |      2 |      3 |      4 |      4 |      4 |      4 |      6 |      6 |      6 |      6 |      6 |      7 |      7 |      7 |      7 |      7 |      7 |      7 |      7 |      7 |      7 |      7 |      7 |     18 |     10 |
| MST_24                 |                    - |                    - |                    - |                    - |                    - |                    - |                    - |                    - |                    - |                    - |                    - |                    - |                    - |                    - |                    - |                    - |                    - |                    - |                    - |                    - |                    - |                    - |                    - |                    - |                    - |                    - |                    - |                    - |                    - |                    - |                    - |                    - |                    - |                    - |                    - |                    - |                    - |                    - |                    - |                    - |                    - |                    - |                    - |                    - |                    - |                    - |                    - |                    - |                     - |                     - |                     - |                     - |                     - |     - |     - |     - |     - |     - |     - |     - |     - |     - |      - |      - |      - |      - |      - |      - |      - |      - |      - |      - |      - |      - |      - |      - |      0 |      2 |      3 |      3 |      3 |      3 |      5 |      5 |      5 |      5 |      5 |      6 |      6 |      6 |      6 |      6 |      6 |      6 |      6 |      6 |      6 |      6 |     20 |     10 |     7 |     9 |    10 |    14 |    16 |    15 |    12 |    12 |    15 |     9 |     11 |     15 |     14 |     10 |     10 |     11 |     10 |      7 |      7 |      5 |      5 |      2 |      0 |      2 |      3 |      3 |      3 |      3 |      5 |      5 |      5 |      5 |      5 |      6 |      6 |      6 |      6 |      6 |      6 |      6 |      6 |      6 |      6 |      6 |      6 |     20 |     10 |
| MST_25                 |                    - |                    - |                    - |                    - |                    - |                    - |                    - |                    - |                    - |                    - |                    - |                    - |                    - |                    - |                    - |                    - |                    - |                    - |                    - |                    - |                    - |                    - |                    - |                    - |                    - |                    - |                    - |                    - |                    - |                    - |                    - |                    - |                    - |                    - |                    - |                    - |                    - |                    - |                    - |                    - |                    - |                    - |                    - |                    - |                    - |                    - |                    - |                    - |                     - |                     - |                     - |                     - |                     - |     - |     - |     - |     - |     - |     - |     - |     - |     - |      - |      - |      - |      - |      - |      - |      - |      - |      - |      - |      - |      - |      - |      - |      - |      0 |      2 |      2 |      3 |      3 |      5 |      5 |      5 |      5 |      5 |      6 |      6 |      6 |      6 |      6 |      6 |      6 |      6 |      6 |      6 |      6 |     20 |     10 |     7 |     9 |    11 |    15 |    16 |    15 |    14 |    14 |    16 |     9 |     12 |     15 |     15 |      9 |      9 |     11 |     11 |      7 |      7 |      5 |      5 |      3 |      2 |      0 |      2 |      2 |      3 |      3 |      5 |      5 |      5 |      5 |      5 |      6 |      6 |      6 |      6 |      6 |      6 |      6 |      6 |      6 |      6 |      6 |      6 |     20 |     10 |
| MST_26                 |                    - |                    - |                    - |                    - |                    - |                    - |                    - |                    - |                    - |                    - |                    - |                    - |                    - |                    - |                    - |                    - |                    - |                    - |                    - |                    - |                    - |                    - |                    - |                    - |                    - |                    - |                    - |                    - |                    - |                    - |                    - |                    - |                    - |                    - |                    - |                    - |                    - |                    - |                    - |                    - |                    - |                    - |                    - |                    - |                    - |                    - |                    - |                    - |                     - |                     - |                     - |                     - |                     - |     - |     - |     - |     - |     - |     - |     - |     - |     - |      - |      - |      - |      - |      - |      - |      - |      - |      - |      - |      - |      - |      - |      - |      - |      - |      0 |      0 |      1 |      1 |      3 |      3 |      3 |      3 |      3 |      4 |      4 |      4 |      4 |      4 |      4 |      4 |      4 |      4 |      4 |      4 |     20 |      9 |     7 |     9 |    10 |    13 |    16 |    16 |    14 |    13 |    16 |     9 |     11 |     13 |     14 |     10 |     10 |     11 |     10 |      8 |      8 |      7 |      7 |      4 |      3 |      2 |      0 |      0 |      1 |      1 |      3 |      3 |      3 |      3 |      3 |      4 |      4 |      4 |      4 |      4 |      4 |      4 |      4 |      4 |      4 |      4 |      4 |     20 |      9 |
| MST_27                 |                    - |                    - |                    - |                    - |                    - |                    - |                    - |                    - |                    - |                    - |                    - |                    - |                    - |                    - |                    - |                    - |                    - |                    - |                    - |                    - |                    - |                    - |                    - |                    - |                    - |                    - |                    - |                    - |                    - |                    - |                    - |                    - |                    - |                    - |                    - |                    - |                    - |                    - |                    - |                    - |                    - |                    - |                    - |                    - |                    - |                    - |                    - |                    - |                     - |                     - |                     - |                     - |                     - |     - |     - |     - |     - |     - |     - |     - |     - |     - |      - |      - |      - |      - |      - |      - |      - |      - |      - |      - |      - |      - |      - |      - |      - |      - |      - |      0 |      1 |      1 |      3 |      3 |      3 |      3 |      3 |      4 |      4 |      4 |      4 |      4 |      4 |      4 |      4 |      4 |      4 |      4 |     20 |      9 |     7 |     9 |    10 |    13 |    16 |    16 |    14 |    13 |    16 |     9 |     11 |     13 |     14 |     10 |     10 |     11 |     10 |      8 |      8 |      7 |      7 |      4 |      3 |      2 |      0 |      0 |      1 |      1 |      3 |      3 |      3 |      3 |      3 |      4 |      4 |      4 |      4 |      4 |      4 |      4 |      4 |      4 |      4 |      4 |      4 |     20 |      9 |
| MST_28                 |                    - |                    - |                    - |                    - |                    - |                    - |                    - |                    - |                    - |                    - |                    - |                    - |                    - |                    - |                    - |                    - |                    - |                    - |                    - |                    - |                    - |                    - |                    - |                    - |                    - |                    - |                    - |                    - |                    - |                    - |                    - |                    - |                    - |                    - |                    - |                    - |                    - |                    - |                    - |                    - |                    - |                    - |                    - |                    - |                    - |                    - |                    - |                    - |                     - |                     - |                     - |                     - |                     - |     - |     - |     - |     - |     - |     - |     - |     - |     - |      - |      - |      - |      - |      - |      - |      - |      - |      - |      - |      - |      - |      - |      - |      - |      - |      - |      - |      0 |      0 |      2 |      2 |      2 |      2 |      2 |      3 |      3 |      3 |      3 |      3 |      3 |      3 |      3 |      3 |      3 |      3 |     20 |     10 |     7 |     9 |    11 |    13 |    15 |    15 |    13 |    13 |    15 |     8 |     11 |     14 |     13 |      9 |     10 |     10 |     10 |      8 |      8 |      6 |      6 |      4 |      3 |      3 |      1 |      1 |      0 |      0 |      2 |      2 |      2 |      2 |      2 |      3 |      3 |      3 |      3 |      3 |      3 |      3 |      3 |      3 |      3 |      3 |      3 |     19 |     10 |
| MST_29                 |                    - |                    - |                    - |                    - |                    - |                    - |                    - |                    - |                    - |                    - |                    - |                    - |                    - |                    - |                    - |                    - |                    - |                    - |                    - |                    - |                    - |                    - |                    - |                    - |                    - |                    - |                    - |                    - |                    - |                    - |                    - |                    - |                    - |                    - |                    - |                    - |                    - |                    - |                    - |                    - |                    - |                    - |                    - |                    - |                    - |                    - |                    - |                    - |                     - |                     - |                     - |                     - |                     - |     - |     - |     - |     - |     - |     - |     - |     - |     - |      - |      - |      - |      - |      - |      - |      - |      - |      - |      - |      - |      - |      - |      - |      - |      - |      - |      - |      - |      0 |      2 |      2 |      2 |      2 |      2 |      3 |      3 |      3 |      3 |      3 |      3 |      3 |      3 |      3 |      3 |      3 |     20 |     10 |     7 |     9 |    11 |    13 |    15 |    15 |    13 |    13 |    15 |     8 |     11 |     14 |     13 |      9 |     10 |     10 |     10 |      8 |      8 |      6 |      6 |      4 |      3 |      3 |      1 |      1 |      0 |      0 |      2 |      2 |      2 |      2 |      2 |      3 |      3 |      3 |      3 |      3 |      3 |      3 |      3 |      3 |      3 |      3 |      3 |     19 |     10 |
| MST_30                 |                    - |                    - |                    - |                    - |                    - |                    - |                    - |                    - |                    - |                    - |                    - |                    - |                    - |                    - |                    - |                    - |                    - |                    - |                    - |                    - |                    - |                    - |                    - |                    - |                    - |                    - |                    - |                    - |                    - |                    - |                    - |                    - |                    - |                    - |                    - |                    - |                    - |                    - |                    - |                    - |                    - |                    - |                    - |                    - |                    - |                    - |                    - |                    - |                     - |                     - |                     - |                     - |                     - |     - |     - |     - |     - |     - |     - |     - |     - |     - |      - |      - |      - |      - |      - |      - |      - |      - |      - |      - |      - |      - |      - |      - |      - |      - |      - |      - |      - |      - |      0 |      0 |      0 |      1 |      1 |      2 |      2 |      2 |      2 |      2 |      2 |      2 |      2 |      2 |      2 |      2 |     19 |     11 |     7 |     9 |    11 |    13 |    15 |    15 |    13 |    13 |    15 |     9 |     12 |     15 |     14 |      8 |     10 |     10 |     10 |      9 |      9 |      6 |      6 |      6 |      5 |      5 |      3 |      3 |      2 |      2 |      0 |      0 |      0 |      1 |      1 |      2 |      2 |      2 |      2 |      2 |      2 |      2 |      2 |      2 |      2 |      2 |      2 |     18 |     11 |
| MST_31                 |                    - |                    - |                    - |                    - |                    - |                    - |                    - |                    - |                    - |                    - |                    - |                    - |                    - |                    - |                    - |                    - |                    - |                    - |                    - |                    - |                    - |                    - |                    - |                    - |                    - |                    - |                    - |                    - |                    - |                    - |                    - |                    - |                    - |                    - |                    - |                    - |                    - |                    - |                    - |                    - |                    - |                    - |                    - |                    - |                    - |                    - |                    - |                    - |                     - |                     - |                     - |                     - |                     - |     - |     - |     - |     - |     - |     - |     - |     - |     - |      - |      - |      - |      - |      - |      - |      - |      - |      - |      - |      - |      - |      - |      - |      - |      - |      - |      - |      - |      - |      - |      0 |      0 |      1 |      1 |      2 |      2 |      2 |      2 |      2 |      2 |      2 |      2 |      2 |      2 |      2 |     19 |     11 |     7 |     9 |    11 |    13 |    15 |    15 |    13 |    13 |    15 |     9 |     12 |     15 |     14 |      8 |     10 |     10 |     10 |      9 |      9 |      6 |      6 |      6 |      5 |      5 |      3 |      3 |      2 |      2 |      0 |      0 |      0 |      1 |      1 |      2 |      2 |      2 |      2 |      2 |      2 |      2 |      2 |      2 |      2 |      2 |      2 |     18 |     11 |
| MST_32                 |                    - |                    - |                    - |                    - |                    - |                    - |                    - |                    - |                    - |                    - |                    - |                    - |                    - |                    - |                    - |                    - |                    - |                    - |                    - |                    - |                    - |                    - |                    - |                    - |                    - |                    - |                    - |                    - |                    - |                    - |                    - |                    - |                    - |                    - |                    - |                    - |                    - |                    - |                    - |                    - |                    - |                    - |                    - |                    - |                    - |                    - |                    - |                    - |                     - |                     - |                     - |                     - |                     - |     - |     - |     - |     - |     - |     - |     - |     - |     - |      - |      - |      - |      - |      - |      - |      - |      - |      - |      - |      - |      - |      - |      - |      - |      - |      - |      - |      - |      - |      - |      - |      0 |      1 |      1 |      2 |      2 |      2 |      2 |      2 |      2 |      2 |      2 |      2 |      2 |      2 |     19 |     11 |     7 |     9 |    11 |    13 |    15 |    15 |    13 |    13 |    15 |     9 |     12 |     15 |     14 |      8 |     10 |     10 |     10 |      9 |      9 |      6 |      6 |      6 |      5 |      5 |      3 |      3 |      2 |      2 |      0 |      0 |      0 |      1 |      1 |      2 |      2 |      2 |      2 |      2 |      2 |      2 |      2 |      2 |      2 |      2 |      2 |     18 |     11 |
| MST_33                 |                    - |                    - |                    - |                    - |                    - |                    - |                    - |                    - |                    - |                    - |                    - |                    - |                    - |                    - |                    - |                    - |                    - |                    - |                    - |                    - |                    - |                    - |                    - |                    - |                    - |                    - |                    - |                    - |                    - |                    - |                    - |                    - |                    - |                    - |                    - |                    - |                    - |                    - |                    - |                    - |                    - |                    - |                    - |                    - |                    - |                    - |                    - |                    - |                     - |                     - |                     - |                     - |                     - |     - |     - |     - |     - |     - |     - |     - |     - |     - |      - |      - |      - |      - |      - |      - |      - |      - |      - |      - |      - |      - |      - |      - |      - |      - |      - |      - |      - |      - |      - |      - |      - |      0 |      0 |      1 |      1 |      1 |      1 |      1 |      1 |      1 |      1 |      1 |      1 |      1 |     19 |     10 |     7 |     9 |    11 |    14 |    16 |    16 |    14 |    14 |    16 |     9 |     12 |     15 |     14 |      9 |      9 |     10 |     10 |     10 |     10 |      7 |      7 |      6 |      5 |      5 |      3 |      3 |      2 |      2 |      1 |      1 |      1 |      0 |      0 |      1 |      1 |      1 |      1 |      1 |      1 |      1 |      1 |      1 |      1 |      1 |      1 |     19 |     10 |
| MST_34                 |                    - |                    - |                    - |                    - |                    - |                    - |                    - |                    - |                    - |                    - |                    - |                    - |                    - |                    - |                    - |                    - |                    - |                    - |                    - |                    - |                    - |                    - |                    - |                    - |                    - |                    - |                    - |                    - |                    - |                    - |                    - |                    - |                    - |                    - |                    - |                    - |                    - |                    - |                    - |                    - |                    - |                    - |                    - |                    - |                    - |                    - |                    - |                    - |                     - |                     - |                     - |                     - |                     - |     - |     - |     - |     - |     - |     - |     - |     - |     - |      - |      - |      - |      - |      - |      - |      - |      - |      - |      - |      - |      - |      - |      - |      - |      - |      - |      - |      - |      - |      - |      - |      - |      - |      0 |      1 |      1 |      1 |      1 |      1 |      1 |      1 |      1 |      1 |      1 |      1 |     19 |     10 |     7 |     9 |    11 |    14 |    16 |    16 |    14 |    14 |    16 |     9 |     12 |     15 |     14 |      9 |      9 |     10 |     10 |     10 |     10 |      7 |      7 |      6 |      5 |      5 |      3 |      3 |      2 |      2 |      1 |      1 |      1 |      0 |      0 |      1 |      1 |      1 |      1 |      1 |      1 |      1 |      1 |      1 |      1 |      1 |      1 |     19 |     10 |
| MST_35                 |                    - |                    - |                    - |                    - |                    - |                    - |                    - |                    - |                    - |                    - |                    - |                    - |                    - |                    - |                    - |                    - |                    - |                    - |                    - |                    - |                    - |                    - |                    - |                    - |                    - |                    - |                    - |                    - |                    - |                    - |                    - |                    - |                    - |                    - |                    - |                    - |                    - |                    - |                    - |                    - |                    - |                    - |                    - |                    - |                    - |                    - |                    - |                    - |                     - |                     - |                     - |                     - |                     - |     - |     - |     - |     - |     - |     - |     - |     - |     - |      - |      - |      - |      - |      - |      - |      - |      - |      - |      - |      - |      - |      - |      - |      - |      - |      - |      - |      - |      - |      - |      - |      - |      - |      - |      0 |      0 |      0 |      0 |      0 |      0 |      0 |      0 |      0 |      0 |      0 |     20 |     10 |     7 |     9 |    11 |    14 |    17 |    16 |    14 |    15 |    17 |    10 |     13 |     16 |     15 |     10 |     10 |     11 |     11 |     10 |     10 |      8 |      8 |      7 |      6 |      6 |      4 |      4 |      3 |      3 |      2 |      2 |      2 |      1 |      1 |      0 |      0 |      0 |      0 |      0 |      0 |      0 |      0 |      0 |      0 |      0 |      0 |     20 |     10 |
| MST_36                 |                    - |                    - |                    - |                    - |                    - |                    - |                    - |                    - |                    - |                    - |                    - |                    - |                    - |                    - |                    - |                    - |                    - |                    - |                    - |                    - |                    - |                    - |                    - |                    - |                    - |                    - |                    - |                    - |                    - |                    - |                    - |                    - |                    - |                    - |                    - |                    - |                    - |                    - |                    - |                    - |                    - |                    - |                    - |                    - |                    - |                    - |                    - |                    - |                     - |                     - |                     - |                     - |                     - |     - |     - |     - |     - |     - |     - |     - |     - |     - |      - |      - |      - |      - |      - |      - |      - |      - |      - |      - |      - |      - |      - |      - |      - |      - |      - |      - |      - |      - |      - |      - |      - |      - |      - |      - |      0 |      0 |      0 |      0 |      0 |      0 |      0 |      0 |      0 |      0 |     20 |     10 |     7 |     9 |    11 |    14 |    17 |    16 |    14 |    15 |    17 |    10 |     13 |     16 |     15 |     10 |     10 |     11 |     11 |     10 |     10 |      8 |      8 |      7 |      6 |      6 |      4 |      4 |      3 |      3 |      2 |      2 |      2 |      1 |      1 |      0 |      0 |      0 |      0 |      0 |      0 |      0 |      0 |      0 |      0 |      0 |      0 |     20 |     10 |
| MST_37                 |                    - |                    - |                    - |                    - |                    - |                    - |                    - |                    - |                    - |                    - |                    - |                    - |                    - |                    - |                    - |                    - |                    - |                    - |                    - |                    - |                    - |                    - |                    - |                    - |                    - |                    - |                    - |                    - |                    - |                    - |                    - |                    - |                    - |                    - |                    - |                    - |                    - |                    - |                    - |                    - |                    - |                    - |                    - |                    - |                    - |                    - |                    - |                    - |                     - |                     - |                     - |                     - |                     - |     - |     - |     - |     - |     - |     - |     - |     - |     - |      - |      - |      - |      - |      - |      - |      - |      - |      - |      - |      - |      - |      - |      - |      - |      - |      - |      - |      - |      - |      - |      - |      - |      - |      - |      - |      - |      0 |      0 |      0 |      0 |      0 |      0 |      0 |      0 |      0 |     20 |     10 |     7 |     9 |    11 |    14 |    17 |    16 |    14 |    15 |    17 |    10 |     13 |     16 |     15 |     10 |     10 |     11 |     11 |     10 |     10 |      8 |      8 |      7 |      6 |      6 |      4 |      4 |      3 |      3 |      2 |      2 |      2 |      1 |      1 |      0 |      0 |      0 |      0 |      0 |      0 |      0 |      0 |      0 |      0 |      0 |      0 |     20 |     10 |
| MST_38                 |                    - |                    - |                    - |                    - |                    - |                    - |                    - |                    - |                    - |                    - |                    - |                    - |                    - |                    - |                    - |                    - |                    - |                    - |                    - |                    - |                    - |                    - |                    - |                    - |                    - |                    - |                    - |                    - |                    - |                    - |                    - |                    - |                    - |                    - |                    - |                    - |                    - |                    - |                    - |                    - |                    - |                    - |                    - |                    - |                    - |                    - |                    - |                    - |                     - |                     - |                     - |                     - |                     - |     - |     - |     - |     - |     - |     - |     - |     - |     - |      - |      - |      - |      - |      - |      - |      - |      - |      - |      - |      - |      - |      - |      - |      - |      - |      - |      - |      - |      - |      - |      - |      - |      - |      - |      - |      - |      - |      0 |      0 |      0 |      0 |      0 |      0 |      0 |      0 |     20 |     10 |     7 |     9 |    11 |    14 |    17 |    16 |    14 |    15 |    17 |    10 |     13 |     16 |     15 |     10 |     10 |     11 |     11 |     10 |     10 |      8 |      8 |      7 |      6 |      6 |      4 |      4 |      3 |      3 |      2 |      2 |      2 |      1 |      1 |      0 |      0 |      0 |      0 |      0 |      0 |      0 |      0 |      0 |      0 |      0 |      0 |     20 |     10 |
| MST_39                 |                    - |                    - |                    - |                    - |                    - |                    - |                    - |                    - |                    - |                    - |                    - |                    - |                    - |                    - |                    - |                    - |                    - |                    - |                    - |                    - |                    - |                    - |                    - |                    - |                    - |                    - |                    - |                    - |                    - |                    - |                    - |                    - |                    - |                    - |                    - |                    - |                    - |                    - |                    - |                    - |                    - |                    - |                    - |                    - |                    - |                    - |                    - |                    - |                     - |                     - |                     - |                     - |                     - |     - |     - |     - |     - |     - |     - |     - |     - |     - |      - |      - |      - |      - |      - |      - |      - |      - |      - |      - |      - |      - |      - |      - |      - |      - |      - |      - |      - |      - |      - |      - |      - |      - |      - |      - |      - |      - |      - |      0 |      0 |      0 |      0 |      0 |      0 |      0 |     20 |     10 |     7 |     9 |    11 |    14 |    17 |    16 |    14 |    15 |    17 |    10 |     13 |     16 |     15 |     10 |     10 |     11 |     11 |     10 |     10 |      8 |      8 |      7 |      6 |      6 |      4 |      4 |      3 |      3 |      2 |      2 |      2 |      1 |      1 |      0 |      0 |      0 |      0 |      0 |      0 |      0 |      0 |      0 |      0 |      0 |      0 |     20 |     10 |
| MST_40                 |                    - |                    - |                    - |                    - |                    - |                    - |                    - |                    - |                    - |                    - |                    - |                    - |                    - |                    - |                    - |                    - |                    - |                    - |                    - |                    - |                    - |                    - |                    - |                    - |                    - |                    - |                    - |                    - |                    - |                    - |                    - |                    - |                    - |                    - |                    - |                    - |                    - |                    - |                    - |                    - |                    - |                    - |                    - |                    - |                    - |                    - |                    - |                    - |                     - |                     - |                     - |                     - |                     - |     - |     - |     - |     - |     - |     - |     - |     - |     - |      - |      - |      - |      - |      - |      - |      - |      - |      - |      - |      - |      - |      - |      - |      - |      - |      - |      - |      - |      - |      - |      - |      - |      - |      - |      - |      - |      - |      - |      - |      0 |      0 |      0 |      0 |      0 |      0 |     20 |     10 |     7 |     9 |    11 |    14 |    17 |    16 |    14 |    15 |    17 |    10 |     13 |     16 |     15 |     10 |     10 |     11 |     11 |     10 |     10 |      8 |      8 |      7 |      6 |      6 |      4 |      4 |      3 |      3 |      2 |      2 |      2 |      1 |      1 |      0 |      0 |      0 |      0 |      0 |      0 |      0 |      0 |      0 |      0 |      0 |      0 |     20 |     10 |
| MST_41                 |                    - |                    - |                    - |                    - |                    - |                    - |                    - |                    - |                    - |                    - |                    - |                    - |                    - |                    - |                    - |                    - |                    - |                    - |                    - |                    - |                    - |                    - |                    - |                    - |                    - |                    - |                    - |                    - |                    - |                    - |                    - |                    - |                    - |                    - |                    - |                    - |                    - |                    - |                    - |                    - |                    - |                    - |                    - |                    - |                    - |                    - |                    - |                    - |                     - |                     - |                     - |                     - |                     - |     - |     - |     - |     - |     - |     - |     - |     - |     - |      - |      - |      - |      - |      - |      - |      - |      - |      - |      - |      - |      - |      - |      - |      - |      - |      - |      - |      - |      - |      - |      - |      - |      - |      - |      - |      - |      - |      - |      - |      - |      0 |      0 |      0 |      0 |      0 |     20 |     10 |     7 |     9 |    11 |    14 |    17 |    16 |    14 |    15 |    17 |    10 |     13 |     16 |     15 |     10 |     10 |     11 |     11 |     10 |     10 |      8 |      8 |      7 |      6 |      6 |      4 |      4 |      3 |      3 |      2 |      2 |      2 |      1 |      1 |      0 |      0 |      0 |      0 |      0 |      0 |      0 |      0 |      0 |      0 |      0 |      0 |     20 |     10 |
| MST_42                 |                    - |                    - |                    - |                    - |                    - |                    - |                    - |                    - |                    - |                    - |                    - |                    - |                    - |                    - |                    - |                    - |                    - |                    - |                    - |                    - |                    - |                    - |                    - |                    - |                    - |                    - |                    - |                    - |                    - |                    - |                    - |                    - |                    - |                    - |                    - |                    - |                    - |                    - |                    - |                    - |                    - |                    - |                    - |                    - |                    - |                    - |                    - |                    - |                     - |                     - |                     - |                     - |                     - |     - |     - |     - |     - |     - |     - |     - |     - |     - |      - |      - |      - |      - |      - |      - |      - |      - |      - |      - |      - |      - |      - |      - |      - |      - |      - |      - |      - |      - |      - |      - |      - |      - |      - |      - |      - |      - |      - |      - |      - |      - |      0 |      0 |      0 |      0 |     20 |     10 |     7 |     9 |    11 |    14 |    17 |    16 |    14 |    15 |    17 |    10 |     13 |     16 |     15 |     10 |     10 |     11 |     11 |     10 |     10 |      8 |      8 |      7 |      6 |      6 |      4 |      4 |      3 |      3 |      2 |      2 |      2 |      1 |      1 |      0 |      0 |      0 |      0 |      0 |      0 |      0 |      0 |      0 |      0 |      0 |      0 |     20 |     10 |
| MST_43                 |                    - |                    - |                    - |                    - |                    - |                    - |                    - |                    - |                    - |                    - |                    - |                    - |                    - |                    - |                    - |                    - |                    - |                    - |                    - |                    - |                    - |                    - |                    - |                    - |                    - |                    - |                    - |                    - |                    - |                    - |                    - |                    - |                    - |                    - |                    - |                    - |                    - |                    - |                    - |                    - |                    - |                    - |                    - |                    - |                    - |                    - |                    - |                    - |                     - |                     - |                     - |                     - |                     - |     - |     - |     - |     - |     - |     - |     - |     - |     - |      - |      - |      - |      - |      - |      - |      - |      - |      - |      - |      - |      - |      - |      - |      - |      - |      - |      - |      - |      - |      - |      - |      - |      - |      - |      - |      - |      - |      - |      - |      - |      - |      - |      0 |      0 |      0 |     20 |     10 |     7 |     9 |    11 |    14 |    17 |    16 |    14 |    15 |    17 |    10 |     13 |     16 |     15 |     10 |     10 |     11 |     11 |     10 |     10 |      8 |      8 |      7 |      6 |      6 |      4 |      4 |      3 |      3 |      2 |      2 |      2 |      1 |      1 |      0 |      0 |      0 |      0 |      0 |      0 |      0 |      0 |      0 |      0 |      0 |      0 |     20 |     10 |
| MST_44                 |                    - |                    - |                    - |                    - |                    - |                    - |                    - |                    - |                    - |                    - |                    - |                    - |                    - |                    - |                    - |                    - |                    - |                    - |                    - |                    - |                    - |                    - |                    - |                    - |                    - |                    - |                    - |                    - |                    - |                    - |                    - |                    - |                    - |                    - |                    - |                    - |                    - |                    - |                    - |                    - |                    - |                    - |                    - |                    - |                    - |                    - |                    - |                    - |                     - |                     - |                     - |                     - |                     - |     - |     - |     - |     - |     - |     - |     - |     - |     - |      - |      - |      - |      - |      - |      - |      - |      - |      - |      - |      - |      - |      - |      - |      - |      - |      - |      - |      - |      - |      - |      - |      - |      - |      - |      - |      - |      - |      - |      - |      - |      - |      - |      - |      0 |      0 |     20 |     10 |     7 |     9 |    11 |    14 |    17 |    16 |    14 |    15 |    17 |    10 |     13 |     16 |     15 |     10 |     10 |     11 |     11 |     10 |     10 |      8 |      8 |      7 |      6 |      6 |      4 |      4 |      3 |      3 |      2 |      2 |      2 |      1 |      1 |      0 |      0 |      0 |      0 |      0 |      0 |      0 |      0 |      0 |      0 |      0 |      0 |     20 |     10 |
| MST_45                 |                    - |                    - |                    - |                    - |                    - |                    - |                    - |                    - |                    - |                    - |                    - |                    - |                    - |                    - |                    - |                    - |                    - |                    - |                    - |                    - |                    - |                    - |                    - |                    - |                    - |                    - |                    - |                    - |                    - |                    - |                    - |                    - |                    - |                    - |                    - |                    - |                    - |                    - |                    - |                    - |                    - |                    - |                    - |                    - |                    - |                    - |                    - |                    - |                     - |                     - |                     - |                     - |                     - |     - |     - |     - |     - |     - |     - |     - |     - |     - |      - |      - |      - |      - |      - |      - |      - |      - |      - |      - |      - |      - |      - |      - |      - |      - |      - |      - |      - |      - |      - |      - |      - |      - |      - |      - |      - |      - |      - |      - |      - |      - |      - |      - |      - |      0 |     20 |     10 |     7 |     9 |    11 |    14 |    17 |    16 |    14 |    15 |    17 |    10 |     13 |     16 |     15 |     10 |     10 |     11 |     11 |     10 |     10 |      8 |      8 |      7 |      6 |      6 |      4 |      4 |      3 |      3 |      2 |      2 |      2 |      1 |      1 |      0 |      0 |      0 |      0 |      0 |      0 |      0 |      0 |      0 |      0 |      0 |      0 |     20 |     10 |
| MST_46                 |                    - |                    - |                    - |                    - |                    - |                    - |                    - |                    - |                    - |                    - |                    - |                    - |                    - |                    - |                    - |                    - |                    - |                    - |                    - |                    - |                    - |                    - |                    - |                    - |                    - |                    - |                    - |                    - |                    - |                    - |                    - |                    - |                    - |                    - |                    - |                    - |                    - |                    - |                    - |                    - |                    - |                    - |                    - |                    - |                    - |                    - |                    - |                    - |                     - |                     - |                     - |                     - |                     - |     - |     - |     - |     - |     - |     - |     - |     - |     - |      - |      - |      - |      - |      - |      - |      - |      - |      - |      - |      - |      - |      - |      - |      - |      - |      - |      - |      - |      - |      - |      - |      - |      - |      - |      - |      - |      - |      - |      - |      - |      - |      - |      - |      - |      - |      0 |     10 |     7 |    10 |    13 |    16 |    15 |    17 |    15 |    17 |    17 |    16 |     18 |     19 |     19 |     19 |     19 |     20 |     20 |     20 |     19 |     19 |     19 |     19 |     20 |     20 |     20 |     20 |     20 |     20 |     19 |     19 |     19 |     19 |     19 |     20 |     20 |     20 |     20 |     20 |     20 |     20 |     20 |     20 |     20 |     20 |     20 |     13 |     10 |
| MST_47                 |                    - |                    - |                    - |                    - |                    - |                    - |                    - |                    - |                    - |                    - |                    - |                    - |                    - |                    - |                    - |                    - |                    - |                    - |                    - |                    - |                    - |                    - |                    - |                    - |                    - |                    - |                    - |                    - |                    - |                    - |                    - |                    - |                    - |                    - |                    - |                    - |                    - |                    - |                    - |                    - |                    - |                    - |                    - |                    - |                    - |                    - |                    - |                    - |                     - |                     - |                     - |                     - |                     - |     - |     - |     - |     - |     - |     - |     - |     - |     - |      - |      - |      - |      - |      - |      - |      - |      - |      - |      - |      - |      - |      - |      - |      - |      - |      - |      - |      - |      - |      - |      - |      - |      - |      - |      - |      - |      - |      - |      - |      - |      - |      - |      - |      - |      - |      - |      0 |     7 |     6 |     6 |     9 |    10 |    11 |    11 |    11 |    13 |    11 |     10 |     13 |     13 |     11 |     11 |     11 |     11 |     12 |     11 |     11 |     11 |     10 |     10 |     10 |      9 |      9 |     10 |     10 |     11 |     11 |     11 |     10 |     10 |     10 |     10 |     10 |     10 |     10 |     10 |     10 |     10 |     10 |     10 |     10 |     10 |     11 |      0 |
| SEQ_0                  |                    - |                    - |                    - |                    - |                    - |                    - |                    - |                    - |                    - |                    - |                    - |                    - |                    - |                    - |                    - |                    - |                    - |                    - |                    - |                    - |                    - |                    - |                    - |                    - |                    - |                    - |                    - |                    - |                    - |                    - |                    - |                    - |                    - |                    - |                    - |                    - |                    - |                    - |                    - |                    - |                    - |                    - |                    - |                    - |                    - |                    - |                    - |                    - |                     - |                     - |                     - |                     - |                     - |     - |     - |     - |     - |     - |     - |     - |     - |     - |      - |      - |      - |      - |      - |      - |      - |      - |      - |      - |      - |      - |      - |      - |      - |      - |      - |      - |      - |      - |      - |      - |      - |      - |      - |      - |      - |      - |      - |      - |      - |      - |      - |      - |      - |      - |      - |      - |     0 |     3 |     5 |     6 |     6 |     9 |     7 |     7 |     8 |     8 |      8 |      9 |     10 |      7 |      8 |      8 |      8 |      8 |      7 |      8 |      8 |      8 |      7 |      7 |      7 |      7 |      7 |      7 |      7 |      7 |      7 |      7 |      7 |      7 |      7 |      7 |      7 |      7 |      7 |      7 |      7 |      7 |      7 |      7 |      7 |      9 |      7 |
| SEQ_1                  |                    - |                    - |                    - |                    - |                    - |                    - |                    - |                    - |                    - |                    - |                    - |                    - |                    - |                    - |                    - |                    - |                    - |                    - |                    - |                    - |                    - |                    - |                    - |                    - |                    - |                    - |                    - |                    - |                    - |                    - |                    - |                    - |                    - |                    - |                    - |                    - |                    - |                    - |                    - |                    - |                    - |                    - |                    - |                    - |                    - |                    - |                    - |                    - |                     - |                     - |                     - |                     - |                     - |     - |     - |     - |     - |     - |     - |     - |     - |     - |      - |      - |      - |      - |      - |      - |      - |      - |      - |      - |      - |      - |      - |      - |      - |      - |      - |      - |      - |      - |      - |      - |      - |      - |      - |      - |      - |      - |      - |      - |      - |      - |      - |      - |      - |      - |      - |      - |     - |     0 |     6 |    10 |    10 |    12 |    10 |    10 |    12 |    11 |     11 |     12 |     12 |      9 |     10 |     10 |     10 |     10 |      9 |     10 |     10 |     10 |      9 |      9 |      9 |      9 |      9 |      9 |      9 |      9 |      9 |      9 |      9 |      9 |      9 |      9 |      9 |      9 |      9 |      9 |      9 |      9 |      9 |      9 |      9 |     11 |      6 |
| SEQ_2                  |                    - |                    - |                    - |                    - |                    - |                    - |                    - |                    - |                    - |                    - |                    - |                    - |                    - |                    - |                    - |                    - |                    - |                    - |                    - |                    - |                    - |                    - |                    - |                    - |                    - |                    - |                    - |                    - |                    - |                    - |                    - |                    - |                    - |                    - |                    - |                    - |                    - |                    - |                    - |                    - |                    - |                    - |                    - |                    - |                    - |                    - |                    - |                    - |                     - |                     - |                     - |                     - |                     - |     - |     - |     - |     - |     - |     - |     - |     - |     - |      - |      - |      - |      - |      - |      - |      - |      - |      - |      - |      - |      - |      - |      - |      - |      - |      - |      - |      - |      - |      - |      - |      - |      - |      - |      - |      - |      - |      - |      - |      - |      - |      - |      - |      - |      - |      - |      - |     - |     - |     0 |     7 |    10 |    12 |    10 |    10 |    12 |    11 |     10 |     11 |     12 |     10 |     10 |     11 |     11 |     11 |     11 |     12 |     12 |     11 |     10 |     11 |     10 |     10 |     11 |     11 |     11 |     11 |     11 |     11 |     11 |     11 |     11 |     11 |     11 |     11 |     11 |     11 |     11 |     11 |     11 |     11 |     11 |     13 |      6 |
| SEQ_3                  |                    - |                    - |                    - |                    - |                    - |                    - |                    - |                    - |                    - |                    - |                    - |                    - |                    - |                    - |                    - |                    - |                    - |                    - |                    - |                    - |                    - |                    - |                    - |                    - |                    - |                    - |                    - |                    - |                    - |                    - |                    - |                    - |                    - |                    - |                    - |                    - |                    - |                    - |                    - |                    - |                    - |                    - |                    - |                    - |                    - |                    - |                    - |                    - |                     - |                     - |                     - |                     - |                     - |     - |     - |     - |     - |     - |     - |     - |     - |     - |      - |      - |      - |      - |      - |      - |      - |      - |      - |      - |      - |      - |      - |      - |      - |      - |      - |      - |      - |      - |      - |      - |      - |      - |      - |      - |      - |      - |      - |      - |      - |      - |      - |      - |      - |      - |      - |      - |     - |     - |     - |     0 |     6 |    12 |    10 |    10 |    12 |    11 |     10 |     13 |     14 |     14 |     14 |     14 |     14 |     14 |     14 |     13 |     13 |     13 |     14 |     15 |     13 |     13 |     13 |     13 |     13 |     13 |     13 |     14 |     14 |     14 |     14 |     14 |     14 |     14 |     14 |     14 |     14 |     14 |     14 |     14 |     14 |     14 |      9 |
| SEQ_4                  |                    - |                    - |                    - |                    - |                    - |                    - |                    - |                    - |                    - |                    - |                    - |                    - |                    - |                    - |                    - |                    - |                    - |                    - |                    - |                    - |                    - |                    - |                    - |                    - |                    - |                    - |                    - |                    - |                    - |                    - |                    - |                    - |                    - |                    - |                    - |                    - |                    - |                    - |                    - |                    - |                    - |                    - |                    - |                    - |                    - |                    - |                    - |                    - |                     - |                     - |                     - |                     - |                     - |     - |     - |     - |     - |     - |     - |     - |     - |     - |      - |      - |      - |      - |      - |      - |      - |      - |      - |      - |      - |      - |      - |      - |      - |      - |      - |      - |      - |      - |      - |      - |      - |      - |      - |      - |      - |      - |      - |      - |      - |      - |      - |      - |      - |      - |      - |      - |     - |     - |     - |     - |     0 |     9 |    11 |    11 |    10 |    11 |     11 |     13 |     14 |     14 |     14 |     14 |     13 |     13 |     14 |     14 |     14 |     15 |     16 |     16 |     16 |     16 |     15 |     15 |     15 |     15 |     15 |     16 |     16 |     17 |     17 |     17 |     17 |     17 |     17 |     17 |     17 |     17 |     17 |     17 |     17 |     14 |     10 |
| SEQ_5                  |                    - |                    - |                    - |                    - |                    - |                    - |                    - |                    - |                    - |                    - |                    - |                    - |                    - |                    - |                    - |                    - |                    - |                    - |                    - |                    - |                    - |                    - |                    - |                    - |                    - |                    - |                    - |                    - |                    - |                    - |                    - |                    - |                    - |                    - |                    - |                    - |                    - |                    - |                    - |                    - |                    - |                    - |                    - |                    - |                    - |                    - |                    - |                    - |                     - |                     - |                     - |                     - |                     - |     - |     - |     - |     - |     - |     - |     - |     - |     - |      - |      - |      - |      - |      - |      - |      - |      - |      - |      - |      - |      - |      - |      - |      - |      - |      - |      - |      - |      - |      - |      - |      - |      - |      - |      - |      - |      - |      - |      - |      - |      - |      - |      - |      - |      - |      - |      - |     - |     - |     - |     - |     - |     0 |     9 |    10 |     9 |    10 |     10 |     11 |     13 |     14 |     14 |     14 |     13 |     13 |     14 |     14 |     14 |     14 |     15 |     15 |     16 |     16 |     15 |     15 |     15 |     15 |     15 |     16 |     16 |     16 |     16 |     16 |     16 |     16 |     16 |     16 |     16 |     16 |     16 |     16 |     16 |     13 |     11 |
| SEQ_6                  |                    - |                    - |                    - |                    - |                    - |                    - |                    - |                    - |                    - |                    - |                    - |                    - |                    - |                    - |                    - |                    - |                    - |                    - |                    - |                    - |                    - |                    - |                    - |                    - |                    - |                    - |                    - |                    - |                    - |                    - |                    - |                    - |                    - |                    - |                    - |                    - |                    - |                    - |                    - |                    - |                    - |                    - |                    - |                    - |                    - |                    - |                    - |                    - |                     - |                     - |                     - |                     - |                     - |     - |     - |     - |     - |     - |     - |     - |     - |     - |      - |      - |      - |      - |      - |      - |      - |      - |      - |      - |      - |      - |      - |      - |      - |      - |      - |      - |      - |      - |      - |      - |      - |      - |      - |      - |      - |      - |      - |      - |      - |      - |      - |      - |      - |      - |      - |      - |     - |     - |     - |     - |     - |     - |     0 |     6 |     6 |     7 |      9 |     10 |     11 |     13 |     14 |     13 |     13 |     13 |     13 |     13 |     13 |     12 |     12 |     14 |     14 |     14 |     13 |     13 |     13 |     13 |     13 |     14 |     14 |     14 |     14 |     14 |     14 |     14 |     14 |     14 |     14 |     14 |     14 |     14 |     14 |     15 |     11 |
| SEQ_7                  |                    - |                    - |                    - |                    - |                    - |                    - |                    - |                    - |                    - |                    - |                    - |                    - |                    - |                    - |                    - |                    - |                    - |                    - |                    - |                    - |                    - |                    - |                    - |                    - |                    - |                    - |                    - |                    - |                    - |                    - |                    - |                    - |                    - |                    - |                    - |                    - |                    - |                    - |                    - |                    - |                    - |                    - |                    - |                    - |                    - |                    - |                    - |                    - |                     - |                     - |                     - |                     - |                     - |     - |     - |     - |     - |     - |     - |     - |     - |     - |      - |      - |      - |      - |      - |      - |      - |      - |      - |      - |      - |      - |      - |      - |      - |      - |      - |      - |      - |      - |      - |      - |      - |      - |      - |      - |      - |      - |      - |      - |      - |      - |      - |      - |      - |      - |      - |      - |     - |     - |     - |     - |     - |     - |     - |     0 |     5 |     7 |      8 |     10 |     12 |     11 |     13 |     12 |     12 |     12 |     13 |     12 |     12 |     11 |     12 |     14 |     13 |     13 |     13 |     13 |     13 |     13 |     13 |     14 |     14 |     15 |     15 |     15 |     15 |     15 |     15 |     15 |     15 |     15 |     15 |     15 |     15 |     16 |     11 |
| SEQ_8                  |                    - |                    - |                    - |                    - |                    - |                    - |                    - |                    - |                    - |                    - |                    - |                    - |                    - |                    - |                    - |                    - |                    - |                    - |                    - |                    - |                    - |                    - |                    - |                    - |                    - |                    - |                    - |                    - |                    - |                    - |                    - |                    - |                    - |                    - |                    - |                    - |                    - |                    - |                    - |                    - |                    - |                    - |                    - |                    - |                    - |                    - |                    - |                    - |                     - |                     - |                     - |                     - |                     - |     - |     - |     - |     - |     - |     - |     - |     - |     - |      - |      - |      - |      - |      - |      - |      - |      - |      - |      - |      - |      - |      - |      - |      - |      - |      - |      - |      - |      - |      - |      - |      - |      - |      - |      - |      - |      - |      - |      - |      - |      - |      - |      - |      - |      - |      - |      - |     - |     - |     - |     - |     - |     - |     - |     - |     0 |     8 |      9 |     10 |     12 |     12 |     14 |     13 |     12 |     11 |     12 |     12 |     12 |     15 |     15 |     16 |     16 |     16 |     15 |     15 |     15 |     15 |     15 |     16 |     16 |     17 |     17 |     17 |     17 |     17 |     17 |     17 |     17 |     17 |     17 |     17 |     17 |     16 |     13 |
| SEQ_9                  |                    - |                    - |                    - |                    - |                    - |                    - |                    - |                    - |                    - |                    - |                    - |                    - |                    - |                    - |                    - |                    - |                    - |                    - |                    - |                    - |                    - |                    - |                    - |                    - |                    - |                    - |                    - |                    - |                    - |                    - |                    - |                    - |                    - |                    - |                    - |                    - |                    - |                    - |                    - |                    - |                    - |                    - |                    - |                    - |                    - |                    - |                    - |                    - |                     - |                     - |                     - |                     - |                     - |     - |     - |     - |     - |     - |     - |     - |     - |     - |      - |      - |      - |      - |      - |      - |      - |      - |      - |      - |      - |      - |      - |      - |      - |      - |      - |      - |      - |      - |      - |      - |      - |      - |      - |      - |      - |      - |      - |      - |      - |      - |      - |      - |      - |      - |      - |      - |     - |     - |     - |     - |     - |     - |     - |     - |     - |     0 |      2 |      5 |      6 |      9 |      9 |      9 |      9 |      9 |      9 |      9 |      9 |      9 |      9 |      9 |      9 |      9 |      8 |      8 |      9 |      9 |      9 |      9 |      9 |     10 |     10 |     10 |     10 |     10 |     10 |     10 |     10 |     10 |     10 |     10 |     10 |     14 |     11 |
| SEQ_10                 |                    - |                    - |                    - |                    - |                    - |                    - |                    - |                    - |                    - |                    - |                    - |                    - |                    - |                    - |                    - |                    - |                    - |                    - |                    - |                    - |                    - |                    - |                    - |                    - |                    - |                    - |                    - |                    - |                    - |                    - |                    - |                    - |                    - |                    - |                    - |                    - |                    - |                    - |                    - |                    - |                    - |                    - |                    - |                    - |                    - |                    - |                    - |                    - |                     - |                     - |                     - |                     - |                     - |     - |     - |     - |     - |     - |     - |     - |     - |     - |      - |      - |      - |      - |      - |      - |      - |      - |      - |      - |      - |      - |      - |      - |      - |      - |      - |      - |      - |      - |      - |      - |      - |      - |      - |      - |      - |      - |      - |      - |      - |      - |      - |      - |      - |      - |      - |      - |     - |     - |     - |     - |     - |     - |     - |     - |     - |     - |      0 |      8 |      8 |     12 |     12 |     10 |      9 |     10 |     10 |     10 |     10 |     10 |     11 |     12 |     11 |     11 |     11 |     11 |     12 |     12 |     12 |     12 |     12 |     13 |     13 |     13 |     13 |     13 |     13 |     13 |     13 |     13 |     13 |     13 |     13 |     16 |     10 |
| SEQ_11                 |                    - |                    - |                    - |                    - |                    - |                    - |                    - |                    - |                    - |                    - |                    - |                    - |                    - |                    - |                    - |                    - |                    - |                    - |                    - |                    - |                    - |                    - |                    - |                    - |                    - |                    - |                    - |                    - |                    - |                    - |                    - |                    - |                    - |                    - |                    - |                    - |                    - |                    - |                    - |                    - |                    - |                    - |                    - |                    - |                    - |                    - |                    - |                    - |                     - |                     - |                     - |                     - |                     - |     - |     - |     - |     - |     - |     - |     - |     - |     - |      - |      - |      - |      - |      - |      - |      - |      - |      - |      - |      - |      - |      - |      - |      - |      - |      - |      - |      - |      - |      - |      - |      - |      - |      - |      - |      - |      - |      - |      - |      - |      - |      - |      - |      - |      - |      - |      - |     - |     - |     - |     - |     - |     - |     - |     - |     - |     - |      - |      0 |      5 |     10 |     12 |     13 |     12 |     13 |     14 |     14 |     14 |     14 |     15 |     15 |     13 |     13 |     14 |     14 |     15 |     15 |     15 |     15 |     15 |     16 |     16 |     16 |     16 |     16 |     16 |     16 |     16 |     16 |     16 |     16 |     16 |     15 |     13 |
| SEQ_12                 |                    - |                    - |                    - |                    - |                    - |                    - |                    - |                    - |                    - |                    - |                    - |                    - |                    - |                    - |                    - |                    - |                    - |                    - |                    - |                    - |                    - |                    - |                    - |                    - |                    - |                    - |                    - |                    - |                    - |                    - |                    - |                    - |                    - |                    - |                    - |                    - |                    - |                    - |                    - |                    - |                    - |                    - |                    - |                    - |                    - |                    - |                    - |                    - |                     - |                     - |                     - |                     - |                     - |     - |     - |     - |     - |     - |     - |     - |     - |     - |      - |      - |      - |      - |      - |      - |      - |      - |      - |      - |      - |      - |      - |      - |      - |      - |      - |      - |      - |      - |      - |      - |      - |      - |      - |      - |      - |      - |      - |      - |      - |      - |      - |      - |      - |      - |      - |      - |     - |     - |     - |     - |     - |     - |     - |     - |     - |     - |      - |      - |      0 |     10 |     11 |     12 |     12 |     12 |     13 |     13 |     13 |     13 |     14 |     15 |     14 |     14 |     13 |     13 |     14 |     14 |     14 |     14 |     14 |     15 |     15 |     15 |     15 |     15 |     15 |     15 |     15 |     15 |     15 |     15 |     15 |     13 |     13 |
| SEQ_13                 |                    - |                    - |                    - |                    - |                    - |                    - |                    - |                    - |                    - |                    - |                    - |                    - |                    - |                    - |                    - |                    - |                    - |                    - |                    - |                    - |                    - |                    - |                    - |                    - |                    - |                    - |                    - |                    - |                    - |                    - |                    - |                    - |                    - |                    - |                    - |                    - |                    - |                    - |                    - |                    - |                    - |                    - |                    - |                    - |                    - |                    - |                    - |                    - |                     - |                     - |                     - |                     - |                     - |     - |     - |     - |     - |     - |     - |     - |     - |     - |      - |      - |      - |      - |      - |      - |      - |      - |      - |      - |      - |      - |      - |      - |      - |      - |      - |      - |      - |      - |      - |      - |      - |      - |      - |      - |      - |      - |      - |      - |      - |      - |      - |      - |      - |      - |      - |      - |     - |     - |     - |     - |     - |     - |     - |     - |     - |     - |      - |      - |      - |      0 |      4 |      6 |      7 |      6 |      7 |      7 |      7 |     11 |     10 |      9 |     10 |     10 |      9 |      9 |      8 |      8 |      8 |      9 |      9 |     10 |     10 |     10 |     10 |     10 |     10 |     10 |     10 |     10 |     10 |     10 |     10 |     16 |     11 |
| SEQ_14                 |                    - |                    - |                    - |                    - |                    - |                    - |                    - |                    - |                    - |                    - |                    - |                    - |                    - |                    - |                    - |                    - |                    - |                    - |                    - |                    - |                    - |                    - |                    - |                    - |                    - |                    - |                    - |                    - |                    - |                    - |                    - |                    - |                    - |                    - |                    - |                    - |                    - |                    - |                    - |                    - |                    - |                    - |                    - |                    - |                    - |                    - |                    - |                    - |                     - |                     - |                     - |                     - |                     - |     - |     - |     - |     - |     - |     - |     - |     - |     - |      - |      - |      - |      - |      - |      - |      - |      - |      - |      - |      - |      - |      - |      - |      - |      - |      - |      - |      - |      - |      - |      - |      - |      - |      - |      - |      - |      - |      - |      - |      - |      - |      - |      - |      - |      - |      - |      - |     - |     - |     - |     - |     - |     - |     - |     - |     - |     - |      - |      - |      - |      - |      0 |      4 |      5 |      7 |      7 |      7 |      7 |     10 |     10 |      9 |     10 |     10 |     10 |     10 |     10 |     10 |     10 |      9 |      9 |     10 |     10 |     10 |     10 |     10 |     10 |     10 |     10 |     10 |     10 |     10 |     10 |     15 |     11 |
| SEQ_15                 |                    - |                    - |                    - |                    - |                    - |                    - |                    - |                    - |                    - |                    - |                    - |                    - |                    - |                    - |                    - |                    - |                    - |                    - |                    - |                    - |                    - |                    - |                    - |                    - |                    - |                    - |                    - |                    - |                    - |                    - |                    - |                    - |                    - |                    - |                    - |                    - |                    - |                    - |                    - |                    - |                    - |                    - |                    - |                    - |                    - |                    - |                    - |                    - |                     - |                     - |                     - |                     - |                     - |     - |     - |     - |     - |     - |     - |     - |     - |     - |      - |      - |      - |      - |      - |      - |      - |      - |      - |      - |      - |      - |      - |      - |      - |      - |      - |      - |      - |      - |      - |      - |      - |      - |      - |      - |      - |      - |      - |      - |      - |      - |      - |      - |      - |      - |      - |      - |     - |     - |     - |     - |     - |     - |     - |     - |     - |     - |      - |      - |      - |      - |      - |      0 |      1 |      5 |      6 |      6 |      6 |      9 |     11 |     11 |     11 |     11 |     10 |     10 |     10 |     10 |     10 |     10 |     10 |     11 |     11 |     11 |     11 |     11 |     11 |     11 |     11 |     11 |     11 |     11 |     11 |     17 |     11 |
| SEQ_16                 |                    - |                    - |                    - |                    - |                    - |                    - |                    - |                    - |                    - |                    - |                    - |                    - |                    - |                    - |                    - |                    - |                    - |                    - |                    - |                    - |                    - |                    - |                    - |                    - |                    - |                    - |                    - |                    - |                    - |                    - |                    - |                    - |                    - |                    - |                    - |                    - |                    - |                    - |                    - |                    - |                    - |                    - |                    - |                    - |                    - |                    - |                    - |                    - |                     - |                     - |                     - |                     - |                     - |     - |     - |     - |     - |     - |     - |     - |     - |     - |      - |      - |      - |      - |      - |      - |      - |      - |      - |      - |      - |      - |      - |      - |      - |      - |      - |      - |      - |      - |      - |      - |      - |      - |      - |      - |      - |      - |      - |      - |      - |      - |      - |      - |      - |      - |      - |      - |     - |     - |     - |     - |     - |     - |     - |     - |     - |     - |      - |      - |      - |      - |      - |      - |      0 |      6 |      7 |      6 |      6 |      9 |     10 |     11 |     10 |     10 |     10 |     10 |     10 |     10 |     10 |     10 |     10 |     11 |     11 |     11 |     11 |     11 |     11 |     11 |     11 |     11 |     11 |     11 |     11 |     17 |     11 |
| SEQ_17                 |                    - |                    - |                    - |                    - |                    - |                    - |                    - |                    - |                    - |                    - |                    - |                    - |                    - |                    - |                    - |                    - |                    - |                    - |                    - |                    - |                    - |                    - |                    - |                    - |                    - |                    - |                    - |                    - |                    - |                    - |                    - |                    - |                    - |                    - |                    - |                    - |                    - |                    - |                    - |                    - |                    - |                    - |                    - |                    - |                    - |                    - |                    - |                    - |                     - |                     - |                     - |                     - |                     - |     - |     - |     - |     - |     - |     - |     - |     - |     - |      - |      - |      - |      - |      - |      - |      - |      - |      - |      - |      - |      - |      - |      - |      - |      - |      - |      - |      - |      - |      - |      - |      - |      - |      - |      - |      - |      - |      - |      - |      - |      - |      - |      - |      - |      - |      - |      - |     - |     - |     - |     - |     - |     - |     - |     - |     - |     - |      - |      - |      - |      - |      - |      - |      - |      0 |      1 |      3 |      3 |      6 |      7 |      7 |      8 |      8 |      8 |      8 |      9 |      9 |      9 |     10 |     10 |     10 |     10 |     10 |     10 |     10 |     10 |     10 |     10 |     10 |     10 |     10 |     10 |     18 |     12 |
| SEQ_18                 |                    - |                    - |                    - |                    - |                    - |                    - |                    - |                    - |                    - |                    - |                    - |                    - |                    - |                    - |                    - |                    - |                    - |                    - |                    - |                    - |                    - |                    - |                    - |                    - |                    - |                    - |                    - |                    - |                    - |                    - |                    - |                    - |                    - |                    - |                    - |                    - |                    - |                    - |                    - |                    - |                    - |                    - |                    - |                    - |                    - |                    - |                    - |                    - |                     - |                     - |                     - |                     - |                     - |     - |     - |     - |     - |     - |     - |     - |     - |     - |      - |      - |      - |      - |      - |      - |      - |      - |      - |      - |      - |      - |      - |      - |      - |      - |      - |      - |      - |      - |      - |      - |      - |      - |      - |      - |      - |      - |      - |      - |      - |      - |      - |      - |      - |      - |      - |      - |     - |     - |     - |     - |     - |     - |     - |     - |     - |     - |      - |      - |      - |      - |      - |      - |      - |      - |      0 |      3 |      3 |      6 |      7 |      7 |      8 |      8 |      8 |      8 |      9 |      9 |      9 |     10 |     10 |     10 |     10 |     10 |     10 |     10 |     10 |     10 |     10 |     10 |     10 |     10 |     10 |     18 |     11 |
| SEQ_19                 |                    - |                    - |                    - |                    - |                    - |                    - |                    - |                    - |                    - |                    - |                    - |                    - |                    - |                    - |                    - |                    - |                    - |                    - |                    - |                    - |                    - |                    - |                    - |                    - |                    - |                    - |                    - |                    - |                    - |                    - |                    - |                    - |                    - |                    - |                    - |                    - |                    - |                    - |                    - |                    - |                    - |                    - |                    - |                    - |                    - |                    - |                    - |                    - |                     - |                     - |                     - |                     - |                     - |     - |     - |     - |     - |     - |     - |     - |     - |     - |      - |      - |      - |      - |      - |      - |      - |      - |      - |      - |      - |      - |      - |      - |      - |      - |      - |      - |      - |      - |      - |      - |      - |      - |      - |      - |      - |      - |      - |      - |      - |      - |      - |      - |      - |      - |      - |      - |     - |     - |     - |     - |     - |     - |     - |     - |     - |     - |      - |      - |      - |      - |      - |      - |      - |      - |      - |      0 |      0 |      5 |      5 |      5 |      7 |      7 |      6 |      6 |      6 |      6 |      6 |      7 |      7 |      8 |      8 |      8 |      8 |      8 |      8 |      8 |      8 |      8 |      8 |      8 |      8 |     19 |     11 |
| SEQ_20                 |                    - |                    - |                    - |                    - |                    - |                    - |                    - |                    - |                    - |                    - |                    - |                    - |                    - |                    - |                    - |                    - |                    - |                    - |                    - |                    - |                    - |                    - |                    - |                    - |                    - |                    - |                    - |                    - |                    - |                    - |                    - |                    - |                    - |                    - |                    - |                    - |                    - |                    - |                    - |                    - |                    - |                    - |                    - |                    - |                    - |                    - |                    - |                    - |                     - |                     - |                     - |                     - |                     - |     - |     - |     - |     - |     - |     - |     - |     - |     - |      - |      - |      - |      - |      - |      - |      - |      - |      - |      - |      - |      - |      - |      - |      - |      - |      - |      - |      - |      - |      - |      - |      - |      - |      - |      - |      - |      - |      - |      - |      - |      - |      - |      - |      - |      - |      - |      - |     - |     - |     - |     - |     - |     - |     - |     - |     - |     - |      - |      - |      - |      - |      - |      - |      - |      - |      - |      - |      0 |      5 |      5 |      5 |      7 |      7 |      6 |      6 |      6 |      6 |      6 |      7 |      7 |      8 |      8 |      8 |      8 |      8 |      8 |      8 |      8 |      8 |      8 |      8 |      8 |     19 |     11 |
| SEQ_21                 |                    - |                    - |                    - |                    - |                    - |                    - |                    - |                    - |                    - |                    - |                    - |                    - |                    - |                    - |                    - |                    - |                    - |                    - |                    - |                    - |                    - |                    - |                    - |                    - |                    - |                    - |                    - |                    - |                    - |                    - |                    - |                    - |                    - |                    - |                    - |                    - |                    - |                    - |                    - |                    - |                    - |                    - |                    - |                    - |                    - |                    - |                    - |                    - |                     - |                     - |                     - |                     - |                     - |     - |     - |     - |     - |     - |     - |     - |     - |     - |      - |      - |      - |      - |      - |      - |      - |      - |      - |      - |      - |      - |      - |      - |      - |      - |      - |      - |      - |      - |      - |      - |      - |      - |      - |      - |      - |      - |      - |      - |      - |      - |      - |      - |      - |      - |      - |      - |     - |     - |     - |     - |     - |     - |     - |     - |     - |     - |      - |      - |      - |      - |      - |      - |      - |      - |      - |      - |      - |      0 |      2 |      3 |      4 |      4 |      4 |      4 |      6 |      6 |      6 |      6 |      6 |      7 |      7 |      7 |      7 |      7 |      7 |      7 |      7 |      7 |      7 |      7 |      7 |     18 |     10 |
| SEQ_22                 |                    - |                    - |                    - |                    - |                    - |                    - |                    - |                    - |                    - |                    - |                    - |                    - |                    - |                    - |                    - |                    - |                    - |                    - |                    - |                    - |                    - |                    - |                    - |                    - |                    - |                    - |                    - |                    - |                    - |                    - |                    - |                    - |                    - |                    - |                    - |                    - |                    - |                    - |                    - |                    - |                    - |                    - |                    - |                    - |                    - |                    - |                    - |                    - |                     - |                     - |                     - |                     - |                     - |     - |     - |     - |     - |     - |     - |     - |     - |     - |      - |      - |      - |      - |      - |      - |      - |      - |      - |      - |      - |      - |      - |      - |      - |      - |      - |      - |      - |      - |      - |      - |      - |      - |      - |      - |      - |      - |      - |      - |      - |      - |      - |      - |      - |      - |      - |      - |     - |     - |     - |     - |     - |     - |     - |     - |     - |     - |      - |      - |      - |      - |      - |      - |      - |      - |      - |      - |      - |      - |      0 |      2 |      3 |      3 |      3 |      3 |      5 |      5 |      5 |      5 |      5 |      6 |      6 |      6 |      6 |      6 |      6 |      6 |      6 |      6 |      6 |      6 |      6 |     20 |     10 |
| SEQ_23                 |                    - |                    - |                    - |                    - |                    - |                    - |                    - |                    - |                    - |                    - |                    - |                    - |                    - |                    - |                    - |                    - |                    - |                    - |                    - |                    - |                    - |                    - |                    - |                    - |                    - |                    - |                    - |                    - |                    - |                    - |                    - |                    - |                    - |                    - |                    - |                    - |                    - |                    - |                    - |                    - |                    - |                    - |                    - |                    - |                    - |                    - |                    - |                    - |                     - |                     - |                     - |                     - |                     - |     - |     - |     - |     - |     - |     - |     - |     - |     - |      - |      - |      - |      - |      - |      - |      - |      - |      - |      - |      - |      - |      - |      - |      - |      - |      - |      - |      - |      - |      - |      - |      - |      - |      - |      - |      - |      - |      - |      - |      - |      - |      - |      - |      - |      - |      - |      - |     - |     - |     - |     - |     - |     - |     - |     - |     - |     - |      - |      - |      - |      - |      - |      - |      - |      - |      - |      - |      - |      - |      - |      0 |      2 |      2 |      3 |      3 |      5 |      5 |      5 |      5 |      5 |      6 |      6 |      6 |      6 |      6 |      6 |      6 |      6 |      6 |      6 |      6 |      6 |     20 |     10 |
| SEQ_24                 |                    - |                    - |                    - |                    - |                    - |                    - |                    - |                    - |                    - |                    - |                    - |                    - |                    - |                    - |                    - |                    - |                    - |                    - |                    - |                    - |                    - |                    - |                    - |                    - |                    - |                    - |                    - |                    - |                    - |                    - |                    - |                    - |                    - |                    - |                    - |                    - |                    - |                    - |                    - |                    - |                    - |                    - |                    - |                    - |                    - |                    - |                    - |                    - |                     - |                     - |                     - |                     - |                     - |     - |     - |     - |     - |     - |     - |     - |     - |     - |      - |      - |      - |      - |      - |      - |      - |      - |      - |      - |      - |      - |      - |      - |      - |      - |      - |      - |      - |      - |      - |      - |      - |      - |      - |      - |      - |      - |      - |      - |      - |      - |      - |      - |      - |      - |      - |      - |     - |     - |     - |     - |     - |     - |     - |     - |     - |     - |      - |      - |      - |      - |      - |      - |      - |      - |      - |      - |      - |      - |      - |      - |      0 |      0 |      1 |      1 |      3 |      3 |      3 |      3 |      3 |      4 |      4 |      4 |      4 |      4 |      4 |      4 |      4 |      4 |      4 |      4 |      4 |     20 |      9 |
| SEQ_25                 |                    - |                    - |                    - |                    - |                    - |                    - |                    - |                    - |                    - |                    - |                    - |                    - |                    - |                    - |                    - |                    - |                    - |                    - |                    - |                    - |                    - |                    - |                    - |                    - |                    - |                    - |                    - |                    - |                    - |                    - |                    - |                    - |                    - |                    - |                    - |                    - |                    - |                    - |                    - |                    - |                    - |                    - |                    - |                    - |                    - |                    - |                    - |                    - |                     - |                     - |                     - |                     - |                     - |     - |     - |     - |     - |     - |     - |     - |     - |     - |      - |      - |      - |      - |      - |      - |      - |      - |      - |      - |      - |      - |      - |      - |      - |      - |      - |      - |      - |      - |      - |      - |      - |      - |      - |      - |      - |      - |      - |      - |      - |      - |      - |      - |      - |      - |      - |      - |     - |     - |     - |     - |     - |     - |     - |     - |     - |     - |      - |      - |      - |      - |      - |      - |      - |      - |      - |      - |      - |      - |      - |      - |      - |      0 |      1 |      1 |      3 |      3 |      3 |      3 |      3 |      4 |      4 |      4 |      4 |      4 |      4 |      4 |      4 |      4 |      4 |      4 |      4 |     20 |      9 |
| SEQ_26                 |                    - |                    - |                    - |                    - |                    - |                    - |                    - |                    - |                    - |                    - |                    - |                    - |                    - |                    - |                    - |                    - |                    - |                    - |                    - |                    - |                    - |                    - |                    - |                    - |                    - |                    - |                    - |                    - |                    - |                    - |                    - |                    - |                    - |                    - |                    - |                    - |                    - |                    - |                    - |                    - |                    - |                    - |                    - |                    - |                    - |                    - |                    - |                    - |                     - |                     - |                     - |                     - |                     - |     - |     - |     - |     - |     - |     - |     - |     - |     - |      - |      - |      - |      - |      - |      - |      - |      - |      - |      - |      - |      - |      - |      - |      - |      - |      - |      - |      - |      - |      - |      - |      - |      - |      - |      - |      - |      - |      - |      - |      - |      - |      - |      - |      - |      - |      - |      - |     - |     - |     - |     - |     - |     - |     - |     - |     - |     - |      - |      - |      - |      - |      - |      - |      - |      - |      - |      - |      - |      - |      - |      - |      - |      - |      0 |      0 |      2 |      2 |      2 |      2 |      2 |      3 |      3 |      3 |      3 |      3 |      3 |      3 |      3 |      3 |      3 |      3 |      3 |     19 |     10 |
| SEQ_27                 |                    - |                    - |                    - |                    - |                    - |                    - |                    - |                    - |                    - |                    - |                    - |                    - |                    - |                    - |                    - |                    - |                    - |                    - |                    - |                    - |                    - |                    - |                    - |                    - |                    - |                    - |                    - |                    - |                    - |                    - |                    - |                    - |                    - |                    - |                    - |                    - |                    - |                    - |                    - |                    - |                    - |                    - |                    - |                    - |                    - |                    - |                    - |                    - |                     - |                     - |                     - |                     - |                     - |     - |     - |     - |     - |     - |     - |     - |     - |     - |      - |      - |      - |      - |      - |      - |      - |      - |      - |      - |      - |      - |      - |      - |      - |      - |      - |      - |      - |      - |      - |      - |      - |      - |      - |      - |      - |      - |      - |      - |      - |      - |      - |      - |      - |      - |      - |      - |     - |     - |     - |     - |     - |     - |     - |     - |     - |     - |      - |      - |      - |      - |      - |      - |      - |      - |      - |      - |      - |      - |      - |      - |      - |      - |      - |      0 |      2 |      2 |      2 |      2 |      2 |      3 |      3 |      3 |      3 |      3 |      3 |      3 |      3 |      3 |      3 |      3 |      3 |     19 |     10 |
| SEQ_28                 |                    - |                    - |                    - |                    - |                    - |                    - |                    - |                    - |                    - |                    - |                    - |                    - |                    - |                    - |                    - |                    - |                    - |                    - |                    - |                    - |                    - |                    - |                    - |                    - |                    - |                    - |                    - |                    - |                    - |                    - |                    - |                    - |                    - |                    - |                    - |                    - |                    - |                    - |                    - |                    - |                    - |                    - |                    - |                    - |                    - |                    - |                    - |                    - |                     - |                     - |                     - |                     - |                     - |     - |     - |     - |     - |     - |     - |     - |     - |     - |      - |      - |      - |      - |      - |      - |      - |      - |      - |      - |      - |      - |      - |      - |      - |      - |      - |      - |      - |      - |      - |      - |      - |      - |      - |      - |      - |      - |      - |      - |      - |      - |      - |      - |      - |      - |      - |      - |     - |     - |     - |     - |     - |     - |     - |     - |     - |     - |      - |      - |      - |      - |      - |      - |      - |      - |      - |      - |      - |      - |      - |      - |      - |      - |      - |      - |      0 |      0 |      0 |      1 |      1 |      2 |      2 |      2 |      2 |      2 |      2 |      2 |      2 |      2 |      2 |      2 |      2 |     18 |     11 |
| SEQ_29                 |                    - |                    - |                    - |                    - |                    - |                    - |                    - |                    - |                    - |                    - |                    - |                    - |                    - |                    - |                    - |                    - |                    - |                    - |                    - |                    - |                    - |                    - |                    - |                    - |                    - |                    - |                    - |                    - |                    - |                    - |                    - |                    - |                    - |                    - |                    - |                    - |                    - |                    - |                    - |                    - |                    - |                    - |                    - |                    - |                    - |                    - |                    - |                    - |                     - |                     - |                     - |                     - |                     - |     - |     - |     - |     - |     - |     - |     - |     - |     - |      - |      - |      - |      - |      - |      - |      - |      - |      - |      - |      - |      - |      - |      - |      - |      - |      - |      - |      - |      - |      - |      - |      - |      - |      - |      - |      - |      - |      - |      - |      - |      - |      - |      - |      - |      - |      - |      - |     - |     - |     - |     - |     - |     - |     - |     - |     - |     - |      - |      - |      - |      - |      - |      - |      - |      - |      - |      - |      - |      - |      - |      - |      - |      - |      - |      - |      - |      0 |      0 |      1 |      1 |      2 |      2 |      2 |      2 |      2 |      2 |      2 |      2 |      2 |      2 |      2 |      2 |     18 |     11 |
| SEQ_30                 |                    - |                    - |                    - |                    - |                    - |                    - |                    - |                    - |                    - |                    - |                    - |                    - |                    - |                    - |                    - |                    - |                    - |                    - |                    - |                    - |                    - |                    - |                    - |                    - |                    - |                    - |                    - |                    - |                    - |                    - |                    - |                    - |                    - |                    - |                    - |                    - |                    - |                    - |                    - |                    - |                    - |                    - |                    - |                    - |                    - |                    - |                    - |                    - |                     - |                     - |                     - |                     - |                     - |     - |     - |     - |     - |     - |     - |     - |     - |     - |      - |      - |      - |      - |      - |      - |      - |      - |      - |      - |      - |      - |      - |      - |      - |      - |      - |      - |      - |      - |      - |      - |      - |      - |      - |      - |      - |      - |      - |      - |      - |      - |      - |      - |      - |      - |      - |      - |     - |     - |     - |     - |     - |     - |     - |     - |     - |     - |      - |      - |      - |      - |      - |      - |      - |      - |      - |      - |      - |      - |      - |      - |      - |      - |      - |      - |      - |      - |      0 |      1 |      1 |      2 |      2 |      2 |      2 |      2 |      2 |      2 |      2 |      2 |      2 |      2 |      2 |     18 |     11 |
| SEQ_31                 |                    - |                    - |                    - |                    - |                    - |                    - |                    - |                    - |                    - |                    - |                    - |                    - |                    - |                    - |                    - |                    - |                    - |                    - |                    - |                    - |                    - |                    - |                    - |                    - |                    - |                    - |                    - |                    - |                    - |                    - |                    - |                    - |                    - |                    - |                    - |                    - |                    - |                    - |                    - |                    - |                    - |                    - |                    - |                    - |                    - |                    - |                    - |                    - |                     - |                     - |                     - |                     - |                     - |     - |     - |     - |     - |     - |     - |     - |     - |     - |      - |      - |      - |      - |      - |      - |      - |      - |      - |      - |      - |      - |      - |      - |      - |      - |      - |      - |      - |      - |      - |      - |      - |      - |      - |      - |      - |      - |      - |      - |      - |      - |      - |      - |      - |      - |      - |      - |     - |     - |     - |     - |     - |     - |     - |     - |     - |     - |      - |      - |      - |      - |      - |      - |      - |      - |      - |      - |      - |      - |      - |      - |      - |      - |      - |      - |      - |      - |      - |      0 |      0 |      1 |      1 |      1 |      1 |      1 |      1 |      1 |      1 |      1 |      1 |      1 |      1 |     19 |     10 |
| SEQ_32                 |                    - |                    - |                    - |                    - |                    - |                    - |                    - |                    - |                    - |                    - |                    - |                    - |                    - |                    - |                    - |                    - |                    - |                    - |                    - |                    - |                    - |                    - |                    - |                    - |                    - |                    - |                    - |                    - |                    - |                    - |                    - |                    - |                    - |                    - |                    - |                    - |                    - |                    - |                    - |                    - |                    - |                    - |                    - |                    - |                    - |                    - |                    - |                    - |                     - |                     - |                     - |                     - |                     - |     - |     - |     - |     - |     - |     - |     - |     - |     - |      - |      - |      - |      - |      - |      - |      - |      - |      - |      - |      - |      - |      - |      - |      - |      - |      - |      - |      - |      - |      - |      - |      - |      - |      - |      - |      - |      - |      - |      - |      - |      - |      - |      - |      - |      - |      - |      - |     - |     - |     - |     - |     - |     - |     - |     - |     - |     - |      - |      - |      - |      - |      - |      - |      - |      - |      - |      - |      - |      - |      - |      - |      - |      - |      - |      - |      - |      - |      - |      - |      0 |      1 |      1 |      1 |      1 |      1 |      1 |      1 |      1 |      1 |      1 |      1 |      1 |     19 |     10 |
| SEQ_33                 |                    - |                    - |                    - |                    - |                    - |                    - |                    - |                    - |                    - |                    - |                    - |                    - |                    - |                    - |                    - |                    - |                    - |                    - |                    - |                    - |                    - |                    - |                    - |                    - |                    - |                    - |                    - |                    - |                    - |                    - |                    - |                    - |                    - |                    - |                    - |                    - |                    - |                    - |                    - |                    - |                    - |                    - |                    - |                    - |                    - |                    - |                    - |                    - |                     - |                     - |                     - |                     - |                     - |     - |     - |     - |     - |     - |     - |     - |     - |     - |      - |      - |      - |      - |      - |      - |      - |      - |      - |      - |      - |      - |      - |      - |      - |      - |      - |      - |      - |      - |      - |      - |      - |      - |      - |      - |      - |      - |      - |      - |      - |      - |      - |      - |      - |      - |      - |      - |     - |     - |     - |     - |     - |     - |     - |     - |     - |     - |      - |      - |      - |      - |      - |      - |      - |      - |      - |      - |      - |      - |      - |      - |      - |      - |      - |      - |      - |      - |      - |      - |      - |      0 |      0 |      0 |      0 |      0 |      0 |      0 |      0 |      0 |      0 |      0 |      0 |     20 |     10 |
| SEQ_34                 |                    - |                    - |                    - |                    - |                    - |                    - |                    - |                    - |                    - |                    - |                    - |                    - |                    - |                    - |                    - |                    - |                    - |                    - |                    - |                    - |                    - |                    - |                    - |                    - |                    - |                    - |                    - |                    - |                    - |                    - |                    - |                    - |                    - |                    - |                    - |                    - |                    - |                    - |                    - |                    - |                    - |                    - |                    - |                    - |                    - |                    - |                    - |                    - |                     - |                     - |                     - |                     - |                     - |     - |     - |     - |     - |     - |     - |     - |     - |     - |      - |      - |      - |      - |      - |      - |      - |      - |      - |      - |      - |      - |      - |      - |      - |      - |      - |      - |      - |      - |      - |      - |      - |      - |      - |      - |      - |      - |      - |      - |      - |      - |      - |      - |      - |      - |      - |      - |     - |     - |     - |     - |     - |     - |     - |     - |     - |     - |      - |      - |      - |      - |      - |      - |      - |      - |      - |      - |      - |      - |      - |      - |      - |      - |      - |      - |      - |      - |      - |      - |      - |      - |      0 |      0 |      0 |      0 |      0 |      0 |      0 |      0 |      0 |      0 |      0 |     20 |     10 |
| SEQ_35                 |                    - |                    - |                    - |                    - |                    - |                    - |                    - |                    - |                    - |                    - |                    - |                    - |                    - |                    - |                    - |                    - |                    - |                    - |                    - |                    - |                    - |                    - |                    - |                    - |                    - |                    - |                    - |                    - |                    - |                    - |                    - |                    - |                    - |                    - |                    - |                    - |                    - |                    - |                    - |                    - |                    - |                    - |                    - |                    - |                    - |                    - |                    - |                    - |                     - |                     - |                     - |                     - |                     - |     - |     - |     - |     - |     - |     - |     - |     - |     - |      - |      - |      - |      - |      - |      - |      - |      - |      - |      - |      - |      - |      - |      - |      - |      - |      - |      - |      - |      - |      - |      - |      - |      - |      - |      - |      - |      - |      - |      - |      - |      - |      - |      - |      - |      - |      - |      - |     - |     - |     - |     - |     - |     - |     - |     - |     - |     - |      - |      - |      - |      - |      - |      - |      - |      - |      - |      - |      - |      - |      - |      - |      - |      - |      - |      - |      - |      - |      - |      - |      - |      - |      - |      0 |      0 |      0 |      0 |      0 |      0 |      0 |      0 |      0 |      0 |     20 |     10 |
| SEQ_36                 |                    - |                    - |                    - |                    - |                    - |                    - |                    - |                    - |                    - |                    - |                    - |                    - |                    - |                    - |                    - |                    - |                    - |                    - |                    - |                    - |                    - |                    - |                    - |                    - |                    - |                    - |                    - |                    - |                    - |                    - |                    - |                    - |                    - |                    - |                    - |                    - |                    - |                    - |                    - |                    - |                    - |                    - |                    - |                    - |                    - |                    - |                    - |                    - |                     - |                     - |                     - |                     - |                     - |     - |     - |     - |     - |     - |     - |     - |     - |     - |      - |      - |      - |      - |      - |      - |      - |      - |      - |      - |      - |      - |      - |      - |      - |      - |      - |      - |      - |      - |      - |      - |      - |      - |      - |      - |      - |      - |      - |      - |      - |      - |      - |      - |      - |      - |      - |      - |     - |     - |     - |     - |     - |     - |     - |     - |     - |     - |      - |      - |      - |      - |      - |      - |      - |      - |      - |      - |      - |      - |      - |      - |      - |      - |      - |      - |      - |      - |      - |      - |      - |      - |      - |      - |      0 |      0 |      0 |      0 |      0 |      0 |      0 |      0 |      0 |     20 |     10 |
| SEQ_37                 |                    - |                    - |                    - |                    - |                    - |                    - |                    - |                    - |                    - |                    - |                    - |                    - |                    - |                    - |                    - |                    - |                    - |                    - |                    - |                    - |                    - |                    - |                    - |                    - |                    - |                    - |                    - |                    - |                    - |                    - |                    - |                    - |                    - |                    - |                    - |                    - |                    - |                    - |                    - |                    - |                    - |                    - |                    - |                    - |                    - |                    - |                    - |                    - |                     - |                     - |                     - |                     - |                     - |     - |     - |     - |     - |     - |     - |     - |     - |     - |      - |      - |      - |      - |      - |      - |      - |      - |      - |      - |      - |      - |      - |      - |      - |      - |      - |      - |      - |      - |      - |      - |      - |      - |      - |      - |      - |      - |      - |      - |      - |      - |      - |      - |      - |      - |      - |      - |     - |     - |     - |     - |     - |     - |     - |     - |     - |     - |      - |      - |      - |      - |      - |      - |      - |      - |      - |      - |      - |      - |      - |      - |      - |      - |      - |      - |      - |      - |      - |      - |      - |      - |      - |      - |      - |      0 |      0 |      0 |      0 |      0 |      0 |      0 |      0 |     20 |     10 |
| SEQ_38                 |                    - |                    - |                    - |                    - |                    - |                    - |                    - |                    - |                    - |                    - |                    - |                    - |                    - |                    - |                    - |                    - |                    - |                    - |                    - |                    - |                    - |                    - |                    - |                    - |                    - |                    - |                    - |                    - |                    - |                    - |                    - |                    - |                    - |                    - |                    - |                    - |                    - |                    - |                    - |                    - |                    - |                    - |                    - |                    - |                    - |                    - |                    - |                    - |                     - |                     - |                     - |                     - |                     - |     - |     - |     - |     - |     - |     - |     - |     - |     - |      - |      - |      - |      - |      - |      - |      - |      - |      - |      - |      - |      - |      - |      - |      - |      - |      - |      - |      - |      - |      - |      - |      - |      - |      - |      - |      - |      - |      - |      - |      - |      - |      - |      - |      - |      - |      - |      - |     - |     - |     - |     - |     - |     - |     - |     - |     - |     - |      - |      - |      - |      - |      - |      - |      - |      - |      - |      - |      - |      - |      - |      - |      - |      - |      - |      - |      - |      - |      - |      - |      - |      - |      - |      - |      - |      - |      0 |      0 |      0 |      0 |      0 |      0 |      0 |     20 |     10 |
| SEQ_39                 |                    - |                    - |                    - |                    - |                    - |                    - |                    - |                    - |                    - |                    - |                    - |                    - |                    - |                    - |                    - |                    - |                    - |                    - |                    - |                    - |                    - |                    - |                    - |                    - |                    - |                    - |                    - |                    - |                    - |                    - |                    - |                    - |                    - |                    - |                    - |                    - |                    - |                    - |                    - |                    - |                    - |                    - |                    - |                    - |                    - |                    - |                    - |                    - |                     - |                     - |                     - |                     - |                     - |     - |     - |     - |     - |     - |     - |     - |     - |     - |      - |      - |      - |      - |      - |      - |      - |      - |      - |      - |      - |      - |      - |      - |      - |      - |      - |      - |      - |      - |      - |      - |      - |      - |      - |      - |      - |      - |      - |      - |      - |      - |      - |      - |      - |      - |      - |      - |     - |     - |     - |     - |     - |     - |     - |     - |     - |     - |      - |      - |      - |      - |      - |      - |      - |      - |      - |      - |      - |      - |      - |      - |      - |      - |      - |      - |      - |      - |      - |      - |      - |      - |      - |      - |      - |      - |      - |      0 |      0 |      0 |      0 |      0 |      0 |     20 |     10 |
| SEQ_40                 |                    - |                    - |                    - |                    - |                    - |                    - |                    - |                    - |                    - |                    - |                    - |                    - |                    - |                    - |                    - |                    - |                    - |                    - |                    - |                    - |                    - |                    - |                    - |                    - |                    - |                    - |                    - |                    - |                    - |                    - |                    - |                    - |                    - |                    - |                    - |                    - |                    - |                    - |                    - |                    - |                    - |                    - |                    - |                    - |                    - |                    - |                    - |                    - |                     - |                     - |                     - |                     - |                     - |     - |     - |     - |     - |     - |     - |     - |     - |     - |      - |      - |      - |      - |      - |      - |      - |      - |      - |      - |      - |      - |      - |      - |      - |      - |      - |      - |      - |      - |      - |      - |      - |      - |      - |      - |      - |      - |      - |      - |      - |      - |      - |      - |      - |      - |      - |      - |     - |     - |     - |     - |     - |     - |     - |     - |     - |     - |      - |      - |      - |      - |      - |      - |      - |      - |      - |      - |      - |      - |      - |      - |      - |      - |      - |      - |      - |      - |      - |      - |      - |      - |      - |      - |      - |      - |      - |      - |      0 |      0 |      0 |      0 |      0 |     20 |     10 |
| SEQ_41                 |                    - |                    - |                    - |                    - |                    - |                    - |                    - |                    - |                    - |                    - |                    - |                    - |                    - |                    - |                    - |                    - |                    - |                    - |                    - |                    - |                    - |                    - |                    - |                    - |                    - |                    - |                    - |                    - |                    - |                    - |                    - |                    - |                    - |                    - |                    - |                    - |                    - |                    - |                    - |                    - |                    - |                    - |                    - |                    - |                    - |                    - |                    - |                    - |                     - |                     - |                     - |                     - |                     - |     - |     - |     - |     - |     - |     - |     - |     - |     - |      - |      - |      - |      - |      - |      - |      - |      - |      - |      - |      - |      - |      - |      - |      - |      - |      - |      - |      - |      - |      - |      - |      - |      - |      - |      - |      - |      - |      - |      - |      - |      - |      - |      - |      - |      - |      - |      - |     - |     - |     - |     - |     - |     - |     - |     - |     - |     - |      - |      - |      - |      - |      - |      - |      - |      - |      - |      - |      - |      - |      - |      - |      - |      - |      - |      - |      - |      - |      - |      - |      - |      - |      - |      - |      - |      - |      - |      - |      - |      0 |      0 |      0 |      0 |     20 |     10 |
| SEQ_42                 |                    - |                    - |                    - |                    - |                    - |                    - |                    - |                    - |                    - |                    - |                    - |                    - |                    - |                    - |                    - |                    - |                    - |                    - |                    - |                    - |                    - |                    - |                    - |                    - |                    - |                    - |                    - |                    - |                    - |                    - |                    - |                    - |                    - |                    - |                    - |                    - |                    - |                    - |                    - |                    - |                    - |                    - |                    - |                    - |                    - |                    - |                    - |                    - |                     - |                     - |                     - |                     - |                     - |     - |     - |     - |     - |     - |     - |     - |     - |     - |      - |      - |      - |      - |      - |      - |      - |      - |      - |      - |      - |      - |      - |      - |      - |      - |      - |      - |      - |      - |      - |      - |      - |      - |      - |      - |      - |      - |      - |      - |      - |      - |      - |      - |      - |      - |      - |      - |     - |     - |     - |     - |     - |     - |     - |     - |     - |     - |      - |      - |      - |      - |      - |      - |      - |      - |      - |      - |      - |      - |      - |      - |      - |      - |      - |      - |      - |      - |      - |      - |      - |      - |      - |      - |      - |      - |      - |      - |      - |      - |      0 |      0 |      0 |     20 |     10 |
| SEQ_43                 |                    - |                    - |                    - |                    - |                    - |                    - |                    - |                    - |                    - |                    - |                    - |                    - |                    - |                    - |                    - |                    - |                    - |                    - |                    - |                    - |                    - |                    - |                    - |                    - |                    - |                    - |                    - |                    - |                    - |                    - |                    - |                    - |                    - |                    - |                    - |                    - |                    - |                    - |                    - |                    - |                    - |                    - |                    - |                    - |                    - |                    - |                    - |                    - |                     - |                     - |                     - |                     - |                     - |     - |     - |     - |     - |     - |     - |     - |     - |     - |      - |      - |      - |      - |      - |      - |      - |      - |      - |      - |      - |      - |      - |      - |      - |      - |      - |      - |      - |      - |      - |      - |      - |      - |      - |      - |      - |      - |      - |      - |      - |      - |      - |      - |      - |      - |      - |      - |     - |     - |     - |     - |     - |     - |     - |     - |     - |     - |      - |      - |      - |      - |      - |      - |      - |      - |      - |      - |      - |      - |      - |      - |      - |      - |      - |      - |      - |      - |      - |      - |      - |      - |      - |      - |      - |      - |      - |      - |      - |      - |      - |      0 |      0 |     20 |     10 |
| SEQ_44                 |                    - |                    - |                    - |                    - |                    - |                    - |                    - |                    - |                    - |                    - |                    - |                    - |                    - |                    - |                    - |                    - |                    - |                    - |                    - |                    - |                    - |                    - |                    - |                    - |                    - |                    - |                    - |                    - |                    - |                    - |                    - |                    - |                    - |                    - |                    - |                    - |                    - |                    - |                    - |                    - |                    - |                    - |                    - |                    - |                    - |                    - |                    - |                    - |                     - |                     - |                     - |                     - |                     - |     - |     - |     - |     - |     - |     - |     - |     - |     - |      - |      - |      - |      - |      - |      - |      - |      - |      - |      - |      - |      - |      - |      - |      - |      - |      - |      - |      - |      - |      - |      - |      - |      - |      - |      - |      - |      - |      - |      - |      - |      - |      - |      - |      - |      - |      - |      - |     - |     - |     - |     - |     - |     - |     - |     - |     - |     - |      - |      - |      - |      - |      - |      - |      - |      - |      - |      - |      - |      - |      - |      - |      - |      - |      - |      - |      - |      - |      - |      - |      - |      - |      - |      - |      - |      - |      - |      - |      - |      - |      - |      - |      0 |     20 |     10 |
| SEQ_45                 |                    - |                    - |                    - |                    - |                    - |                    - |                    - |                    - |                    - |                    - |                    - |                    - |                    - |                    - |                    - |                    - |                    - |                    - |                    - |                    - |                    - |                    - |                    - |                    - |                    - |                    - |                    - |                    - |                    - |                    - |                    - |                    - |                    - |                    - |                    - |                    - |                    - |                    - |                    - |                    - |                    - |                    - |                    - |                    - |                    - |                    - |                    - |                    - |                     - |                     - |                     - |                     - |                     - |     - |     - |     - |     - |     - |     - |     - |     - |     - |      - |      - |      - |      - |      - |      - |      - |      - |      - |      - |      - |      - |      - |      - |      - |      - |      - |      - |      - |      - |      - |      - |      - |      - |      - |      - |      - |      - |      - |      - |      - |      - |      - |      - |      - |      - |      - |      - |     - |     - |     - |     - |     - |     - |     - |     - |     - |     - |      - |      - |      - |      - |      - |      - |      - |      - |      - |      - |      - |      - |      - |      - |      - |      - |      - |      - |      - |      - |      - |      - |      - |      - |      - |      - |      - |      - |      - |      - |      - |      - |      - |      - |      - |      0 |     11 |
| SEQ_46                 |                    - |                    - |                    - |                    - |                    - |                    - |                    - |                    - |                    - |                    - |                    - |                    - |                    - |                    - |                    - |                    - |                    - |                    - |                    - |                    - |                    - |                    - |                    - |                    - |                    - |                    - |                    - |                    - |                    - |                    - |                    - |                    - |                    - |                    - |                    - |                    - |                    - |                    - |                    - |                    - |                    - |                    - |                    - |                    - |                    - |                    - |                    - |                    - |                     - |                     - |                     - |                     - |                     - |     - |     - |     - |     - |     - |     - |     - |     - |     - |      - |      - |      - |      - |      - |      - |      - |      - |      - |      - |      - |      - |      - |      - |      - |      - |      - |      - |      - |      - |      - |      - |      - |      - |      - |      - |      - |      - |      - |      - |      - |      - |      - |      - |      - |      - |      - |      - |     - |     - |     - |     - |     - |     - |     - |     - |     - |     - |      - |      - |      - |      - |      - |      - |      - |      - |      - |      - |      - |      - |      - |      - |      - |      - |      - |      - |      - |      - |      - |      - |      - |      - |      - |      - |      - |      - |      - |      - |      - |      - |      - |      - |      - |      - |      0 |


DCJ-indel distance comparisons as PHYLIP matrix:

147
simulated_
simulated_15 
simulated_15 8 
simulated_13 10 8 
simulated_14 17 16 15 
simulated_17 8 14 17 19 
simulated_15 10 14 16 20 4 
simulated_17 11 10 6 17 17 18 
simulated_15 7 11 13 18 9 11 14 
simulated_19 13 13 17 15 15 14 16 8 
simulated_13 16 15 12 7 20 19 15 15 14 
simulated_11 16 16 12 7 20 17 15 15 14 4 
simulated_11 9 7 13 16 13 13 15 12 15 17 17 
simulated_14 10 12 8 13 14 14 14 13 17 16 14 15 
simulated_12 10 10 7 14 15 16 9 12 17 15 15 13 11 
simulated_12 8 8 3 14 15 15 7 11 16 13 13 13 9 4 
simulated_19 11 12 10 16 16 17 8 14 15 19 19 17 12 9 7 
simulated_15 16 15 12 7 19 18 16 16 14 6 8 17 16 13 11 17 
simulated_13 18 16 14 9 20 21 14 18 17 8 10 17 17 13 15 18 6 
simulated_17 9 9 11 19 12 11 11 10 14 19 17 12 11 11 9 11 18 20 
simulated_12 13 13 11 8 17 16 15 12 11 3 7 14 13 14 12 18 7 9 16 
simulated_14 12 9 7 15 17 18 7 14 15 16 13 14 10 12 8 11 15 15 10 16 
simulated_15 13 17 11 14 18 19 13 18 20 16 18 19 7 12 10 11 17 18 15 16 13 
simulated_15 13 10 8 13 20 20 8 15 14 13 13 16 14 11 9 12 13 13 13 13 5 15 
simulated_12 7 9 11 16 15 13 14 12 15 15 15 4 13 11 11 16 16 18 12 12 13 17 14 
simulated_11 8 6 10 15 14 12 13 11 14 14 14 5 12 10 10 16 14 15 13 11 13 16 14 3 
simulated_15 8 10 12 18 12 14 12 11 13 15 17 12 14 13 13 14 17 17 15 13 16 15 13 11 10 
simulated_17 8 10 12 17 12 14 14 11 11 14 16 13 14 14 13 14 16 16 15 11 16 16 13 11 12 2 
simulated_18 11 13 11 15 17 16 13 14 14 17 17 14 11 11 11 11 16 16 6 14 14 13 15 12 13 14 12 
simulated_17 11 13 11 16 15 16 12 14 16 17 17 14 11 10 12 11 18 18 8 16 12 14 13 13 13 13 15 4 
simulated_14 12 14 8 14 17 16 10 17 21 15 15 16 6 11 7 12 16 18 12 15 12 3 14 14 13 12 14 12 11 
simulated_12 5 5 7 16 11 9 11 10 14 13 13 6 9 12 8 14 15 17 8 10 12 14 13 6 5 9 9 12 12 11 
simulated_19 11 9 11 18 14 15 9 10 12 16 18 14 13 12 11 12 18 17 8 13 10 15 11 12 13 9 9 10 10 14 10 
simulated_18 11 9 11 17 15 15 9 12 12 16 18 16 11 12 12 12 18 15 10 13 10 14 11 12 13 9 9 10 10 14 10 4 
simulated_17 12 10 10 18 14 14 10 9 9 15 15 15 12 13 11 13 18 17 9 12 9 16 10 13 12 10 10 11 9 16 9 3 3 
simulated_17 14 15 18 5 18 19 18 15 14 8 10 13 16 16 16 18 10 12 16 7 18 19 15 13 14 15 14 12 15 19 15 14 16 16 
simulated_16 13 14 17 6 17 18 18 14 13 7 9 12 17 15 15 18 9 13 16 6 18 19 15 12 13 15 14 12 14 18 14 14 16 15 1 
simulated_15 12 12 5 13 19 19 11 15 19 14 14 17 7 8 4 9 12 15 12 13 11 8 13 15 14 17 17 12 11 5 12 14 13 15 17 16 
simulated_18 15 15 8 15 17 19 12 17 19 17 17 20 10 9 7 8 15 15 13 16 14 11 14 18 17 18 16 11 14 8 15 15 15 16 17 17 3 
simulated_16 9 13 9 12 15 15 11 16 17 13 15 16 5 10 8 11 15 16 12 12 9 6 11 14 13 13 13 14 14 5 10 12 11 12 15 16 8 11 
simulated_16 9 13 9 12 15 15 11 16 17 13 15 16 5 10 8 11 15 16 12 12 9 6 11 14 13 13 13 14 14 5 10 12 11 12 15 16 8 11 0 
simulated_15 11 13 7 13 17 15 9 16 20 14 14 15 5 12 8 13 15 17 12 14 11 4 13 13 12 11 13 12 11 1 10 14 13 15 18 17 6 9 4 4 
simulated_15 11 13 7 13 17 15 9 16 20 14 14 15 5 12 8 13 15 17 12 14 11 4 13 13 12 11 13 12 11 1 10 14 13 15 18 17 6 9 4 4 0 
simulated_15 8 14 10 14 16 16 11 15 19 17 17 16 6 12 11 13 17 17 11 17 12 5 13 12 13 12 14 11 10 4 11 13 12 14 17 18 9 12 5 5 3 3 
simulated_16 9 15 11 15 16 17 10 16 19 18 18 17 7 13 12 12 18 18 12 18 13 6 14 13 14 13 15 12 11 5 12 14 13 15 18 19 10 11 6 6 4 4 1 
simulated_13 8 6 8 15 12 10 12 9 13 12 10 9 8 13 9 15 14 16 7 9 11 15 13 9 8 12 12 13 13 12 3 11 11 8 14 13 11 14 11 11 11 11 12 13 
simulated_14 7 5 7 14 13 11 11 10 14 11 11 8 9 12 8 14 13 15 8 8 12 14 12 8 7 11 11 12 12 11 2 10 10 9 13 12 10 13 10 10 10 10 11 12 1 
simulated_17 8 10 12 19 12 14 14 11 13 16 16 13 14 14 13 14 16 17 15 13 16 17 12 11 12 2 2 14 15 14 9 9 9 10 16 16 17 18 13 13 13 13 14 15 12 11 
simulated_17 8 10 12 19 12 14 14 11 13 16 16 13 14 14 13 14 16 17 15 13 16 17 12 11 12 2 2 14 15 14 9 9 9 10 16 16 17 18 13 13 13 13 14 15 12 11 0 
simulated_12 17 17 13 8 17 16 16 12 12 5 5 18 15 16 14 19 9 9 18 4 14 18 13 16 15 16 14 16 18 17 14 16 16 13 9 8 15 15 14 14 16 16 19 19 11 12 16 16 
simulated_12 17 17 13 8 17 16 16 12 12 5 5 18 15 16 14 19 9 9 18 4 14 18 13 16 15 16 14 16 18 17 14 16 16 13 9 8 15 15 14 14 16 16 19 19 11 12 16 16 0 
simulated_15 11 8 6 15 18 19 6 15 16 15 14 15 12 9 7 10 13 13 11 15 3 13 2 12 12 13 13 13 11 12 11 9 9 8 17 17 11 12 9 9 11 11 11 12 11 10 13 13 15 15 
simulated_15 11 8 6 15 18 19 6 15 16 15 14 15 12 9 7 10 13 13 11 15 3 13 2 12 12 13 13 13 11 12 11 9 9 8 17 17 11 12 9 9 11 11 11 12 11 10 13 13 15 15 0 
MST_1     12 9 9 6 12 15 14 11 11 14 12 12 11 10 11 8 12 12 12 11 10 12 14 11 10 9 12 12 12 11 12 7 11 10 10 13 13 10 12 12 12 11 11 13 14 8 7 11 11 13 13 11 11 
MST_2     19 17 16 16 19 20 19 20 18 19 19 19 19 19 19 16 18 19 20 18 19 19 21 18 18 19 19 18 18 17 19 17 18 18 18 18 18 17 17 18 18 18 18 18 19 18 17 18 18 19 19 18 18 8 
MST_3     14 11 12 9 13 14 12 11 12 14 12 12 13 12 12 11 13 13 12 14 12 13 13 13 12 12 13 13 14 12 13 11 11 12 11 14 14 12 13 11 11 12 12 13 14 11 10 12 12 12 12 12 12 5 7 
MST_4     14 11 12 11 15 14 15 14 11 14 14 14 13 14 13 12 14 15 14 15 13 14 15 12 12 12 12 12 15 13 15 11 12 13 13 14 14 12 14 14 14 15 15 16 17 12 11 10 10 15 15 12 12 5 10 6 
MST_5     14 13 15 13 15 18 18 16 16 16 16 17 14 17 14 13 16 15 14 17 15 16 17 14 13 13 15 15 15 15 16 13 16 15 16 14 14 14 15 16 16 17 17 17 18 15 14 13 13 18 18 14 14 9 15 10 7 
MST_6     14 12 14 14 15 17 18 17 15 17 15 16 14 14 14 13 16 16 15 14 15 17 15 15 13 13 13 13 13 13 14 13 14 14 15 13 14 12 13 14 14 15 15 14 15 15 14 11 11 17 17 16 16 8 15 10 10 5 
MST_7     16 13 15 17 12 15 16 17 15 16 13 14 16 14 16 15 15 13 15 17 13 17 13 15 14 14 14 14 17 17 15 14 15 15 16 13 13 14 15 12 12 15 15 14 15 15 14 13 13 15 15 16 16 10 16 12 12 12 9 
MST_8     14 11 15 14 13 16 17 14 14 15 14 15 15 13 14 13 13 15 15 14 14 15 13 14 11 12 13 12 15 15 14 12 14 14 15 15 15 16 17 11 11 14 14 14 15 15 14 13 13 16 16 14 14 9 14 10 10 11 11 9 
MST_9     15 12 13 15 14 17 18 13 15 16 13 15 14 14 15 14 14 16 15 14 14 14 13 13 11 12 12 11 15 13 14 13 13 13 14 15 15 17 18 12 12 14 14 13 14 14 13 12 12 17 17 13 13 9 17 10 11 10 9 10 4 
MST_10    16 12 14 16 14 17 18 15 15 14 16 18 13 14 14 13 14 16 17 13 16 16 14 15 12 13 13 12 13 14 14 15 15 15 16 14 14 16 16 13 13 14 14 13 14 17 16 13 13 19 19 15 15 11 18 12 12 12 9 9 4 5 
MST_11    14 8 10 10 14 13 14 12 11 15 13 14 11 10 12 11 11 15 15 12 12 12 10 11 7 8 7 7 12 12 10 8 10 11 11 15 14 14 16 7 7 9 9 9 10 11 10 7 7 14 14 11 11 9 17 11 11 11 10 10 7 6 8 
MST_12    17 12 13 13 17 16 17 15 14 18 16 18 14 13 13 14 14 17 17 15 15 15 13 14 11 12 10 10 14 13 13 13 12 13 13 17 17 16 18 10 10 12 12 12 13 14 13 10 10 17 17 13 13 11 17 11 10 10 10 11 9 8 10 2 
MST_13    17 11 14 15 16 13 15 15 13 15 16 18 12 13 13 14 15 17 15 12 15 16 14 14 12 13 11 12 12 13 14 14 11 11 12 13 13 15 17 10 10 13 13 12 13 15 14 12 12 18 18 14 14 13 19 12 11 13 13 11 9 10 10 5 9 
MST_14    18 10 14 15 17 12 15 15 15 17 17 18 13 12 12 14 14 18 16 12 16 16 14 16 12 13 11 12 10 11 13 13 11 11 12 14 14 15 17 9 9 12 12 11 12 14 13 12 12 19 19 14 14 13 19 12 12 14 14 13 11 12 12 6 9 5 
MST_15    19 11 11 11 16 16 17 12 12 13 15 17 14 12 12 10 13 17 17 11 12 12 14 14 13 14 11 11 11 13 13 12 8 10 9 14 15 13 16 9 9 12 12 13 14 12 11 11 11 16 16 12 12 11 16 9 10 14 13 14 12 11 12 9 12 10 10 
MST_16    18 10 9 9 16 16 17 10 13 15 17 17 13 10 10 8 11 15 15 10 14 10 12 11 12 12 11 11 10 11 11 11 7 9 8 14 14 11 12 9 9 11 11 11 12 11 10 11 11 16 16 9 9 10 16 10 10 14 13 14 13 13 14 9 12 12 11 4 
MST_17    17 10 11 11 16 17 17 10 13 16 17 17 13 13 10 10 12 16 16 10 14 11 15 13 11 11 13 13 10 11 13 11 8 11 11 15 15 13 15 12 12 13 13 13 14 11 10 13 13 16 16 11 11 9 18 10 11 14 13 14 11 12 13 9 12 13 12 6 4 
MST_18    18 9 11 11 17 16 17 11 12 15 17 17 13 13 11 10 12 16 16 10 14 10 15 12 11 11 12 12 10 11 13 11 8 10 11 15 15 13 15 12 12 13 13 12 13 11 10 12 12 17 17 10 10 10 18 10 11 14 12 13 11 12 12 9 11 12 12 7 5 1 
MST_19    19 9 10 11 16 15 14 11 13 14 17 17 15 12 11 10 12 14 16 12 14 10 15 11 12 12 11 11 11 10 13 11 9 8 9 16 16 13 15 11 11 12 12 13 14 11 10 11 11 17 17 9 9 9 16 10 11 14 12 13 11 12 11 9 12 13 12 6 7 5 6 
MST_20    19 9 11 11 16 15 15 11 14 15 17 17 16 12 11 10 13 14 16 13 15 10 15 11 13 12 12 12 12 11 13 12 10 9 10 17 17 13 15 11 11 12 12 13 14 12 11 12 12 17 17 9 9 10 16 9 11 14 13 14 12 13 12 9 12 14 13 7 7 6 7 1 
MST_21    18 9 10 8 14 16 16 9 13 14 16 16 16 11 10 7 11 12 15 11 15 8 12 9 13 13 13 13 12 11 10 11 11 11 10 16 16 10 12 8 8 9 9 10 11 11 10 13 13 15 15 7 7 9 17 10 12 13 13 14 11 12 12 9 12 14 13 7 7 6 6 3 3 
MST_22    17 9 10 9 15 16 15 10 13 15 15 15 15 11 11 8 12 13 16 12 14 9 12 10 12 13 13 13 13 12 10 10 11 11 11 17 16 11 13 8 8 9 9 10 11 10 9 13 13 15 15 8 8 8 16 9 11 14 13 14 11 13 13 9 12 15 14 7 8 7 7 4 4 1 
MST_23    17 9 9 6 13 17 16 8 12 15 14 14 14 10 8 6 11 11 12 11 13 8 13 7 13 10 14 14 12 11 11 9 10 10 10 15 16 9 10 9 9 10 10 11 12 9 8 14 14 15 15 5 5 9 18 10 11 13 13 14 12 11 15 9 12 14 13 11 10 9 9 6 6 5 5 
MST_24    16 9 8 6 15 17 16 8 12 15 13 13 13 11 8 6 11 11 14 12 12 8 14 8 12 9 13 13 12 12 11 8 10 10 10 17 16 9 12 10 10 10 10 12 13 8 7 13 13 14 14 6 6 9 17 9 10 14 14 15 11 12 15 9 13 15 14 10 10 11 10 7 7 5 5 2 
MST_25    16 8 6 6 14 16 16 8 11 15 13 13 12 11 8 6 11 11 13 12 12 8 14 8 12 9 12 12 12 12 11 8 9 9 10 16 15 9 12 10 10 10 10 12 13 8 7 12 12 14 14 6 6 8 17 9 11 15 14 15 13 13 16 9 14 15 15 9 9 11 11 7 7 5 5 3 2 
MST_26    14 9 7 4 14 17 17 8 12 16 11 11 14 10 9 5 12 12 13 12 10 7 13 8 12 11 11 11 12 12 10 8 8 8 9 17 16 8 11 9 9 9 9 12 13 7 6 11 11 12 12 6 6 8 16 9 10 13 14 16 13 14 16 9 12 13 14 10 10 11 10 8 8 7 7 4 3 2 
MST_27    14 9 7 4 14 17 17 8 12 16 11 11 14 10 9 5 12 12 13 12 10 7 13 8 12 11 11 11 12 12 10 8 8 8 9 17 16 8 11 9 9 9 9 12 13 7 6 11 11 12 12 6 6 8 16 9 10 13 14 16 13 14 16 9 12 13 14 10 10 11 10 8 8 7 7 4 3 2 0 
MST_28    13 10 8 4 13 16 16 8 13 15 10 10 13 9 9 5 12 12 14 11 9 7 12 8 11 10 12 12 11 11 9 7 9 9 8 16 15 8 11 8 8 8 8 11 12 6 5 12 12 11 11 6 6 8 17 9 11 13 13 15 12 13 15 8 12 14 13 9 10 10 10 8 8 6 6 4 3 3 1 1 
MST_29    13 10 8 4 13 16 16 8 13 15 10 10 13 9 9 5 12 12 14 11 9 7 12 8 11 10 12 12 11 11 9 7 9 9 8 16 15 8 11 8 8 8 8 11 12 6 5 12 12 11 11 6 6 8 17 9 11 13 13 15 12 13 15 8 12 14 13 9 10 10 10 8 8 6 6 4 3 3 1 1 0 
MST_30    12 9 7 3 13 16 15 7 12 16 11 11 12 9 8 4 11 13 14 10 10 8 12 9 10 9 11 11 12 12 9 6 10 10 9 16 15 8 11 8 8 8 8 11 12 7 6 11 11 11 11 7 7 7 16 9 11 13 13 15 12 13 15 9 13 15 14 8 10 10 10 9 9 6 6 6 5 5 3 3 2 2 
MST_31    12 9 7 3 13 16 15 7 12 16 11 11 12 9 8 4 11 13 14 10 10 8 12 9 10 9 11 11 12 12 9 6 10 10 9 16 15 8 11 8 8 8 8 11 12 7 6 11 11 11 11 7 7 7 16 9 11 13 13 15 12 13 15 9 13 15 14 8 10 10 10 9 9 6 6 6 5 5 3 3 2 2 0 
MST_32    12 9 7 3 13 16 15 7 12 16 11 11 12 9 8 4 11 13 14 10 10 8 12 9 10 9 11 11 12 12 9 6 10 10 9 16 15 8 11 8 8 8 8 11 12 7 6 11 11 11 11 7 7 7 16 9 11 13 13 15 12 13 15 9 13 15 14 8 10 10 10 9 9 6 6 6 5 5 3 3 2 2 0 0 
MST_33    11 8 6 2 13 16 14 6 11 15 10 10 11 8 7 3 10 12 14 9 9 7 11 8 9 8 10 10 11 11 8 5 9 9 8 16 15 7 10 7 7 7 7 10 11 6 5 10 10 11 11 6 6 6 16 9 11 14 14 16 13 14 16 9 13 15 14 9 9 10 10 10 10 7 7 6 5 5 3 3 2 2 1 1 1 
MST_34    11 8 6 2 13 16 14 6 11 15 10 10 11 8 7 3 10 12 14 9 9 7 11 8 9 8 10 10 11 11 8 5 9 9 8 16 15 7 10 7 7 7 7 10 11 6 5 10 10 11 11 6 6 6 16 9 11 14 14 16 13 14 16 9 13 15 14 9 9 10 10 10 10 7 7 6 5 5 3 3 2 2 1 1 1 0 
MST_35    10 7 7 3 12 15 13 7 10 14 9 9 10 9 8 4 11 11 13 10 8 8 12 9 8 7 11 11 12 12 9 4 10 10 9 15 14 8 11 8 8 8 8 11 12 5 4 11 11 10 10 7 7 6 17 9 11 14 15 16 13 15 17 10 14 16 15 10 10 11 11 10 10 8 7 7 6 6 4 4 3 3 2 2 2 1 1 
MST_36    10 7 7 3 12 15 13 7 10 14 9 9 10 9 8 4 11 11 13 10 8 8 12 9 8 7 11 11 12 12 9 4 10 10 9 15 14 8 11 8 8 8 8 11 12 5 4 11 11 10 10 7 7 6 17 9 11 14 15 16 13 15 17 10 14 16 15 10 10 11 11 10 10 8 7 7 6 6 4 4 3 3 2 2 2 1 1 0 
MST_37    10 7 7 3 12 15 13 7 10 14 9 9 10 9 8 4 11 11 13 10 8 8 12 9 8 7 11 11 12 12 9 4 10 10 9 15 14 8 11 8 8 8 8 11 12 5 4 11 11 10 10 7 7 6 17 9 11 14 15 16 13 15 17 10 14 16 15 10 10 11 11 10 10 8 7 7 6 6 4 4 3 3 2 2 2 1 1 0 0 
MST_38    10 7 7 3 12 15 13 7 10 14 9 9 10 9 8 4 11 11 13 10 8 8 12 9 8 7 11 11 12 12 9 4 10 10 9 15 14 8 11 8 8 8 8 11 12 5 4 11 11 10 10 7 7 6 17 9 11 14 15 16 13 15 17 10 14 16 15 10 10 11 11 10 10 8 7 7 6 6 4 4 3 3 2 2 2 1 1 0 0 0 
MST_39    10 7 7 3 12 15 13 7 10 14 9 9 10 9 8 4 11 11 13 10 8 8 12 9 8 7 11 11 12 12 9 4 10 10 9 15 14 8 11 8 8 8 8 11 12 5 4 11 11 10 10 7 7 6 17 9 11 14 15 16 13 15 17 10 14 16 15 10 10 11 11 10 10 8 7 7 6 6 4 4 3 3 2 2 2 1 1 0 0 0 0 
MST_40    10 7 7 3 12 15 13 7 10 14 9 9 10 9 8 4 11 11 13 10 8 8 12 9 8 7 11 11 12 12 9 4 10 10 9 15 14 8 11 8 8 8 8 11 12 5 4 11 11 10 10 7 7 6 17 9 11 14 15 16 13 15 17 10 14 16 15 10 10 11 11 10 10 8 7 7 6 6 4 4 3 3 2 2 2 1 1 0 0 0 0 0 
MST_41    10 7 7 3 12 15 13 7 10 14 9 9 10 9 8 4 11 11 13 10 8 8 12 9 8 7 11 11 12 12 9 4 10 10 9 15 14 8 11 8 8 8 8 11 12 5 4 11 11 10 10 7 7 6 17 9 11 14 15 16 13 15 17 10 14 16 15 10 10 11 11 10 10 8 7 7 6 6 4 4 3 3 2 2 2 1 1 0 0 0 0 0 0 
MST_42    10 7 7 3 12 15 13 7 10 14 9 9 10 9 8 4 11 11 13 10 8 8 12 9 8 7 11 11 12 12 9 4 10 10 9 15 14 8 11 8 8 8 8 11 12 5 4 11 11 10 10 7 7 6 17 9 11 14 15 16 13 15 17 10 14 16 15 10 10 11 11 10 10 8 7 7 6 6 4 4 3 3 2 2 2 1 1 0 0 0 0 0 0 0 
MST_43    10 7 7 3 12 15 13 7 10 14 9 9 10 9 8 4 11 11 13 10 8 8 12 9 8 7 11 11 12 12 9 4 10 10 9 15 14 8 11 8 8 8 8 11 12 5 4 11 11 10 10 7 7 6 17 9 11 14 15 16 13 15 17 10 14 16 15 10 10 11 11 10 10 8 7 7 6 6 4 4 3 3 2 2 2 1 1 0 0 0 0 0 0 0 0 
MST_44    10 7 7 3 12 15 13 7 10 14 9 9 10 9 8 4 11 11 13 10 8 8 12 9 8 7 11 11 12 12 9 4 10 10 9 15 14 8 11 8 8 8 8 11 12 5 4 11 11 10 10 7 7 6 17 9 11 14 15 16 13 15 17 10 14 16 15 10 10 11 11 10 10 8 7 7 6 6 4 4 3 3 2 2 2 1 1 0 0 0 0 0 0 0 0 0 
MST_45    10 7 7 3 12 15 13 7 10 14 9 9 10 9 8 4 11 11 13 10 8 8 12 9 8 7 11 11 12 12 9 4 10 10 9 15 14 8 11 8 8 8 8 11 12 5 4 11 11 10 10 7 7 6 17 9 11 14 15 16 13 15 17 10 14 16 15 10 10 11 11 10 10 8 7 7 6 6 4 4 3 3 2 2 2 1 1 0 0 0 0 0 0 0 0 0 0 
MST_46    21 20 20 19 19 22 22 20 21 20 19 21 20 20 19 20 18 17 21 21 21 20 16 19 20 20 20 20 20 20 18 20 20 21 21 20 20 19 20 17 17 18 18 18 18 21 20 21 21 21 21 19 19 16 17 10 13 16 16 17 14 16 17 16 18 19 19 19 19 20 20 20 19 19 18 19 20 20 20 20 20 20 19 19 19 19 19 20 20 20 20 20 20 20 20 20 20 20 
MST_47    15 11 11 9 14 13 13 12 13 15 12 13 11 13 12 11 13 13 14 14 13 11 13 11 11 11 13 12 14 14 13 10 11 12 13 16 16 11 10 11 11 12 12 13 14 12 11 12 12 14 14 10 10 7 10 6 6 9 10 11 11 12 13 11 10 13 13 11 11 11 11 12 11 11 10 10 10 10 9 9 10 10 11 11 11 10 10 10 10 10 10 10 10 10 10 10 10 10 10 
SEQ_0     12 9 10 7 10 13 13 11 10 12 9 10 10 11 8 9 12 10 10 12 9 11 12 10 9 9 11 11 11 9 11 9 10 11 10 11 11 11 12 10 10 10 10 12 13 10 9 10 10 10 10 10 10 3 8 3 5 6 6 9 7 7 8 8 8 9 10 7 8 8 8 8 7 8 7 8 7 7 7 7 7 7 7 7 7 7 7 7 7 7 7 7 7 7 7 7 7 7 7 7 
SEQ_1     14 11 12 9 13 14 12 11 12 14 12 12 13 12 12 11 13 13 12 14 12 13 13 13 12 12 13 13 14 12 13 11 11 12 11 14 14 12 13 11 11 12 12 13 14 11 10 12 12 12 12 12 12 5 7 0 6 10 10 12 10 10 12 11 11 12 12 9 10 10 10 10 9 10 9 10 9 9 9 9 9 9 9 9 9 9 9 9 9 9 9 9 9 9 9 9 9 9 10 6 3 
SEQ_2     14 11 12 11 15 14 15 14 11 14 14 14 13 14 13 12 14 15 14 15 13 14 15 12 12 12 12 12 15 13 15 11 12 13 13 14 14 12 14 14 14 15 15 16 17 12 11 10 10 15 15 12 12 5 10 6 0 7 10 12 10 11 12 11 10 11 12 10 10 11 11 11 11 12 11 11 10 11 10 10 11 11 11 11 11 11 11 11 11 11 11 11 11 11 11 11 11 11 13 6 5 6 
SEQ_3     14 13 15 13 15 18 18 16 16 16 16 17 14 17 14 13 16 15 14 17 15 16 17 14 13 13 15 15 15 15 16 13 16 15 16 14 14 14 15 16 16 17 17 17 18 15 14 13 13 18 18 14 14 9 15 10 7 0 5 12 11 10 12 11 10 13 14 14 14 14 14 14 14 13 14 13 14 15 13 13 13 13 13 13 13 14 14 14 14 14 14 14 14 14 14 14 14 14 16 9 6 10 7 
SEQ_4     16 13 15 16 15 18 18 18 16 17 15 16 15 14 16 15 18 16 16 15 15 18 16 16 14 14 14 14 14 14 15 15 15 15 16 13 14 13 14 14 14 15 15 14 15 15 15 12 12 17 17 17 17 10 16 10 10 6 1 9 12 10 10 11 11 13 14 14 14 14 13 13 14 14 14 15 16 16 16 16 15 15 15 15 15 16 16 17 17 17 17 17 17 17 17 17 17 17 15 10 6 10 10 6 
SEQ_5     16 13 15 17 12 15 16 17 15 16 13 14 16 14 16 15 15 13 15 17 13 17 13 15 14 14 14 14 17 17 15 14 15 15 16 13 13 14 15 12 12 15 15 14 15 15 14 13 13 15 15 16 16 10 16 12 12 12 9 0 9 10 9 10 11 11 13 14 14 14 13 13 14 14 14 14 15 15 16 16 15 15 15 15 15 16 16 16 16 16 16 16 16 16 16 16 16 16 17 11 9 12 12 12 9 
SEQ_6     15 11 15 15 14 16 17 15 14 16 15 16 15 14 16 15 15 16 15 15 15 16 14 15 12 12 13 12 16 15 14 12 15 15 16 15 15 17 18 12 12 14 14 14 15 15 14 13 13 17 17 15 15 9 15 10 10 10 10 9 2 4 6 7 9 10 11 13 14 13 13 13 13 13 12 12 12 14 14 14 13 13 13 13 13 14 14 14 14 14 14 14 14 14 14 14 14 14 15 11 7 10 10 10 11 9 
SEQ_7     16 13 14 14 14 18 19 12 16 17 14 16 15 14 13 13 13 15 14 15 14 13 14 12 12 13 12 12 16 15 15 14 14 14 15 16 16 16 17 12 12 15 15 14 15 15 14 13 13 17 17 12 12 9 17 10 10 10 10 10 4 2 5 7 8 10 12 11 13 12 12 12 13 12 12 11 12 14 13 13 13 13 13 13 13 14 14 15 15 15 15 15 15 15 15 15 15 15 17 11 7 10 10 10 11 10 6 
SEQ_8     16 12 14 16 14 17 18 15 15 14 16 18 13 14 14 13 14 16 17 13 16 16 14 15 12 13 13 12 13 14 14 15 15 15 16 14 14 16 16 13 13 14 14 13 14 17 16 13 13 19 19 15 15 11 18 12 12 12 9 9 4 5 0 8 10 10 12 12 14 13 12 11 12 12 13 15 15 16 16 16 15 15 15 15 15 16 16 17 17 17 17 17 17 17 17 17 17 17 17 13 8 12 12 12 10 9 6 5 
SEQ_9     14 8 10 10 14 13 14 12 11 15 13 14 11 10 12 11 11 15 15 12 12 12 10 11 7 8 7 7 12 12 10 8 10 11 11 15 14 14 16 7 7 9 9 9 10 11 10 7 7 14 14 11 11 9 17 11 11 11 10 10 7 6 8 0 2 5 6 9 9 9 9 9 9 9 9 9 9 9 9 9 8 8 9 9 9 9 9 10 10 10 10 10 10 10 10 10 10 10 16 11 8 11 11 11 11 10 7 7 8 
SEQ_10    16 10 12 12 16 15 16 13 13 17 16 17 13 12 12 12 12 17 17 13 14 13 12 13 10 10 9 10 12 13 12 12 12 13 13 16 16 15 17 9 9 11 11 11 12 13 12 10 10 17 17 12 12 10 17 11 10 10 10 10 9 8 9 2 1 8 8 12 12 10 9 10 10 10 10 10 11 12 11 11 11 11 12 12 12 12 12 13 13 13 13 13 13 13 13 13 13 13 18 10 8 11 10 10 11 10 9 8 9 2 
SEQ_11    17 11 14 15 16 13 15 15 13 15 16 18 12 13 13 14 15 17 15 12 15 16 14 14 12 13 11 12 12 13 14 14 11 11 12 13 13 15 17 10 10 13 13 12 13 15 14 12 12 18 18 14 14 13 19 12 11 13 13 11 9 10 10 5 9 0 5 10 12 13 12 13 14 14 15 14 15 15 13 13 14 14 15 15 15 15 15 16 16 16 16 16 16 16 16 16 16 16 19 13 9 12 11 13 13 11 10 10 10 5 8 
SEQ_12    18 10 14 15 17 12 15 15 15 17 17 18 13 12 12 14 14 18 16 12 16 16 14 16 12 13 11 12 10 11 13 13 11 11 12 14 14 15 17 9 9 12 12 11 12 14 13 12 12 19 19 14 14 13 19 12 12 14 14 13 11 12 12 6 9 5 0 10 11 12 12 12 13 13 14 13 14 15 14 14 13 13 14 14 14 14 14 15 15 15 15 15 15 15 15 15 15 15 19 13 10 12 12 14 14 13 11 12 12 6 8 5 
SEQ_13    19 11 11 11 16 16 17 12 12 13 15 17 14 12 12 10 13 17 17 11 12 12 14 14 13 14 11 11 11 13 13 12 8 10 9 14 15 13 16 9 9 12 12 13 14 12 11 11 11 16 16 12 12 11 16 9 10 14 13 14 12 11 12 9 12 10 10 0 4 6 7 6 7 7 7 11 10 9 10 10 9 9 8 8 8 9 9 10 10 10 10 10 10 10 10 10 10 10 19 11 7 9 10 14 14 14 13 11 12 9 12 10 10 
SEQ_14    18 10 9 9 16 16 17 10 13 15 17 17 13 10 10 8 11 15 15 10 14 10 12 11 12 12 11 11 10 11 11 11 7 9 8 14 14 11 12 9 9 11 11 11 12 11 10 11 11 16 16 9 9 10 16 10 10 14 13 14 13 13 14 9 12 12 11 4 0 4 5 7 7 7 8 10 10 9 10 10 10 10 10 10 10 9 9 10 10 10 10 10 10 10 10 10 10 10 19 11 8 10 10 14 14 14 14 13 14 9 12 12 11 4 
SEQ_15    17 10 11 11 16 17 17 10 13 16 17 17 13 13 10 10 12 16 16 10 14 11 15 13 11 11 13 13 10 11 13 11 8 11 11 15 15 13 15 12 12 13 13 13 14 11 10 13 13 16 16 11 11 9 18 10 11 14 13 14 11 12 13 9 12 13 12 6 4 0 1 5 6 6 7 9 11 11 11 11 10 10 10 10 10 10 10 11 11 11 11 11 11 11 11 11 11 11 20 11 8 10 11 14 14 14 13 12 13 9 10 13 12 6 4 
SEQ_16    18 9 11 11 17 16 17 11 12 15 17 17 13 13 11 10 12 16 16 10 14 10 15 12 11 11 12 12 10 11 13 11 8 10 11 15 15 13 15 12 12 13 13 12 13 11 10 12 12 17 17 10 10 10 18 10 11 14 12 13 11 12 12 9 11 12 12 7 5 1 0 6 7 6 7 9 10 11 10 10 10 10 10 10 10 10 10 11 11 11 11 11 11 11 11 11 11 11 20 11 8 10 11 14 13 13 13 12 12 9 9 12 12 7 5 1 
SEQ_17    19 9 10 11 16 15 14 11 13 14 17 17 15 12 11 10 12 14 16 12 14 10 15 11 12 12 11 11 11 10 13 11 9 8 9 16 16 13 15 11 11 12 12 13 14 11 10 11 11 17 17 9 9 9 16 10 11 14 12 13 11 12 11 9 12 13 12 6 7 5 6 0 1 3 4 6 7 7 8 8 8 8 9 9 9 10 10 10 10 10 10 10 10 10 10 10 10 10 20 12 8 10 11 14 13 13 13 12 11 9 10 13 12 6 7 5 6 
SEQ_18    19 9 11 11 16 15 15 11 14 15 17 17 16 12 11 10 13 14 16 13 15 10 15 11 13 12 12 12 12 11 13 12 10 9 10 17 17 13 15 11 11 12 12 13 14 12 11 12 12 17 17 9 9 10 16 9 11 14 13 14 12 13 12 9 12 14 13 7 7 6 7 1 0 3 4 6 7 7 8 8 8 8 9 9 9 10 10 10 10 10 10 10 10 10 10 10 10 10 19 11 7 9 11 14 14 14 13 13 12 9 10 14 13 7 7 6 7 1 
SEQ_19    18 9 10 8 14 16 16 9 13 14 16 16 16 11 10 7 11 12 15 11 15 8 12 9 13 13 13 13 12 11 10 11 11 11 10 16 16 10 12 8 8 9 9 10 11 11 10 13 13 15 15 7 7 9 17 10 12 13 13 14 11 12 12 9 12 14 13 7 7 6 6 3 3 0 1 5 5 5 7 7 6 6 6 6 6 7 7 8 8 8 8 8 8 8 8 8 8 8 19 11 8 10 12 13 14 14 13 12 12 9 10 14 13 7 7 6 6 3 3 
SEQ_20    18 9 10 8 14 16 16 9 13 14 16 16 16 11 10 7 11 12 15 11 15 8 12 9 13 13 13 13 12 11 10 11 11 11 10 16 16 10 12 8 8 9 9 10 11 11 10 13 13 15 15 7 7 9 17 10 12 13 13 14 11 12 12 9 12 14 13 7 7 6 6 3 3 0 1 5 5 5 7 7 6 6 6 6 6 7 7 8 8 8 8 8 8 8 8 8 8 8 19 11 8 10 12 13 14 14 13 12 12 9 10 14 13 7 7 6 6 3 3 0 
SEQ_21    17 9 9 6 13 17 16 8 12 15 14 14 14 10 8 6 11 11 12 11 13 8 13 7 13 10 14 14 12 11 11 9 10 10 10 15 16 9 10 9 9 10 10 11 12 9 8 14 14 15 15 5 5 9 18 10 11 13 13 14 12 11 15 9 12 14 13 11 10 9 9 6 6 5 5 0 2 3 4 4 4 4 6 6 6 6 6 7 7 7 7 7 7 7 7 7 7 7 19 10 8 10 11 13 15 14 12 11 15 9 10 14 13 11 10 9 9 6 6 5 5 
SEQ_22    16 9 8 6 15 17 16 8 12 15 13 13 13 11 8 6 11 11 14 12 12 8 14 8 12 9 13 13 12 12 11 8 10 10 10 17 16 9 12 10 10 10 10 12 13 8 7 13 13 14 14 6 6 9 17 9 10 14 14 15 11 12 15 9 13 15 14 10 10 11 10 7 7 5 5 2 0 2 3 3 3 3 5 5 5 5 5 6 6 6 6 6 6 6 6 6 6 6 20 10 7 9 10 14 16 15 12 12 15 9 11 15 14 10 10 11 10 7 7 5 5 2 
SEQ_23    16 8 6 6 14 16 16 8 11 15 13 13 12 11 8 6 11 11 13 12 12 8 14 8 12 9 12 12 12 12 11 8 9 9 10 16 15 9 12 10 10 10 10 12 13 8 7 12 12 14 14 6 6 8 17 9 11 15 14 15 13 13 16 9 14 15 15 9 9 11 11 7 7 5 5 3 2 0 2 2 3 3 5 5 5 5 5 6 6 6 6 6 6 6 6 6 6 6 20 10 7 9 11 15 16 15 14 14 16 9 12 15 15 9 9 11 11 7 7 5 5 3 2 
SEQ_24    14 9 7 4 14 17 17 8 12 16 11 11 14 10 9 5 12 12 13 12 10 7 13 8 12 11 11 11 12 12 10 8 8 8 9 17 16 8 11 9 9 9 9 12 13 7 6 11 11 12 12 6 6 8 16 9 10 13 14 16 13 14 16 9 12 13 14 10 10 11 10 8 8 7 7 4 3 2 0 0 1 1 3 3 3 3 3 4 4 4 4 4 4 4 4 4 4 4 20 9 7 9 10 13 16 16 14 13 16 9 11 13 14 10 10 11 10 8 8 7 7 4 3 2 
SEQ_25    14 9 7 4 14 17 17 8 12 16 11 11 14 10 9 5 12 12 13 12 10 7 13 8 12 11 11 11 12 12 10 8 8 8 9 17 16 8 11 9 9 9 9 12 13 7 6 11 11 12 12 6 6 8 16 9 10 13 14 16 13 14 16 9 12 13 14 10 10 11 10 8 8 7 7 4 3 2 0 0 1 1 3 3 3 3 3 4 4 4 4 4 4 4 4 4 4 4 20 9 7 9 10 13 16 16 14 13 16 9 11 13 14 10 10 11 10 8 8 7 7 4 3 2 0 
SEQ_26    13 10 8 4 13 16 16 8 13 15 10 10 13 9 9 5 12 12 14 11 9 7 12 8 11 10 12 12 11 11 9 7 9 9 8 16 15 8 11 8 8 8 8 11 12 6 5 12 12 11 11 6 6 8 17 9 11 13 13 15 12 13 15 8 12 14 13 9 10 10 10 8 8 6 6 4 3 3 1 1 0 0 2 2 2 2 2 3 3 3 3 3 3 3 3 3 3 3 20 10 7 9 11 13 15 15 13 13 15 8 11 14 13 9 10 10 10 8 8 6 6 4 3 3 1 1 
SEQ_27    13 10 8 4 13 16 16 8 13 15 10 10 13 9 9 5 12 12 14 11 9 7 12 8 11 10 12 12 11 11 9 7 9 9 8 16 15 8 11 8 8 8 8 11 12 6 5 12 12 11 11 6 6 8 17 9 11 13 13 15 12 13 15 8 12 14 13 9 10 10 10 8 8 6 6 4 3 3 1 1 0 0 2 2 2 2 2 3 3 3 3 3 3 3 3 3 3 3 20 10 7 9 11 13 15 15 13 13 15 8 11 14 13 9 10 10 10 8 8 6 6 4 3 3 1 1 0 
SEQ_28    12 9 7 3 13 16 15 7 12 16 11 11 12 9 8 4 11 13 14 10 10 8 12 9 10 9 11 11 12 12 9 6 10 10 9 16 15 8 11 8 8 8 8 11 12 7 6 11 11 11 11 7 7 7 16 9 11 13 13 15 12 13 15 9 13 15 14 8 10 10 10 9 9 6 6 6 5 5 3 3 2 2 0 0 0 1 1 2 2 2 2 2 2 2 2 2 2 2 19 11 7 9 11 13 15 15 13 13 15 9 12 15 14 8 10 10 10 9 9 6 6 6 5 5 3 3 2 2 
SEQ_29    12 9 7 3 13 16 15 7 12 16 11 11 12 9 8 4 11 13 14 10 10 8 12 9 10 9 11 11 12 12 9 6 10 10 9 16 15 8 11 8 8 8 8 11 12 7 6 11 11 11 11 7 7 7 16 9 11 13 13 15 12 13 15 9 13 15 14 8 10 10 10 9 9 6 6 6 5 5 3 3 2 2 0 0 0 1 1 2 2 2 2 2 2 2 2 2 2 2 19 11 7 9 11 13 15 15 13 13 15 9 12 15 14 8 10 10 10 9 9 6 6 6 5 5 3 3 2 2 0 
SEQ_30    12 9 7 3 13 16 15 7 12 16 11 11 12 9 8 4 11 13 14 10 10 8 12 9 10 9 11 11 12 12 9 6 10 10 9 16 15 8 11 8 8 8 8 11 12 7 6 11 11 11 11 7 7 7 16 9 11 13 13 15 12 13 15 9 13 15 14 8 10 10 10 9 9 6 6 6 5 5 3 3 2 2 0 0 0 1 1 2 2 2 2 2 2 2 2 2 2 2 19 11 7 9 11 13 15 15 13 13 15 9 12 15 14 8 10 10 10 9 9 6 6 6 5 5 3 3 2 2 0 0 
SEQ_31    11 8 6 2 13 16 14 6 11 15 10 10 11 8 7 3 10 12 14 9 9 7 11 8 9 8 10 10 11 11 8 5 9 9 8 16 15 7 10 7 7 7 7 10 11 6 5 10 10 11 11 6 6 6 16 9 11 14 14 16 13 14 16 9 13 15 14 9 9 10 10 10 10 7 7 6 5 5 3 3 2 2 1 1 1 0 0 1 1 1 1 1 1 1 1 1 1 1 19 10 7 9 11 14 16 16 14 14 16 9 12 15 14 9 9 10 10 10 10 7 7 6 5 5 3 3 2 2 1 1 1 
SEQ_32    11 8 6 2 13 16 14 6 11 15 10 10 11 8 7 3 10 12 14 9 9 7 11 8 9 8 10 10 11 11 8 5 9 9 8 16 15 7 10 7 7 7 7 10 11 6 5 10 10 11 11 6 6 6 16 9 11 14 14 16 13 14 16 9 13 15 14 9 9 10 10 10 10 7 7 6 5 5 3 3 2 2 1 1 1 0 0 1 1 1 1 1 1 1 1 1 1 1 19 10 7 9 11 14 16 16 14 14 16 9 12 15 14 9 9 10 10 10 10 7 7 6 5 5 3 3 2 2 1 1 1 0 
SEQ_33    10 7 7 3 12 15 13 7 10 14 9 9 10 9 8 4 11 11 13 10 8 8 12 9 8 7 11 11 12 12 9 4 10 10 9 15 14 8 11 8 8 8 8 11 12 5 4 11 11 10 10 7 7 6 17 9 11 14 15 16 13 15 17 10 14 16 15 10 10 11 11 10 10 8 7 7 6 6 4 4 3 3 2 2 2 1 1 0 0 0 0 0 0 0 0 0 0 0 20 10 7 9 11 14 17 16 14 15 17 10 13 16 15 10 10 11 11 10 10 8 8 7 6 6 4 4 3 3 2 2 2 1 1 
SEQ_34    10 7 7 3 12 15 13 7 10 14 9 9 10 9 8 4 11 11 13 10 8 8 12 9 8 7 11 11 12 12 9 4 10 10 9 15 14 8 11 8 8 8 8 11 12 5 4 11 11 10 10 7 7 6 17 9 11 14 15 16 13 15 17 10 14 16 15 10 10 11 11 10 10 8 7 7 6 6 4 4 3 3 2 2 2 1 1 0 0 0 0 0 0 0 0 0 0 0 20 10 7 9 11 14 17 16 14 15 17 10 13 16 15 10 10 11 11 10 10 8 8 7 6 6 4 4 3 3 2 2 2 1 1 0 
SEQ_35    10 7 7 3 12 15 13 7 10 14 9 9 10 9 8 4 11 11 13 10 8 8 12 9 8 7 11 11 12 12 9 4 10 10 9 15 14 8 11 8 8 8 8 11 12 5 4 11 11 10 10 7 7 6 17 9 11 14 15 16 13 15 17 10 14 16 15 10 10 11 11 10 10 8 7 7 6 6 4 4 3 3 2 2 2 1 1 0 0 0 0 0 0 0 0 0 0 0 20 10 7 9 11 14 17 16 14 15 17 10 13 16 15 10 10 11 11 10 10 8 8 7 6 6 4 4 3 3 2 2 2 1 1 0 0 
SEQ_36    10 7 7 3 12 15 13 7 10 14 9 9 10 9 8 4 11 11 13 10 8 8 12 9 8 7 11 11 12 12 9 4 10 10 9 15 14 8 11 8 8 8 8 11 12 5 4 11 11 10 10 7 7 6 17 9 11 14 15 16 13 15 17 10 14 16 15 10 10 11 11 10 10 8 7 7 6 6 4 4 3 3 2 2 2 1 1 0 0 0 0 0 0 0 0 0 0 0 20 10 7 9 11 14 17 16 14 15 17 10 13 16 15 10 10 11 11 10 10 8 8 7 6 6 4 4 3 3 2 2 2 1 1 0 0 0 
SEQ_37    10 7 7 3 12 15 13 7 10 14 9 9 10 9 8 4 11 11 13 10 8 8 12 9 8 7 11 11 12 12 9 4 10 10 9 15 14 8 11 8 8 8 8 11 12 5 4 11 11 10 10 7 7 6 17 9 11 14 15 16 13 15 17 10 14 16 15 10 10 11 11 10 10 8 7 7 6 6 4 4 3 3 2 2 2 1 1 0 0 0 0 0 0 0 0 0 0 0 20 10 7 9 11 14 17 16 14 15 17 10 13 16 15 10 10 11 11 10 10 8 8 7 6 6 4 4 3 3 2 2 2 1 1 0 0 0 0 
SEQ_38    10 7 7 3 12 15 13 7 10 14 9 9 10 9 8 4 11 11 13 10 8 8 12 9 8 7 11 11 12 12 9 4 10 10 9 15 14 8 11 8 8 8 8 11 12 5 4 11 11 10 10 7 7 6 17 9 11 14 15 16 13 15 17 10 14 16 15 10 10 11 11 10 10 8 7 7 6 6 4 4 3 3 2 2 2 1 1 0 0 0 0 0 0 0 0 0 0 0 20 10 7 9 11 14 17 16 14 15 17 10 13 16 15 10 10 11 11 10 10 8 8 7 6 6 4 4 3 3 2 2 2 1 1 0 0 0 0 0 
SEQ_39    10 7 7 3 12 15 13 7 10 14 9 9 10 9 8 4 11 11 13 10 8 8 12 9 8 7 11 11 12 12 9 4 10 10 9 15 14 8 11 8 8 8 8 11 12 5 4 11 11 10 10 7 7 6 17 9 11 14 15 16 13 15 17 10 14 16 15 10 10 11 11 10 10 8 7 7 6 6 4 4 3 3 2 2 2 1 1 0 0 0 0 0 0 0 0 0 0 0 20 10 7 9 11 14 17 16 14 15 17 10 13 16 15 10 10 11 11 10 10 8 8 7 6 6 4 4 3 3 2 2 2 1 1 0 0 0 0 0 0 
SEQ_40    10 7 7 3 12 15 13 7 10 14 9 9 10 9 8 4 11 11 13 10 8 8 12 9 8 7 11 11 12 12 9 4 10 10 9 15 14 8 11 8 8 8 8 11 12 5 4 11 11 10 10 7 7 6 17 9 11 14 15 16 13 15 17 10 14 16 15 10 10 11 11 10 10 8 7 7 6 6 4 4 3 3 2 2 2 1 1 0 0 0 0 0 0 0 0 0 0 0 20 10 7 9 11 14 17 16 14 15 17 10 13 16 15 10 10 11 11 10 10 8 8 7 6 6 4 4 3 3 2 2 2 1 1 0 0 0 0 0 0 0 
SEQ_41    10 7 7 3 12 15 13 7 10 14 9 9 10 9 8 4 11 11 13 10 8 8 12 9 8 7 11 11 12 12 9 4 10 10 9 15 14 8 11 8 8 8 8 11 12 5 4 11 11 10 10 7 7 6 17 9 11 14 15 16 13 15 17 10 14 16 15 10 10 11 11 10 10 8 7 7 6 6 4 4 3 3 2 2 2 1 1 0 0 0 0 0 0 0 0 0 0 0 20 10 7 9 11 14 17 16 14 15 17 10 13 16 15 10 10 11 11 10 10 8 8 7 6 6 4 4 3 3 2 2 2 1 1 0 0 0 0 0 0 0 0 
SEQ_42    10 7 7 3 12 15 13 7 10 14 9 9 10 9 8 4 11 11 13 10 8 8 12 9 8 7 11 11 12 12 9 4 10 10 9 15 14 8 11 8 8 8 8 11 12 5 4 11 11 10 10 7 7 6 17 9 11 14 15 16 13 15 17 10 14 16 15 10 10 11 11 10 10 8 7 7 6 6 4 4 3 3 2 2 2 1 1 0 0 0 0 0 0 0 0 0 0 0 20 10 7 9 11 14 17 16 14 15 17 10 13 16 15 10 10 11 11 10 10 8 8 7 6 6 4 4 3 3 2 2 2 1 1 0 0 0 0 0 0 0 0 0 
SEQ_43    10 7 7 3 12 15 13 7 10 14 9 9 10 9 8 4 11 11 13 10 8 8 12 9 8 7 11 11 12 12 9 4 10 10 9 15 14 8 11 8 8 8 8 11 12 5 4 11 11 10 10 7 7 6 17 9 11 14 15 16 13 15 17 10 14 16 15 10 10 11 11 10 10 8 7 7 6 6 4 4 3 3 2 2 2 1 1 0 0 0 0 0 0 0 0 0 0 0 20 10 7 9 11 14 17 16 14 15 17 10 13 16 15 10 10 11 11 10 10 8 8 7 6 6 4 4 3 3 2 2 2 1 1 0 0 0 0 0 0 0 0 0 0 
SEQ_44    10 7 7 3 12 15 13 7 10 14 9 9 10 9 8 4 11 11 13 10 8 8 12 9 8 7 11 11 12 12 9 4 10 10 9 15 14 8 11 8 8 8 8 11 12 5 4 11 11 10 10 7 7 6 17 9 11 14 15 16 13 15 17 10 14 16 15 10 10 11 11 10 10 8 7 7 6 6 4 4 3 3 2 2 2 1 1 0 0 0 0 0 0 0 0 0 0 0 20 10 7 9 11 14 17 16 14 15 17 10 13 16 15 10 10 11 11 10 10 8 8 7 6 6 4 4 3 3 2 2 2 1 1 0 0 0 0 0 0 0 0 0 0 0 
SEQ_45    20 18 18 20 17 19 19 19 19 16 18 18 19 17 17 17 18 19 16 18 18 20 18 19 17 17 19 18 18 19 18 18 18 18 19 19 19 20 20 15 15 18 18 17 17 18 17 19 19 18 18 19 19 16 17 11 13 14 14 13 13 16 16 14 15 15 13 16 15 17 17 18 18 19 18 18 20 20 20 20 19 19 18 18 18 19 19 20 20 20 20 20 20 20 20 20 20 20 13 11 9 11 13 14 14 13 15 16 16 14 16 15 13 16 15 17 17 18 18 19 19 18 20 20 20 20 19 19 18 18 18 19 19 20 20 20 20 20 20 20 20 20 20 20 20 
SEQ_46    15 11 11 9 14 13 13 12 13 15 12 13 11 13 12 11 13 13 14 14 13 11 13 11 11 11 13 12 14 14 13 10 11 12 13 16 16 11 10 11 11 12 12 13 14 12 11 12 12 14 14 10 10 7 10 6 6 9 10 11 11 12 13 11 10 13 13 11 11 11 11 12 11 11 10 10 10 10 9 9 10 10 11 11 11 10 10 10 10 10 10 10 10 10 10 10 10 10 10 0 7 6 6 9 10 11 11 11 13 11 10 13 13 11 11 11 11 12 11 11 11 10 10 10 9 9 10 10 11 11 11 10 10 10 10 10 10 10 10 10 10 10 10 10 10 11 


Adjacencies of each genome comparison after each step:

