Data generated by UniMoG (http://http://bibiserv.cebitec.uni-bielefeld.de/dcj?id=dcj_unimog)

Input:

>simulated_k54_l200_18
 0 1 2 3 4 5 6 7 | 169 170 171 172 173 174 175 176 177 178 179 180 181 182 183 184 185 186 187 188 189 190 191 192 193 194 195 196 197 198 199 | 77 78 79 80 81 82 83 84 85 86 87 88 89 90 91 92 93 94 95 96 97 98 99 100 101 102 103 104 105 106 107 108 109 110 111 112 113 114 115 116 117 118 119 120 121 122 123 124 125 126 | 23 24 25 26 27 28 | 29 9 10 11 12 | 73 74 75 76 | 54 55 56 57 58 59 60 61 62 63 64 65 66 67 68 69 70 71 72 | 8 128 129 130 131 132 133 134 135 136 137 138 139 140 141 142 143 144 145 146 147 148 149 150 151 152 153 154 155 156 157 158 159 160 161 162 163 164 165 166 167 168 | 127 14 15 16 17 18 19 20 21 22 | 13 30 31 32 33 34 35 36 37 38 39 40 41 42 43 44 45 46 47 48 49 50 51 52 53 |
>simulated_k54_l200_22
 0 1 2 3 4 5 6 7 8 9 10 11 12 13 14 | 169 78 79 80 81 82 83 84 85 86 87 88 89 | 15 170 171 172 173 174 175 176 177 178 179 180 181 182 183 184 185 186 187 188 | 68 69 70 71 72 73 74 75 76 | 46 47 48 49 50 51 52 53 | 54 55 56 57 58 59 60 61 62 63 64 65 66 67 | 102 103 104 105 106 107 108 109 | 77 16 17 18 19 20 21 22 23 24 25 26 27 28 29 30 31 32 33 34 35 36 37 38 39 40 41 42 43 44 45 | 166 167 168 | 161 162 163 164 165 | 90 91 92 93 94 95 96 97 98 99 100 101 | 119 120 121 122 123 124 125 126 127 128 129 130 131 132 133 134 135 136 137 138 139 140 141 142 143 144 145 146 147 148 149 150 151 152 153 154 155 156 157 158 159 160 | 110 111 112 113 114 115 116 117 118 | 189 190 191 192 193 194 195 196 197 198 199 |
>simulated_k54_l200_24
 0 78 79 80 81 82 | 169 1 | 77 170 171 172 173 174 175 176 177 178 179 180 181 182 183 184 185 186 187 188 189 190 191 192 193 194 195 196 197 198 199 | 94 95 96 97 98 99 | 8 9 10 11 12 13 14 15 16 17 18 19 20 21 22 23 24 25 26 27 28 29 30 31 32 33 34 35 36 37 38 | 83 84 85 86 87 88 89 90 91 92 93 | 2 3 4 5 | 100 131 132 133 134 135 136 137 138 139 140 141 142 143 144 145 146 147 148 149 150 151 152 153 154 155 156 157 158 | 103 104 105 106 107 108 109 110 111 112 113 114 115 116 117 118 119 120 121 122 123 124 125 126 127 128 129 | 39 40 41 42 43 44 45 46 47 48 49 50 51 52 53 54 55 56 57 58 59 60 61 62 63 64 65 66 67 68 69 70 71 72 73 74 75 76 | 130 101 102 | 159 160 161 162 163 164 165 166 167 168 | 6 7 |
>simulated_k54_l200_28
 0 1 2 3 4 5 6 7 | 124 117 118 119 | 83 84 85 86 87 88 89 | 8 136 137 138 139 140 141 142 143 144 145 146 147 148 149 150 151 152 153 154 155 156 157 158 159 160 161 162 163 164 165 166 167 168 169 170 171 172 173 174 175 176 177 178 179 180 181 182 183 184 185 186 187 188 189 190 191 192 193 194 195 196 197 198 199 | 116 125 126 127 128 129 130 131 132 133 134 | 120 121 122 123 | 90 91 92 93 94 95 96 97 98 99 100 101 102 103 104 105 106 107 108 109 110 111 112 113 114 115 | 64 11 12 13 14 15 16 17 18 19 20 21 22 23 24 25 26 27 28 29 30 31 32 33 34 35 36 37 38 39 40 41 42 43 44 45 46 47 48 49 50 51 52 53 54 55 56 57 58 59 60 61 62 63 | 10 65 66 67 68 69 70 71 72 73 74 75 76 77 78 79 80 81 82 | 135 9 |
>simulated_k54_l200_30
 0 121 122 123 | 124 117 118 119 | 83 84 85 86 87 88 89 | 8 9 10 11 12 13 14 15 16 17 18 19 20 21 | 116 125 126 127 128 129 130 131 132 133 134 135 136 137 138 139 140 141 142 143 144 145 146 147 148 149 150 151 | 120 1 2 3 4 5 6 7 | 90 91 92 93 94 95 96 97 98 99 100 101 102 103 104 105 106 107 108 | 79 61 62 63 64 | 109 110 111 112 113 114 115 | 22 23 24 25 26 27 28 29 30 31 32 33 34 35 36 37 38 39 40 41 42 43 44 45 46 47 48 49 50 51 52 53 54 55 56 57 58 59 | 152 153 154 155 156 157 158 159 160 161 162 163 164 165 166 167 168 169 170 171 172 173 174 175 176 | 177 178 179 180 181 182 183 184 185 186 187 188 189 190 191 192 193 194 195 196 197 198 199 | 60 80 81 82 | 65 66 67 68 69 70 71 72 73 74 75 76 77 78 |
>simulated_k54_l200_32
 0 1 2 3 4 5 6 7 8 9 10 11 12 13 14 15 16 17 18 19 20 21 22 | 169 74 75 76 | 77 78 79 80 81 82 83 84 85 86 87 88 89 90 91 92 93 94 95 96 97 98 99 100 101 102 103 104 105 106 107 108 109 110 111 112 113 114 115 116 117 118 119 | 23 24 25 26 27 28 | 29 30 31 32 33 34 35 36 37 38 39 40 41 42 43 44 45 46 47 48 49 50 51 52 53 54 55 56 57 58 59 60 61 62 63 64 65 66 67 68 69 70 71 72 | 73 170 171 172 173 174 175 176 177 178 179 180 181 182 183 184 185 186 187 188 | 120 121 122 123 124 125 126 127 128 129 130 131 132 133 134 | 135 136 137 138 139 140 141 142 143 144 145 146 147 148 149 150 151 152 153 154 155 156 157 158 159 160 161 162 163 164 165 | 189 167 168 | 166 190 191 192 193 194 195 196 197 198 199 |
>simulated_k54_l200_42
 0 1 2 3 | 169 170 171 172 173 174 175 176 | 15 72 73 74 75 76 77 78 79 80 81 82 | 68 47 48 49 50 51 52 53 | 46 69 70 | 54 55 56 57 58 59 60 61 62 63 64 65 66 67 | 71 16 17 18 19 20 21 22 23 24 25 26 27 28 29 30 31 32 33 34 35 36 37 38 39 40 41 42 43 44 45 | 4 5 6 7 8 9 10 11 12 13 14 | 83 84 85 86 87 88 89 90 91 92 | 93 178 179 180 181 182 183 184 185 186 187 188 189 190 191 192 193 194 195 196 197 198 199 | 177 94 95 96 97 98 99 100 101 102 103 104 105 106 107 108 109 110 111 112 113 114 115 116 117 118 119 120 | 138 139 140 141 142 143 144 145 146 147 148 149 150 151 152 153 154 155 156 157 158 159 160 161 162 163 164 165 166 167 168 | 121 122 123 124 125 126 127 128 129 130 131 132 133 134 135 136 137 |
>simulated_k54_l200_44
 0 1 2 3 4 5 6 7 8 9 | 169 74 75 76 | 77 78 79 80 81 82 83 84 85 86 87 88 89 90 91 92 93 94 95 96 97 98 99 100 101 102 103 104 105 106 107 108 109 110 111 112 113 114 115 116 117 118 119 | 23 24 25 26 27 28 | 29 30 31 32 33 34 35 36 37 | 73 170 171 172 173 174 175 176 177 178 179 180 181 182 183 184 185 186 187 188 189 190 191 192 193 194 195 196 197 198 199 | 120 121 122 123 124 125 126 127 128 129 130 131 132 133 134 | 135 136 137 138 139 140 141 142 143 144 145 146 147 148 149 150 | 151 152 153 154 155 156 157 158 159 160 161 162 163 164 165 166 167 168 | 71 72 | 38 39 40 41 42 43 44 45 46 47 48 49 50 51 52 53 54 55 56 57 58 59 60 61 62 63 64 65 66 67 68 69 70 | 10 11 12 13 14 15 16 17 18 19 20 21 22 |
>simulated_k54_l200_46
 0 197 198 199 | 169 163 164 165 166 167 168 | 15 1 2 3 4 5 6 7 8 9 10 11 12 13 14 | 68 112 113 114 115 116 117 118 119 120 121 122 123 124 125 126 127 128 | 196 23 24 25 26 27 28 29 30 31 32 33 34 35 36 37 38 39 40 41 42 43 44 45 46 47 48 49 50 51 52 53 54 55 56 57 58 59 60 61 62 63 64 65 66 67 | 172 16 17 18 | 191 192 193 194 195 | 107 20 21 | 19 108 109 110 | 129 130 131 132 133 134 135 136 137 138 139 140 141 142 143 144 145 146 147 148 149 150 151 | 22 173 174 175 176 177 178 179 180 181 182 183 184 185 186 187 188 189 190 | 162 170 171 | 111 69 70 71 72 73 74 75 76 77 78 79 80 81 82 83 84 85 86 87 88 89 90 91 92 93 94 95 96 97 98 99 100 101 102 103 104 105 106 | 152 153 154 155 156 157 158 159 160 161 |
>simulated_k54_l200_48
 0 1 2 3 4 5 6 7 | 124 80 81 82 | 83 84 85 86 87 88 89 | 8 9 10 11 12 13 14 15 16 17 18 19 20 21 22 23 24 25 26 27 28 29 30 31 32 33 34 35 36 37 38 39 40 41 42 43 44 45 46 47 48 49 50 51 52 53 54 55 56 57 58 59 60 61 62 63 64 65 66 67 68 69 70 71 72 73 74 75 76 77 78 | 116 125 126 127 128 129 130 131 132 133 134 135 136 137 138 139 140 141 142 143 144 145 146 147 148 149 150 151 152 153 154 155 156 157 158 159 160 161 162 163 164 165 166 167 168 169 170 171 172 173 | 120 121 122 123 | 90 91 92 93 94 95 96 97 98 99 100 101 102 103 104 105 106 107 108 109 110 111 112 113 114 115 | 79 117 118 119 | 182 183 184 185 186 187 188 189 190 191 192 193 194 195 196 197 198 199 | 174 175 176 177 178 179 180 181 |
>simulated_k54_l200_52
 0 124 125 126 127 128 | 169 170 171 172 173 174 175 176 177 178 179 180 181 182 183 184 185 186 187 188 189 190 191 192 193 194 195 196 197 198 199 | 15 16 17 18 19 20 21 22 23 24 25 26 27 28 29 30 31 32 33 34 | 68 69 70 71 72 73 74 75 76 77 78 79 80 81 82 83 84 85 86 87 88 89 90 91 92 93 94 95 96 97 98 99 100 101 102 103 104 105 106 107 108 109 110 111 112 113 114 115 116 117 118 119 120 121 122 | 46 47 48 49 | 54 55 56 57 58 59 60 61 62 63 64 65 66 67 | 129 130 131 132 133 134 135 136 137 138 139 140 141 142 | 50 144 145 146 147 148 149 150 151 152 153 154 155 156 157 158 159 160 161 162 163 164 165 166 167 168 | 143 51 52 53 | 123 1 2 3 4 5 6 7 8 9 10 11 12 13 14 | 35 36 37 38 39 40 41 42 43 44 45 |
>simulated_k54_l200_54
 0 197 198 199 | 169 170 171 | 15 16 17 | 68 69 70 | 196 1 2 3 4 5 6 7 8 9 10 11 12 13 14 | 172 192 193 194 195 | 191 173 174 175 176 177 178 179 180 181 182 183 184 185 186 187 188 189 190 | 40 77 78 79 80 81 82 83 84 85 86 87 88 89 90 91 92 93 94 95 96 97 98 99 100 101 102 103 104 105 106 107 108 109 110 111 112 113 114 115 116 117 118 119 120 | 71 72 73 74 75 | 130 131 132 133 134 135 136 137 138 139 140 141 142 143 144 145 146 147 148 149 150 151 152 153 154 155 156 157 158 159 160 161 162 163 164 165 166 167 168 | 76 41 42 43 44 45 46 47 48 49 50 51 52 53 54 55 56 57 58 59 60 61 62 63 64 65 66 67 | 18 19 20 21 22 23 24 25 26 27 28 29 30 31 32 33 | 34 35 36 37 38 39 | 121 122 123 124 125 126 127 128 129 |
>simulated_k54_l200_55
 0 197 | 169 170 171 | 15 1 2 3 4 5 6 7 8 9 10 11 12 13 14 | 68 69 70 71 72 73 | 196 23 24 25 26 27 28 29 30 31 32 33 34 35 36 37 38 39 40 41 42 43 44 45 46 47 48 49 50 51 52 53 54 55 56 57 58 59 60 61 62 63 64 65 66 67 | 172 16 17 18 | 191 192 193 194 195 | 107 119 120 121 122 123 124 125 126 127 128 | 19 108 109 110 111 112 113 114 115 116 117 | 129 130 131 | 22 173 174 175 176 177 178 179 180 181 182 183 184 185 186 187 188 189 190 | 132 133 134 135 136 137 138 139 140 141 142 143 144 145 | 198 199 | 118 20 21 | 146 147 148 149 150 151 152 153 154 155 156 157 158 159 160 161 162 163 164 165 166 167 168 | 74 75 76 77 78 79 80 81 82 83 84 85 86 87 88 89 90 91 92 93 94 95 96 97 98 99 100 101 102 103 104 105 106 |
>simulated_k54_l200_56
 0 197 198 199 | 169 170 171 | 15 1 2 3 4 5 6 7 8 9 10 11 12 13 14 | 68 130 131 132 133 134 135 136 137 138 139 140 141 142 143 144 145 146 147 148 149 150 151 152 153 154 155 156 157 158 159 160 161 162 163 164 165 166 167 168 | 196 23 24 25 26 27 28 29 30 31 32 33 34 35 36 37 38 39 40 41 42 43 44 45 46 47 48 49 50 51 52 53 54 55 | 172 16 17 18 | 191 192 193 194 195 | 107 20 21 | 19 108 109 110 111 112 113 114 115 116 117 118 119 120 121 122 123 124 125 126 127 128 | 129 69 70 71 72 73 74 75 76 77 78 79 80 81 82 83 84 85 86 87 88 89 90 91 92 93 94 95 96 97 98 99 100 101 102 103 104 105 106 | 22 173 174 | 175 176 177 178 179 180 181 182 183 184 185 186 187 188 189 190 | 56 57 58 59 60 61 62 63 64 65 66 67 |
>simulated_k54_l200_58
 0 1 2 3 4 5 6 7 8 9 10 11 12 13 14 | 169 170 171 172 173 174 175 176 177 178 179 180 181 182 183 184 185 186 187 188 189 190 191 192 193 194 195 196 197 198 199 | 15 16 17 18 19 20 21 22 23 24 25 26 27 28 29 30 31 32 33 34 35 36 37 38 39 40 41 42 43 44 45 | 68 69 70 71 72 | 46 47 48 49 | 54 55 56 57 58 59 60 61 62 63 64 65 66 67 | 129 130 131 132 133 134 135 136 137 138 139 140 141 142 | 50 51 52 53 | 143 144 145 146 147 148 149 150 | 123 124 125 126 127 128 | 160 161 162 163 164 165 166 167 168 | 151 152 153 154 155 156 157 158 159 | 86 87 88 89 90 91 92 93 94 95 96 97 98 99 100 101 102 103 104 105 106 107 108 109 110 111 112 113 114 115 116 117 118 119 120 121 122 | 73 74 75 76 77 78 79 80 81 82 83 84 85 |
>simulated_k54_l200_62
 0 1 2 3 4 5 6 7 8 9 10 11 12 13 14 15 16 17 18 19 20 21 22 | 169 103 104 105 | 77 78 79 80 81 82 83 84 85 86 87 88 89 90 91 92 | 23 170 171 172 173 174 175 176 177 178 179 180 181 182 183 184 185 186 187 188 189 190 191 192 193 194 | 29 30 31 32 33 34 35 36 37 38 39 40 41 42 43 44 45 | 73 74 75 76 | 46 47 48 49 50 51 52 53 54 55 56 57 58 59 60 61 62 63 64 65 66 67 68 69 70 71 72 | 106 107 108 | 109 110 111 112 113 114 115 116 117 118 119 120 121 122 123 124 125 126 127 128 129 130 131 132 133 134 135 136 137 138 139 140 141 142 143 144 145 146 147 148 149 150 151 152 153 154 155 156 157 158 159 160 161 162 163 164 165 166 167 168 | 93 94 95 96 97 98 99 100 101 | 195 196 197 198 199 | 102 24 25 26 27 28 |
>simulated_k54_l200_63
 0 1 2 3 4 5 6 7 8 9 10 11 12 13 14 | 169 170 171 172 173 174 175 176 177 178 179 180 181 182 183 184 185 186 187 188 189 190 191 192 193 194 195 196 197 198 199 | 15 16 17 18 19 20 21 22 23 24 25 26 27 28 29 30 31 32 33 34 35 36 37 38 39 40 41 42 43 44 45 | 68 69 70 71 72 73 74 75 76 77 78 79 80 81 82 83 84 85 86 87 88 89 90 91 92 93 94 95 96 97 98 99 100 101 102 103 104 105 106 107 108 109 110 111 112 113 114 115 116 117 118 119 120 121 122 123 124 125 126 127 128 129 130 131 132 133 134 135 136 137 138 139 140 141 142 143 144 145 146 147 148 149 | 46 47 48 49 50 51 52 53 | 54 55 56 57 58 59 60 61 62 63 64 65 66 67 | 150 151 152 153 154 | 155 156 157 | 158 159 160 161 162 163 164 165 166 167 168 |
>simulated_k54_l200_64
 0 1 2 3 4 5 6 7 8 9 10 11 12 13 14 | 169 170 171 172 173 174 175 176 177 178 179 180 181 182 183 184 185 186 187 188 189 190 191 192 193 194 195 196 197 198 199 | 15 16 17 18 19 20 21 22 23 24 25 26 27 28 29 30 31 32 33 34 35 36 37 38 39 40 41 42 43 44 45 | 68 69 70 71 72 73 74 75 76 77 78 79 80 81 82 83 84 | 46 47 48 49 50 51 52 53 | 54 55 56 57 58 59 60 61 62 63 64 65 66 67 | 150 151 152 153 154 155 156 157 158 159 160 161 162 163 164 165 166 167 168 | 129 130 131 132 133 134 135 136 137 138 139 140 141 142 143 144 145 146 147 148 149 | 85 86 87 88 89 90 91 92 93 94 95 96 97 98 99 100 101 102 103 104 105 106 107 108 109 110 111 112 113 114 115 116 117 118 119 120 121 122 123 124 125 126 127 128 |
>simulated_k54_l200_65
 0 181 182 183 184 185 186 187 188 189 190 191 192 193 194 195 196 197 198 199 | 169 74 75 76 | 77 78 79 80 81 82 83 84 85 86 87 88 89 90 91 92 93 | 23 24 25 26 27 28 | 29 30 31 32 33 34 35 36 37 38 39 40 41 42 43 44 45 | 73 170 171 172 173 174 175 176 177 178 179 | 46 47 48 49 50 51 52 53 54 55 56 57 58 59 60 61 62 63 64 65 66 67 68 69 70 71 72 | 106 107 108 109 110 111 112 113 114 115 116 117 118 119 120 121 122 123 124 125 126 127 128 129 130 131 132 133 134 135 136 137 138 139 140 141 142 143 144 145 146 147 | 180 1 2 3 4 5 | 94 95 96 97 98 99 100 101 102 103 104 105 | 6 7 8 9 10 11 12 13 14 15 16 17 18 19 20 21 22 | 148 149 150 151 152 153 154 155 156 157 158 159 160 161 162 163 164 165 166 167 168 |
>simulated_k54_l200_66
 0 1 2 3 4 5 6 7 8 9 10 11 12 13 14 15 16 17 18 19 20 21 22 | 169 74 75 76 | 77 78 79 80 | 23 24 25 26 27 28 | 29 30 31 32 33 34 35 36 37 38 39 40 41 42 43 44 45 | 73 170 171 172 173 174 175 176 177 178 179 | 46 47 48 49 50 51 52 53 54 55 56 57 58 59 60 61 62 63 64 65 66 67 68 69 70 71 72 | 106 107 108 109 110 111 112 113 114 115 116 117 118 119 120 121 122 123 124 125 126 127 128 129 130 131 132 133 134 135 136 137 138 139 140 141 142 143 144 145 146 147 148 149 150 151 152 153 154 155 156 157 158 159 160 161 162 163 164 165 166 167 168 | 180 181 182 183 184 185 186 187 188 189 190 191 192 193 194 195 196 197 198 199 | 81 82 83 84 85 86 87 88 89 90 91 92 93 94 95 96 97 98 99 100 101 102 103 104 105 |
>simulated_k54_l200_68
 0 1 2 3 4 5 6 7 8 9 10 11 12 | 169 170 171 172 173 174 175 176 177 178 | 15 16 17 18 19 20 21 22 23 24 25 26 27 28 29 30 31 32 33 34 35 36 37 38 39 40 41 42 43 44 45 | 68 69 70 71 72 73 74 75 76 77 78 79 80 81 82 83 84 85 86 | 46 47 48 49 | 54 55 56 57 58 59 60 61 62 63 64 65 66 67 | 129 130 131 132 133 134 135 136 137 138 | 50 51 52 53 | 143 144 145 146 147 148 149 150 | 123 124 125 126 127 128 | 160 161 162 163 164 165 166 167 168 | 151 152 153 154 155 156 157 158 159 | 179 180 181 182 183 184 185 186 187 188 189 190 191 192 193 194 195 196 197 198 199 | 139 140 141 142 | 13 14 | 87 88 89 90 91 92 93 94 95 96 97 98 99 100 101 102 103 104 105 106 107 108 109 110 111 112 113 114 115 116 117 118 119 120 121 122 |
>simulated_k54_l200_69
 0 1 2 3 | 169 170 171 172 173 174 175 176 | 15 16 17 18 19 20 21 | 68 47 48 49 50 51 52 53 | 46 69 70 | 54 55 56 57 58 59 60 61 62 63 64 65 66 67 | 71 72 73 74 75 76 77 78 79 80 81 82 | 4 5 6 7 | 83 84 85 86 87 88 89 90 91 92 | 93 178 179 180 181 182 183 184 185 186 187 188 189 190 191 192 193 194 195 196 197 198 199 | 177 94 95 96 97 98 99 100 101 102 | 22 23 24 25 26 27 28 29 30 31 32 33 34 35 36 37 38 39 40 41 42 43 44 45 | 8 9 10 11 12 13 14 | 103 104 105 106 107 108 109 110 111 112 113 114 115 116 117 118 119 120 121 122 123 124 125 126 127 128 129 130 131 132 133 134 135 136 137 138 139 140 141 142 143 144 145 146 147 148 149 150 151 152 153 154 155 156 157 158 159 160 161 162 163 164 165 166 167 168 |
>simulated_k54_l200_70
 0 1 2 3 | 169 170 171 172 173 174 175 176 | 15 16 17 18 19 20 21 | 68 47 48 49 50 51 52 53 | 46 23 24 25 26 27 28 29 30 | 54 55 56 57 58 59 60 61 62 63 64 65 66 67 | 71 72 73 74 75 76 77 78 79 80 81 82 | 4 5 6 7 | 83 84 85 86 87 88 89 90 91 92 | 93 178 179 180 181 182 183 184 185 186 187 188 189 190 191 192 193 194 195 196 197 198 199 | 177 94 95 96 97 98 99 100 101 102 103 104 105 106 107 108 109 110 111 112 113 114 115 116 117 118 119 120 121 122 123 124 125 126 127 128 129 130 131 132 133 134 135 136 137 138 139 140 141 142 143 144 145 146 147 148 149 150 151 152 153 154 155 156 157 158 159 160 161 162 163 164 165 166 167 168 | 22 69 70 | 8 9 10 11 12 13 14 | 31 32 33 34 35 36 37 38 39 40 41 42 43 44 45 |
>simulated_k54_l200_71
 0 78 79 80 81 82 83 84 85 86 87 88 89 90 91 92 93 94 95 96 97 98 99 100 101 102 103 104 105 106 | 169 1 2 3 4 5 6 7 8 9 10 11 12 13 14 15 16 17 18 19 20 21 22 23 24 25 26 27 28 29 30 31 32 33 34 35 36 37 38 39 40 41 42 43 44 45 46 47 48 49 50 51 52 53 54 55 56 57 58 59 60 61 62 63 64 65 66 67 | 77 170 171 172 173 174 175 176 177 178 179 180 181 182 183 184 185 186 | 107 108 109 110 111 112 113 114 115 116 117 118 119 120 121 122 123 124 125 126 127 128 129 130 131 132 133 134 135 136 137 138 139 140 141 142 143 144 145 146 147 148 149 150 151 152 153 154 155 156 | 157 158 159 160 161 162 163 164 165 166 167 168 | 68 69 70 71 72 73 74 75 76 | 187 188 189 190 191 192 193 194 195 196 197 198 199 |
>simulated_k54_l200_72
 0 78 79 80 81 82 83 84 85 86 87 88 89 90 91 92 93 94 95 96 97 98 99 100 101 102 103 104 105 106 | 169 1 2 3 4 5 6 7 8 9 10 11 12 13 14 15 16 17 18 19 20 21 22 23 24 25 26 27 28 29 30 31 32 33 34 35 36 37 38 39 40 41 42 43 44 45 46 47 48 49 50 51 52 53 54 55 56 57 58 59 60 61 62 63 64 65 66 67 68 69 70 71 72 73 74 75 76 | 77 170 171 172 173 174 175 176 177 178 179 180 181 182 183 184 185 186 187 188 189 190 191 192 193 194 195 196 197 198 199 | 107 108 109 110 111 112 113 114 115 116 117 118 119 120 121 122 123 124 125 126 127 128 129 130 131 132 133 134 135 136 137 138 139 140 141 142 143 144 145 146 147 148 149 150 151 152 153 154 155 156 | 157 158 159 160 161 162 163 164 165 166 167 168 |
>simulated_k54_l200_74
 0 1 2 3 | 169 170 171 172 173 174 175 176 | 15 84 85 86 87 88 89 90 91 92 | 68 47 48 49 50 51 52 53 | 46 69 70 | 54 55 56 57 58 59 60 61 62 63 64 65 66 67 | 71 72 73 74 75 76 77 78 79 80 81 82 | 4 5 6 7 8 9 10 11 12 13 14 | 83 178 179 180 181 182 183 184 185 186 187 188 189 190 191 192 193 194 195 196 197 198 199 | 93 16 17 18 19 20 21 22 23 24 25 26 27 28 29 30 31 32 33 34 35 36 37 38 39 40 41 42 43 44 45 | 177 94 95 96 97 98 99 100 101 102 103 104 105 106 107 108 109 110 111 112 113 114 115 116 117 118 119 120 121 122 123 124 125 126 127 128 129 130 131 132 133 134 135 136 137 138 139 140 141 142 143 144 145 146 147 148 149 150 151 152 153 154 155 156 157 158 159 160 161 162 163 164 165 166 167 168 |
>simulated_k54_l200_76
 0 1 2 3 4 5 6 7 8 9 10 11 12 13 14 | 169 170 171 172 173 | 15 16 17 18 19 20 21 22 23 24 25 26 27 28 29 30 31 32 33 34 35 36 37 38 39 40 41 42 43 44 45 | 68 69 70 71 72 73 74 75 76 77 78 79 80 81 82 83 84 85 86 87 88 89 90 91 92 93 94 95 96 97 98 99 100 101 102 103 104 105 106 107 108 109 | 46 47 48 49 | 54 55 56 57 | 129 130 131 132 133 134 135 136 137 138 139 140 141 142 | 50 51 52 53 | 143 144 145 146 147 148 149 150 | 123 124 125 126 127 128 | 160 161 162 163 164 165 166 167 168 | 151 152 153 154 155 156 157 158 159 | 58 59 60 61 62 63 64 65 66 67 | 110 111 112 113 114 115 116 117 118 119 120 121 122 | 174 175 176 177 178 179 180 181 182 183 184 185 186 187 188 189 190 191 192 193 194 195 196 197 198 199 |
>simulated_k54_l200_78
 0 197 198 199 | 169 170 171 | 15 16 17 | 68 69 70 | 196 1 2 3 4 5 6 7 8 9 10 11 12 13 14 | 172 192 193 194 195 | 191 173 174 175 176 177 178 179 180 181 182 183 184 185 186 187 188 189 190 | 40 41 42 43 44 45 46 47 48 49 50 51 52 53 54 55 56 57 58 59 60 61 62 63 64 65 66 67 | 71 72 73 74 75 | 130 131 132 133 134 135 136 137 138 139 140 141 142 143 144 145 146 147 148 149 150 151 152 153 154 155 156 | 76 77 78 79 80 81 82 83 84 85 86 87 | 18 19 20 21 22 23 24 25 26 27 28 | 88 89 90 91 92 93 94 95 96 97 98 99 100 101 102 103 104 105 106 107 108 109 110 111 112 113 114 115 116 117 118 119 120 121 122 123 124 125 126 127 128 129 | 29 30 31 32 33 34 35 36 37 38 39 | 157 158 159 160 161 162 163 164 165 166 167 168 |
>simulated_k54_l200_79
 0 192 193 194 195 | 169 170 171 | 15 16 17 18 19 20 21 22 23 24 25 26 27 28 29 30 31 32 33 34 35 36 37 38 39 | 68 69 70 | 196 1 2 3 4 5 6 7 8 9 10 11 12 13 14 | 172 197 198 199 | 191 173 174 175 176 177 178 179 180 181 182 183 184 185 186 187 188 189 190 | 40 41 42 43 44 45 46 47 48 49 50 51 52 53 54 55 | 71 72 73 74 75 76 77 78 79 80 81 82 83 84 85 86 87 88 89 90 91 92 93 94 95 96 97 98 99 100 101 102 103 104 105 106 107 108 109 110 111 112 113 114 115 116 117 118 119 120 121 122 123 124 125 126 127 128 129 | 130 131 132 133 134 135 136 137 138 139 140 141 142 143 144 145 146 147 148 149 150 151 152 153 154 155 156 157 158 159 160 161 162 163 164 165 166 167 168 | 56 57 58 59 60 61 62 63 64 65 66 67 |
>simulated_k54_l200_80
 0 192 193 194 195 | 169 170 171 | 15 16 | 68 69 70 | 196 1 2 3 4 5 6 7 8 9 10 11 12 13 14 | 172 197 198 199 | 191 173 174 175 176 177 178 179 180 181 182 183 184 185 186 187 188 189 190 | 40 41 42 43 44 45 46 47 48 49 50 51 52 53 54 55 | 71 72 73 74 75 76 77 78 79 80 81 82 83 84 85 86 87 88 89 90 91 92 93 94 95 96 97 98 99 100 101 102 103 104 105 106 107 108 109 110 111 112 113 114 115 116 117 118 119 120 121 122 123 124 125 126 127 128 129 | 130 131 132 133 134 135 136 137 138 139 140 141 142 143 144 145 146 147 148 149 150 151 152 153 154 155 156 157 158 159 160 161 162 163 164 165 166 167 168 | 56 57 58 59 60 61 62 63 64 65 66 67 | 17 18 19 20 21 22 23 24 25 26 27 28 29 30 31 32 33 34 35 36 37 38 39 |
>simulated_k54_l200_81
 0 1 2 3 | 169 170 171 172 173 174 175 176 | 15 16 17 18 19 20 21 22 23 24 25 26 27 28 29 30 31 32 33 34 35 36 37 38 39 40 41 42 43 44 45 | 68 47 48 49 50 51 52 53 | 46 69 70 | 54 55 56 57 58 | 71 72 73 74 75 76 77 78 79 80 81 82 | 4 5 6 7 8 9 10 11 12 13 14 | 83 178 179 180 181 182 183 184 185 186 187 188 189 190 191 192 193 194 195 196 197 198 199 | 93 84 85 86 87 88 89 90 91 92 | 177 94 95 96 97 98 99 100 101 102 103 104 105 106 107 108 109 110 111 112 113 114 115 116 117 118 119 120 121 122 123 124 125 126 127 128 129 130 131 132 133 134 135 136 137 138 139 140 141 142 143 144 145 146 147 148 149 150 151 152 153 154 155 156 157 158 159 160 161 162 163 164 165 166 167 168 | 59 60 61 62 63 64 65 66 67 |
>simulated_k54_l200_82
 0 1 2 3 | 169 55 56 57 58 59 60 61 62 63 64 65 66 67 | 15 178 179 180 181 182 183 184 185 186 187 188 189 190 191 192 193 194 195 196 197 198 199 | 68 47 48 49 50 51 52 53 | 46 69 70 | 54 170 171 172 173 174 175 176 | 71 72 73 74 75 76 77 78 79 80 81 82 | 4 5 6 7 8 9 10 11 12 13 14 | 83 16 17 18 19 20 21 22 23 24 25 26 27 28 29 30 31 32 33 34 35 36 37 38 39 40 41 42 43 44 45 | 93 84 85 86 87 88 89 90 91 92 | 177 94 95 96 97 98 99 100 101 102 103 104 105 106 107 108 109 110 111 112 113 114 115 116 117 118 119 120 121 122 123 124 125 126 127 128 129 130 131 132 133 134 135 136 137 138 139 140 141 142 143 144 145 146 147 148 149 150 151 152 153 154 155 156 157 158 159 160 161 162 163 164 165 166 167 168 |
>simulated_k54_l200_84
 0 1 2 3 4 5 6 7 8 9 10 11 12 13 14 15 16 17 18 19 20 21 22 | 169 181 182 183 184 185 186 187 188 189 190 191 192 193 194 195 196 197 198 199 | 77 78 | 23 24 25 26 27 28 | 29 30 31 32 33 34 35 36 37 38 39 40 41 42 | 73 170 171 172 173 174 175 176 177 178 179 | 120 121 122 123 124 125 126 127 128 129 130 131 132 133 134 | 135 136 137 138 139 140 141 142 143 144 145 146 147 148 149 150 151 152 153 154 155 156 157 | 79 80 81 82 83 84 85 86 87 88 89 90 91 92 93 94 95 96 97 98 99 100 101 102 | 180 44 45 46 47 48 49 50 51 52 53 54 55 56 57 58 59 60 61 62 63 64 65 66 67 68 69 70 71 72 | 163 164 165 166 167 168 | 43 74 75 76 | 158 159 160 161 162 | 103 104 105 106 107 108 109 110 111 112 113 114 115 116 117 118 119 |
>simulated_k54_l200_85
 0 1 2 3 | 169 90 91 92 | 15 178 179 180 181 182 183 184 185 186 187 188 189 190 191 192 193 | 68 47 48 49 50 51 52 53 | 46 16 17 18 19 20 21 22 23 24 25 26 27 28 29 30 31 32 33 34 35 36 37 38 39 40 41 42 43 44 45 | 54 55 56 57 58 | 71 72 73 74 75 76 77 78 79 80 81 82 | 4 170 171 172 173 174 175 176 | 83 69 70 | 93 84 85 86 87 88 | 177 94 95 96 97 98 99 100 101 102 103 104 105 106 107 108 109 110 111 112 113 114 115 116 117 118 119 120 121 122 123 124 125 126 127 128 129 130 131 132 133 134 135 136 137 138 139 140 141 142 143 144 145 146 147 148 149 150 151 152 153 154 155 156 157 158 159 160 161 162 163 164 165 166 167 168 | 59 60 61 62 63 64 65 66 67 | 89 5 6 7 8 9 10 11 12 13 14 | 194 195 196 197 198 199 |
>simulated_k54_l200_86
 0 1 2 3 | 169 90 91 92 | 15 178 179 180 181 182 183 184 185 186 187 188 189 190 191 192 193 | 68 47 48 49 50 51 52 53 | 46 69 70 | 54 55 56 57 58 | 71 72 73 74 75 76 77 78 79 80 81 82 | 4 170 171 172 173 174 175 176 | 83 16 17 18 19 20 21 22 23 24 25 26 27 28 29 30 31 32 33 34 35 36 37 38 39 40 41 42 43 44 45 | 93 84 85 86 87 88 | 177 94 95 96 97 98 99 100 101 102 103 104 105 106 107 108 109 110 111 112 113 114 115 116 117 118 119 120 121 122 123 124 125 126 127 128 129 130 131 132 133 134 135 136 137 138 139 140 141 142 143 144 145 146 147 148 149 150 151 152 153 154 155 156 157 158 159 160 161 162 163 164 165 166 167 168 | 59 60 61 62 63 64 65 66 67 | 89 5 6 7 8 9 10 11 12 13 14 | 194 195 196 197 198 199 |
>simulated_k54_l200_87
 0 1 2 3 4 5 6 7 8 9 10 11 12 13 14 15 16 17 18 19 20 21 22 | 169 74 75 76 | 77 78 | 23 24 25 26 27 28 | 29 30 31 32 33 34 35 36 37 38 39 40 41 42 | 73 170 171 172 173 174 175 176 177 178 179 | 120 121 122 123 124 125 126 127 128 129 130 131 132 133 134 | 135 136 137 138 139 140 141 142 143 144 145 146 147 148 149 150 151 152 153 154 155 156 157 158 159 160 161 162 | 79 80 81 82 83 84 85 86 87 88 89 90 91 92 93 94 95 96 97 98 99 100 101 102 103 104 105 106 107 108 109 110 111 112 113 114 115 116 117 118 119 | 180 44 45 46 47 48 49 50 51 52 53 54 55 56 57 58 59 60 61 62 63 64 65 66 67 68 69 70 71 72 | 163 164 165 166 167 168 | 43 181 182 183 184 185 186 187 188 189 190 191 192 193 194 195 196 197 198 199 |
>simulated_k54_l200_88
 0 1 2 3 4 5 6 7 8 9 10 11 | 169 74 75 76 | 77 78 | 23 24 25 26 27 28 | 29 30 31 32 33 34 35 36 37 38 39 40 41 42 | 73 170 171 172 173 174 175 176 177 178 179 | 120 121 122 123 124 125 126 127 128 129 130 131 132 133 134 | 135 136 137 138 139 140 141 142 143 144 145 146 147 148 149 150 151 152 153 154 155 156 157 158 159 160 161 162 | 79 80 81 82 83 84 85 86 87 88 89 90 91 92 93 94 95 96 97 98 99 100 101 102 103 104 105 106 107 108 109 110 111 112 113 114 115 116 117 118 119 | 180 44 45 46 47 48 49 50 51 52 53 54 55 56 57 58 59 60 61 62 63 64 65 66 67 68 69 70 71 72 | 163 164 165 166 167 168 | 43 181 182 183 184 185 186 187 188 189 190 191 192 193 194 195 196 197 198 199 | 12 13 14 15 16 17 18 19 20 21 22 |
>simulated_k54_l200_89
 0 197 198 199 | 169 170 171 | 15 16 17 18 19 20 21 22 23 24 25 26 27 28 29 30 31 32 33 34 35 36 37 38 39 | 68 192 193 194 195 | 196 1 2 3 4 5 6 7 8 9 10 11 12 13 14 | 172 173 174 175 176 177 178 179 180 181 182 183 184 185 186 187 188 189 190 | 191 69 70 71 72 73 74 75 76 77 78 79 80 81 82 | 40 41 42 43 44 45 46 47 48 49 50 51 52 53 54 55 56 57 58 59 60 61 62 63 64 | 140 141 142 143 144 145 146 147 148 149 150 151 152 153 154 155 156 157 158 159 160 161 162 163 164 165 166 167 168 | 65 66 67 | 83 84 85 86 87 88 89 90 91 92 93 94 95 96 97 98 99 100 101 102 103 104 105 106 107 108 109 110 111 112 113 114 115 116 117 118 119 120 | 121 122 123 124 125 126 127 128 129 130 131 132 133 134 135 136 137 138 139 |
>simulated_k54_l200_90
 0 197 198 199 | 169 170 171 | 15 16 17 18 19 20 21 22 23 24 25 26 27 28 29 30 31 32 | 68 192 193 194 195 | 196 1 2 3 4 5 6 7 8 9 10 11 12 13 14 | 172 173 174 175 176 177 178 179 180 181 182 183 184 185 186 187 188 189 190 | 191 69 70 71 72 73 74 75 76 77 78 79 80 81 82 | 40 41 42 43 44 45 46 47 48 49 50 51 52 53 54 55 56 57 58 59 60 61 62 63 64 | 140 141 142 143 144 145 146 147 148 149 150 151 152 153 154 155 156 157 158 159 160 161 162 163 164 165 166 167 168 | 65 66 67 | 83 84 85 86 87 88 89 90 91 92 93 94 95 96 97 98 99 100 101 102 103 104 105 106 107 108 109 110 111 112 113 114 115 116 117 118 119 120 | 121 122 123 124 125 126 127 128 129 130 131 132 133 134 135 136 137 138 139 | 33 34 35 36 37 38 39 |
>simulated_k54_l200_91
 0 1 2 3 4 5 6 7 8 9 10 11 12 13 14 | 169 170 171 172 173 174 175 | 15 16 17 18 19 20 21 22 23 24 25 26 27 28 29 30 31 32 33 34 35 36 37 38 39 40 41 42 43 44 45 | 68 69 | 46 47 48 49 | 54 55 56 57 58 59 60 61 62 63 64 65 66 67 | 129 130 131 132 133 134 135 136 137 138 | 50 51 52 53 | 143 144 145 146 147 148 149 150 | 123 124 125 126 127 128 | 160 161 162 163 164 165 166 167 168 | 151 152 153 154 155 156 157 158 159 | 179 180 181 182 183 184 185 186 187 188 189 190 191 192 193 194 195 196 197 198 199 | 139 140 141 142 | 70 71 72 73 74 75 76 77 78 79 80 81 82 83 84 85 86 87 88 89 90 91 92 93 94 95 96 97 98 99 100 101 102 103 104 105 106 107 108 109 | 110 111 112 113 114 115 116 | 117 118 119 120 121 122 | 176 177 178 |
>simulated_k54_l200_92
 0 1 2 3 4 5 6 7 8 9 10 11 12 13 14 | 169 170 171 172 173 174 175 | 15 16 17 18 19 20 21 22 23 24 25 26 27 28 29 30 31 32 33 34 35 36 37 38 39 40 41 42 43 44 45 | 68 130 131 132 133 134 135 136 137 138 | 46 47 48 49 | 54 55 56 57 58 59 60 61 62 63 64 65 66 67 | 129 140 141 142 | 50 51 52 53 | 143 144 145 146 147 148 149 150 | 123 124 125 126 127 128 | 160 161 162 163 164 165 166 167 168 | 151 152 153 154 155 156 157 158 159 | 179 180 181 182 | 139 69 | 70 71 72 73 74 75 76 77 78 79 80 81 82 83 84 85 86 87 88 89 90 91 92 93 94 95 96 97 98 99 100 101 102 103 104 105 106 107 108 109 | 110 111 112 113 114 115 116 | 117 118 119 120 121 122 | 176 177 178 | 183 184 185 186 187 188 189 190 191 192 193 194 195 196 197 198 199 |
>simulated_k54_l200_93
 0 1 2 3 4 5 6 7 | 124 80 81 82 | 83 84 85 86 87 88 89 | 8 9 10 11 12 13 14 15 16 17 18 19 20 21 22 23 24 25 26 27 28 29 30 31 32 33 34 35 36 37 38 39 40 41 42 43 44 45 46 47 48 49 50 51 52 53 54 55 56 57 58 59 60 61 62 63 64 65 66 67 68 69 70 71 72 73 74 75 76 77 78 | 116 125 126 127 128 129 | 120 121 122 123 | 90 91 92 93 94 95 96 97 98 99 100 101 102 103 104 105 106 107 108 109 110 111 112 113 114 115 | 79 117 118 119 | 170 171 172 173 174 175 176 177 178 179 180 181 182 183 184 185 186 187 188 189 190 191 192 193 194 195 196 197 198 199 | 130 131 132 133 134 135 136 137 138 139 140 141 142 143 144 145 146 147 148 149 150 151 152 153 154 155 156 157 158 159 160 161 162 163 164 165 166 167 168 169 |
>simulated_k54_l200_94
 0 1 2 3 4 5 6 7 | 124 80 81 82 | 83 84 85 86 87 88 89 | 8 9 10 11 12 13 14 15 16 17 18 19 20 21 22 23 24 25 26 27 28 29 30 31 32 33 34 35 36 37 38 39 40 41 42 43 44 45 46 47 48 49 50 51 52 53 54 55 56 57 58 59 60 61 62 63 64 65 66 67 68 69 70 71 72 73 74 75 76 77 78 | 116 125 126 127 128 129 130 131 132 133 134 135 136 137 138 139 140 141 142 143 144 145 146 147 148 149 150 151 152 153 154 155 156 157 158 159 160 161 162 163 164 165 166 167 168 169 | 120 121 122 123 | 90 91 92 93 94 95 96 97 98 99 100 101 102 103 104 105 106 107 108 109 110 111 112 113 114 115 | 79 117 118 119 | 170 171 172 173 174 175 176 177 178 179 180 181 182 183 184 185 186 187 188 189 190 191 192 193 194 195 196 197 198 199 |
>simulated_k54_l200_95
 0 1 2 3 4 5 6 | 169 170 171 172 173 174 175 176 177 178 179 180 181 182 183 184 185 186 187 188 189 190 191 192 193 | 77 78 79 80 81 | 23 24 25 26 | 29 30 31 32 33 34 35 36 37 38 39 40 41 42 43 44 45 46 47 48 49 50 51 52 53 54 55 56 57 58 59 60 61 62 63 64 65 66 67 68 69 70 71 72 | 73 128 | 82 83 84 85 86 87 88 89 90 91 92 93 94 95 96 97 98 99 100 101 102 | 103 130 131 132 133 134 135 136 137 138 139 140 141 142 143 144 145 146 147 148 149 150 151 152 153 154 155 156 157 158 159 160 161 162 163 164 165 166 167 168 | 123 124 125 126 | 7 8 9 10 11 12 13 14 15 16 17 18 19 20 21 22 | 129 104 105 106 107 108 109 110 111 112 113 114 115 116 117 118 119 120 121 122 | 127 28 | 27 74 75 76 | 194 195 196 197 198 199 |
>simulated_k54_l200_96
 0 1 2 3 4 5 6 | 169 170 171 172 173 174 175 176 177 178 179 180 181 182 183 184 185 186 187 188 189 190 191 192 193 | 77 78 79 80 81 | 23 24 25 26 | 29 30 31 32 33 34 35 36 37 38 39 40 41 42 43 44 45 46 47 48 49 50 51 52 53 54 55 56 57 58 59 60 61 62 63 64 65 66 67 68 69 70 71 72 | 73 128 | 82 83 84 85 86 87 88 89 90 91 92 93 94 95 96 97 98 99 100 101 102 | 103 130 131 132 133 134 135 136 137 138 139 140 141 142 143 144 145 146 147 148 149 150 151 152 153 154 155 156 157 158 159 160 161 162 163 164 165 166 167 168 | 123 124 125 126 | 7 8 9 10 11 12 13 14 15 16 17 18 19 20 21 22 | 129 104 105 106 107 108 109 110 111 112 113 114 115 116 117 118 119 120 121 122 | 127 28 | 27 74 75 76 | 194 195 196 197 198 199 |
>simulated_k54_l200_97
 0 124 125 126 127 128 | 169 130 131 132 133 134 135 136 137 138 139 140 141 142 | 15 16 17 18 19 20 21 22 23 24 25 26 27 28 29 30 31 32 33 34 35 36 37 38 39 40 41 42 43 44 45 | 68 144 145 146 147 148 149 150 151 152 153 154 155 156 157 158 159 160 161 162 163 164 165 166 167 168 | 46 47 | 54 55 56 57 58 59 60 61 62 63 64 65 66 67 | 129 170 171 172 173 174 175 176 177 178 179 180 181 182 183 184 185 186 187 | 50 51 52 53 | 143 69 70 71 72 73 74 75 76 77 78 79 80 81 82 83 84 85 86 87 88 89 90 91 92 93 94 95 96 97 98 99 100 101 102 103 104 105 106 107 108 109 110 111 112 113 114 115 116 117 118 119 120 121 122 | 123 10 11 12 13 14 | 9 1 2 3 4 5 6 7 8 | 48 49 | 188 189 190 191 192 193 194 195 196 197 198 199 |
>simulated_k54_l200_98
 0 124 125 126 127 128 | 169 130 131 132 133 134 135 136 137 138 139 140 141 142 | 15 16 17 18 19 20 21 22 23 24 25 26 27 28 29 30 31 32 33 34 35 36 37 38 39 40 41 42 43 44 45 | 68 144 145 146 147 148 149 150 151 152 153 154 155 156 157 158 159 160 161 162 163 164 165 166 167 168 | 46 47 | 54 55 56 57 58 59 60 61 62 63 64 65 66 67 | 129 170 171 172 173 174 175 176 177 178 179 180 181 182 183 184 185 186 187 | 50 51 52 53 | 143 69 70 71 72 73 74 75 76 77 78 79 80 81 82 83 84 85 86 87 88 89 90 91 92 93 94 95 96 97 98 99 100 101 102 103 104 105 106 107 108 109 110 111 112 113 114 115 116 117 118 119 120 121 122 | 123 10 11 12 13 14 | 9 1 2 3 4 5 6 7 8 | 48 49 | 188 189 190 191 192 193 194 195 196 197 198 199 |
>simulated_k54_l200_99
 0 197 198 199 | 169 170 171 | 15 16 17 | 68 69 70 | 196 1 2 3 4 5 6 7 8 9 10 11 12 13 14 | 172 192 193 | 191 173 174 175 176 177 178 179 180 181 182 183 184 185 186 187 188 189 190 | 40 41 42 43 44 45 46 47 48 49 50 51 52 53 54 55 56 57 58 59 60 61 62 63 64 65 66 67 | 71 72 73 74 75 | 130 131 132 133 134 135 136 137 138 139 140 141 142 143 144 145 146 147 148 149 150 151 152 153 154 155 156 157 158 159 160 161 162 163 164 165 166 167 168 | 76 77 78 79 80 81 82 83 84 85 86 87 | 18 19 20 21 22 23 24 25 26 27 28 29 30 31 32 | 88 89 90 91 92 93 94 95 96 97 98 99 100 101 102 103 104 105 106 107 108 109 110 111 112 113 114 115 116 117 118 119 120 121 | 194 34 35 36 37 38 39 | 33 195 | 122 123 124 125 126 127 128 129 |
>simulated_k54_l200_100
 0 197 198 199 | 169 170 171 | 15 16 17 | 68 69 70 | 196 1 2 3 4 5 6 7 8 9 10 11 12 13 14 | 172 192 193 | 191 173 174 175 176 177 178 179 180 181 182 183 184 185 186 187 188 189 190 | 40 41 42 43 44 45 46 47 48 49 50 51 52 53 54 55 56 57 58 59 60 61 62 63 64 65 66 67 | 71 72 73 74 75 | 130 131 132 133 134 135 136 137 138 139 140 141 142 143 144 145 146 147 148 149 150 151 152 153 154 155 156 157 158 159 160 161 162 163 164 165 166 167 168 | 76 77 78 79 80 81 82 83 84 85 86 87 | 18 19 20 21 22 23 24 25 26 27 28 29 30 31 32 33 34 35 36 37 38 39 | 88 89 90 91 92 93 94 95 96 97 98 99 100 101 102 103 104 105 106 107 108 109 110 111 112 113 114 115 116 117 118 119 120 121 122 123 124 125 126 127 128 129 | 194 195 |
>simulated_k54_l200_102
 0 1 2 3 4 5 6 7 8 9 10 11 12 13 14 | 169 170 171 172 173 174 175 176 177 | 15 16 17 18 19 20 21 22 23 24 25 26 27 28 29 30 31 32 33 34 35 36 37 38 39 40 41 42 43 44 45 | 68 69 70 71 72 73 74 75 76 77 78 79 80 81 82 83 84 85 86 87 88 89 90 91 92 93 94 95 96 | 46 47 48 49 | 54 55 56 57 | 129 130 131 132 133 134 135 136 137 138 139 140 141 142 | 50 51 52 53 | 143 144 145 146 147 148 149 150 | 123 59 60 61 62 63 64 65 66 67 | 160 161 162 163 164 165 166 167 168 | 151 152 153 154 155 156 157 158 159 | 58 124 125 126 127 128 | 110 111 112 113 114 115 116 117 118 119 120 121 122 | 97 98 99 100 101 102 103 104 105 106 107 108 109 | 178 179 180 181 182 183 184 185 186 187 188 189 190 191 192 193 194 195 196 197 198 199 |
>simulated_k54_l200_103
 0 1 2 3 4 5 6 7 8 9 10 11 12 13 14 15 16 17 18 19 20 21 22 | 169 170 171 172 173 174 175 176 177 178 179 180 181 182 183 184 185 186 187 188 189 190 191 192 193 194 195 196 197 198 199 | 77 78 79 80 81 82 83 84 85 86 87 88 89 90 91 92 93 94 95 96 97 98 99 100 101 102 103 104 105 | 23 24 25 26 | 29 30 31 32 33 34 35 36 37 38 39 40 41 42 43 44 45 | 73 74 75 76 | 46 47 48 49 50 51 52 53 54 55 56 | 106 107 108 109 110 111 112 113 114 115 116 117 118 119 120 121 122 123 124 125 126 127 128 129 130 131 132 133 134 135 136 137 138 139 140 141 142 143 144 145 146 147 148 149 150 151 152 153 154 155 156 157 158 159 160 161 162 163 164 165 166 167 168 | 27 28 | 57 58 59 60 61 62 63 64 65 66 67 68 69 70 71 72 |
>simulated_k54_l200_104
 0 1 2 3 4 5 6 7 8 9 10 11 12 13 14 15 16 17 18 19 20 21 22 | 169 170 171 172 173 174 175 176 177 178 179 180 181 182 183 184 185 186 187 188 189 190 191 192 193 194 195 196 197 198 199 | 77 78 79 80 81 82 83 84 85 86 87 88 89 90 91 92 93 94 95 96 97 98 99 100 101 102 103 104 105 | 23 24 25 26 | 29 30 31 32 33 34 35 36 37 38 39 40 41 42 43 44 45 | 73 74 75 76 | 46 47 48 49 50 51 52 53 54 55 56 57 58 59 60 61 62 63 64 65 66 67 68 69 70 71 72 | 106 107 108 109 110 111 112 113 114 115 116 117 118 119 120 121 122 123 124 125 126 127 128 129 130 131 132 133 134 135 136 137 138 139 140 141 142 143 144 145 146 147 148 149 150 151 152 153 154 155 156 157 158 159 160 161 162 163 164 165 166 167 168 | 27 28 |
>simulated_k54_l200_105
 0 1 2 3 4 5 6 7 8 9 10 11 12 13 14 | 169 170 171 172 173 | 15 16 17 18 19 20 21 22 23 24 25 26 27 28 29 30 31 32 33 34 35 36 37 38 39 40 41 42 43 44 45 | 68 69 70 71 72 73 74 75 76 77 78 79 80 81 82 83 84 85 86 87 88 89 90 91 92 93 94 95 96 | 46 47 48 49 | 54 55 56 57 | 129 130 131 132 133 134 135 136 137 138 139 140 141 142 | 50 51 52 53 | 143 144 145 146 147 148 149 150 | 123 59 60 61 62 63 64 65 66 67 | 160 161 162 163 164 165 166 167 168 | 151 152 153 154 155 156 157 158 159 | 58 124 125 126 127 128 | 110 111 112 113 114 115 116 117 118 119 120 121 122 | 97 98 99 100 101 102 103 104 105 106 107 108 109 | 178 179 180 181 182 183 184 185 186 187 188 189 190 191 192 193 194 195 196 197 198 199 | 174 175 176 177 |
>simulated_k54_l200_106
 0 16 17 18 19 20 21 22 23 24 25 26 27 28 29 30 31 32 33 34 35 36 37 38 39 40 41 42 43 44 45 | 169 170 171 172 173 | 15 1 2 3 4 5 6 7 8 9 10 11 12 13 14 | 68 69 70 71 72 73 74 75 76 77 78 79 80 81 82 83 84 85 86 87 88 89 90 91 92 93 94 95 96 | 46 47 48 49 | 54 55 56 57 | 129 130 131 132 133 134 135 136 137 138 139 140 141 142 | 50 51 52 53 | 143 144 145 146 147 148 149 150 | 123 59 60 61 62 63 64 65 66 67 | 160 161 162 163 164 165 166 167 168 | 151 152 153 154 155 156 157 158 159 | 58 124 125 126 127 128 | 110 111 112 113 114 115 116 117 118 119 120 121 122 | 97 98 99 100 101 102 103 104 105 106 107 108 109 | 178 179 180 181 182 183 184 185 186 187 188 189 190 191 192 193 194 195 196 197 198 199 | 174 175 176 177 |
>MST_1
 168 167 166 165 164 163 | 170 171 | 183 184 185 186 | 155 156 | 132 133 134 | 197 198 199 | 41 42 | 74 75 | 144 145 | 48 49 | 140 141 142 | 136 137 | 104 105 | 51 52 53 | 24 25 26 | 20 21 | 112 113 114 115 | 90 91 92 | 31 32 | 146 147 | 97 98 99 | 152 153 154 | 148 149 | 61 62 63 | 2 3 | 94 95 96 | 35 36 37 | 65 66 67 | 47 68 192 193 | 116 125 126 | 19 108 | 180 44 45 | 5 89 |
>MST_2
 199 198 197 0 1 2 3 4 5 6 7 8 9 10 11 12 13 14 15 16 17 18 19 20 21 22 23 24 25 26 27 28 29 30 31 32 33 34 35 36 37 38 39 40 41 42 43 44 45 46 47 48 49 50 51 52 53 54 55 56 57 58 59 60 61 62 63 64 65 66 67 68 69 70 71 72 73 74 75 76 77 78 79 80 81 82 83 84 85 86 87 88 89 90 91 92 93 94 95 96 97 98 99 100 101 102 103 104 105 106 107 108 109 110 111 112 113 114 115 116 117 118 119 120 121 122 123 124 125 126 127 128 129 130 131 132 133 134 135 136 137 138 139 140 141 142 143 144 145 146 147 148 149 150 151 152 153 154 155 156 157 158 159 160 161 162 163 164 165 | 192 193 | 170 171 | 167 168 | 174 175 | 189 190 | 169 181 182 183 184 185 186 187 |
>MST_3
 169 170 171 172 173 174 175 176 177 178 179 180 181 182 183 184 185 186 187 188 189 190 191 192 193 194 195 196 197 0 1 2 3 4 5 6 7 8 9 10 11 12 13 14 15 16 17 18 19 20 21 22 23 24 25 26 27 28 29 30 31 32 33 34 35 36 37 38 39 40 41 42 43 44 45 46 47 48 49 50 51 52 53 54 55 56 57 58 59 60 61 62 63 64 65 66 67 68 69 70 71 72 73 74 75 76 77 78 79 80 81 82 83 84 85 86 87 88 89 90 91 92 93 94 95 96 97 98 99 100 101 102 103 104 105 106 107 108 109 110 111 112 113 114 115 116 117 118 119 120 121 122 123 124 125 126 127 128 129 130 131 132 133 134 135 136 137 138 139 140 141 142 143 144 145 146 147 148 149 150 151 152 153 154 155 156 157 158 159 160 161 162 163 164 165 | 198 199 | 166 167 168 |
>MST_4
 163 164 165 166 167 168 | 170 171 | 74 75 | 144 145 146 147 148 149 | 48 49 | 140 141 142 | 90 91 92 | 174 175 176 | 97 98 99 100 101 130 131 132 133 134 | 152 153 154 155 156 | 94 95 96 | 65 66 67 | 40 41 42 | 71 72 | 16 17 | 110 111 112 113 114 115 | 50 51 52 53 | 23 24 25 26 | 56 57 | 54 55 | 121 122 | 117 118 | 160 161 162 | 59 60 61 62 63 64 | 10 11 12 | 194 195 | 135 136 137 138 | 34 35 36 37 38 39 | 158 159 | 13 14 | 29 30 31 32 | 47 68 | 116 125 126 | 93 84 85 86 87 | 19 108 | 22 173 | 124 80 81 | 180 44 45 | 107 20 21 | 0 192 193 | 172 197 198 199 | 5 89 | 43 181 182 183 184 185 186 187 188 189 190 | 129 104 105 | 9 1 2 3 |
>MST_5
 163 164 165 166 167 168 | 170 171 | 74 75 | 144 145 146 147 148 149 150 | 140 141 142 | 90 91 92 | 174 175 176 | 97 98 99 100 101 102 | 65 66 67 | 40 41 42 | 71 72 | 16 17 | 110 111 112 113 114 115 | 50 51 52 53 | 23 24 25 26 | 56 57 | 54 55 169 | 121 122 | 117 118 119 | 160 161 162 | 59 60 61 62 63 64 | 10 11 12 13 14 | 194 195 | 135 136 137 138 | 130 131 132 133 134 | 29 30 31 32 33 34 35 36 37 38 39 | 103 104 105 | 151 152 153 154 155 156 | 27 28 127 | 88 89 | 4 5 6 7 | 157 158 159 | 68 47 48 49 | 177 94 95 96 | 196 1 2 3 | 116 125 126 | 93 84 85 86 87 | 19 108 109 | 22 173 191 | 124 80 81 82 | 180 44 45 | 107 20 21 | 83 178 179 | 0 192 193 | 172 197 198 199 | 43 181 182 183 184 185 186 187 188 189 190 | 139 69 70 |
>MST_6
 163 164 165 166 167 168 | 170 171 | 74 75 | 90 91 92 | 65 66 67 | 40 41 42 43 44 45 | 71 72 | 16 17 | 110 111 112 113 114 115 | 50 51 52 53 | 23 24 25 26 | 54 55 56 57 | 121 122 | 117 118 119 | 160 161 162 | 10 11 12 13 14 | 194 195 | 130 131 132 133 134 | 29 30 31 32 33 34 35 36 37 38 39 | 103 104 105 | 151 152 153 154 155 156 157 158 159 | 27 28 | 4 5 6 7 | 69 70 | 18 19 20 21 | 107 108 109 | 143 144 145 146 147 148 149 150 | 180 181 182 183 184 185 186 187 188 189 190 | 68 47 48 49 | 177 94 95 96 97 98 99 100 101 102 | 196 1 2 3 | 0 197 198 199 | 191 173 174 175 176 | 116 125 126 127 128 | 172 192 193 | 93 84 85 86 87 88 89 | 58 124 80 81 82 | 123 59 60 61 62 63 64 | 83 178 179 | 9 135 136 137 138 139 140 141 142 |
>MST_7
 170 171 | 90 91 92 | 40 41 42 43 44 45 | 71 72 | 16 17 18 19 20 21 | 110 111 112 113 114 115 | 50 51 52 53 | 23 24 25 26 27 28 | 54 55 56 57 58 124 117 118 119 | 121 122 | 160 161 162 163 164 165 166 167 168 | 194 195 | 135 136 137 138 139 140 141 142 | 130 131 132 133 134 | 29 30 31 32 33 34 35 36 37 38 39 | 103 104 105 | 151 152 153 154 155 156 157 158 159 | 4 5 6 7 | 69 70 | 107 108 109 | 143 144 145 146 147 148 149 150 | 77 78 0 197 198 199 | 79 80 81 82 | 8 9 10 11 12 13 14 | 68 47 48 49 | 177 94 95 96 97 98 99 100 101 102 | 196 1 2 3 | 169 74 75 76 | 191 173 174 175 176 | 116 125 126 127 128 | 172 192 193 | 93 84 85 86 87 88 89 | 15 178 179 180 181 182 183 184 185 186 187 188 189 190 | 123 59 60 61 62 63 64 65 66 67 |
>MST_8
 170 171 | 90 91 92 | 40 41 42 43 44 45 | 71 72 | 16 17 18 19 20 21 | 110 111 112 113 114 115 116 | 50 51 52 53 | 23 24 25 26 27 28 | 54 55 56 57 58 124 125 126 127 128 | 117 118 119 | 160 161 162 163 164 165 166 167 168 | 135 136 137 138 139 140 141 142 | 130 131 132 133 134 | 29 30 31 32 33 34 35 36 37 38 39 | 103 104 105 106 107 108 109 | 151 152 153 154 155 156 157 158 159 | 4 5 6 7 | 69 70 | 143 144 145 146 147 148 149 150 | 77 78 0 197 198 199 | 79 80 81 82 | 8 9 10 11 12 13 14 | 83 84 85 86 87 88 89 | 120 121 122 | 68 47 48 49 | 177 94 95 96 97 98 99 100 101 102 | 196 1 2 3 | 169 74 75 76 | 191 173 174 175 176 | 172 192 193 194 195 | 15 178 179 180 181 182 183 184 185 186 187 188 189 190 | 123 59 60 61 62 63 64 65 66 67 |
>MST_9
 170 171 | 90 91 92 | 40 41 42 43 44 45 | 71 72 | 16 17 18 19 20 21 22 | 110 111 112 113 114 115 116 | 50 51 52 53 | 23 24 25 26 27 28 | 54 55 56 57 58 59 60 61 62 63 64 65 66 67 | 117 118 119 | 160 161 162 163 164 165 166 167 168 | 130 131 132 133 134 135 136 137 138 139 140 141 142 | 29 30 31 32 33 34 35 36 37 38 39 | 151 152 153 154 155 156 157 158 159 | 4 5 6 7 | 69 70 | 143 144 145 146 147 148 149 150 | 77 78 0 197 198 199 | 79 80 81 82 | 8 9 10 11 12 13 14 | 83 84 85 86 87 88 89 | 120 121 122 | 124 125 126 127 128 | 68 47 48 49 | 177 94 95 96 97 98 99 100 101 102 103 104 105 106 107 108 109 | 196 1 2 3 | 169 74 75 76 | 191 173 174 175 176 | 172 192 193 194 195 | 15 178 179 180 181 182 183 184 185 186 187 188 189 190 |
>MST_10
 90 91 92 | 40 41 42 43 44 45 | 71 72 | 50 51 52 53 | 23 24 25 26 27 28 | 54 55 56 57 58 59 60 61 62 63 64 65 66 67 | 160 161 162 163 164 165 166 167 168 | 130 131 132 133 134 135 136 137 138 139 140 141 142 | 29 30 31 32 33 34 35 36 37 38 39 | 151 152 153 154 155 156 157 158 159 | 4 5 6 7 | 69 70 | 143 144 145 146 147 148 149 150 | 77 78 79 80 81 82 | 8 9 10 11 12 13 14 | 83 84 85 86 87 88 89 | 120 121 122 | 124 125 126 127 128 | 191 192 193 194 195 | 68 47 48 49 | 177 94 95 96 97 98 99 100 101 102 103 104 105 106 107 108 109 110 111 112 113 114 115 116 117 118 119 | 196 1 2 3 | 73 170 171 | 0 197 198 199 | 169 74 75 76 | 93 178 179 180 181 182 183 184 185 186 187 188 189 190 | 172 16 17 18 19 20 21 22 173 174 175 176 |
>MST_11
 71 72 | 16 17 18 19 20 21 22 | 50 51 52 53 | 23 24 25 26 27 28 | 54 55 56 57 58 59 60 61 62 63 64 65 66 67 | 130 131 132 133 134 135 136 137 138 139 140 141 142 | 29 30 31 32 33 34 35 36 37 38 39 40 41 42 43 44 45 | 151 152 153 154 155 156 157 158 159 160 161 162 163 164 165 166 167 168 | 69 70 | 143 144 145 146 147 148 149 150 | 77 78 79 80 81 82 | 8 9 10 11 12 13 14 | 83 84 85 86 87 88 89 90 91 92 | 120 121 122 | 124 125 126 127 128 | 191 192 193 194 195 | 46 47 48 49 | 172 173 174 175 176 177 94 95 96 97 98 99 100 101 102 103 104 105 106 107 108 109 110 111 112 113 114 115 116 117 118 119 | 196 1 2 3 4 5 6 7 | 73 170 171 | 0 197 198 199 | 169 74 75 76 | 93 178 179 180 181 182 183 184 185 186 187 188 189 190 |
>MST_12
 71 72 | 16 17 18 19 20 21 22 | 50 51 52 53 | 23 24 25 26 27 28 | 54 55 56 57 58 59 60 61 62 63 64 65 66 67 | 130 131 132 133 134 135 136 137 138 139 140 141 142 | 29 30 31 32 33 34 35 36 37 38 39 40 41 42 43 44 45 | 69 70 | 143 144 145 146 147 148 149 150 151 152 153 154 155 156 157 158 159 160 161 162 163 164 165 166 167 168 | 77 78 79 80 81 82 | 83 84 85 86 87 88 89 90 91 92 93 178 179 180 181 182 183 184 185 186 187 188 189 190 | 120 121 122 | 124 125 126 127 128 | 191 192 193 194 195 | 46 47 48 49 | 172 173 174 175 176 177 94 95 96 97 98 99 100 101 102 103 104 105 106 107 108 109 110 111 112 113 114 115 116 117 118 119 | 196 1 2 3 4 5 6 7 8 9 10 11 12 13 14 | 73 170 171 | 0 197 198 199 | 169 74 75 76 |
>MST_13
 170 171 172 173 174 175 176 177 178 179 180 181 182 183 184 185 186 187 188 189 190 191 192 193 194 195 196 197 198 199 | 71 72 | 50 51 52 53 | 23 24 25 26 27 28 | 54 55 56 57 58 59 60 61 62 63 64 65 66 67 | 1 2 3 4 5 6 7 8 9 10 11 12 13 14 | 130 131 132 133 134 135 136 137 138 139 140 141 142 | 29 30 31 32 33 34 35 36 37 38 39 40 41 42 43 44 45 | 69 70 | 143 144 145 146 147 148 149 150 151 152 153 154 155 156 157 158 159 160 161 162 163 164 165 166 167 168 | 77 78 79 80 81 82 | 83 84 85 86 87 88 89 90 91 92 93 94 95 96 97 98 99 100 101 102 103 104 105 106 107 108 109 110 111 112 113 114 115 116 117 118 119 120 121 122 | 46 47 48 49 | 73 74 75 76 | 15 16 17 18 19 20 21 22 | 0 124 125 126 127 128 |
>MST_14
 170 171 172 173 174 175 176 177 178 179 180 181 182 183 184 185 186 187 188 189 190 191 192 193 194 195 196 197 198 199 | 71 72 | 23 24 25 26 27 28 | 54 55 56 57 58 59 60 61 62 63 64 65 66 67 | 1 2 3 4 5 6 7 8 9 10 11 12 13 14 | 29 30 31 32 33 34 35 36 37 38 39 40 41 42 43 44 45 | 69 70 | 77 78 79 80 81 82 | 83 84 85 86 87 88 89 90 91 92 93 94 95 96 97 98 99 100 101 102 103 104 105 106 107 108 109 110 111 112 113 114 115 116 117 118 119 120 121 122 | 46 47 48 49 50 51 52 53 | 73 74 75 76 | 15 16 17 18 19 20 21 22 | 123 124 125 126 127 128 | 169 130 131 132 133 134 135 136 137 138 139 140 141 142 143 144 145 146 147 148 149 150 151 152 153 154 155 156 157 158 159 160 161 162 163 164 165 166 167 168 |
>MST_15
 170 171 172 173 174 175 176 177 178 179 180 181 182 183 184 185 186 187 188 189 190 191 192 193 194 195 196 197 198 199 | 71 72 | 23 24 25 26 27 28 | 54 55 56 57 58 59 60 61 62 63 64 65 66 67 | 1 2 3 4 5 6 7 8 9 10 11 12 13 14 | 29 30 31 32 33 34 35 36 37 38 39 40 41 42 43 44 45 | 69 70 | 77 78 79 80 81 82 | 83 84 85 86 87 88 89 90 91 92 93 94 95 96 97 98 99 100 101 102 103 104 105 106 107 108 109 110 111 112 113 114 115 116 117 118 119 120 121 122 | 46 47 48 49 50 51 52 53 | 73 74 75 76 | 15 16 17 18 19 20 21 22 | 123 124 125 126 127 128 | 68 130 131 132 133 134 135 136 137 138 139 140 141 142 143 144 145 146 147 148 149 150 151 152 153 154 155 156 157 158 159 160 161 162 163 164 165 166 167 168 |
>MST_16
 170 171 172 173 174 175 176 177 178 179 180 181 182 183 184 185 186 187 188 189 190 191 192 193 194 195 196 197 198 199 | 71 72 | 23 24 25 26 27 28 | 54 55 56 57 58 59 60 61 62 63 64 65 66 67 | 1 2 3 4 5 6 7 8 9 10 11 12 13 14 | 29 30 31 32 33 34 35 36 37 38 39 40 41 42 43 44 45 | 69 70 | 77 78 79 80 81 82 | 83 84 85 86 87 88 89 90 91 92 93 94 95 96 97 98 99 100 101 102 103 104 105 106 107 108 109 110 111 112 113 114 115 116 117 118 119 120 121 122 123 124 125 126 127 128 73 74 75 76 | 46 47 48 49 50 51 52 53 | 15 16 17 18 19 20 21 22 | 68 130 131 132 133 134 135 136 137 138 139 140 141 142 143 144 145 146 147 148 149 150 151 152 153 154 155 156 157 158 159 160 161 162 163 164 165 166 167 168 |
>MST_17
 170 171 172 173 174 175 176 177 178 179 180 181 182 183 184 185 186 187 188 189 190 191 192 193 194 195 196 197 198 199 | 71 72 73 74 75 76 | 23 24 25 26 27 28 29 30 31 32 33 34 35 36 37 38 39 40 41 42 43 44 45 | 54 55 56 57 58 59 60 61 62 63 64 65 66 67 | 1 2 3 4 5 6 7 8 9 10 11 12 13 14 | 69 70 | 77 78 79 80 81 82 | 83 84 85 86 87 88 89 90 91 92 93 94 95 96 97 98 99 100 101 102 103 104 105 106 107 108 109 110 111 112 113 114 115 116 117 118 119 120 121 122 123 124 125 126 127 128 | 46 47 48 49 50 51 52 53 | 15 16 17 18 19 20 21 22 | 129 130 131 132 133 134 135 136 137 138 139 140 141 142 143 144 145 146 147 148 149 150 151 152 153 154 155 156 157 158 159 160 161 162 163 164 165 166 167 168 |
>MST_18
 170 171 172 173 174 175 176 177 178 179 180 181 182 183 184 185 186 187 188 189 190 191 192 193 194 195 196 197 198 199 | 23 24 25 26 27 28 29 30 31 32 33 34 35 36 37 38 39 40 41 42 43 44 45 | 54 55 56 57 58 59 60 61 62 63 64 65 66 67 | 1 2 3 4 5 6 7 8 9 10 11 12 13 14 | 77 78 79 80 81 82 | 83 84 85 86 87 88 89 90 91 92 93 94 95 96 97 98 99 100 101 102 103 104 105 106 107 108 109 110 111 112 113 114 115 116 117 118 119 120 121 122 123 124 125 126 127 128 | 46 47 48 49 50 51 52 53 | 15 16 17 18 19 20 21 22 | 129 130 131 132 133 134 135 136 137 138 139 140 141 142 143 144 145 146 147 148 149 150 151 152 153 154 155 156 157 158 159 160 161 162 163 164 165 166 167 168 | 68 69 70 71 72 73 74 75 76 |
>MST_19
 170 171 172 173 174 175 176 177 178 179 180 181 182 183 184 185 186 187 188 189 190 191 192 193 194 195 196 197 198 199 | 23 24 25 26 27 28 29 30 31 32 33 34 35 36 37 38 39 40 41 42 43 44 45 | 54 55 56 57 58 59 60 61 62 63 64 65 66 67 | 1 2 3 4 5 6 7 8 9 10 11 12 13 14 | 77 78 79 80 81 82 83 84 85 86 87 88 89 90 91 92 93 94 95 96 97 98 99 100 101 102 103 104 105 106 107 108 109 110 111 112 113 114 115 116 117 118 119 120 121 122 123 124 125 126 127 128 | 46 47 48 49 50 51 52 53 | 15 16 17 18 19 20 21 22 | 129 130 131 132 133 134 135 136 137 138 139 140 141 142 143 144 145 146 147 148 149 150 151 152 153 154 155 156 157 158 159 160 161 162 163 164 165 166 167 168 | 68 69 70 71 72 73 74 75 76 |
>MST_20
 170 171 172 173 174 175 176 177 178 179 180 181 182 183 184 185 186 187 188 189 190 191 192 193 194 195 196 197 198 199 | 54 55 56 57 58 59 60 61 62 63 64 65 66 67 | 77 78 79 80 81 82 83 84 85 86 87 88 89 90 91 92 93 94 95 96 97 98 99 100 101 102 103 104 105 106 107 108 109 110 111 112 113 114 115 116 117 118 119 120 121 122 123 124 125 126 127 128 129 130 131 132 133 134 135 136 137 138 139 140 141 142 143 144 145 146 147 148 149 150 151 152 153 154 155 156 157 158 159 160 161 162 163 164 165 166 167 168 | 46 47 48 49 50 51 52 53 | 15 16 17 18 19 20 21 22 23 24 25 26 27 28 29 30 31 32 33 34 35 36 37 38 39 40 41 42 43 44 45 | 68 69 70 71 72 73 74 75 76 | 169 1 2 3 4 5 6 7 8 9 10 11 12 13 14 |
>MST_21
 170 171 172 173 174 175 176 177 178 179 180 181 182 183 184 185 186 187 188 189 190 191 192 193 194 195 196 197 198 199 | 54 55 56 57 58 59 60 61 62 63 64 65 66 67 | 46 47 48 49 50 51 52 53 | 15 16 17 18 19 20 21 22 23 24 25 26 27 28 29 30 31 32 33 34 35 36 37 38 39 40 41 42 43 44 45 | 68 69 70 71 72 73 74 75 76 77 78 79 80 81 82 83 84 85 86 87 88 89 90 91 92 93 94 95 96 97 98 99 100 101 102 103 104 105 106 107 108 109 110 111 112 113 114 115 116 117 118 119 120 121 122 123 124 125 126 127 128 129 130 131 132 133 134 135 136 137 138 139 140 141 142 143 144 145 146 147 148 149 150 151 152 153 154 155 156 157 158 159 160 161 162 163 164 165 166 167 168 | 169 1 2 3 4 5 6 7 8 9 10 11 12 13 14 |
>MST_22
 54 55 56 57 58 59 60 61 62 63 64 65 66 67 | 1 2 3 4 5 6 7 8 9 10 11 12 13 14 | 46 47 48 49 50 51 52 53 | 15 16 17 18 19 20 21 22 23 24 25 26 27 28 29 30 31 32 33 34 35 36 37 38 39 40 41 42 43 44 45 | 68 69 70 71 72 73 74 75 76 77 78 79 80 81 82 83 84 85 86 87 88 89 90 91 92 93 94 95 96 97 98 99 100 101 102 103 104 105 106 107 108 109 110 111 112 113 114 115 116 117 118 119 120 121 122 123 124 125 126 127 128 129 130 131 132 133 134 135 136 137 138 139 140 141 142 143 144 145 146 147 148 149 150 151 152 153 154 155 156 157 158 159 160 161 162 163 164 165 166 167 168 | 169 170 171 172 173 174 175 176 177 178 179 180 181 182 183 184 185 186 187 188 189 190 191 192 193 194 195 196 197 198 199 |
>MST_23
 54 55 56 57 58 59 60 61 62 63 64 65 66 67 | 46 47 48 49 50 51 52 53 | 15 16 17 18 19 20 21 22 23 24 25 26 27 28 29 30 31 32 33 34 35 36 37 38 39 40 41 42 43 44 45 | 68 69 70 71 72 73 74 75 76 77 78 79 80 81 82 83 84 85 86 87 88 89 90 91 92 93 94 95 96 97 98 99 100 101 102 103 104 105 106 107 108 109 110 111 112 113 114 115 116 117 118 119 120 121 122 123 124 125 126 127 128 129 130 131 132 133 134 135 136 137 138 139 140 141 142 143 144 145 146 147 148 149 150 151 152 153 154 155 156 157 158 159 160 161 162 163 164 165 166 167 168 | 169 170 171 172 173 174 175 176 177 178 179 180 181 182 183 184 185 186 187 188 189 190 191 192 193 194 195 196 197 198 199 | 0 1 2 3 4 5 6 7 8 9 10 11 12 13 14 |
>MST_24
 54 55 56 57 58 59 60 61 62 63 64 65 66 67 | 46 47 48 49 50 51 52 53 | 15 16 17 18 19 20 21 22 23 24 25 26 27 28 29 30 31 32 33 34 35 36 37 38 39 40 41 42 43 44 45 | 68 69 70 71 72 73 74 75 76 77 78 79 80 81 82 83 84 85 86 87 88 89 90 91 92 93 94 95 96 97 98 99 100 101 102 103 104 105 106 107 108 109 110 111 112 113 114 115 116 117 118 119 120 121 122 123 124 125 126 127 128 129 130 131 132 133 134 135 136 137 138 139 140 141 142 143 144 145 146 147 148 149 150 151 152 153 154 155 156 157 158 159 160 161 162 163 164 165 166 167 168 | 169 170 171 172 173 174 175 176 177 178 179 180 181 182 183 184 185 186 187 188 189 190 191 192 193 194 195 196 197 198 199 | 0 1 2 3 4 5 6 7 8 9 10 11 12 13 14 |
>MST_25
 54 55 56 57 58 59 60 61 62 63 64 65 66 67 | 46 47 48 49 50 51 52 53 | 15 16 17 18 19 20 21 22 23 24 25 26 27 28 29 30 31 32 33 34 35 36 37 38 39 40 41 42 43 44 45 | 68 69 70 71 72 73 74 75 76 77 78 79 80 81 82 83 84 85 86 87 88 89 90 91 92 93 94 95 96 97 98 99 100 101 102 103 104 105 106 107 108 109 110 111 112 113 114 115 116 117 118 119 120 121 122 123 124 125 126 127 128 129 130 131 132 133 134 135 136 137 138 139 140 141 142 143 144 145 146 147 148 149 150 151 152 153 154 155 156 157 158 159 160 161 162 163 164 165 166 167 168 | 169 170 171 172 173 174 175 176 177 178 179 180 181 182 183 184 185 186 187 188 189 190 191 192 193 194 195 196 197 198 199 | 0 1 2 3 4 5 6 7 8 9 10 11 12 13 14 |
>MST_26
 46 47 48 49 50 51 52 53 54 55 56 57 58 59 60 61 62 63 64 65 66 67 | 15 16 17 18 19 20 21 22 23 24 25 26 27 28 29 30 31 32 33 34 35 36 37 38 39 40 41 42 43 44 45 | 68 69 70 71 72 73 74 75 76 77 78 79 80 81 82 83 84 85 86 87 88 89 90 91 92 93 94 95 96 97 98 99 100 101 102 103 104 105 106 107 108 109 110 111 112 113 114 115 116 117 118 119 120 121 122 123 124 125 126 127 128 129 130 131 132 133 134 135 136 137 138 139 140 141 142 143 144 145 146 147 148 149 150 151 152 153 154 155 156 157 158 159 160 161 162 163 164 165 166 167 168 | 169 170 171 172 173 174 175 176 177 178 179 180 181 182 183 184 185 186 187 188 189 190 191 192 193 194 195 196 197 198 199 | 0 1 2 3 4 5 6 7 8 9 10 11 12 13 14 |
>MST_27
 46 47 48 49 50 51 52 53 54 55 56 57 58 59 60 61 62 63 64 65 66 67 | 15 16 17 18 19 20 21 22 23 24 25 26 27 28 29 30 31 32 33 34 35 36 37 38 39 40 41 42 43 44 45 | 68 69 70 71 72 73 74 75 76 77 78 79 80 81 82 83 84 85 86 87 88 89 90 91 92 93 94 95 96 97 98 99 100 101 102 103 104 105 106 107 108 109 110 111 112 113 114 115 116 117 118 119 120 121 122 123 124 125 126 127 128 129 130 131 132 133 134 135 136 137 138 139 140 141 142 143 144 145 146 147 148 149 150 151 152 153 154 155 156 157 158 159 160 161 162 163 164 165 166 167 168 | 169 170 171 172 173 174 175 176 177 178 179 180 181 182 183 184 185 186 187 188 189 190 191 192 193 194 195 196 197 198 199 | 0 1 2 3 4 5 6 7 8 9 10 11 12 13 14 |
>MST_28
 46 47 48 49 50 51 52 53 54 55 56 57 58 59 60 61 62 63 64 65 66 67 | 15 16 17 18 19 20 21 22 23 24 25 26 27 28 29 30 31 32 33 34 35 36 37 38 39 40 41 42 43 44 45 | 68 69 70 71 72 73 74 75 76 77 78 79 80 81 82 83 84 85 86 87 88 89 90 91 92 93 94 95 96 97 98 99 100 101 102 103 104 105 106 107 108 109 110 111 112 113 114 115 116 117 118 119 120 121 122 123 124 125 126 127 128 129 130 131 132 133 134 135 136 137 138 139 140 141 142 143 144 145 146 147 148 149 150 151 152 153 154 155 156 157 158 159 160 161 162 163 164 165 166 167 168 | 169 170 171 172 173 174 175 176 177 178 179 180 181 182 183 184 185 186 187 188 189 190 191 192 193 194 195 196 197 198 199 | 0 1 2 3 4 5 6 7 8 9 10 11 12 13 14 |
>MST_29
 46 47 48 49 50 51 52 53 54 55 56 57 58 59 60 61 62 63 64 65 66 67 | 15 16 17 18 19 20 21 22 23 24 25 26 27 28 29 30 31 32 33 34 35 36 37 38 39 40 41 42 43 44 45 | 68 69 70 71 72 73 74 75 76 77 78 79 80 81 82 83 84 85 86 87 88 89 90 91 92 93 94 95 96 97 98 99 100 101 102 103 104 105 106 107 108 109 110 111 112 113 114 115 116 117 118 119 120 121 122 123 124 125 126 127 128 129 130 131 132 133 134 135 136 137 138 139 140 141 142 143 144 145 146 147 148 149 150 151 152 153 154 155 156 157 158 159 160 161 162 163 164 165 166 167 168 | 169 170 171 172 173 174 175 176 177 178 179 180 181 182 183 184 185 186 187 188 189 190 191 192 193 194 195 196 197 198 199 | 0 1 2 3 4 5 6 7 8 9 10 11 12 13 14 |
>MST_30
 15 16 17 18 19 20 21 22 23 24 25 26 27 28 29 30 31 32 33 34 35 36 37 38 39 40 41 42 43 44 45 46 47 48 49 50 51 52 53 54 55 56 57 58 59 60 61 62 63 64 65 66 67 | 68 69 70 71 72 73 74 75 76 77 78 79 80 81 82 83 84 85 86 87 88 89 90 91 92 93 94 95 96 97 98 99 100 101 102 103 104 105 106 107 108 109 110 111 112 113 114 115 116 117 118 119 120 121 122 123 124 125 126 127 128 129 130 131 132 133 134 135 136 137 138 139 140 141 142 143 144 145 146 147 148 149 150 151 152 153 154 155 156 157 158 159 160 161 162 163 164 165 166 167 168 | 169 170 171 172 173 174 175 176 177 178 179 180 181 182 183 184 185 186 187 188 189 190 191 192 193 194 195 196 197 198 199 | 0 1 2 3 4 5 6 7 8 9 10 11 12 13 14 |
>MST_31
 15 16 17 18 19 20 21 22 23 24 25 26 27 28 29 30 31 32 33 34 35 36 37 38 39 40 41 42 43 44 45 46 47 48 49 50 51 52 53 54 55 56 57 58 59 60 61 62 63 64 65 66 67 | 68 69 70 71 72 73 74 75 76 77 78 79 80 81 82 83 84 85 86 87 88 89 90 91 92 93 94 95 96 97 98 99 100 101 102 103 104 105 106 107 108 109 110 111 112 113 114 115 116 117 118 119 120 121 122 123 124 125 126 127 128 129 130 131 132 133 134 135 136 137 138 139 140 141 142 143 144 145 146 147 148 149 150 151 152 153 154 155 156 157 158 159 160 161 162 163 164 165 166 167 168 | 169 170 171 172 173 174 175 176 177 178 179 180 181 182 183 184 185 186 187 188 189 190 191 192 193 194 195 196 197 198 199 | 0 1 2 3 4 5 6 7 8 9 10 11 12 13 14 |
>MST_32
 15 16 17 18 19 20 21 22 23 24 25 26 27 28 29 30 31 32 33 34 35 36 37 38 39 40 41 42 43 44 45 46 47 48 49 50 51 52 53 54 55 56 57 58 59 60 61 62 63 64 65 66 67 | 68 69 70 71 72 73 74 75 76 77 78 79 80 81 82 83 84 85 86 87 88 89 90 91 92 93 94 95 96 97 98 99 100 101 102 103 104 105 106 107 108 109 110 111 112 113 114 115 116 117 118 119 120 121 122 123 124 125 126 127 128 129 130 131 132 133 134 135 136 137 138 139 140 141 142 143 144 145 146 147 148 149 150 151 152 153 154 155 156 157 158 159 160 161 162 163 164 165 166 167 168 | 169 170 171 172 173 174 175 176 177 178 179 180 181 182 183 184 185 186 187 188 189 190 191 192 193 194 195 196 197 198 199 | 0 1 2 3 4 5 6 7 8 9 10 11 12 13 14 |
>MST_33
 15 16 17 18 19 20 21 22 23 24 25 26 27 28 29 30 31 32 33 34 35 36 37 38 39 40 41 42 43 44 45 46 47 48 49 50 51 52 53 54 55 56 57 58 59 60 61 62 63 64 65 66 67 | 68 69 70 71 72 73 74 75 76 77 78 79 80 81 82 83 84 85 86 87 88 89 90 91 92 93 94 95 96 97 98 99 100 101 102 103 104 105 106 107 108 109 110 111 112 113 114 115 116 117 118 119 120 121 122 123 124 125 126 127 128 129 130 131 132 133 134 135 136 137 138 139 140 141 142 143 144 145 146 147 148 149 150 151 152 153 154 155 156 157 158 159 160 161 162 163 164 165 166 167 168 | 169 170 171 172 173 174 175 176 177 178 179 180 181 182 183 184 185 186 187 188 189 190 191 192 193 194 195 196 197 198 199 | 0 1 2 3 4 5 6 7 8 9 10 11 12 13 14 |
>MST_34
 15 16 17 18 19 20 21 22 23 24 25 26 27 28 29 30 31 32 33 34 35 36 37 38 39 40 41 42 43 44 45 46 47 48 49 50 51 52 53 54 55 56 57 58 59 60 61 62 63 64 65 66 67 | 68 69 70 71 72 73 74 75 76 77 78 79 80 81 82 83 84 85 86 87 88 89 90 91 92 93 94 95 96 97 98 99 100 101 102 103 104 105 106 107 108 109 110 111 112 113 114 115 116 117 118 119 120 121 122 123 124 125 126 127 128 129 130 131 132 133 134 135 136 137 138 139 140 141 142 143 144 145 146 147 148 149 150 151 152 153 154 155 156 157 158 159 160 161 162 163 164 165 166 167 168 | 169 170 171 172 173 174 175 176 177 178 179 180 181 182 183 184 185 186 187 188 189 190 191 192 193 194 195 196 197 198 199 | 0 1 2 3 4 5 6 7 8 9 10 11 12 13 14 |
>MST_35
 15 16 17 18 19 20 21 22 23 24 25 26 27 28 29 30 31 32 33 34 35 36 37 38 39 40 41 42 43 44 45 46 47 48 49 50 51 52 53 54 55 56 57 58 59 60 61 62 63 64 65 66 67 | 68 69 70 71 72 73 74 75 76 77 78 79 80 81 82 83 84 85 86 87 88 89 90 91 92 93 94 95 96 97 98 99 100 101 102 103 104 105 106 107 108 109 110 111 112 113 114 115 116 117 118 119 120 121 122 123 124 125 126 127 128 129 130 131 132 133 134 135 136 137 138 139 140 141 142 143 144 145 146 147 148 149 150 151 152 153 154 155 156 157 158 159 160 161 162 163 164 165 166 167 168 | 169 170 171 172 173 174 175 176 177 178 179 180 181 182 183 184 185 186 187 188 189 190 191 192 193 194 195 196 197 198 199 | 0 1 2 3 4 5 6 7 8 9 10 11 12 13 14 |
>MST_36
 68 69 70 71 72 73 74 75 76 77 78 79 80 81 82 83 84 85 86 87 88 89 90 91 92 93 94 95 96 97 98 99 100 101 102 103 104 105 106 107 108 109 110 111 112 113 114 115 116 117 118 119 120 121 122 123 124 125 126 127 128 129 130 131 132 133 134 135 136 137 138 139 140 141 142 143 144 145 146 147 148 149 150 151 152 153 154 155 156 157 158 159 160 161 162 163 164 165 166 167 168 | 169 170 171 172 173 174 175 176 177 178 179 180 181 182 183 184 185 186 187 188 189 190 191 192 193 194 195 196 197 198 199 | 0 1 2 3 4 5 6 7 8 9 10 11 12 13 14 15 16 17 18 19 20 21 22 23 24 25 26 27 28 29 30 31 32 33 34 35 36 37 38 39 40 41 42 43 44 45 46 47 48 49 50 51 52 53 54 55 56 57 58 59 60 61 62 63 64 65 66 67 |
>MST_37
 169 170 171 172 173 174 175 176 177 178 179 180 181 182 183 184 185 186 187 188 189 190 191 192 193 194 195 196 197 198 199 | 0 1 2 3 4 5 6 7 8 9 10 11 12 13 14 15 16 17 18 19 20 21 22 23 24 25 26 27 28 29 30 31 32 33 34 35 36 37 38 39 40 41 42 43 44 45 46 47 48 49 50 51 52 53 54 55 56 57 58 59 60 61 62 63 64 65 66 67 68 69 70 71 72 73 74 75 76 77 78 79 80 81 82 83 84 85 86 87 88 89 90 91 92 93 94 95 96 97 98 99 100 101 102 103 104 105 106 107 108 109 110 111 112 113 114 115 116 117 118 119 120 121 122 123 124 125 126 127 128 129 130 131 132 133 134 135 136 137 138 139 140 141 142 143 144 145 146 147 148 149 150 151 152 153 154 155 156 157 158 159 160 161 162 163 164 165 166 167 168 |
>MST_38
 169 170 171 172 173 174 175 176 177 178 179 180 181 182 183 184 185 186 187 188 189 190 191 192 193 194 195 196 197 198 199 | 0 1 2 3 4 5 6 7 8 9 10 11 12 13 14 15 16 17 18 19 20 21 22 23 24 25 26 27 28 29 30 31 32 33 34 35 36 37 38 39 40 41 42 43 44 45 46 47 48 49 50 51 52 53 54 55 56 57 58 59 60 61 62 63 64 65 66 67 68 69 70 71 72 73 74 75 76 77 78 79 80 81 82 83 84 85 86 87 88 89 90 91 92 93 94 95 96 97 98 99 100 101 102 103 104 105 106 107 108 109 110 111 112 113 114 115 116 117 118 119 120 121 122 123 124 125 126 127 128 129 130 131 132 133 134 135 136 137 138 139 140 141 142 143 144 145 146 147 148 149 150 151 152 153 154 155 156 157 158 159 160 161 162 163 164 165 166 167 168 |
>MST_39
 169 170 171 172 173 174 175 176 177 178 179 180 181 182 183 184 185 186 187 188 189 190 191 192 193 194 195 196 197 198 199 | 0 1 2 3 4 5 6 7 8 9 10 11 12 13 14 15 16 17 18 19 20 21 22 23 24 25 26 27 28 29 30 31 32 33 34 35 36 37 38 39 40 41 42 43 44 45 46 47 48 49 50 51 52 53 54 55 56 57 58 59 60 61 62 63 64 65 66 67 68 69 70 71 72 73 74 75 76 77 78 79 80 81 82 83 84 85 86 87 88 89 90 91 92 93 94 95 96 97 98 99 100 101 102 103 104 105 106 107 108 109 110 111 112 113 114 115 116 117 118 119 120 121 122 123 124 125 126 127 128 129 130 131 132 133 134 135 136 137 138 139 140 141 142 143 144 145 146 147 148 149 150 151 152 153 154 155 156 157 158 159 160 161 162 163 164 165 166 167 168 |
>MST_40
 169 170 171 172 173 174 175 176 177 178 179 180 181 182 183 184 185 186 187 188 189 190 191 192 193 194 195 196 197 198 199 | 0 1 2 3 4 5 6 7 8 9 10 11 12 13 14 15 16 17 18 19 20 21 22 23 24 25 26 27 28 29 30 31 32 33 34 35 36 37 38 39 40 41 42 43 44 45 46 47 48 49 50 51 52 53 54 55 56 57 58 59 60 61 62 63 64 65 66 67 68 69 70 71 72 73 74 75 76 77 78 79 80 81 82 83 84 85 86 87 88 89 90 91 92 93 94 95 96 97 98 99 100 101 102 103 104 105 106 107 108 109 110 111 112 113 114 115 116 117 118 119 120 121 122 123 124 125 126 127 128 129 130 131 132 133 134 135 136 137 138 139 140 141 142 143 144 145 146 147 148 149 150 151 152 153 154 155 156 157 158 159 160 161 162 163 164 165 166 167 168 |
>MST_41
 169 170 171 172 173 174 175 176 177 178 179 180 181 182 183 184 185 186 187 188 189 190 191 192 193 194 195 196 197 198 199 | 0 1 2 3 4 5 6 7 8 9 10 11 12 13 14 15 16 17 18 19 20 21 22 23 24 25 26 27 28 29 30 31 32 33 34 35 36 37 38 39 40 41 42 43 44 45 46 47 48 49 50 51 52 53 54 55 56 57 58 59 60 61 62 63 64 65 66 67 68 69 70 71 72 73 74 75 76 77 78 79 80 81 82 83 84 85 86 87 88 89 90 91 92 93 94 95 96 97 98 99 100 101 102 103 104 105 106 107 108 109 110 111 112 113 114 115 116 117 118 119 120 121 122 123 124 125 126 127 128 129 130 131 132 133 134 135 136 137 138 139 140 141 142 143 144 145 146 147 148 149 150 151 152 153 154 155 156 157 158 159 160 161 162 163 164 165 166 167 168 |
>MST_42
 169 170 171 172 173 174 175 176 177 178 179 180 181 182 183 184 185 186 187 188 189 190 191 192 193 194 195 196 197 198 199 | 0 1 2 3 4 5 6 7 8 9 10 11 12 13 14 15 16 17 18 19 20 21 22 23 24 25 26 27 28 29 30 31 32 33 34 35 36 37 38 39 40 41 42 43 44 45 46 47 48 49 50 51 52 53 54 55 56 57 58 59 60 61 62 63 64 65 66 67 68 69 70 71 72 73 74 75 76 77 78 79 80 81 82 83 84 85 86 87 88 89 90 91 92 93 94 95 96 97 98 99 100 101 102 103 104 105 106 107 108 109 110 111 112 113 114 115 116 117 118 119 120 121 122 123 124 125 126 127 128 129 130 131 132 133 134 135 136 137 138 139 140 141 142 143 144 145 146 147 148 149 150 151 152 153 154 155 156 157 158 159 160 161 162 163 164 165 166 167 168 |
>MST_43
 169 170 171 172 173 174 175 176 177 178 179 180 181 182 183 184 185 186 187 188 189 190 191 192 193 194 195 196 197 198 199 | 0 1 2 3 4 5 6 7 8 9 10 11 12 13 14 15 16 17 18 19 20 21 22 23 24 25 26 27 28 29 30 31 32 33 34 35 36 37 38 39 40 41 42 43 44 45 46 47 48 49 50 51 52 53 54 55 56 57 58 59 60 61 62 63 64 65 66 67 68 69 70 71 72 73 74 75 76 77 78 79 80 81 82 83 84 85 86 87 88 89 90 91 92 93 94 95 96 97 98 99 100 101 102 103 104 105 106 107 108 109 110 111 112 113 114 115 116 117 118 119 120 121 122 123 124 125 126 127 128 129 130 131 132 133 134 135 136 137 138 139 140 141 142 143 144 145 146 147 148 149 150 151 152 153 154 155 156 157 158 159 160 161 162 163 164 165 166 167 168 |
>MST_44
 169 170 171 172 173 174 175 176 177 178 179 180 181 182 183 184 185 186 187 188 189 190 191 192 193 194 195 196 197 198 199 | 0 1 2 3 4 5 6 7 8 9 10 11 12 13 14 15 16 17 18 19 20 21 22 23 24 25 26 27 28 29 30 31 32 33 34 35 36 37 38 39 40 41 42 43 44 45 46 47 48 49 50 51 52 53 54 55 56 57 58 59 60 61 62 63 64 65 66 67 68 69 70 71 72 73 74 75 76 77 78 79 80 81 82 83 84 85 86 87 88 89 90 91 92 93 94 95 96 97 98 99 100 101 102 103 104 105 106 107 108 109 110 111 112 113 114 115 116 117 118 119 120 121 122 123 124 125 126 127 128 129 130 131 132 133 134 135 136 137 138 139 140 141 142 143 144 145 146 147 148 149 150 151 152 153 154 155 156 157 158 159 160 161 162 163 164 165 166 167 168 |
>MST_45
 169 170 171 172 173 174 175 176 177 178 179 180 181 182 183 184 185 186 187 188 189 190 191 192 193 194 195 196 197 198 199 | 0 1 2 3 4 5 6 7 8 9 10 11 12 13 14 15 16 17 18 19 20 21 22 23 24 25 26 27 28 29 30 31 32 33 34 35 36 37 38 39 40 41 42 43 44 45 46 47 48 49 50 51 52 53 54 55 56 57 58 59 60 61 62 63 64 65 66 67 68 69 70 71 72 73 74 75 76 77 78 79 80 81 82 83 84 85 86 87 88 89 90 91 92 93 94 95 96 97 98 99 100 101 102 103 104 105 106 107 108 109 110 111 112 113 114 115 116 117 118 119 120 121 122 123 124 125 126 127 128 129 130 131 132 133 134 135 136 137 138 139 140 141 142 143 144 145 146 147 148 149 150 151 152 153 154 155 156 157 158 159 160 161 162 163 164 165 166 167 168 |
>MST_46
 169 170 171 172 173 174 175 176 177 178 179 180 181 182 183 184 185 186 187 188 189 190 191 192 193 194 195 196 197 198 199 | 0 1 2 3 4 5 6 7 8 9 10 11 12 13 14 15 16 17 18 19 20 21 22 23 24 25 26 27 28 29 30 31 32 33 34 35 36 37 38 39 40 41 42 43 44 45 46 47 48 49 50 51 52 53 54 55 56 57 58 59 60 61 62 63 64 65 66 67 68 69 70 71 72 73 74 75 76 77 78 79 80 81 82 83 84 85 86 87 88 89 90 91 92 93 94 95 96 97 98 99 100 101 102 103 104 105 106 107 108 109 110 111 112 113 114 115 116 117 118 119 120 121 122 123 124 125 126 127 128 129 130 131 132 133 134 135 136 137 138 139 140 141 142 143 144 145 146 147 148 149 150 151 152 153 154 155 156 157 158 159 160 161 162 163 164 165 166 167 168 |
>MST_47
 169 170 171 172 173 174 175 176 177 178 179 180 181 182 183 184 185 186 187 188 189 190 191 192 193 194 195 196 197 198 199 | 0 1 2 3 4 5 6 7 8 9 10 11 12 13 14 15 16 17 18 19 20 21 22 23 24 25 26 27 28 29 30 31 32 33 34 35 36 37 38 39 40 41 42 43 44 45 46 47 48 49 50 51 52 53 54 55 56 57 58 59 60 61 62 63 64 65 66 67 68 69 70 71 72 73 74 75 76 77 78 79 80 81 82 83 84 85 86 87 88 89 90 91 92 93 94 95 96 97 98 99 100 101 102 103 104 105 106 107 108 109 110 111 112 113 114 115 116 117 118 119 120 121 122 123 124 125 126 127 128 129 130 131 132 133 134 135 136 137 138 139 140 141 142 143 144 145 146 147 148 149 150 151 152 153 154 155 156 157 158 159 160 161 162 163 164 165 166 167 168 |
>MST_48
 169 170 171 172 173 174 175 176 177 178 179 180 181 182 183 184 185 186 187 188 189 190 191 192 193 194 195 196 197 198 199 | 0 1 2 3 4 5 6 7 8 9 10 11 12 13 14 15 16 17 18 19 20 21 22 23 24 25 26 27 28 29 30 31 32 33 34 35 36 37 38 39 40 41 42 43 44 45 46 47 48 49 50 51 52 53 54 55 56 57 58 59 60 61 62 63 64 65 66 67 68 69 70 71 72 73 74 75 76 77 78 79 80 81 82 83 84 85 86 87 88 89 90 91 92 93 94 95 96 97 98 99 100 101 102 103 104 105 106 107 108 109 110 111 112 113 114 115 116 117 118 119 120 121 122 123 124 125 126 127 128 129 130 131 132 133 134 135 136 137 138 139 140 141 142 143 144 145 146 147 148 149 150 151 152 153 154 155 156 157 158 159 160 161 162 163 164 165 166 167 168 |
>MST_49
 169 170 171 172 173 174 175 176 177 178 179 180 181 182 183 184 185 186 187 188 189 190 191 192 193 194 195 196 197 198 199 | 0 1 2 3 4 5 6 7 8 9 10 11 12 13 14 15 16 17 18 19 20 21 22 23 24 25 26 27 28 29 30 31 32 33 34 35 36 37 38 39 40 41 42 43 44 45 46 47 48 49 50 51 52 53 54 55 56 57 58 59 60 61 62 63 64 65 66 67 68 69 70 71 72 73 74 75 76 77 78 79 80 81 82 83 84 85 86 87 88 89 90 91 92 93 94 95 96 97 98 99 100 101 102 103 104 105 106 107 108 109 110 111 112 113 114 115 116 117 118 119 120 121 122 123 124 125 126 127 128 129 130 131 132 133 134 135 136 137 138 139 140 141 142 143 144 145 146 147 148 149 150 151 152 153 154 155 156 157 158 159 160 161 162 163 164 165 166 167 168 |
>MST_50
 0 1 2 3 4 5 6 7 8 9 10 11 12 13 14 15 16 17 18 19 20 21 22 23 24 25 26 27 28 29 30 31 32 33 34 35 36 37 38 39 40 41 42 43 44 45 46 47 48 49 50 51 52 53 54 55 56 57 58 59 60 61 62 63 64 65 66 67 68 69 70 71 72 73 74 75 76 77 78 79 80 81 82 83 84 85 86 87 88 89 90 91 92 93 94 95 96 97 98 99 100 101 102 103 104 105 106 107 108 109 110 111 112 113 114 115 116 117 118 119 120 121 122 123 124 125 126 127 128 129 130 131 132 133 134 135 136 137 138 139 140 141 142 143 144 145 146 147 148 149 150 151 152 153 154 155 156 157 158 159 160 161 162 163 164 165 166 167 168 169 170 171 172 173 174 175 176 177 178 179 180 181 182 183 184 185 186 187 188 189 190 191 192 193 194 195 196 197 198 199 |
>MST_51
 0 1 2 3 4 5 6 7 8 9 10 11 12 13 14 15 16 17 18 19 20 21 22 23 24 25 26 27 28 29 30 31 32 33 34 35 36 37 38 39 40 41 42 43 44 45 46 47 48 49 50 51 52 53 54 55 56 57 58 59 60 61 62 63 64 65 66 67 68 69 70 71 72 73 74 75 76 77 78 79 80 81 82 83 84 85 86 87 88 89 90 91 92 93 94 95 96 97 98 99 100 101 102 103 104 105 106 107 108 109 110 111 112 113 114 115 116 117 118 119 120 121 122 123 124 125 126 127 128 129 130 131 132 133 134 135 136 137 138 139 140 141 142 143 144 145 146 147 148 149 150 151 152 153 154 155 156 157 158 159 160 161 162 163 164 165 166 167 168 169 170 171 172 173 174 175 176 177 178 179 180 181 182 183 184 185 186 187 188 189 190 191 192 193 194 195 196 197 198 199 |
>MST_52
 0 1 2 3 4 5 6 7 8 9 10 11 12 13 14 15 16 17 18 19 20 21 22 23 24 25 26 27 28 29 30 31 32 33 34 35 36 37 38 39 40 41 42 43 44 45 46 47 48 49 50 51 52 53 54 55 56 57 58 59 60 61 62 63 64 65 66 67 68 69 70 71 72 73 74 75 76 77 78 79 80 81 82 83 84 85 86 87 88 89 90 91 92 93 94 95 96 97 98 99 100 101 102 103 104 105 106 107 108 109 110 111 112 113 114 115 116 117 118 119 120 121 122 123 124 125 126 127 128 129 130 131 132 133 134 135 136 137 138 139 140 141 142 143 144 145 146 147 148 149 150 151 152 153 154 155 156 157 158 159 160 161 162 163 164 165 166 167 168 169 170 171 172 173 174 175 176 177 178 179 180 181 182 183 184 185 186 187 188 189 190 191 192 193 194 195 196 197 198 199 |
>MST_53
 0 1 2 3 4 5 6 7 8 9 10 11 12 13 14 15 16 17 18 19 20 21 22 23 24 25 26 27 28 29 30 31 32 33 34 35 36 37 38 39 40 41 42 43 44 45 46 47 48 49 50 51 52 53 54 55 56 57 58 59 60 61 62 63 64 65 66 67 68 69 70 71 72 73 74 75 76 77 78 79 80 81 82 83 84 85 86 87 88 89 90 91 92 93 94 95 96 97 98 99 100 101 102 103 104 105 106 107 108 109 110 111 112 113 114 115 116 117 118 119 120 121 122 123 124 125 126 127 128 129 130 131 132 133 134 135 136 137 138 139 140 141 142 143 144 145 146 147 148 149 150 151 152 153 154 155 156 157 158 159 160 161 162 163 164 165 166 167 168 169 170 171 172 173 174 175 176 177 178 179 180 181 182 183 184 185 186 187 188 189 190 191 192 193 194 195 196 197 198 199 |
>MST_54
 0 1 2 3 4 5 6 7 8 9 10 11 12 13 14 15 16 17 18 19 20 21 22 23 24 25 26 27 28 29 30 31 32 33 34 35 36 37 38 39 40 41 42 43 44 45 46 47 48 49 50 51 52 53 54 55 56 57 58 59 60 61 62 63 64 65 66 67 68 69 70 71 72 73 74 75 76 77 78 79 80 81 82 83 84 85 86 87 88 89 90 91 92 93 94 95 96 97 98 99 100 101 102 103 104 105 106 107 108 109 110 111 112 113 114 115 116 117 118 119 120 121 122 123 124 125 126 127 128 129 130 131 132 133 134 135 136 137 138 139 140 141 142 143 144 145 146 147 148 149 150 151 152 153 154 155 156 157 158 159 160 161 162 163 164 165 166 167 168 169 170 171 172 173 174 175 176 177 178 179 180 181 182 183 184 185 186 187 188 189 190 191 192 193 194 195 196 197 198 199 |
>MST_55
 73 128 8 136 | 27 74 | 104 129 170 15 72 | 28 127 14 | 103 130 169 78 | 144 68 192 | 13 30 | 100 131 | 11 64 | 65 10 123 | 0 121 | 60 80 | 61 79 | 120 1 9 29 | 166 190 | 167 189 | 71 16 77 | 22 69 143 |
>MST_56
 68 112 | 162 170 23 46 16 93 | 163 169 103 | 51 143 | 50 144 | 40 77 | 41 76 | 107 119 | 20 118 | 24 102 | 0 181 | 180 1 123 | 15 84 | 43 74 | 140 129 69 111 | 34 194 | 33 195 |
>SEQ_0
 163 164 165 | 155 156 | 132 133 134 | 192 193 | 170 171 | 74 75 | 144 145 | 48 49 | 140 141 142 | 90 91 92 | 31 32 | 146 147 | 97 98 99 | 152 153 154 | 148 149 | 2 3 | 94 95 96 | 35 36 37 | 183 184 185 186 | 65 66 67 | 198 199 | 47 68 112 113 114 115 | 116 125 126 | 19 108 | 180 44 45 | 172 197 | 5 89 | 129 104 105 | 13 30 | 100 131 | 11 64 | 8 136 137 | 60 80 | 79 61 62 63 | 1 120 | 189 167 168 | 69 111 | 143 51 52 53 | 76 41 42 | 118 20 21 | 102 24 25 26 | 15 84 | 169 181 |
>SEQ_1
 163 164 165 | 192 193 | 170 171 | 74 75 | 48 49 | 140 141 142 | 90 91 92 | 97 98 99 100 101 130 131 132 133 134 | 152 153 154 155 156 | 94 95 96 | 65 66 67 | 40 41 42 | 71 72 | 16 17 | 110 111 112 113 114 115 | 50 51 52 53 | 23 24 25 26 | 56 57 | 54 55 | 174 175 | 189 190 166 167 168 | 121 122 | 117 118 | 160 161 162 | 59 60 61 62 63 64 | 10 11 12 | 135 136 137 138 | 158 159 | 13 14 | 29 30 31 32 | 47 68 144 145 146 147 148 149 | 116 125 126 | 93 84 85 86 87 | 19 108 | 124 80 81 | 180 44 45 | 107 20 21 | 172 197 198 199 | 5 89 | 43 181 182 183 184 185 186 187 | 129 104 105 | 28 127 | 9 1 2 3 | 194 34 35 36 37 38 39 | 33 195 |
>SEQ_2
 163 164 165 166 167 168 | 192 193 | 170 171 | 74 75 | 144 145 146 147 148 149 150 | 90 91 92 | 97 98 99 100 101 102 | 65 66 67 | 40 41 42 | 71 72 | 16 17 | 110 111 112 113 114 115 | 50 51 52 53 | 23 24 25 26 | 56 57 | 54 55 169 | 174 175 176 | 121 122 | 117 118 119 | 160 161 162 | 59 60 61 62 63 64 | 135 136 137 138 | 130 131 132 133 134 | 29 30 31 32 33 34 35 36 37 38 39 | 103 104 105 | 151 152 153 154 155 156 | 27 28 127 | 88 89 | 4 5 6 7 | 157 158 159 | 194 195 | 0 197 198 199 | 68 47 48 49 | 177 94 95 96 | 116 125 126 | 93 84 85 86 87 | 19 108 109 | 22 173 | 124 80 81 82 | 180 44 45 | 107 20 21 | 43 181 182 183 184 185 186 187 188 189 190 | 9 1 2 3 | 123 10 11 12 13 14 | 139 69 70 | 129 140 141 142 |
>SEQ_3
 192 193 | 74 75 | 90 91 92 | 65 66 67 | 40 41 42 43 44 45 | 71 72 | 16 17 | 110 111 112 113 114 115 | 50 51 52 53 | 23 24 25 26 | 181 182 183 184 185 186 187 188 189 190 | 54 55 56 57 | 174 175 176 | 121 122 | 117 118 119 | 160 161 162 170 171 | 10 11 12 13 14 | 135 136 137 138 139 140 141 142 | 130 131 132 133 134 | 103 104 105 | 151 152 153 154 155 156 157 158 159 | 27 28 | 4 5 6 7 | 69 70 | 194 195 | 18 19 20 21 | 107 108 109 | 143 144 145 146 147 148 149 150 | 178 179 | 0 197 198 199 | 68 47 48 49 | 177 94 95 96 97 98 99 100 101 102 | 196 1 2 3 | 116 125 126 127 128 | 93 84 85 86 87 88 89 | 22 173 191 | 58 124 80 81 82 | 123 59 60 61 62 63 64 | 9 29 30 31 32 33 34 35 36 37 38 39 | 78 169 163 164 165 166 167 168 |
>SEQ_4
 170 171 | 90 91 92 | 40 41 42 43 44 45 | 71 72 | 16 17 18 19 20 21 | 110 111 112 113 114 115 | 50 51 52 53 | 23 24 25 26 27 28 | 54 55 56 57 58 124 117 118 119 107 108 109 | 121 122 | 160 161 162 163 164 165 166 167 168 | 135 136 137 138 139 140 141 142 | 130 131 132 133 134 | 29 30 31 32 33 34 35 36 37 38 39 | 103 104 105 | 151 152 153 154 155 156 157 158 159 | 4 5 6 7 | 69 70 | 194 195 | 143 144 145 146 147 148 149 150 | 77 78 0 197 198 199 | 79 80 81 82 | 180 181 182 183 184 185 186 187 188 189 190 | 8 9 10 11 12 13 14 | 68 47 48 49 | 177 94 95 96 97 98 99 100 101 102 | 196 1 2 3 | 169 74 75 76 | 191 173 174 175 176 | 116 125 126 127 128 | 172 192 193 | 93 84 85 86 87 88 89 | 123 59 60 61 62 63 64 65 66 67 | 83 178 179 |
>SEQ_5
 170 171 | 90 91 92 | 40 41 42 43 44 45 | 71 72 | 16 17 18 19 20 21 | 110 111 112 113 114 115 116 | 50 51 52 53 | 23 24 25 26 27 28 | 54 55 56 57 58 124 125 126 127 128 | 117 118 119 | 160 161 162 163 164 165 166 167 168 | 135 136 137 138 139 140 141 142 | 130 131 132 133 134 | 29 30 31 32 33 34 35 36 37 38 39 | 103 104 105 106 107 108 109 | 151 152 153 154 155 156 157 158 159 | 4 5 6 7 | 69 70 | 194 195 | 143 144 145 146 147 148 149 150 | 77 78 0 197 198 199 | 79 80 81 82 | 8 9 10 11 12 13 14 | 83 84 85 86 87 88 89 | 120 121 122 | 68 47 48 49 | 177 94 95 96 97 98 99 100 101 102 | 196 1 2 3 | 169 74 75 76 | 191 173 174 175 176 | 172 192 193 | 15 178 179 180 181 182 183 184 185 186 187 188 189 190 | 123 59 60 61 62 63 64 65 66 67 |
>SEQ_6
 170 171 | 90 91 92 | 40 41 42 43 44 45 | 71 72 | 16 17 18 19 20 21 22 | 110 111 112 113 114 115 116 | 50 51 52 53 | 23 24 25 26 27 28 | 54 55 56 57 58 59 60 61 62 63 64 65 66 67 | 117 118 119 | 160 161 162 163 164 165 166 167 168 | 130 131 132 133 134 135 136 137 138 139 140 141 142 | 29 30 31 32 33 34 35 36 37 38 39 | 151 152 153 154 155 156 157 158 159 | 4 5 6 7 | 69 70 | 143 144 145 146 147 148 149 150 | 77 78 0 197 198 199 | 79 80 81 82 | 8 9 10 11 12 13 14 | 83 84 85 86 87 88 89 | 120 121 122 | 124 125 126 127 128 | 68 47 48 49 | 177 94 95 96 97 98 99 100 101 102 103 104 105 106 107 108 109 | 196 1 2 3 | 169 74 75 76 | 191 173 174 175 176 | 172 192 193 194 195 | 15 178 179 180 181 182 183 184 185 186 187 188 189 190 |
>SEQ_7
 90 91 92 | 40 41 42 43 44 45 | 71 72 | 16 17 18 19 20 21 22 | 50 51 52 53 | 23 24 25 26 27 28 | 54 55 56 57 58 59 60 61 62 63 64 65 66 67 | 160 161 162 163 164 165 166 167 168 | 130 131 132 133 134 135 136 137 138 139 140 141 142 | 29 30 31 32 33 34 35 36 37 38 39 | 151 152 153 154 155 156 157 158 159 | 4 5 6 7 | 69 70 | 143 144 145 146 147 148 149 150 | 77 78 79 80 81 82 | 8 9 10 11 12 13 14 | 83 84 85 86 87 88 89 | 120 121 122 | 124 125 126 127 128 | 0 197 198 199 | 68 47 48 49 | 177 94 95 96 97 98 99 100 101 102 103 104 105 106 107 108 109 110 111 112 113 114 115 116 117 118 119 | 196 1 2 3 | 73 170 171 | 169 74 75 76 | 191 173 174 175 176 | 172 192 193 194 195 | 93 178 179 180 181 182 183 184 185 186 187 188 189 190 |
>SEQ_8
 71 72 | 50 51 52 53 | 23 24 25 26 27 28 | 54 55 56 57 58 59 60 61 62 63 64 65 66 67 | 130 131 132 133 134 135 136 137 138 139 140 141 142 | 29 30 31 32 33 34 35 36 37 38 39 40 41 42 43 44 45 | 151 152 153 154 155 156 157 158 159 160 161 162 163 164 165 166 167 168 | 69 70 | 143 144 145 146 147 148 149 150 | 77 78 79 80 81 82 | 83 84 85 86 87 88 89 90 91 92 | 120 121 122 | 124 125 126 127 128 8 9 10 11 12 13 14 | 46 47 48 49 | 191 192 193 194 195 | 0 197 198 199 | 177 94 95 96 97 98 99 100 101 102 103 104 105 106 107 108 109 110 111 112 113 114 115 116 117 118 119 | 196 1 2 3 4 5 6 7 | 73 170 171 | 169 74 75 76 | 93 178 179 180 181 182 183 184 185 186 187 188 189 190 | 172 16 17 18 19 20 21 22 173 174 175 176 |
>SEQ_9
 71 72 | 16 17 18 19 20 21 22 | 50 51 52 53 | 23 24 25 26 27 28 | 54 55 56 57 58 59 60 61 62 63 64 65 66 67 | 130 131 132 133 134 135 136 137 138 139 140 141 142 | 29 30 31 32 33 34 35 36 37 38 39 40 41 42 43 44 45 | 69 70 | 143 144 145 146 147 148 149 150 151 152 153 154 155 156 157 158 159 160 161 162 163 164 165 166 167 168 | 77 78 79 80 81 82 | 83 84 85 86 87 88 89 90 91 92 93 178 179 180 181 182 183 184 185 186 187 188 189 190 | 120 121 122 | 124 125 126 127 128 | 46 47 48 49 | 191 192 193 194 195 | 172 173 174 175 176 177 94 95 96 97 98 99 100 101 102 103 104 105 106 107 108 109 110 111 112 113 114 115 116 117 118 119 | 0 197 198 199 | 196 1 2 3 4 5 6 7 8 9 10 11 12 13 14 | 73 170 171 | 169 74 75 76 |
>SEQ_10
 170 171 | 71 72 | 50 51 52 53 | 23 24 25 26 27 28 | 54 55 56 57 58 59 60 61 62 63 64 65 66 67 | 29 30 31 32 33 34 35 36 37 38 39 40 41 42 43 44 45 | 69 70 | 143 144 145 146 147 148 149 150 151 152 153 154 155 156 157 158 159 160 161 162 163 164 165 166 167 168 | 178 179 180 181 182 183 184 185 186 187 188 189 190 | 77 78 79 80 81 82 | 83 84 85 86 87 88 89 90 91 92 93 94 95 96 97 98 99 100 101 102 103 104 105 106 107 108 109 110 111 112 113 114 115 116 117 118 119 120 121 122 | 124 125 126 127 128 | 46 47 48 49 | 191 192 193 194 195 | 172 173 174 175 176 177 | 73 74 75 76 | 15 16 17 18 19 20 21 22 | 0 197 198 199 | 196 1 2 3 4 5 6 7 8 9 10 11 12 13 14 | 169 130 131 132 133 134 135 136 137 138 139 140 141 142 |
>SEQ_11
 170 171 172 173 174 175 176 177 178 179 180 181 182 183 184 185 186 187 188 189 190 191 192 193 194 195 196 197 198 199 | 71 72 | 23 24 25 26 27 28 | 54 55 56 57 58 59 60 61 62 63 64 65 66 67 | 1 2 3 4 5 6 7 8 9 10 11 12 13 14 | 29 30 31 32 33 34 35 36 37 38 39 40 41 42 43 44 45 | 69 70 | 77 78 79 80 81 82 | 83 84 85 86 87 88 89 90 91 92 93 94 95 96 97 98 99 100 101 102 103 104 105 106 107 108 109 110 111 112 113 114 115 116 117 118 119 120 121 122 | 46 47 48 49 50 51 52 53 | 73 74 75 76 | 15 16 17 18 19 20 21 22 | 123 124 125 126 127 128 | 169 130 131 132 133 134 135 136 137 138 139 140 141 142 143 144 145 146 147 148 149 150 151 152 153 154 155 156 157 158 159 160 161 162 163 164 165 166 167 168 |
>SEQ_12
 170 171 172 173 174 175 176 177 178 179 180 181 182 183 184 185 186 187 188 189 190 191 192 193 194 195 196 197 198 199 | 71 72 | 23 24 25 26 27 28 | 54 55 56 57 58 59 60 61 62 63 64 65 66 67 | 1 2 3 4 5 6 7 8 9 10 11 12 13 14 | 29 30 31 32 33 34 35 36 37 38 39 40 41 42 43 44 45 | 69 70 | 77 78 79 80 81 82 | 83 84 85 86 87 88 89 90 91 92 93 94 95 96 97 98 99 100 101 102 103 104 105 106 107 108 109 110 111 112 113 114 115 116 117 118 119 120 121 122 | 46 47 48 49 50 51 52 53 | 15 16 17 18 19 20 21 22 | 123 124 125 126 127 128 73 74 75 76 | 68 130 131 132 133 134 135 136 137 138 139 140 141 142 143 144 145 146 147 148 149 150 151 152 153 154 155 156 157 158 159 160 161 162 163 164 165 166 167 168 |
>SEQ_13
 170 171 172 173 174 175 176 177 178 179 180 181 182 183 184 185 186 187 188 189 190 191 192 193 194 195 196 197 198 199 | 71 72 15 16 17 18 19 20 21 22 | 23 24 25 26 27 28 | 54 55 56 57 58 59 60 61 62 63 64 65 66 67 | 1 2 3 4 5 6 7 8 9 10 11 12 13 14 | 29 30 31 32 33 34 35 36 37 38 39 40 41 42 43 44 45 | 69 70 | 77 78 79 80 81 82 | 83 84 85 86 87 88 89 90 91 92 93 94 95 96 97 98 99 100 101 102 103 104 105 106 107 108 109 110 111 112 113 114 115 116 117 118 119 120 121 122 123 124 125 126 127 128 73 74 75 76 | 46 47 48 49 50 51 52 53 | 68 130 131 132 133 134 135 136 137 138 139 140 141 142 143 144 145 146 147 148 149 150 151 152 153 154 155 156 157 158 159 160 161 162 163 164 165 166 167 168 |
>SEQ_14
 170 171 172 173 174 175 176 177 178 179 180 181 182 183 184 185 186 187 188 189 190 191 192 193 194 195 196 197 198 199 | 71 72 73 74 75 76 | 23 24 25 26 27 28 29 30 31 32 33 34 35 36 37 38 39 40 41 42 43 44 45 | 54 55 56 57 58 59 60 61 62 63 64 65 66 67 | 1 2 3 4 5 6 7 8 9 10 11 12 13 14 | 77 78 79 80 81 82 | 83 84 85 86 87 88 89 90 91 92 93 94 95 96 97 98 99 100 101 102 103 104 105 106 107 108 109 110 111 112 113 114 115 116 117 118 119 120 121 122 123 124 125 126 127 128 | 46 47 48 49 50 51 52 53 | 15 16 17 18 19 20 21 22 69 70 | 129 130 131 132 133 134 135 136 137 138 139 140 141 142 143 144 145 146 147 148 149 150 151 152 153 154 155 156 157 158 159 160 161 162 163 164 165 166 167 168 |
>SEQ_15
 170 171 172 173 174 175 176 177 178 179 180 181 182 183 184 185 186 187 188 189 190 191 192 193 194 195 196 197 198 199 | 23 24 25 26 27 28 29 30 31 32 33 34 35 36 37 38 39 40 41 42 43 44 45 | 54 55 56 57 58 59 60 61 62 63 64 65 66 67 | 1 2 3 4 5 6 7 8 9 10 11 12 13 14 | 77 78 79 80 81 82 | 83 84 85 86 87 88 89 90 91 92 93 94 95 96 97 98 99 100 101 102 103 104 105 106 107 108 109 110 111 112 113 114 115 116 117 118 119 120 121 122 123 124 125 126 127 128 | 46 47 48 49 50 51 52 53 | 15 16 17 18 19 20 21 22 | 129 130 131 132 133 134 135 136 137 138 139 140 141 142 143 144 145 146 147 148 149 150 151 152 153 154 155 156 157 158 159 160 161 162 163 164 165 166 167 168 | 68 69 70 71 72 73 74 75 76 |
>SEQ_16
 170 171 172 173 174 175 176 177 178 179 180 181 182 183 184 185 186 187 188 189 190 191 192 193 194 195 196 197 198 199 | 23 24 25 26 27 28 29 30 31 32 33 34 35 36 37 38 39 40 41 42 43 44 45 | 54 55 56 57 58 59 60 61 62 63 64 65 66 67 | 1 2 3 4 5 6 7 8 9 10 11 12 13 14 | 77 78 79 80 81 82 83 84 85 86 87 88 89 90 91 92 93 94 95 96 97 98 99 100 101 102 103 104 105 106 107 108 109 110 111 112 113 114 115 116 117 118 119 120 121 122 123 124 125 126 127 128 | 46 47 48 49 50 51 52 53 | 15 16 17 18 19 20 21 22 | 129 130 131 132 133 134 135 136 137 138 139 140 141 142 143 144 145 146 147 148 149 150 151 152 153 154 155 156 157 158 159 160 161 162 163 164 165 166 167 168 | 68 69 70 71 72 73 74 75 76 |
>SEQ_17
 170 171 172 173 174 175 176 177 178 179 180 181 182 183 184 185 186 187 188 189 190 191 192 193 194 195 196 197 198 199 | 54 55 56 57 58 59 60 61 62 63 64 65 66 67 | 77 78 79 80 81 82 83 84 85 86 87 88 89 90 91 92 93 94 95 96 97 98 99 100 101 102 103 104 105 106 107 108 109 110 111 112 113 114 115 116 117 118 119 120 121 122 123 124 125 126 127 128 129 130 131 132 133 134 135 136 137 138 139 140 141 142 143 144 145 146 147 148 149 150 151 152 153 154 155 156 157 158 159 160 161 162 163 164 165 166 167 168 | 46 47 48 49 50 51 52 53 | 15 16 17 18 19 20 21 22 23 24 25 26 27 28 29 30 31 32 33 34 35 36 37 38 39 40 41 42 43 44 45 | 68 69 70 71 72 73 74 75 76 | 169 1 2 3 4 5 6 7 8 9 10 11 12 13 14 |
>SEQ_18
 170 171 172 173 174 175 176 177 178 179 180 181 182 183 184 185 186 187 188 189 190 191 192 193 194 195 196 197 198 199 | 54 55 56 57 58 59 60 61 62 63 64 65 66 67 | 46 47 48 49 50 51 52 53 | 15 16 17 18 19 20 21 22 23 24 25 26 27 28 29 30 31 32 33 34 35 36 37 38 39 40 41 42 43 44 45 | 68 69 70 71 72 73 74 75 76 77 78 79 80 81 82 83 84 85 86 87 88 89 90 91 92 93 94 95 96 97 98 99 100 101 102 103 104 105 106 107 108 109 110 111 112 113 114 115 116 117 118 119 120 121 122 123 124 125 126 127 128 129 130 131 132 133 134 135 136 137 138 139 140 141 142 143 144 145 146 147 148 149 150 151 152 153 154 155 156 157 158 159 160 161 162 163 164 165 166 167 168 | 169 1 2 3 4 5 6 7 8 9 10 11 12 13 14 |
>SEQ_19
 170 171 172 173 174 175 176 177 178 179 180 181 182 183 184 185 186 187 188 189 190 191 192 193 194 195 196 197 198 199 | 54 55 56 57 58 59 60 61 62 63 64 65 66 67 | 46 47 48 49 50 51 52 53 | 15 16 17 18 19 20 21 22 23 24 25 26 27 28 29 30 31 32 33 34 35 36 37 38 39 40 41 42 43 44 45 | 68 69 70 71 72 73 74 75 76 77 78 79 80 81 82 83 84 85 86 87 88 89 90 91 92 93 94 95 96 97 98 99 100 101 102 103 104 105 106 107 108 109 110 111 112 113 114 115 116 117 118 119 120 121 122 123 124 125 126 127 128 129 130 131 132 133 134 135 136 137 138 139 140 141 142 143 144 145 146 147 148 149 150 151 152 153 154 155 156 157 158 159 160 161 162 163 164 165 166 167 168 | 169 1 2 3 4 5 6 7 8 9 10 11 12 13 14 |
>SEQ_20
 54 55 56 57 58 59 60 61 62 63 64 65 66 67 | 46 47 48 49 50 51 52 53 | 15 16 17 18 19 20 21 22 23 24 25 26 27 28 29 30 31 32 33 34 35 36 37 38 39 40 41 42 43 44 45 | 68 69 70 71 72 73 74 75 76 77 78 79 80 81 82 83 84 85 86 87 88 89 90 91 92 93 94 95 96 97 98 99 100 101 102 103 104 105 106 107 108 109 110 111 112 113 114 115 116 117 118 119 120 121 122 123 124 125 126 127 128 129 130 131 132 133 134 135 136 137 138 139 140 141 142 143 144 145 146 147 148 149 150 151 152 153 154 155 156 157 158 159 160 161 162 163 164 165 166 167 168 | 169 170 171 172 173 174 175 176 177 178 179 180 181 182 183 184 185 186 187 188 189 190 191 192 193 194 195 196 197 198 199 | 0 1 2 3 4 5 6 7 8 9 10 11 12 13 14 |
>SEQ_21
 54 55 56 57 58 59 60 61 62 63 64 65 66 67 | 46 47 48 49 50 51 52 53 | 15 16 17 18 19 20 21 22 23 24 25 26 27 28 29 30 31 32 33 34 35 36 37 38 39 40 41 42 43 44 45 | 68 69 70 71 72 73 74 75 76 77 78 79 80 81 82 83 84 85 86 87 88 89 90 91 92 93 94 95 96 97 98 99 100 101 102 103 104 105 106 107 108 109 110 111 112 113 114 115 116 117 118 119 120 121 122 123 124 125 126 127 128 129 130 131 132 133 134 135 136 137 138 139 140 141 142 143 144 145 146 147 148 149 150 151 152 153 154 155 156 157 158 159 160 161 162 163 164 165 166 167 168 | 169 170 171 172 173 174 175 176 177 178 179 180 181 182 183 184 185 186 187 188 189 190 191 192 193 194 195 196 197 198 199 | 0 1 2 3 4 5 6 7 8 9 10 11 12 13 14 |
>SEQ_22
 54 55 56 57 58 59 60 61 62 63 64 65 66 67 | 46 47 48 49 50 51 52 53 | 15 16 17 18 19 20 21 22 23 24 25 26 27 28 29 30 31 32 33 34 35 36 37 38 39 40 41 42 43 44 45 | 68 69 70 71 72 73 74 75 76 77 78 79 80 81 82 83 84 85 86 87 88 89 90 91 92 93 94 95 96 97 98 99 100 101 102 103 104 105 106 107 108 109 110 111 112 113 114 115 116 117 118 119 120 121 122 123 124 125 126 127 128 129 130 131 132 133 134 135 136 137 138 139 140 141 142 143 144 145 146 147 148 149 150 151 152 153 154 155 156 157 158 159 160 161 162 163 164 165 166 167 168 | 169 170 171 172 173 174 175 176 177 178 179 180 181 182 183 184 185 186 187 188 189 190 191 192 193 194 195 196 197 198 199 | 0 1 2 3 4 5 6 7 8 9 10 11 12 13 14 |
>SEQ_23
 46 47 48 49 50 51 52 53 54 55 56 57 58 59 60 61 62 63 64 65 66 67 | 15 16 17 18 19 20 21 22 23 24 25 26 27 28 29 30 31 32 33 34 35 36 37 38 39 40 41 42 43 44 45 | 68 69 70 71 72 73 74 75 76 77 78 79 80 81 82 83 84 85 86 87 88 89 90 91 92 93 94 95 96 97 98 99 100 101 102 103 104 105 106 107 108 109 110 111 112 113 114 115 116 117 118 119 120 121 122 123 124 125 126 127 128 129 130 131 132 133 134 135 136 137 138 139 140 141 142 143 144 145 146 147 148 149 150 151 152 153 154 155 156 157 158 159 160 161 162 163 164 165 166 167 168 | 169 170 171 172 173 174 175 176 177 178 179 180 181 182 183 184 185 186 187 188 189 190 191 192 193 194 195 196 197 198 199 | 0 1 2 3 4 5 6 7 8 9 10 11 12 13 14 |
>SEQ_24
 46 47 48 49 50 51 52 53 54 55 56 57 58 59 60 61 62 63 64 65 66 67 | 15 16 17 18 19 20 21 22 23 24 25 26 27 28 29 30 31 32 33 34 35 36 37 38 39 40 41 42 43 44 45 | 68 69 70 71 72 73 74 75 76 77 78 79 80 81 82 83 84 85 86 87 88 89 90 91 92 93 94 95 96 97 98 99 100 101 102 103 104 105 106 107 108 109 110 111 112 113 114 115 116 117 118 119 120 121 122 123 124 125 126 127 128 129 130 131 132 133 134 135 136 137 138 139 140 141 142 143 144 145 146 147 148 149 150 151 152 153 154 155 156 157 158 159 160 161 162 163 164 165 166 167 168 | 169 170 171 172 173 174 175 176 177 178 179 180 181 182 183 184 185 186 187 188 189 190 191 192 193 194 195 196 197 198 199 | 0 1 2 3 4 5 6 7 8 9 10 11 12 13 14 |
>SEQ_25
 46 47 48 49 50 51 52 53 54 55 56 57 58 59 60 61 62 63 64 65 66 67 | 15 16 17 18 19 20 21 22 23 24 25 26 27 28 29 30 31 32 33 34 35 36 37 38 39 40 41 42 43 44 45 | 68 69 70 71 72 73 74 75 76 77 78 79 80 81 82 83 84 85 86 87 88 89 90 91 92 93 94 95 96 97 98 99 100 101 102 103 104 105 106 107 108 109 110 111 112 113 114 115 116 117 118 119 120 121 122 123 124 125 126 127 128 129 130 131 132 133 134 135 136 137 138 139 140 141 142 143 144 145 146 147 148 149 150 151 152 153 154 155 156 157 158 159 160 161 162 163 164 165 166 167 168 | 169 170 171 172 173 174 175 176 177 178 179 180 181 182 183 184 185 186 187 188 189 190 191 192 193 194 195 196 197 198 199 | 0 1 2 3 4 5 6 7 8 9 10 11 12 13 14 |
>SEQ_26
 46 47 48 49 50 51 52 53 54 55 56 57 58 59 60 61 62 63 64 65 66 67 | 15 16 17 18 19 20 21 22 23 24 25 26 27 28 29 30 31 32 33 34 35 36 37 38 39 40 41 42 43 44 45 | 68 69 70 71 72 73 74 75 76 77 78 79 80 81 82 83 84 85 86 87 88 89 90 91 92 93 94 95 96 97 98 99 100 101 102 103 104 105 106 107 108 109 110 111 112 113 114 115 116 117 118 119 120 121 122 123 124 125 126 127 128 129 130 131 132 133 134 135 136 137 138 139 140 141 142 143 144 145 146 147 148 149 150 151 152 153 154 155 156 157 158 159 160 161 162 163 164 165 166 167 168 | 169 170 171 172 173 174 175 176 177 178 179 180 181 182 183 184 185 186 187 188 189 190 191 192 193 194 195 196 197 198 199 | 0 1 2 3 4 5 6 7 8 9 10 11 12 13 14 |
>SEQ_27
 15 16 17 18 19 20 21 22 23 24 25 26 27 28 29 30 31 32 33 34 35 36 37 38 39 40 41 42 43 44 45 46 47 48 49 50 51 52 53 54 55 56 57 58 59 60 61 62 63 64 65 66 67 | 68 69 70 71 72 73 74 75 76 77 78 79 80 81 82 83 84 85 86 87 88 89 90 91 92 93 94 95 96 97 98 99 100 101 102 103 104 105 106 107 108 109 110 111 112 113 114 115 116 117 118 119 120 121 122 123 124 125 126 127 128 129 130 131 132 133 134 135 136 137 138 139 140 141 142 143 144 145 146 147 148 149 150 151 152 153 154 155 156 157 158 159 160 161 162 163 164 165 166 167 168 | 169 170 171 172 173 174 175 176 177 178 179 180 181 182 183 184 185 186 187 188 189 190 191 192 193 194 195 196 197 198 199 | 0 1 2 3 4 5 6 7 8 9 10 11 12 13 14 |
>SEQ_28
 15 16 17 18 19 20 21 22 23 24 25 26 27 28 29 30 31 32 33 34 35 36 37 38 39 40 41 42 43 44 45 46 47 48 49 50 51 52 53 54 55 56 57 58 59 60 61 62 63 64 65 66 67 | 68 69 70 71 72 73 74 75 76 77 78 79 80 81 82 83 84 85 86 87 88 89 90 91 92 93 94 95 96 97 98 99 100 101 102 103 104 105 106 107 108 109 110 111 112 113 114 115 116 117 118 119 120 121 122 123 124 125 126 127 128 129 130 131 132 133 134 135 136 137 138 139 140 141 142 143 144 145 146 147 148 149 150 151 152 153 154 155 156 157 158 159 160 161 162 163 164 165 166 167 168 | 169 170 171 172 173 174 175 176 177 178 179 180 181 182 183 184 185 186 187 188 189 190 191 192 193 194 195 196 197 198 199 | 0 1 2 3 4 5 6 7 8 9 10 11 12 13 14 |
>SEQ_29
 15 16 17 18 19 20 21 22 23 24 25 26 27 28 29 30 31 32 33 34 35 36 37 38 39 40 41 42 43 44 45 46 47 48 49 50 51 52 53 54 55 56 57 58 59 60 61 62 63 64 65 66 67 | 68 69 70 71 72 73 74 75 76 77 78 79 80 81 82 83 84 85 86 87 88 89 90 91 92 93 94 95 96 97 98 99 100 101 102 103 104 105 106 107 108 109 110 111 112 113 114 115 116 117 118 119 120 121 122 123 124 125 126 127 128 129 130 131 132 133 134 135 136 137 138 139 140 141 142 143 144 145 146 147 148 149 150 151 152 153 154 155 156 157 158 159 160 161 162 163 164 165 166 167 168 | 169 170 171 172 173 174 175 176 177 178 179 180 181 182 183 184 185 186 187 188 189 190 191 192 193 194 195 196 197 198 199 | 0 1 2 3 4 5 6 7 8 9 10 11 12 13 14 |
>SEQ_30
 15 16 17 18 19 20 21 22 23 24 25 26 27 28 29 30 31 32 33 34 35 36 37 38 39 40 41 42 43 44 45 46 47 48 49 50 51 52 53 54 55 56 57 58 59 60 61 62 63 64 65 66 67 | 68 69 70 71 72 73 74 75 76 77 78 79 80 81 82 83 84 85 86 87 88 89 90 91 92 93 94 95 96 97 98 99 100 101 102 103 104 105 106 107 108 109 110 111 112 113 114 115 116 117 118 119 120 121 122 123 124 125 126 127 128 129 130 131 132 133 134 135 136 137 138 139 140 141 142 143 144 145 146 147 148 149 150 151 152 153 154 155 156 157 158 159 160 161 162 163 164 165 166 167 168 | 169 170 171 172 173 174 175 176 177 178 179 180 181 182 183 184 185 186 187 188 189 190 191 192 193 194 195 196 197 198 199 | 0 1 2 3 4 5 6 7 8 9 10 11 12 13 14 |
>SEQ_31
 15 16 17 18 19 20 21 22 23 24 25 26 27 28 29 30 31 32 33 34 35 36 37 38 39 40 41 42 43 44 45 46 47 48 49 50 51 52 53 54 55 56 57 58 59 60 61 62 63 64 65 66 67 | 68 69 70 71 72 73 74 75 76 77 78 79 80 81 82 83 84 85 86 87 88 89 90 91 92 93 94 95 96 97 98 99 100 101 102 103 104 105 106 107 108 109 110 111 112 113 114 115 116 117 118 119 120 121 122 123 124 125 126 127 128 129 130 131 132 133 134 135 136 137 138 139 140 141 142 143 144 145 146 147 148 149 150 151 152 153 154 155 156 157 158 159 160 161 162 163 164 165 166 167 168 | 169 170 171 172 173 174 175 176 177 178 179 180 181 182 183 184 185 186 187 188 189 190 191 192 193 194 195 196 197 198 199 | 0 1 2 3 4 5 6 7 8 9 10 11 12 13 14 |
>SEQ_32
 15 16 17 18 19 20 21 22 23 24 25 26 27 28 29 30 31 32 33 34 35 36 37 38 39 40 41 42 43 44 45 46 47 48 49 50 51 52 53 54 55 56 57 58 59 60 61 62 63 64 65 66 67 | 68 69 70 71 72 73 74 75 76 77 78 79 80 81 82 83 84 85 86 87 88 89 90 91 92 93 94 95 96 97 98 99 100 101 102 103 104 105 106 107 108 109 110 111 112 113 114 115 116 117 118 119 120 121 122 123 124 125 126 127 128 129 130 131 132 133 134 135 136 137 138 139 140 141 142 143 144 145 146 147 148 149 150 151 152 153 154 155 156 157 158 159 160 161 162 163 164 165 166 167 168 | 169 170 171 172 173 174 175 176 177 178 179 180 181 182 183 184 185 186 187 188 189 190 191 192 193 194 195 196 197 198 199 | 0 1 2 3 4 5 6 7 8 9 10 11 12 13 14 |
>SEQ_33
 68 69 70 71 72 73 74 75 76 77 78 79 80 81 82 83 84 85 86 87 88 89 90 91 92 93 94 95 96 97 98 99 100 101 102 103 104 105 106 107 108 109 110 111 112 113 114 115 116 117 118 119 120 121 122 123 124 125 126 127 128 129 130 131 132 133 134 135 136 137 138 139 140 141 142 143 144 145 146 147 148 149 150 151 152 153 154 155 156 157 158 159 160 161 162 163 164 165 166 167 168 | 169 170 171 172 173 174 175 176 177 178 179 180 181 182 183 184 185 186 187 188 189 190 191 192 193 194 195 196 197 198 199 | 0 1 2 3 4 5 6 7 8 9 10 11 12 13 14 15 16 17 18 19 20 21 22 23 24 25 26 27 28 29 30 31 32 33 34 35 36 37 38 39 40 41 42 43 44 45 46 47 48 49 50 51 52 53 54 55 56 57 58 59 60 61 62 63 64 65 66 67 |
>SEQ_34
 169 170 171 172 173 174 175 176 177 178 179 180 181 182 183 184 185 186 187 188 189 190 191 192 193 194 195 196 197 198 199 | 0 1 2 3 4 5 6 7 8 9 10 11 12 13 14 15 16 17 18 19 20 21 22 23 24 25 26 27 28 29 30 31 32 33 34 35 36 37 38 39 40 41 42 43 44 45 46 47 48 49 50 51 52 53 54 55 56 57 58 59 60 61 62 63 64 65 66 67 68 69 70 71 72 73 74 75 76 77 78 79 80 81 82 83 84 85 86 87 88 89 90 91 92 93 94 95 96 97 98 99 100 101 102 103 104 105 106 107 108 109 110 111 112 113 114 115 116 117 118 119 120 121 122 123 124 125 126 127 128 129 130 131 132 133 134 135 136 137 138 139 140 141 142 143 144 145 146 147 148 149 150 151 152 153 154 155 156 157 158 159 160 161 162 163 164 165 166 167 168 |
>SEQ_35
 169 170 171 172 173 174 175 176 177 178 179 180 181 182 183 184 185 186 187 188 189 190 191 192 193 194 195 196 197 198 199 | 0 1 2 3 4 5 6 7 8 9 10 11 12 13 14 15 16 17 18 19 20 21 22 23 24 25 26 27 28 29 30 31 32 33 34 35 36 37 38 39 40 41 42 43 44 45 46 47 48 49 50 51 52 53 54 55 56 57 58 59 60 61 62 63 64 65 66 67 68 69 70 71 72 73 74 75 76 77 78 79 80 81 82 83 84 85 86 87 88 89 90 91 92 93 94 95 96 97 98 99 100 101 102 103 104 105 106 107 108 109 110 111 112 113 114 115 116 117 118 119 120 121 122 123 124 125 126 127 128 129 130 131 132 133 134 135 136 137 138 139 140 141 142 143 144 145 146 147 148 149 150 151 152 153 154 155 156 157 158 159 160 161 162 163 164 165 166 167 168 |
>SEQ_36
 169 170 171 172 173 174 175 176 177 178 179 180 181 182 183 184 185 186 187 188 189 190 191 192 193 194 195 196 197 198 199 | 0 1 2 3 4 5 6 7 8 9 10 11 12 13 14 15 16 17 18 19 20 21 22 23 24 25 26 27 28 29 30 31 32 33 34 35 36 37 38 39 40 41 42 43 44 45 46 47 48 49 50 51 52 53 54 55 56 57 58 59 60 61 62 63 64 65 66 67 68 69 70 71 72 73 74 75 76 77 78 79 80 81 82 83 84 85 86 87 88 89 90 91 92 93 94 95 96 97 98 99 100 101 102 103 104 105 106 107 108 109 110 111 112 113 114 115 116 117 118 119 120 121 122 123 124 125 126 127 128 129 130 131 132 133 134 135 136 137 138 139 140 141 142 143 144 145 146 147 148 149 150 151 152 153 154 155 156 157 158 159 160 161 162 163 164 165 166 167 168 |
>SEQ_37
 169 170 171 172 173 174 175 176 177 178 179 180 181 182 183 184 185 186 187 188 189 190 191 192 193 194 195 196 197 198 199 | 0 1 2 3 4 5 6 7 8 9 10 11 12 13 14 15 16 17 18 19 20 21 22 23 24 25 26 27 28 29 30 31 32 33 34 35 36 37 38 39 40 41 42 43 44 45 46 47 48 49 50 51 52 53 54 55 56 57 58 59 60 61 62 63 64 65 66 67 68 69 70 71 72 73 74 75 76 77 78 79 80 81 82 83 84 85 86 87 88 89 90 91 92 93 94 95 96 97 98 99 100 101 102 103 104 105 106 107 108 109 110 111 112 113 114 115 116 117 118 119 120 121 122 123 124 125 126 127 128 129 130 131 132 133 134 135 136 137 138 139 140 141 142 143 144 145 146 147 148 149 150 151 152 153 154 155 156 157 158 159 160 161 162 163 164 165 166 167 168 |
>SEQ_38
 169 170 171 172 173 174 175 176 177 178 179 180 181 182 183 184 185 186 187 188 189 190 191 192 193 194 195 196 197 198 199 | 0 1 2 3 4 5 6 7 8 9 10 11 12 13 14 15 16 17 18 19 20 21 22 23 24 25 26 27 28 29 30 31 32 33 34 35 36 37 38 39 40 41 42 43 44 45 46 47 48 49 50 51 52 53 54 55 56 57 58 59 60 61 62 63 64 65 66 67 68 69 70 71 72 73 74 75 76 77 78 79 80 81 82 83 84 85 86 87 88 89 90 91 92 93 94 95 96 97 98 99 100 101 102 103 104 105 106 107 108 109 110 111 112 113 114 115 116 117 118 119 120 121 122 123 124 125 126 127 128 129 130 131 132 133 134 135 136 137 138 139 140 141 142 143 144 145 146 147 148 149 150 151 152 153 154 155 156 157 158 159 160 161 162 163 164 165 166 167 168 |
>SEQ_39
 169 170 171 172 173 174 175 176 177 178 179 180 181 182 183 184 185 186 187 188 189 190 191 192 193 194 195 196 197 198 199 | 0 1 2 3 4 5 6 7 8 9 10 11 12 13 14 15 16 17 18 19 20 21 22 23 24 25 26 27 28 29 30 31 32 33 34 35 36 37 38 39 40 41 42 43 44 45 46 47 48 49 50 51 52 53 54 55 56 57 58 59 60 61 62 63 64 65 66 67 68 69 70 71 72 73 74 75 76 77 78 79 80 81 82 83 84 85 86 87 88 89 90 91 92 93 94 95 96 97 98 99 100 101 102 103 104 105 106 107 108 109 110 111 112 113 114 115 116 117 118 119 120 121 122 123 124 125 126 127 128 129 130 131 132 133 134 135 136 137 138 139 140 141 142 143 144 145 146 147 148 149 150 151 152 153 154 155 156 157 158 159 160 161 162 163 164 165 166 167 168 |
>SEQ_40
 169 170 171 172 173 174 175 176 177 178 179 180 181 182 183 184 185 186 187 188 189 190 191 192 193 194 195 196 197 198 199 | 0 1 2 3 4 5 6 7 8 9 10 11 12 13 14 15 16 17 18 19 20 21 22 23 24 25 26 27 28 29 30 31 32 33 34 35 36 37 38 39 40 41 42 43 44 45 46 47 48 49 50 51 52 53 54 55 56 57 58 59 60 61 62 63 64 65 66 67 68 69 70 71 72 73 74 75 76 77 78 79 80 81 82 83 84 85 86 87 88 89 90 91 92 93 94 95 96 97 98 99 100 101 102 103 104 105 106 107 108 109 110 111 112 113 114 115 116 117 118 119 120 121 122 123 124 125 126 127 128 129 130 131 132 133 134 135 136 137 138 139 140 141 142 143 144 145 146 147 148 149 150 151 152 153 154 155 156 157 158 159 160 161 162 163 164 165 166 167 168 |
>SEQ_41
 169 170 171 172 173 174 175 176 177 178 179 180 181 182 183 184 185 186 187 188 189 190 191 192 193 194 195 196 197 198 199 | 0 1 2 3 4 5 6 7 8 9 10 11 12 13 14 15 16 17 18 19 20 21 22 23 24 25 26 27 28 29 30 31 32 33 34 35 36 37 38 39 40 41 42 43 44 45 46 47 48 49 50 51 52 53 54 55 56 57 58 59 60 61 62 63 64 65 66 67 68 69 70 71 72 73 74 75 76 77 78 79 80 81 82 83 84 85 86 87 88 89 90 91 92 93 94 95 96 97 98 99 100 101 102 103 104 105 106 107 108 109 110 111 112 113 114 115 116 117 118 119 120 121 122 123 124 125 126 127 128 129 130 131 132 133 134 135 136 137 138 139 140 141 142 143 144 145 146 147 148 149 150 151 152 153 154 155 156 157 158 159 160 161 162 163 164 165 166 167 168 |
>SEQ_42
 169 170 171 172 173 174 175 176 177 178 179 180 181 182 183 184 185 186 187 188 189 190 191 192 193 194 195 196 197 198 199 | 0 1 2 3 4 5 6 7 8 9 10 11 12 13 14 15 16 17 18 19 20 21 22 23 24 25 26 27 28 29 30 31 32 33 34 35 36 37 38 39 40 41 42 43 44 45 46 47 48 49 50 51 52 53 54 55 56 57 58 59 60 61 62 63 64 65 66 67 68 69 70 71 72 73 74 75 76 77 78 79 80 81 82 83 84 85 86 87 88 89 90 91 92 93 94 95 96 97 98 99 100 101 102 103 104 105 106 107 108 109 110 111 112 113 114 115 116 117 118 119 120 121 122 123 124 125 126 127 128 129 130 131 132 133 134 135 136 137 138 139 140 141 142 143 144 145 146 147 148 149 150 151 152 153 154 155 156 157 158 159 160 161 162 163 164 165 166 167 168 |
>SEQ_43
 169 170 171 172 173 174 175 176 177 178 179 180 181 182 183 184 185 186 187 188 189 190 191 192 193 194 195 196 197 198 199 | 0 1 2 3 4 5 6 7 8 9 10 11 12 13 14 15 16 17 18 19 20 21 22 23 24 25 26 27 28 29 30 31 32 33 34 35 36 37 38 39 40 41 42 43 44 45 46 47 48 49 50 51 52 53 54 55 56 57 58 59 60 61 62 63 64 65 66 67 68 69 70 71 72 73 74 75 76 77 78 79 80 81 82 83 84 85 86 87 88 89 90 91 92 93 94 95 96 97 98 99 100 101 102 103 104 105 106 107 108 109 110 111 112 113 114 115 116 117 118 119 120 121 122 123 124 125 126 127 128 129 130 131 132 133 134 135 136 137 138 139 140 141 142 143 144 145 146 147 148 149 150 151 152 153 154 155 156 157 158 159 160 161 162 163 164 165 166 167 168 |
>SEQ_44
 169 170 171 172 173 174 175 176 177 178 179 180 181 182 183 184 185 186 187 188 189 190 191 192 193 194 195 196 197 198 199 | 0 1 2 3 4 5 6 7 8 9 10 11 12 13 14 15 16 17 18 19 20 21 22 23 24 25 26 27 28 29 30 31 32 33 34 35 36 37 38 39 40 41 42 43 44 45 46 47 48 49 50 51 52 53 54 55 56 57 58 59 60 61 62 63 64 65 66 67 68 69 70 71 72 73 74 75 76 77 78 79 80 81 82 83 84 85 86 87 88 89 90 91 92 93 94 95 96 97 98 99 100 101 102 103 104 105 106 107 108 109 110 111 112 113 114 115 116 117 118 119 120 121 122 123 124 125 126 127 128 129 130 131 132 133 134 135 136 137 138 139 140 141 142 143 144 145 146 147 148 149 150 151 152 153 154 155 156 157 158 159 160 161 162 163 164 165 166 167 168 |
>SEQ_45
 169 170 171 172 173 174 175 176 177 178 179 180 181 182 183 184 185 186 187 188 189 190 191 192 193 194 195 196 197 198 199 | 0 1 2 3 4 5 6 7 8 9 10 11 12 13 14 15 16 17 18 19 20 21 22 23 24 25 26 27 28 29 30 31 32 33 34 35 36 37 38 39 40 41 42 43 44 45 46 47 48 49 50 51 52 53 54 55 56 57 58 59 60 61 62 63 64 65 66 67 68 69 70 71 72 73 74 75 76 77 78 79 80 81 82 83 84 85 86 87 88 89 90 91 92 93 94 95 96 97 98 99 100 101 102 103 104 105 106 107 108 109 110 111 112 113 114 115 116 117 118 119 120 121 122 123 124 125 126 127 128 129 130 131 132 133 134 135 136 137 138 139 140 141 142 143 144 145 146 147 148 149 150 151 152 153 154 155 156 157 158 159 160 161 162 163 164 165 166 167 168 |
>SEQ_46
 169 170 171 172 173 174 175 176 177 178 179 180 181 182 183 184 185 186 187 188 189 190 191 192 193 194 195 196 197 198 199 | 0 1 2 3 4 5 6 7 8 9 10 11 12 13 14 15 16 17 18 19 20 21 22 23 24 25 26 27 28 29 30 31 32 33 34 35 36 37 38 39 40 41 42 43 44 45 46 47 48 49 50 51 52 53 54 55 56 57 58 59 60 61 62 63 64 65 66 67 68 69 70 71 72 73 74 75 76 77 78 79 80 81 82 83 84 85 86 87 88 89 90 91 92 93 94 95 96 97 98 99 100 101 102 103 104 105 106 107 108 109 110 111 112 113 114 115 116 117 118 119 120 121 122 123 124 125 126 127 128 129 130 131 132 133 134 135 136 137 138 139 140 141 142 143 144 145 146 147 148 149 150 151 152 153 154 155 156 157 158 159 160 161 162 163 164 165 166 167 168 |
>SEQ_47
 169 170 171 172 173 174 175 176 177 178 179 180 181 182 183 184 185 186 187 188 189 190 191 192 193 194 195 196 197 198 199 | 0 1 2 3 4 5 6 7 8 9 10 11 12 13 14 15 16 17 18 19 20 21 22 23 24 25 26 27 28 29 30 31 32 33 34 35 36 37 38 39 40 41 42 43 44 45 46 47 48 49 50 51 52 53 54 55 56 57 58 59 60 61 62 63 64 65 66 67 68 69 70 71 72 73 74 75 76 77 78 79 80 81 82 83 84 85 86 87 88 89 90 91 92 93 94 95 96 97 98 99 100 101 102 103 104 105 106 107 108 109 110 111 112 113 114 115 116 117 118 119 120 121 122 123 124 125 126 127 128 129 130 131 132 133 134 135 136 137 138 139 140 141 142 143 144 145 146 147 148 149 150 151 152 153 154 155 156 157 158 159 160 161 162 163 164 165 166 167 168 |
>SEQ_48
 169 170 171 172 173 174 175 176 177 178 179 180 181 182 183 184 185 186 187 188 189 190 191 192 193 194 195 196 197 198 199 | 0 1 2 3 4 5 6 7 8 9 10 11 12 13 14 15 16 17 18 19 20 21 22 23 24 25 26 27 28 29 30 31 32 33 34 35 36 37 38 39 40 41 42 43 44 45 46 47 48 49 50 51 52 53 54 55 56 57 58 59 60 61 62 63 64 65 66 67 68 69 70 71 72 73 74 75 76 77 78 79 80 81 82 83 84 85 86 87 88 89 90 91 92 93 94 95 96 97 98 99 100 101 102 103 104 105 106 107 108 109 110 111 112 113 114 115 116 117 118 119 120 121 122 123 124 125 126 127 128 129 130 131 132 133 134 135 136 137 138 139 140 141 142 143 144 145 146 147 148 149 150 151 152 153 154 155 156 157 158 159 160 161 162 163 164 165 166 167 168 |
>SEQ_49
 0 1 2 3 4 5 6 7 8 9 10 11 12 13 14 15 16 17 18 19 20 21 22 23 24 25 26 27 28 29 30 31 32 33 34 35 36 37 38 39 40 41 42 43 44 45 46 47 48 49 50 51 52 53 54 55 56 57 58 59 60 61 62 63 64 65 66 67 68 69 70 71 72 73 74 75 76 77 78 79 80 81 82 83 84 85 86 87 88 89 90 91 92 93 94 95 96 97 98 99 100 101 102 103 104 105 106 107 108 109 110 111 112 113 114 115 116 117 118 119 120 121 122 123 124 125 126 127 128 129 130 131 132 133 134 135 136 137 138 139 140 141 142 143 144 145 146 147 148 149 150 151 152 153 154 155 156 157 158 159 160 161 162 163 164 165 166 167 168 169 170 171 172 173 174 175 176 177 178 179 180 181 182 183 184 185 186 187 188 189 190 191 192 193 194 195 196 197 198 199 |
>SEQ_50
 0 1 2 3 4 5 6 7 8 9 10 11 12 13 14 15 16 17 18 19 20 21 22 23 24 25 26 27 28 29 30 31 32 33 34 35 36 37 38 39 40 41 42 43 44 45 46 47 48 49 50 51 52 53 54 55 56 57 58 59 60 61 62 63 64 65 66 67 68 69 70 71 72 73 74 75 76 77 78 79 80 81 82 83 84 85 86 87 88 89 90 91 92 93 94 95 96 97 98 99 100 101 102 103 104 105 106 107 108 109 110 111 112 113 114 115 116 117 118 119 120 121 122 123 124 125 126 127 128 129 130 131 132 133 134 135 136 137 138 139 140 141 142 143 144 145 146 147 148 149 150 151 152 153 154 155 156 157 158 159 160 161 162 163 164 165 166 167 168 169 170 171 172 173 174 175 176 177 178 179 180 181 182 183 184 185 186 187 188 189 190 191 192 193 194 195 196 197 198 199 |
>SEQ_51
 0 1 2 3 4 5 6 7 8 9 10 11 12 13 14 15 16 17 18 19 20 21 22 23 24 25 26 27 28 29 30 31 32 33 34 35 36 37 38 39 40 41 42 43 44 45 46 47 48 49 50 51 52 53 54 55 56 57 58 59 60 61 62 63 64 65 66 67 68 69 70 71 72 73 74 75 76 77 78 79 80 81 82 83 84 85 86 87 88 89 90 91 92 93 94 95 96 97 98 99 100 101 102 103 104 105 106 107 108 109 110 111 112 113 114 115 116 117 118 119 120 121 122 123 124 125 126 127 128 129 130 131 132 133 134 135 136 137 138 139 140 141 142 143 144 145 146 147 148 149 150 151 152 153 154 155 156 157 158 159 160 161 162 163 164 165 166 167 168 169 170 171 172 173 174 175 176 177 178 179 180 181 182 183 184 185 186 187 188 189 190 191 192 193 194 195 196 197 198 199 |
>SEQ_52
 0 1 2 3 4 5 6 7 8 9 10 11 12 13 14 15 16 17 18 19 20 21 22 23 24 25 26 27 28 29 30 31 32 33 34 35 36 37 38 39 40 41 42 43 44 45 46 47 48 49 50 51 52 53 54 55 56 57 58 59 60 61 62 63 64 65 66 67 68 69 70 71 72 73 74 75 76 77 78 79 80 81 82 83 84 85 86 87 88 89 90 91 92 93 94 95 96 97 98 99 100 101 102 103 104 105 106 107 108 109 110 111 112 113 114 115 116 117 118 119 120 121 122 123 124 125 126 127 128 129 130 131 132 133 134 135 136 137 138 139 140 141 142 143 144 145 146 147 148 149 150 151 152 153 154 155 156 157 158 159 160 161 162 163 164 165 166 167 168 169 170 171 172 173 174 175 176 177 178 179 180 181 182 183 184 185 186 187 188 189 190 191 192 193 194 195 196 197 198 199 |
>SEQ_53
 0 1 2 3 4 5 6 7 8 9 10 11 12 13 14 15 16 17 18 19 20 21 22 23 24 25 26 27 28 29 30 31 32 33 34 35 36 37 38 39 40 41 42 43 44 45 46 47 48 49 50 51 52 53 54 55 56 57 58 59 60 61 62 63 64 65 66 67 68 69 70 71 72 73 74 75 76 77 78 79 80 81 82 83 84 85 86 87 88 89 90 91 92 93 94 95 96 97 98 99 100 101 102 103 104 105 106 107 108 109 110 111 112 113 114 115 116 117 118 119 120 121 122 123 124 125 126 127 128 129 130 131 132 133 134 135 136 137 138 139 140 141 142 143 144 145 146 147 148 149 150 151 152 153 154 155 156 157 158 159 160 161 162 163 164 165 166 167 168 169 170 171 172 173 174 175 176 177 178 179 180 181 182 183 184 185 186 187 188 189 190 191 192 193 194 195 196 197 198 199 |

Output:


DCJ-indel distance comparisons:
____________________________________________________________________________________________________________________________________________________________________________________________________________________________________________________________________________________________________________________________________________________________________________________________________________________________________________________________________________________________________________________________________________________________________________________________________________________________________________________________________________________________________________________________________________________________________________________________________________________________________________________________________________________________________________________________________________________________________________________________________________________________________________________________________________________________________________________________________________________________________________________________________________________________________________________________________________________________________________________________________________________________________________________________________________________________________________________________________________________________________________________________________________________________________________________________________________________________________________________________________________________________________________________________________________________________________________________________________________________________________________________________________________________________________________________________________________________________________________________________________________________________________________________________________________________________________________________________________________________________________________________________________________________________________________________________________________________________________________________________________________________________________________________________
|                         | simulated_k54_l200_18 | simulated_k54_l200_22 | simulated_k54_l200_24 | simulated_k54_l200_28 | simulated_k54_l200_30 | simulated_k54_l200_32 | simulated_k54_l200_42 | simulated_k54_l200_44 | simulated_k54_l200_46 | simulated_k54_l200_48 | simulated_k54_l200_52 | simulated_k54_l200_54 | simulated_k54_l200_55 | simulated_k54_l200_56 | simulated_k54_l200_58 | simulated_k54_l200_62 | simulated_k54_l200_63 | simulated_k54_l200_64 | simulated_k54_l200_65 | simulated_k54_l200_66 | simulated_k54_l200_68 | simulated_k54_l200_69 | simulated_k54_l200_70 | simulated_k54_l200_71 | simulated_k54_l200_72 | simulated_k54_l200_74 | simulated_k54_l200_76 | simulated_k54_l200_78 | simulated_k54_l200_79 | simulated_k54_l200_80 | simulated_k54_l200_81 | simulated_k54_l200_82 | simulated_k54_l200_84 | simulated_k54_l200_85 | simulated_k54_l200_86 | simulated_k54_l200_87 | simulated_k54_l200_88 | simulated_k54_l200_89 | simulated_k54_l200_90 | simulated_k54_l200_91 | simulated_k54_l200_92 | simulated_k54_l200_93 | simulated_k54_l200_94 | simulated_k54_l200_95 | simulated_k54_l200_96 | simulated_k54_l200_97 | simulated_k54_l200_98 | simulated_k54_l200_99 | simulated_k54_l200_100 | simulated_k54_l200_102 | simulated_k54_l200_103 | simulated_k54_l200_104 | simulated_k54_l200_105 | simulated_k54_l200_106 | MST_1 | MST_2 | MST_3 | MST_4 | MST_5 | MST_6 | MST_7 | MST_8 | MST_9 | MST_10 | MST_11 | MST_12 | MST_13 | MST_14 | MST_15 | MST_16 | MST_17 | MST_18 | MST_19 | MST_20 | MST_21 | MST_22 | MST_23 | MST_24 | MST_25 | MST_26 | MST_27 | MST_28 | MST_29 | MST_30 | MST_31 | MST_32 | MST_33 | MST_34 | MST_35 | MST_36 | MST_37 | MST_38 | MST_39 | MST_40 | MST_41 | MST_42 | MST_43 | MST_44 | MST_45 | MST_46 | MST_47 | MST_48 | MST_49 | MST_50 | MST_51 | MST_52 | MST_53 | MST_54 | MST_55 | MST_56 | SEQ_0 | SEQ_1 | SEQ_2 | SEQ_3 | SEQ_4 | SEQ_5 | SEQ_6 | SEQ_7 | SEQ_8 | SEQ_9 | SEQ_10 | SEQ_11 | SEQ_12 | SEQ_13 | SEQ_14 | SEQ_15 | SEQ_16 | SEQ_17 | SEQ_18 | SEQ_19 | SEQ_20 | SEQ_21 | SEQ_22 | SEQ_23 | SEQ_24 | SEQ_25 | SEQ_26 | SEQ_27 | SEQ_28 | SEQ_29 | SEQ_30 | SEQ_31 | SEQ_32 | SEQ_33 | SEQ_34 | SEQ_35 | SEQ_36 | SEQ_37 | SEQ_38 | SEQ_39 | SEQ_40 | SEQ_41 | SEQ_42 | SEQ_43 | SEQ_44 | SEQ_45 | SEQ_46 | SEQ_47 | SEQ_48 | SEQ_49 | SEQ_50 | SEQ_51 | SEQ_52 | SEQ_53 | 
| simulated_k54_l200_18   |                     0 |                    21 |                    21 |                    22 |                    26 |                    13 |                    23 |                    14 |                    30 |                    21 |                    20 |                    26 |                    31 |                    28 |                    19 |                    15 |                    16 |                    16 |                    15 |                    12 |                    21 |                    21 |                    22 |                    16 |                    14 |                    22 |                    22 |                    24 |                    23 |                    24 |                    22 |                    23 |                    18 |                    28 |                    27 |                    15 |                    16 |                    23 |                    24 |                    25 |                    28 |                    21 |                    20 |                    16 |                    16 |                    24 |                    24 |                    28 |                     25 |                     24 |                     11 |                     10 |                     25 |                     26 |    66 |    27 |    13 |    77 |    70 |    57 |    48 |    42 |    39 |     34 |     27 |     26 |     20 |     17 |     17 |     16 |     17 |     15 |     14 |     14 |     15 |     14 |     13 |     13 |     13 |     14 |     14 |     14 |     14 |     13 |     13 |     13 |     13 |     13 |     13 |     12 |     11 |     11 |     11 |     11 |     11 |     11 |     11 |     11 |     11 |     11 |     11 |     11 |     11 |     12 |     12 |     12 |     12 |     12 |     55 |     52 |    84 |    80 |    71 |    62 |    47 |    43 |    39 |    34 |    29 |    26 |     24 |     17 |     17 |     16 |     17 |     15 |     14 |     14 |     15 |     15 |     13 |     13 |     13 |     14 |     14 |     14 |     14 |     13 |     13 |     13 |     13 |     13 |     13 |     12 |     11 |     11 |     11 |     11 |     11 |     11 |     11 |     11 |     11 |     11 |     11 |     11 |     11 |     11 |     11 |     12 |     12 |     12 |     12 |     12 |
| simulated_k54_l200_22   |                     - |                     0 |                    24 |                    25 |                    29 |                    18 |                    20 |                    23 |                    29 |                    24 |                    17 |                    25 |                    30 |                    27 |                    18 |                    20 |                    13 |                    13 |                    22 |                    19 |                    20 |                    20 |                    21 |                    15 |                    15 |                    19 |                    17 |                    25 |                    22 |                    23 |                    19 |                    20 |                    27 |                    25 |                    24 |                    24 |                    25 |                    22 |                    23 |                    20 |                    23 |                    24 |                    23 |                    27 |                    27 |                    21 |                    21 |                    27 |                     24 |                     19 |                     18 |                     17 |                     20 |                     21 |    63 |    26 |    14 |    77 |    72 |    56 |    48 |    42 |    39 |     37 |     32 |     29 |     23 |     20 |     20 |     19 |     16 |     14 |     13 |     11 |     12 |     11 |     10 |     10 |     10 |     11 |     11 |     11 |     11 |     12 |     12 |     12 |     12 |     12 |     12 |     13 |     14 |     14 |     14 |     14 |     14 |     14 |     14 |     14 |     14 |     14 |     14 |     14 |     14 |     15 |     15 |     15 |     15 |     15 |     59 |     49 |    81 |    76 |    74 |    62 |    47 |    43 |    39 |    37 |    34 |    29 |     27 |     20 |     20 |     19 |     16 |     14 |     13 |     11 |     12 |     12 |     10 |     10 |     10 |     11 |     11 |     11 |     11 |     12 |     12 |     12 |     12 |     12 |     12 |     13 |     14 |     14 |     14 |     14 |     14 |     14 |     14 |     14 |     14 |     14 |     14 |     14 |     14 |     14 |     14 |     15 |     15 |     15 |     15 |     15 |
| simulated_k54_l200_24   |                     - |                     - |                     0 |                    23 |                    27 |                    22 |                    26 |                    23 |                    33 |                    22 |                    25 |                    27 |                    34 |                    31 |                    26 |                    24 |                    21 |                    21 |                    20 |                    21 |                    28 |                    22 |                    25 |                    15 |                    13 |                    25 |                    27 |                    27 |                    24 |                    25 |                    25 |                    26 |                    25 |                    31 |                    30 |                    24 |                    25 |                    24 |                    25 |                    30 |                    33 |                    20 |                    21 |                    25 |                    25 |                    29 |                    29 |                    29 |                     26 |                     29 |                     20 |                     19 |                     30 |                     31 |    65 |    30 |    16 |    85 |    76 |    61 |    51 |    45 |    44 |     41 |     34 |     33 |     26 |     23 |     23 |     22 |     21 |     19 |     20 |     17 |     18 |     19 |     18 |     18 |     18 |     17 |     17 |     17 |     17 |     16 |     16 |     16 |     16 |     16 |     16 |     15 |     14 |     14 |     14 |     14 |     14 |     14 |     14 |     14 |     14 |     14 |     14 |     14 |     14 |     15 |     15 |     15 |     15 |     15 |     55 |     50 |    84 |    88 |    76 |    65 |    52 |    46 |    44 |    41 |    36 |    33 |     31 |     23 |     23 |     22 |     21 |     19 |     20 |     17 |     18 |     18 |     18 |     18 |     18 |     17 |     17 |     17 |     17 |     16 |     16 |     16 |     16 |     16 |     16 |     15 |     14 |     14 |     14 |     14 |     14 |     14 |     14 |     14 |     14 |     14 |     14 |     14 |     14 |     14 |     14 |     15 |     15 |     15 |     15 |     15 |
| simulated_k54_l200_28   |                     - |                     - |                     - |                     0 |                    14 |                    19 |                    25 |                    18 |                    32 |                     9 |                    24 |                    28 |                    33 |                    30 |                    25 |                    25 |                    20 |                    20 |                    25 |                    22 |                    27 |                    23 |                    24 |                    20 |                    18 |                    24 |                    26 |                    28 |                    25 |                    26 |                    24 |                    25 |                    24 |                    30 |                    29 |                    21 |                    22 |                    23 |                    24 |                    29 |                    32 |                     9 |                     8 |                    28 |                    28 |                    27 |                    27 |                    30 |                     27 |                     28 |                     21 |                     20 |                     29 |                     30 |    63 |    29 |    15 |    79 |    67 |    55 |    48 |    46 |    43 |     38 |     33 |     32 |     28 |     27 |     27 |     26 |     23 |     21 |     22 |     20 |     19 |     18 |     17 |     17 |     17 |     16 |     16 |     16 |     16 |     15 |     15 |     15 |     15 |     15 |     15 |     14 |     13 |     13 |     13 |     13 |     13 |     13 |     13 |     13 |     13 |     13 |     13 |     13 |     13 |     12 |     12 |     12 |     12 |     12 |     55 |     51 |    82 |    82 |    70 |    59 |    48 |    47 |    43 |    38 |    35 |    32 |     32 |     27 |     27 |     26 |     23 |     21 |     22 |     20 |     19 |     19 |     17 |     17 |     17 |     16 |     16 |     16 |     16 |     15 |     15 |     15 |     15 |     15 |     15 |     14 |     13 |     13 |     13 |     13 |     13 |     13 |     13 |     13 |     13 |     13 |     13 |     13 |     13 |     13 |     13 |     12 |     12 |     12 |     12 |     12 |
| simulated_k54_l200_30   |                     - |                     - |                     - |                     - |                     0 |                    25 |                    27 |                    26 |                    32 |                    11 |                    28 |                    32 |                    35 |                    32 |                    29 |                    27 |                    24 |                    24 |                    29 |                    26 |                    31 |                    23 |                    24 |                    24 |                    22 |                    26 |                    30 |                    32 |                    29 |                    30 |                    26 |                    27 |                    28 |                    32 |                    31 |                    25 |                    26 |                    25 |                    26 |                    33 |                    36 |                    11 |                    10 |                    32 |                    32 |                    32 |                    32 |                    34 |                     31 |                     32 |                     25 |                     24 |                     33 |                     34 |    61 |    32 |    19 |    75 |    67 |    55 |    49 |    47 |    44 |     40 |     37 |     36 |     32 |     31 |     31 |     30 |     27 |     25 |     26 |     24 |     23 |     22 |     21 |     21 |     21 |     20 |     20 |     20 |     20 |     19 |     19 |     19 |     19 |     19 |     19 |     18 |     17 |     17 |     17 |     17 |     17 |     17 |     17 |     17 |     17 |     17 |     17 |     17 |     17 |     16 |     16 |     16 |     16 |     16 |     52 |     53 |    77 |    79 |    69 |    59 |    49 |    48 |    44 |    40 |    37 |    36 |     36 |     31 |     31 |     30 |     27 |     25 |     26 |     24 |     23 |     23 |     21 |     21 |     21 |     20 |     20 |     20 |     20 |     19 |     19 |     19 |     19 |     19 |     19 |     18 |     17 |     17 |     17 |     17 |     17 |     17 |     17 |     17 |     17 |     17 |     17 |     17 |     17 |     17 |     17 |     16 |     16 |     16 |     16 |     16 |
| simulated_k54_l200_32   |                     - |                     - |                     - |                     - |                     - |                     0 |                    24 |                     7 |                    29 |                    20 |                    21 |                    25 |                    30 |                    27 |                    20 |                    14 |                    17 |                    17 |                    12 |                     9 |                    24 |                    24 |                    25 |                    15 |                    13 |                    23 |                    23 |                    23 |                    22 |                    23 |                    23 |                    24 |                    11 |                    29 |                    28 |                     8 |                     9 |                    22 |                    23 |                    26 |                    29 |                    20 |                    19 |                    17 |                    17 |                    25 |                    25 |                    27 |                     24 |                     25 |                     10 |                      9 |                     26 |                     27 |    66 |    22 |    10 |    80 |    70 |    55 |    45 |    39 |    38 |     33 |     26 |     23 |     21 |     18 |     18 |     17 |     18 |     16 |     15 |     15 |     16 |     15 |     14 |     14 |     14 |     13 |     13 |     13 |     13 |     12 |     12 |     12 |     12 |     12 |     12 |     11 |     10 |     10 |     10 |     10 |     10 |     10 |     10 |     10 |     10 |     10 |     10 |     10 |     10 |     11 |     11 |     11 |     11 |     11 |     54 |     52 |    84 |    79 |    72 |    61 |    45 |    40 |    38 |    33 |    28 |    23 |     25 |     18 |     18 |     17 |     18 |     16 |     15 |     15 |     16 |     16 |     14 |     14 |     14 |     13 |     13 |     13 |     13 |     12 |     12 |     12 |     12 |     12 |     12 |     11 |     10 |     10 |     10 |     10 |     10 |     10 |     10 |     10 |     10 |     10 |     10 |     10 |     10 |     10 |     10 |     11 |     11 |     11 |     11 |     11 |
| simulated_k54_l200_42   |                     - |                     - |                     - |                     - |                     - |                     - |                     0 |                    23 |                    29 |                    24 |                    17 |                    21 |                    30 |                    27 |                    18 |                    22 |                    13 |                    13 |                    24 |                    21 |                    20 |                     6 |                     7 |                    19 |                    19 |                     5 |                    19 |                    23 |                    20 |                    21 |                     5 |                     6 |                    29 |                    11 |                    10 |                    26 |                    27 |                    18 |                    19 |                    22 |                    25 |                    24 |                    23 |                    29 |                    29 |                    21 |                    21 |                    25 |                     22 |                     21 |                     20 |                     19 |                     22 |                     23 |    62 |    29 |    16 |    73 |    62 |    47 |    39 |    35 |    32 |     27 |     26 |     25 |     21 |     18 |     18 |     17 |     14 |     14 |     15 |     13 |     12 |     11 |     10 |     10 |     10 |     11 |     11 |     11 |     11 |     12 |     12 |     12 |     12 |     12 |     12 |     13 |     14 |     14 |     14 |     14 |     14 |     14 |     14 |     14 |     14 |     14 |     14 |     14 |     14 |     15 |     15 |     15 |     15 |     15 |     57 |     50 |    81 |    78 |    64 |    52 |    38 |    36 |    32 |    27 |    26 |    25 |     25 |     18 |     18 |     17 |     14 |     14 |     15 |     13 |     12 |     12 |     10 |     10 |     10 |     11 |     11 |     11 |     11 |     12 |     12 |     12 |     12 |     12 |     12 |     13 |     14 |     14 |     14 |     14 |     14 |     14 |     14 |     14 |     14 |     14 |     14 |     14 |     14 |     14 |     14 |     15 |     15 |     15 |     15 |     15 |
| simulated_k54_l200_44   |                     - |                     - |                     - |                     - |                     - |                     - |                     - |                     0 |                    30 |                    21 |                    22 |                    24 |                    31 |                    28 |                    19 |                    15 |                    18 |                    18 |                    13 |                    10 |                    23 |                    23 |                    24 |                    16 |                    14 |                    22 |                    22 |                    22 |                    21 |                    22 |                    22 |                    23 |                    12 |                    28 |                    27 |                     9 |                    10 |                    23 |                    24 |                    25 |                    28 |                    21 |                    20 |                    18 |                    18 |                    26 |                    26 |                    26 |                     23 |                     24 |                     11 |                     10 |                     25 |                     26 |    66 |    27 |    13 |    76 |    65 |    51 |    42 |    36 |    35 |     30 |     23 |     22 |     20 |     17 |     17 |     16 |     17 |     17 |     16 |     16 |     17 |     16 |     15 |     15 |     15 |     14 |     14 |     14 |     14 |     13 |     13 |     13 |     13 |     13 |     13 |     12 |     11 |     11 |     11 |     11 |     11 |     11 |     11 |     11 |     11 |     11 |     11 |     11 |     11 |     12 |     12 |     12 |     12 |     12 |     55 |     52 |    86 |    79 |    67 |    57 |    42 |    37 |    35 |    30 |    25 |    22 |     24 |     17 |     17 |     16 |     17 |     17 |     16 |     16 |     17 |     17 |     15 |     15 |     15 |     14 |     14 |     14 |     14 |     13 |     13 |     13 |     13 |     13 |     13 |     12 |     11 |     11 |     11 |     11 |     11 |     11 |     11 |     11 |     11 |     11 |     11 |     11 |     11 |     11 |     11 |     12 |     12 |     12 |     12 |     12 |
| simulated_k54_l200_46   |                     - |                     - |                     - |                     - |                     - |                     - |                     - |                     - |                     0 |                    31 |                    24 |                    22 |                    11 |                     8 |                    25 |                    31 |                    22 |                    20 |                    31 |                    28 |                    27 |                    27 |                    28 |                    22 |                    22 |                    28 |                    26 |                    22 |                    19 |                    20 |                    28 |                    29 |                    34 |                    34 |                    33 |                    31 |                    32 |                    19 |                    20 |                    29 |                    32 |                    31 |                    30 |                    32 |                    32 |                    28 |                    28 |                    24 |                     21 |                     28 |                     27 |                     26 |                     29 |                     28 |    62 |    29 |    21 |    72 |    66 |    56 |    49 |    45 |    44 |     36 |     32 |     29 |     31 |     28 |     28 |     27 |     24 |     22 |     21 |     22 |     21 |     20 |     19 |     19 |     19 |     18 |     18 |     18 |     18 |     17 |     17 |     17 |     17 |     17 |     17 |     18 |     19 |     19 |     19 |     19 |     19 |     19 |     19 |     19 |     19 |     19 |     19 |     19 |     19 |     20 |     20 |     20 |     20 |     20 |     60 |     48 |    80 |    76 |    66 |    58 |    49 |    46 |    44 |    39 |    31 |    29 |     28 |     28 |     28 |     28 |     24 |     22 |     21 |     22 |     21 |     21 |     19 |     19 |     19 |     18 |     18 |     18 |     18 |     17 |     17 |     17 |     17 |     17 |     17 |     18 |     19 |     19 |     19 |     19 |     19 |     19 |     19 |     19 |     19 |     19 |     19 |     19 |     19 |     19 |     19 |     20 |     20 |     20 |     20 |     20 |
| simulated_k54_l200_48   |                     - |                     - |                     - |                     - |                     - |                     - |                     - |                     - |                     - |                     0 |                    23 |                    27 |                    32 |                    29 |                    24 |                    24 |                    19 |                    19 |                    24 |                    21 |                    26 |                    22 |                    23 |                    19 |                    17 |                    23 |                    23 |                    27 |                    24 |                    25 |                    23 |                    24 |                    23 |                    29 |                    28 |                    20 |                    21 |                    22 |                    23 |                    28 |                    31 |                     4 |                     3 |                    27 |                    27 |                    27 |                    27 |                    29 |                     26 |                     27 |                     20 |                     19 |                     26 |                     27 |    65 |    26 |    14 |    77 |    65 |    54 |    48 |    46 |    41 |     37 |     32 |     31 |     27 |     26 |     26 |     25 |     22 |     20 |     21 |     19 |     18 |     17 |     16 |     16 |     16 |     15 |     15 |     15 |     15 |     14 |     14 |     14 |     14 |     14 |     14 |     13 |     12 |     12 |     12 |     12 |     12 |     12 |     12 |     12 |     12 |     12 |     12 |     12 |     12 |     11 |     11 |     11 |     11 |     11 |     56 |     50 |    84 |    80 |    67 |    56 |    48 |    47 |    41 |    37 |    34 |    31 |     31 |     26 |     26 |     25 |     22 |     20 |     21 |     19 |     18 |     18 |     16 |     16 |     16 |     15 |     15 |     15 |     15 |     14 |     14 |     14 |     14 |     14 |     14 |     13 |     12 |     12 |     12 |     12 |     12 |     12 |     12 |     12 |     12 |     12 |     12 |     12 |     12 |     12 |     12 |     11 |     11 |     11 |     11 |     11 |
| simulated_k54_l200_52   |                     - |                     - |                     - |                     - |                     - |                     - |                     - |                     - |                     - |                     - |                     0 |                    22 |                    25 |                    22 |                     7 |                    21 |                    10 |                     8 |                    21 |                    18 |                     9 |                    17 |                    18 |                    16 |                    16 |                    16 |                     8 |                    22 |                    19 |                    20 |                    16 |                    17 |                    26 |                    22 |                    21 |                    23 |                    24 |                    19 |                    20 |                    11 |                    14 |                    23 |                    22 |                    22 |                    22 |                     8 |                     8 |                    24 |                     21 |                     10 |                     17 |                     16 |                     11 |                     12 |    62 |    27 |    13 |    75 |    67 |    52 |    44 |    38 |    35 |     30 |     23 |     20 |     12 |     15 |     15 |     16 |     13 |     11 |     10 |     10 |      9 |      8 |      7 |      7 |      7 |      8 |      8 |      8 |      8 |      9 |      9 |      9 |      9 |      9 |      9 |     10 |     11 |     11 |     11 |     11 |     11 |     11 |     11 |     11 |     11 |     11 |     11 |     11 |     11 |     12 |     12 |     12 |     12 |     12 |     58 |     49 |    80 |    78 |    67 |    57 |    43 |    39 |    35 |    30 |    25 |    20 |     18 |     15 |     15 |     17 |     13 |     11 |     10 |     10 |      9 |      9 |      7 |      7 |      7 |      8 |      8 |      8 |      8 |      9 |      9 |      9 |      9 |      9 |      9 |     10 |     11 |     11 |     11 |     11 |     11 |     11 |     11 |     11 |     11 |     11 |     11 |     11 |     11 |     11 |     11 |     12 |     12 |     12 |     12 |     12 |
| simulated_k54_l200_54   |                     - |                     - |                     - |                     - |                     - |                     - |                     - |                     - |                     - |                     - |                     - |                     0 |                    23 |                    20 |                    23 |                    27 |                    18 |                    18 |                    27 |                    24 |                    25 |                    23 |                    24 |                    20 |                    20 |                    22 |                    24 |                     6 |                     7 |                     8 |                    22 |                    23 |                    30 |                    28 |                    27 |                    27 |                    28 |                    11 |                    12 |                    27 |                    30 |                    25 |                    26 |                    30 |                    30 |                    26 |                    26 |                     8 |                      5 |                     26 |                     23 |                     22 |                     27 |                     28 |    65 |    25 |    17 |    70 |    61 |    46 |    42 |    38 |    35 |     32 |     27 |     24 |     26 |     23 |     23 |     22 |     21 |     21 |     20 |     18 |     17 |     16 |     15 |     15 |     15 |     14 |     14 |     14 |     14 |     13 |     13 |     13 |     13 |     13 |     13 |     14 |     15 |     15 |     15 |     15 |     15 |     15 |     15 |     15 |     15 |     15 |     15 |     15 |     15 |     16 |     16 |     16 |     16 |     16 |     57 |     47 |    83 |    76 |    64 |    52 |    41 |    39 |    35 |    30 |    29 |    24 |     22 |     23 |     23 |     23 |     21 |     21 |     20 |     18 |     17 |     17 |     15 |     15 |     15 |     14 |     14 |     14 |     14 |     13 |     13 |     13 |     13 |     13 |     13 |     14 |     15 |     15 |     15 |     15 |     15 |     15 |     15 |     15 |     15 |     15 |     15 |     15 |     15 |     15 |     15 |     16 |     16 |     16 |     16 |     16 |
| simulated_k54_l200_55   |                     - |                     - |                     - |                     - |                     - |                     - |                     - |                     - |                     - |                     - |                     - |                     - |                     0 |                     9 |                    26 |                    32 |                    23 |                    21 |                    32 |                    29 |                    28 |                    28 |                    29 |                    23 |                    23 |                    29 |                    27 |                    23 |                    20 |                    21 |                    29 |                    30 |                    35 |                    35 |                    34 |                    32 |                    33 |                    20 |                    21 |                    30 |                    33 |                    32 |                    31 |                    33 |                    33 |                    29 |                    29 |                    25 |                     22 |                     29 |                     28 |                     27 |                     30 |                     29 |    61 |    29 |    21 |    74 |    66 |    56 |    48 |    44 |    43 |     37 |     33 |     30 |     32 |     29 |     29 |     28 |     25 |     23 |     22 |     23 |     22 |     21 |     20 |     20 |     20 |     19 |     19 |     19 |     19 |     18 |     18 |     18 |     18 |     18 |     18 |     19 |     20 |     20 |     20 |     20 |     20 |     20 |     20 |     20 |     20 |     20 |     20 |     20 |     20 |     21 |     21 |     21 |     21 |     21 |     59 |     52 |    76 |    78 |    66 |    59 |    48 |    45 |    43 |    40 |    32 |    30 |     29 |     29 |     29 |     29 |     25 |     23 |     22 |     23 |     22 |     22 |     20 |     20 |     20 |     19 |     19 |     19 |     19 |     18 |     18 |     18 |     18 |     18 |     18 |     19 |     20 |     20 |     20 |     20 |     20 |     20 |     20 |     20 |     20 |     20 |     20 |     20 |     20 |     20 |     20 |     21 |     21 |     21 |     21 |     21 |
| simulated_k54_l200_56   |                     - |                     - |                     - |                     - |                     - |                     - |                     - |                     - |                     - |                     - |                     - |                     - |                     - |                     0 |                    23 |                    29 |                    20 |                    18 |                    29 |                    26 |                    25 |                    25 |                    26 |                    20 |                    20 |                    26 |                    24 |                    20 |                    15 |                    16 |                    26 |                    27 |                    32 |                    32 |                    31 |                    29 |                    30 |                    17 |                    18 |                    27 |                    28 |                    29 |                    28 |                    30 |                    30 |                    26 |                    26 |                    22 |                     19 |                     26 |                     25 |                     24 |                     27 |                     26 |    63 |    27 |    19 |    70 |    63 |    54 |    46 |    42 |    41 |     33 |     29 |     26 |     28 |     25 |     24 |     23 |     22 |     20 |     19 |     20 |     19 |     18 |     17 |     17 |     17 |     16 |     16 |     16 |     16 |     15 |     15 |     15 |     15 |     15 |     15 |     16 |     17 |     17 |     17 |     17 |     17 |     17 |     17 |     17 |     17 |     17 |     17 |     17 |     17 |     18 |     18 |     18 |     18 |     18 |     59 |     49 |    83 |    74 |    62 |    57 |    46 |    43 |    41 |    36 |    28 |    26 |     25 |     25 |     24 |     24 |     22 |     20 |     19 |     20 |     19 |     19 |     17 |     17 |     17 |     16 |     16 |     16 |     16 |     15 |     15 |     15 |     15 |     15 |     15 |     16 |     17 |     17 |     17 |     17 |     17 |     17 |     17 |     17 |     17 |     17 |     17 |     17 |     17 |     17 |     17 |     18 |     18 |     18 |     18 |     18 |
| simulated_k54_l200_58   |                     - |                     - |                     - |                     - |                     - |                     - |                     - |                     - |                     - |                     - |                     - |                     - |                     - |                     - |                     0 |                    20 |                    11 |                     9 |                    20 |                    17 |                     6 |                    18 |                    19 |                    17 |                    17 |                    17 |                     5 |                    23 |                    20 |                    21 |                    17 |                    18 |                    25 |                    23 |                    22 |                    22 |                    23 |                    20 |                    21 |                     8 |                    11 |                    24 |                    23 |                    21 |                    21 |                    11 |                    11 |                    25 |                     22 |                      7 |                     16 |                     15 |                      8 |                      9 |    63 |    28 |    14 |    72 |    63 |    47 |    39 |    33 |    30 |     25 |     20 |     19 |     13 |     14 |     14 |     16 |     14 |     12 |     11 |     11 |     10 |      9 |      8 |      8 |      8 |      9 |      9 |      9 |      9 |     10 |     10 |     10 |     10 |     10 |     10 |     11 |     12 |     12 |     12 |     12 |     12 |     12 |     12 |     12 |     12 |     12 |     12 |     12 |     12 |     13 |     13 |     13 |     13 |     13 |     57 |     50 |    82 |    75 |    64 |    52 |    38 |    34 |    30 |    25 |    22 |    19 |     17 |     14 |     15 |     17 |     14 |     12 |     11 |     11 |     10 |     10 |      8 |      8 |      8 |      9 |      9 |      9 |      9 |     10 |     10 |     10 |     10 |     10 |     10 |     11 |     12 |     12 |     12 |     12 |     12 |     12 |     12 |     12 |     12 |     12 |     12 |     12 |     12 |     12 |     12 |     13 |     13 |     13 |     13 |     13 |
| simulated_k54_l200_62   |                     - |                     - |                     - |                     - |                     - |                     - |                     - |                     - |                     - |                     - |                     - |                     - |                     - |                     - |                     - |                     0 |                    17 |                    17 |                    12 |                     9 |                    24 |                    22 |                    23 |                    17 |                    15 |                    21 |                    23 |                    25 |                    24 |                    25 |                    21 |                    22 |                    19 |                    27 |                    26 |                    16 |                    17 |                    24 |                    25 |                    26 |                    29 |                    24 |                    23 |                    19 |                    19 |                    25 |                    25 |                    29 |                     26 |                     25 |                      8 |                      7 |                     26 |                     27 |    64 |    27 |    14 |    76 |    70 |    55 |    46 |    42 |    40 |     35 |     28 |     27 |     21 |     18 |     18 |     17 |     18 |     16 |     15 |     15 |     16 |     15 |     14 |     14 |     14 |     13 |     13 |     13 |     13 |     14 |     14 |     14 |     14 |     14 |     14 |     13 |     12 |     12 |     12 |     12 |     12 |     12 |     12 |     12 |     12 |     12 |     12 |     12 |     12 |     13 |     13 |     13 |     13 |     13 |     57 |     49 |    83 |    79 |    72 |    61 |    45 |    43 |    40 |    35 |    30 |    27 |     25 |     18 |     18 |     17 |     18 |     16 |     15 |     15 |     16 |     16 |     14 |     14 |     14 |     13 |     13 |     13 |     13 |     14 |     14 |     14 |     14 |     14 |     14 |     13 |     12 |     12 |     12 |     12 |     12 |     12 |     12 |     12 |     12 |     12 |     12 |     12 |     12 |     12 |     12 |     13 |     13 |     13 |     13 |     13 |
| simulated_k54_l200_63   |                     - |                     - |                     - |                     - |                     - |                     - |                     - |                     - |                     - |                     - |                     - |                     - |                     - |                     - |                     - |                     - |                     0 |                     4 |                    17 |                    14 |                    13 |                    13 |                    14 |                    12 |                    12 |                    12 |                    12 |                    18 |                    15 |                    16 |                    12 |                    13 |                    20 |                    18 |                    17 |                    19 |                    20 |                    15 |                    16 |                    15 |                    18 |                    19 |                    18 |                    22 |                    22 |                    14 |                    14 |                    20 |                     17 |                     14 |                     13 |                     12 |                     15 |                     16 |    63 |    23 |     9 |    76 |    71 |    56 |    48 |    42 |    39 |     34 |     27 |     24 |     18 |     15 |     15 |     14 |     11 |      9 |      8 |      6 |      5 |      4 |      3 |      3 |      3 |      4 |      4 |      4 |      4 |      5 |      5 |      5 |      5 |      5 |      5 |      6 |      7 |      7 |      7 |      7 |      7 |      7 |      7 |      7 |      7 |      7 |      7 |      7 |      7 |      8 |      8 |      8 |      8 |      8 |     57 |     50 |    83 |    79 |    73 |    61 |    47 |    43 |    39 |    34 |    29 |    24 |     22 |     15 |     15 |     14 |     11 |      9 |      8 |      6 |      5 |      5 |      3 |      3 |      3 |      4 |      4 |      4 |      4 |      5 |      5 |      5 |      5 |      5 |      5 |      6 |      7 |      7 |      7 |      7 |      7 |      7 |      7 |      7 |      7 |      7 |      7 |      7 |      7 |      7 |      7 |      8 |      8 |      8 |      8 |      8 |
| simulated_k54_l200_64   |                     - |                     - |                     - |                     - |                     - |                     - |                     - |                     - |                     - |                     - |                     - |                     - |                     - |                     - |                     - |                     - |                     - |                     0 |                    17 |                    14 |                    11 |                    13 |                    14 |                    12 |                    12 |                    12 |                    10 |                    18 |                    15 |                    16 |                    12 |                    13 |                    22 |                    18 |                    17 |                    19 |                    20 |                    15 |                    16 |                    13 |                    16 |                    19 |                    18 |                    20 |                    20 |                    12 |                    12 |                    20 |                     17 |                     12 |                     13 |                     12 |                     13 |                     14 |    64 |    23 |     9 |    76 |    70 |    54 |    46 |    40 |    37 |     32 |     25 |     22 |     16 |     13 |     13 |     12 |      9 |      7 |      6 |      6 |      5 |      4 |      3 |      3 |      3 |      4 |      4 |      4 |      4 |      5 |      5 |      5 |      5 |      5 |      5 |      6 |      7 |      7 |      7 |      7 |      7 |      7 |      7 |      7 |      7 |      7 |      7 |      7 |      7 |      8 |      8 |      8 |      8 |      8 |     57 |     49 |    82 |    79 |    71 |    59 |    45 |    41 |    37 |    32 |    27 |    22 |     20 |     13 |     13 |     13 |      9 |      7 |      6 |      6 |      5 |      5 |      3 |      3 |      3 |      4 |      4 |      4 |      4 |      5 |      5 |      5 |      5 |      5 |      5 |      6 |      7 |      7 |      7 |      7 |      7 |      7 |      7 |      7 |      7 |      7 |      7 |      7 |      7 |      7 |      7 |      8 |      8 |      8 |      8 |      8 |
| simulated_k54_l200_65   |                     - |                     - |                     - |                     - |                     - |                     - |                     - |                     - |                     - |                     - |                     - |                     - |                     - |                     - |                     - |                     - |                     - |                     - |                     0 |                     5 |                    24 |                    24 |                    25 |                    17 |                    15 |                    23 |                    23 |                    25 |                    24 |                    25 |                    23 |                    24 |                    15 |                    29 |                    28 |                    12 |                    13 |                    24 |                    25 |                    26 |                    29 |                    24 |                    23 |                    19 |                    19 |                    25 |                    25 |                    29 |                     26 |                     25 |                      8 |                      7 |                     26 |                     27 |    63 |    27 |    14 |    76 |    70 |    55 |    45 |    41 |    38 |     35 |     28 |     25 |     21 |     18 |     18 |     17 |     18 |     16 |     15 |     15 |     16 |     15 |     14 |     14 |     14 |     13 |     13 |     13 |     13 |     14 |     14 |     14 |     14 |     14 |     14 |     13 |     12 |     12 |     12 |     12 |     12 |     12 |     12 |     12 |     12 |     12 |     12 |     12 |     12 |     13 |     13 |     13 |     13 |     13 |     58 |     49 |    84 |    79 |    71 |    59 |    44 |    42 |    38 |    35 |    30 |    25 |     25 |     18 |     18 |     17 |     18 |     16 |     15 |     15 |     16 |     16 |     14 |     14 |     14 |     13 |     13 |     13 |     13 |     14 |     14 |     14 |     14 |     14 |     14 |     13 |     12 |     12 |     12 |     12 |     12 |     12 |     12 |     12 |     12 |     12 |     12 |     12 |     12 |     12 |     12 |     13 |     13 |     13 |     13 |     13 |
| simulated_k54_l200_66   |                     - |                     - |                     - |                     - |                     - |                     - |                     - |                     - |                     - |                     - |                     - |                     - |                     - |                     - |                     - |                     - |                     - |                     - |                     - |                     0 |                    21 |                    21 |                    22 |                    14 |                    12 |                    20 |                    20 |                    22 |                    21 |                    22 |                    20 |                    21 |                    12 |                    26 |                    25 |                     9 |                    10 |                    21 |                    22 |                    23 |                    26 |                    21 |                    20 |                    16 |                    16 |                    22 |                    22 |                    26 |                     23 |                     22 |                      5 |                      4 |                     23 |                     24 |    65 |    24 |    11 |    76 |    67 |    52 |    44 |    40 |    37 |     32 |     25 |     22 |     18 |     15 |     15 |     14 |     15 |     13 |     12 |     12 |     13 |     12 |     11 |     11 |     11 |     10 |     10 |     10 |     10 |     11 |     11 |     11 |     11 |     11 |     11 |     10 |      9 |      9 |      9 |      9 |      9 |      9 |      9 |      9 |      9 |      9 |      9 |      9 |      9 |     10 |     10 |     10 |     10 |     10 |     56 |     51 |    85 |    79 |    69 |    58 |    41 |    41 |    37 |    32 |    27 |    22 |     22 |     15 |     15 |     14 |     15 |     13 |     12 |     12 |     13 |     13 |     11 |     11 |     11 |     10 |     10 |     10 |     10 |     11 |     11 |     11 |     11 |     11 |     11 |     10 |      9 |      9 |      9 |      9 |      9 |      9 |      9 |      9 |      9 |      9 |      9 |      9 |      9 |      9 |      9 |     10 |     10 |     10 |     10 |     10 |
| simulated_k54_l200_68   |                     - |                     - |                     - |                     - |                     - |                     - |                     - |                     - |                     - |                     - |                     - |                     - |                     - |                     - |                     - |                     - |                     - |                     - |                     - |                     - |                     0 |                    20 |                    21 |                    19 |                    19 |                    19 |                     7 |                    25 |                    22 |                    23 |                    19 |                    20 |                    29 |                    25 |                    24 |                    26 |                    27 |                    22 |                    23 |                     6 |                     9 |                    26 |                    25 |                    25 |                    25 |                    13 |                    13 |                    27 |                     24 |                      9 |                     20 |                     19 |                     10 |                     11 |    63 |    29 |    16 |    71 |    65 |    51 |    43 |    37 |    34 |     29 |     24 |     23 |     17 |     18 |     18 |     19 |     16 |     14 |     13 |     13 |     12 |     11 |     10 |     10 |     10 |     11 |     11 |     11 |     11 |     12 |     12 |     12 |     12 |     12 |     12 |     13 |     14 |     14 |     14 |     14 |     14 |     14 |     14 |     14 |     14 |     14 |     14 |     14 |     14 |     15 |     15 |     15 |     15 |     15 |     60 |     52 |    81 |    74 |    65 |    56 |    42 |    38 |    34 |    29 |    26 |    23 |     21 |     18 |     18 |     20 |     16 |     14 |     13 |     13 |     12 |     12 |     10 |     10 |     10 |     11 |     11 |     11 |     11 |     12 |     12 |     12 |     12 |     12 |     12 |     13 |     14 |     14 |     14 |     14 |     14 |     14 |     14 |     14 |     14 |     14 |     14 |     14 |     14 |     14 |     14 |     15 |     15 |     15 |     15 |     15 |
| simulated_k54_l200_69   |                     - |                     - |                     - |                     - |                     - |                     - |                     - |                     - |                     - |                     - |                     - |                     - |                     - |                     - |                     - |                     - |                     - |                     - |                     - |                     - |                     - |                     0 |                     3 |                    19 |                    19 |                     5 |                    19 |                    23 |                    20 |                    21 |                     5 |                     6 |                    27 |                    11 |                    10 |                    26 |                    27 |                    20 |                    21 |                    22 |                    25 |                    22 |                    21 |                    27 |                    27 |                    21 |                    21 |                    25 |                     22 |                     21 |                     20 |                     19 |                     22 |                     23 |    62 |    29 |    16 |    71 |    58 |    43 |    35 |    29 |    30 |     25 |     24 |     25 |     21 |     18 |     18 |     17 |     14 |     14 |     15 |     13 |     12 |     11 |     10 |     10 |     10 |     11 |     11 |     11 |     11 |     12 |     12 |     12 |     12 |     12 |     12 |     13 |     14 |     14 |     14 |     14 |     14 |     14 |     14 |     14 |     14 |     14 |     14 |     14 |     14 |     15 |     15 |     15 |     15 |     15 |     57 |     49 |    81 |    76 |    60 |    48 |    34 |    30 |    30 |    25 |    24 |    25 |     25 |     18 |     18 |     17 |     14 |     14 |     15 |     13 |     12 |     12 |     10 |     10 |     10 |     11 |     11 |     11 |     11 |     12 |     12 |     12 |     12 |     12 |     12 |     13 |     14 |     14 |     14 |     14 |     14 |     14 |     14 |     14 |     14 |     14 |     14 |     14 |     14 |     14 |     14 |     15 |     15 |     15 |     15 |     15 |
| simulated_k54_l200_70   |                     - |                     - |                     - |                     - |                     - |                     - |                     - |                     - |                     - |                     - |                     - |                     - |                     - |                     - |                     - |                     - |                     - |                     - |                     - |                     - |                     - |                     - |                     0 |                    20 |                    20 |                     6 |                    20 |                    24 |                    21 |                    22 |                     6 |                     7 |                    30 |                    12 |                    11 |                    27 |                    28 |                    21 |                    22 |                    23 |                    26 |                    23 |                    22 |                    30 |                    30 |                    22 |                    22 |                    26 |                     23 |                     22 |                     21 |                     20 |                     23 |                     24 |    61 |    30 |    17 |    72 |    60 |    45 |    37 |    31 |    30 |     25 |     24 |     25 |     21 |     18 |     18 |     17 |     14 |     15 |     16 |     14 |     13 |     12 |     11 |     11 |     11 |     12 |     12 |     12 |     12 |     13 |     13 |     13 |     13 |     13 |     13 |     14 |     15 |     15 |     15 |     15 |     15 |     15 |     15 |     15 |     15 |     15 |     15 |     15 |     15 |     16 |     16 |     16 |     16 |     16 |     56 |     51 |    80 |    77 |    62 |    50 |    36 |    32 |    30 |    25 |    24 |    25 |     25 |     18 |     18 |     17 |     13 |     15 |     16 |     14 |     13 |     13 |     11 |     11 |     11 |     12 |     12 |     12 |     12 |     13 |     13 |     13 |     13 |     13 |     13 |     14 |     15 |     15 |     15 |     15 |     15 |     15 |     15 |     15 |     15 |     15 |     15 |     15 |     15 |     15 |     15 |     16 |     16 |     16 |     16 |     16 |
| simulated_k54_l200_71   |                     - |                     - |                     - |                     - |                     - |                     - |                     - |                     - |                     - |                     - |                     - |                     - |                     - |                     - |                     - |                     - |                     - |                     - |                     - |                     - |                     - |                     - |                     - |                     0 |                     2 |                    18 |                    18 |                    18 |                    17 |                    18 |                    18 |                    19 |                    20 |                    24 |                    23 |                    17 |                    18 |                    17 |                    18 |                    21 |                    24 |                    19 |                    18 |                    20 |                    20 |                    20 |                    20 |                    22 |                     19 |                     20 |                     13 |                     12 |                     21 |                     22 |    65 |    23 |     9 |    79 |    71 |    58 |    50 |    46 |    43 |     38 |     31 |     28 |     21 |     18 |     18 |     17 |     14 |     12 |     11 |      8 |      9 |     10 |      9 |      9 |      9 |      8 |      8 |      8 |      8 |      7 |      7 |      7 |      7 |      7 |      7 |      6 |      7 |      7 |      7 |      7 |      7 |      7 |      7 |      7 |      7 |      7 |      7 |      7 |      7 |      8 |      8 |      8 |      8 |      8 |     58 |     51 |    86 |    82 |    72 |    64 |    50 |    47 |    43 |    38 |    33 |    28 |     26 |     18 |     18 |     17 |     14 |     12 |     11 |      8 |      9 |      9 |      9 |      9 |      9 |      8 |      8 |      8 |      8 |      7 |      7 |      7 |      7 |      7 |      7 |      6 |      7 |      7 |      7 |      7 |      7 |      7 |      7 |      7 |      7 |      7 |      7 |      7 |      7 |      7 |      7 |      8 |      8 |      8 |      8 |      8 |
| simulated_k54_l200_72   |                     - |                     - |                     - |                     - |                     - |                     - |                     - |                     - |                     - |                     - |                     - |                     - |                     - |                     - |                     - |                     - |                     - |                     - |                     - |                     - |                     - |                     - |                     - |                     - |                     0 |                    18 |                    18 |                    18 |                    17 |                    18 |                    18 |                    19 |                    18 |                    24 |                    23 |                    15 |                    16 |                    17 |                    18 |                    21 |                    24 |                    17 |                    16 |                    18 |                    18 |                    20 |                    20 |                    22 |                     19 |                     20 |                     11 |                     10 |                     21 |                     22 |    67 |    21 |     7 |    79 |    71 |    58 |    50 |    46 |    43 |     38 |     31 |     28 |     21 |     18 |     18 |     17 |     14 |     12 |     11 |      8 |      9 |     10 |      9 |      9 |      9 |      8 |      8 |      8 |      8 |      7 |      7 |      7 |      7 |      7 |      7 |      6 |      5 |      5 |      5 |      5 |      5 |      5 |      5 |      5 |      5 |      5 |      5 |      5 |      5 |      6 |      6 |      6 |      6 |      6 |     58 |     52 |    88 |    82 |    72 |    64 |    50 |    47 |    43 |    38 |    33 |    28 |     26 |     18 |     18 |     17 |     14 |     12 |     11 |      8 |      9 |      9 |      9 |      9 |      9 |      8 |      8 |      8 |      8 |      7 |      7 |      7 |      7 |      7 |      7 |      6 |      5 |      5 |      5 |      5 |      5 |      5 |      5 |      5 |      5 |      5 |      5 |      5 |      5 |      5 |      5 |      6 |      6 |      6 |      6 |      6 |
| simulated_k54_l200_74   |                     - |                     - |                     - |                     - |                     - |                     - |                     - |                     - |                     - |                     - |                     - |                     - |                     - |                     - |                     - |                     - |                     - |                     - |                     - |                     - |                     - |                     - |                     - |                     - |                     - |                     0 |                    18 |                    22 |                    19 |                    20 |                     2 |                     3 |                    28 |                     8 |                     7 |                    25 |                    26 |                    19 |                    20 |                    21 |                    24 |                    23 |                    22 |                    28 |                    28 |                    20 |                    20 |                    24 |                     21 |                     20 |                     19 |                     18 |                     21 |                     22 |    63 |    28 |    15 |    72 |    61 |    46 |    38 |    32 |    29 |     26 |     25 |     24 |     20 |     17 |     17 |     16 |     13 |     13 |     14 |     12 |     11 |     10 |      9 |      9 |      9 |     10 |     10 |     10 |     10 |     11 |     11 |     11 |     11 |     11 |     11 |     12 |     13 |     13 |     13 |     13 |     13 |     13 |     13 |     13 |     13 |     13 |     13 |     13 |     13 |     14 |     14 |     14 |     14 |     14 |     57 |     49 |    82 |    77 |    63 |    51 |    37 |    33 |    29 |    26 |    25 |    24 |     24 |     17 |     17 |     16 |     13 |     13 |     14 |     12 |     11 |     11 |      9 |      9 |      9 |     10 |     10 |     10 |     10 |     11 |     11 |     11 |     11 |     11 |     11 |     12 |     13 |     13 |     13 |     13 |     13 |     13 |     13 |     13 |     13 |     13 |     13 |     13 |     13 |     13 |     13 |     14 |     14 |     14 |     14 |     14 |
| simulated_k54_l200_76   |                     - |                     - |                     - |                     - |                     - |                     - |                     - |                     - |                     - |                     - |                     - |                     - |                     - |                     - |                     - |                     - |                     - |                     - |                     - |                     - |                     - |                     - |                     - |                     - |                     - |                     - |                     0 |                    24 |                    21 |                    22 |                    18 |                    19 |                    28 |                    24 |                    23 |                    25 |                    26 |                    21 |                    22 |                     7 |                    10 |                    25 |                    24 |                    24 |                    24 |                    12 |                    12 |                    26 |                     23 |                      4 |                     19 |                     18 |                      3 |                      4 |    63 |    27 |    15 |    69 |    60 |    46 |    40 |    34 |    31 |     28 |     23 |     22 |     16 |     17 |     17 |     18 |     15 |     13 |     12 |     12 |     11 |     10 |      9 |      9 |      9 |     10 |     10 |     10 |     10 |     11 |     11 |     11 |     11 |     11 |     11 |     12 |     13 |     13 |     13 |     13 |     13 |     13 |     13 |     13 |     13 |     13 |     13 |     13 |     13 |     14 |     14 |     14 |     14 |     14 |     60 |     51 |    82 |    72 |    61 |    49 |    39 |    35 |    31 |    28 |    25 |    22 |     20 |     17 |     17 |     19 |     15 |     13 |     12 |     12 |     11 |     11 |      9 |      9 |      9 |     10 |     10 |     10 |     10 |     11 |     11 |     11 |     11 |     11 |     11 |     12 |     13 |     13 |     13 |     13 |     13 |     13 |     13 |     13 |     13 |     13 |     13 |     13 |     13 |     13 |     13 |     14 |     14 |     14 |     14 |     14 |
| simulated_k54_l200_78   |                     - |                     - |                     - |                     - |                     - |                     - |                     - |                     - |                     - |                     - |                     - |                     - |                     - |                     - |                     - |                     - |                     - |                     - |                     - |                     - |                     - |                     - |                     - |                     - |                     - |                     - |                     - |                     0 |                     7 |                     8 |                    22 |                    23 |                    28 |                    28 |                    27 |                    25 |                    26 |                    13 |                    14 |                    27 |                    30 |                    25 |                    26 |                    28 |                    28 |                    26 |                    26 |                     6 |                      3 |                     26 |                     21 |                     20 |                     27 |                     28 |    64 |    25 |    17 |    68 |    57 |    46 |    42 |    36 |    33 |     30 |     25 |     22 |     24 |     21 |     21 |     20 |     21 |     21 |     20 |     18 |     17 |     16 |     15 |     15 |     15 |     14 |     14 |     14 |     14 |     13 |     13 |     13 |     13 |     13 |     13 |     14 |     15 |     15 |     15 |     15 |     15 |     15 |     15 |     15 |     15 |     15 |     15 |     15 |     15 |     16 |     16 |     16 |     16 |     16 |     58 |     51 |    84 |    72 |    60 |    52 |    41 |    37 |    33 |    28 |    27 |    22 |     20 |     21 |     21 |     21 |     21 |     21 |     20 |     18 |     17 |     17 |     15 |     15 |     15 |     14 |     14 |     14 |     14 |     13 |     13 |     13 |     13 |     13 |     13 |     14 |     15 |     15 |     15 |     15 |     15 |     15 |     15 |     15 |     15 |     15 |     15 |     15 |     15 |     15 |     15 |     16 |     16 |     16 |     16 |     16 |
| simulated_k54_l200_79   |                     - |                     - |                     - |                     - |                     - |                     - |                     - |                     - |                     - |                     - |                     - |                     - |                     - |                     - |                     - |                     - |                     - |                     - |                     - |                     - |                     - |                     - |                     - |                     - |                     - |                     - |                     - |                     - |                     0 |                     1 |                    19 |                    20 |                    27 |                    25 |                    24 |                    24 |                    25 |                    10 |                    11 |                    24 |                    27 |                    22 |                    23 |                    27 |                    27 |                    23 |                    23 |                     9 |                      6 |                     23 |                     20 |                     19 |                     24 |                     25 |    66 |    21 |    14 |    71 |    61 |    49 |    41 |    35 |    32 |     29 |     24 |     21 |     23 |     20 |     20 |     19 |     18 |     18 |     17 |     15 |     14 |     13 |     12 |     12 |     12 |     11 |     11 |     11 |     11 |     10 |     10 |     10 |     10 |     10 |     10 |     11 |     12 |     12 |     12 |     12 |     12 |     12 |     12 |     12 |     12 |     12 |     12 |     12 |     12 |     13 |     13 |     13 |     13 |     13 |     55 |     49 |    85 |    75 |    66 |    55 |    40 |    36 |    32 |    27 |    26 |    21 |     19 |     20 |     20 |     20 |     18 |     18 |     17 |     15 |     14 |     14 |     12 |     12 |     12 |     11 |     11 |     11 |     11 |     10 |     10 |     10 |     10 |     10 |     10 |     11 |     12 |     12 |     12 |     12 |     12 |     12 |     12 |     12 |     12 |     12 |     12 |     12 |     12 |     12 |     12 |     13 |     13 |     13 |     13 |     13 |
| simulated_k54_l200_80   |                     - |                     - |                     - |                     - |                     - |                     - |                     - |                     - |                     - |                     - |                     - |                     - |                     - |                     - |                     - |                     - |                     - |                     - |                     - |                     - |                     - |                     - |                     - |                     - |                     - |                     - |                     - |                     - |                     - |                     0 |                    20 |                    21 |                    28 |                    26 |                    25 |                    25 |                    26 |                    11 |                    12 |                    25 |                    28 |                    23 |                    24 |                    28 |                    28 |                    24 |                    24 |                    10 |                      7 |                     24 |                     21 |                     20 |                     25 |                     26 |    66 |    22 |    15 |    72 |    62 |    50 |    42 |    36 |    33 |     30 |     25 |     22 |     24 |     21 |     21 |     20 |     19 |     19 |     18 |     16 |     15 |     14 |     13 |     13 |     13 |     12 |     12 |     12 |     12 |     11 |     11 |     11 |     11 |     11 |     11 |     12 |     13 |     13 |     13 |     13 |     13 |     13 |     13 |     13 |     13 |     13 |     13 |     13 |     13 |     14 |     14 |     14 |     14 |     14 |     55 |     49 |    85 |    76 |    67 |    56 |    41 |    37 |    33 |    28 |    27 |    22 |     20 |     21 |     21 |     21 |     19 |     19 |     18 |     16 |     15 |     15 |     13 |     13 |     13 |     12 |     12 |     12 |     12 |     11 |     11 |     11 |     11 |     11 |     11 |     12 |     13 |     13 |     13 |     13 |     13 |     13 |     13 |     13 |     13 |     13 |     13 |     13 |     13 |     13 |     13 |     14 |     14 |     14 |     14 |     14 |
| simulated_k54_l200_81   |                     - |                     - |                     - |                     - |                     - |                     - |                     - |                     - |                     - |                     - |                     - |                     - |                     - |                     - |                     - |                     - |                     - |                     - |                     - |                     - |                     - |                     - |                     - |                     - |                     - |                     - |                     - |                     - |                     - |                     - |                     0 |                     3 |                    28 |                     6 |                     5 |                    25 |                    26 |                    19 |                    20 |                    21 |                    24 |                    23 |                    22 |                    28 |                    28 |                    20 |                    20 |                    24 |                     21 |                     20 |                     19 |                     18 |                     21 |                     22 |    63 |    28 |    15 |    70 |    59 |    46 |    38 |    34 |    31 |     26 |     25 |     24 |     20 |     17 |     17 |     16 |     13 |     13 |     14 |     12 |     11 |     10 |      9 |      9 |      9 |     10 |     10 |     10 |     10 |     11 |     11 |     11 |     11 |     11 |     11 |     12 |     13 |     13 |     13 |     13 |     13 |     13 |     13 |     13 |     13 |     13 |     13 |     13 |     13 |     14 |     14 |     14 |     14 |     14 |     57 |     50 |    83 |    75 |    61 |    51 |    37 |    35 |    31 |    26 |    25 |    24 |     24 |     17 |     17 |     16 |     13 |     13 |     14 |     12 |     11 |     11 |      9 |      9 |      9 |     10 |     10 |     10 |     10 |     11 |     11 |     11 |     11 |     11 |     11 |     12 |     13 |     13 |     13 |     13 |     13 |     13 |     13 |     13 |     13 |     13 |     13 |     13 |     13 |     13 |     13 |     14 |     14 |     14 |     14 |     14 |
| simulated_k54_l200_82   |                     - |                     - |                     - |                     - |                     - |                     - |                     - |                     - |                     - |                     - |                     - |                     - |                     - |                     - |                     - |                     - |                     - |                     - |                     - |                     - |                     - |                     - |                     - |                     - |                     - |                     - |                     - |                     - |                     - |                     - |                     - |                     0 |                    29 |                     7 |                     6 |                    26 |                    27 |                    20 |                    21 |                    22 |                    25 |                    24 |                    23 |                    29 |                    29 |                    21 |                    21 |                    25 |                     22 |                     21 |                     20 |                     19 |                     22 |                     23 |    63 |    29 |    16 |    72 |    62 |    47 |    37 |    33 |    30 |     27 |     26 |     25 |     21 |     18 |     18 |     17 |     14 |     14 |     15 |     13 |     12 |     11 |     10 |     10 |     10 |     11 |     11 |     11 |     11 |     12 |     12 |     12 |     12 |     12 |     12 |     13 |     14 |     14 |     14 |     14 |     14 |     14 |     14 |     14 |     14 |     14 |     14 |     14 |     14 |     15 |     15 |     15 |     15 |     15 |     58 |     51 |    83 |    77 |    63 |    51 |    38 |    34 |    30 |    27 |    26 |    25 |     25 |     18 |     18 |     17 |     14 |     14 |     15 |     13 |     12 |     12 |     10 |     10 |     10 |     11 |     11 |     11 |     11 |     12 |     12 |     12 |     12 |     12 |     12 |     13 |     14 |     14 |     14 |     14 |     14 |     14 |     14 |     14 |     14 |     14 |     14 |     14 |     14 |     14 |     14 |     15 |     15 |     15 |     15 |     15 |
| simulated_k54_l200_84   |                     - |                     - |                     - |                     - |                     - |                     - |                     - |                     - |                     - |                     - |                     - |                     - |                     - |                     - |                     - |                     - |                     - |                     - |                     - |                     - |                     - |                     - |                     - |                     - |                     - |                     - |                     - |                     - |                     - |                     - |                     - |                     - |                     0 |                    34 |                    33 |                     3 |                     4 |                    27 |                    28 |                    31 |                    34 |                    23 |                    22 |                    20 |                    20 |                    30 |                    30 |                    32 |                     29 |                     30 |                     15 |                     14 |                     31 |                     32 |    64 |    28 |    17 |    73 |    64 |    53 |    47 |    41 |    42 |     38 |     31 |     28 |     26 |     23 |     23 |     22 |     23 |     21 |     20 |     20 |     21 |     20 |     19 |     19 |     19 |     18 |     18 |     18 |     18 |     17 |     17 |     17 |     17 |     17 |     17 |     16 |     15 |     15 |     15 |     15 |     15 |     15 |     15 |     15 |     15 |     15 |     15 |     15 |     15 |     16 |     16 |     16 |     16 |     16 |     56 |     48 |    81 |    76 |    66 |    58 |    45 |    42 |    42 |    38 |    33 |    28 |     30 |     23 |     23 |     22 |     23 |     21 |     20 |     20 |     21 |     21 |     19 |     19 |     19 |     18 |     18 |     18 |     18 |     17 |     17 |     17 |     17 |     17 |     17 |     16 |     15 |     15 |     15 |     15 |     15 |     15 |     15 |     15 |     15 |     15 |     15 |     15 |     15 |     15 |     15 |     16 |     16 |     16 |     16 |     16 |
| simulated_k54_l200_85   |                     - |                     - |                     - |                     - |                     - |                     - |                     - |                     - |                     - |                     - |                     - |                     - |                     - |                     - |                     - |                     - |                     - |                     - |                     - |                     - |                     - |                     - |                     - |                     - |                     - |                     - |                     - |                     - |                     - |                     - |                     - |                     - |                     - |                     0 |                     1 |                    31 |                    32 |                    25 |                    26 |                    27 |                    30 |                    28 |                    27 |                    32 |                    32 |                    26 |                    26 |                    28 |                     25 |                     26 |                     25 |                     24 |                     27 |                     28 |    62 |    32 |    21 |    69 |    61 |    48 |    38 |    36 |    33 |     31 |     30 |     29 |     26 |     23 |     23 |     22 |     19 |     19 |     20 |     18 |     17 |     16 |     15 |     15 |     15 |     16 |     16 |     16 |     16 |     17 |     17 |     17 |     17 |     17 |     17 |     18 |     19 |     19 |     19 |     19 |     19 |     19 |     19 |     19 |     19 |     19 |     19 |     19 |     19 |     20 |     20 |     20 |     20 |     20 |     60 |     50 |    82 |    74 |    62 |    53 |    39 |    35 |    33 |    31 |    30 |    29 |     29 |     23 |     23 |     22 |     19 |     19 |     20 |     18 |     17 |     17 |     15 |     15 |     15 |     16 |     16 |     16 |     16 |     17 |     17 |     17 |     17 |     17 |     17 |     18 |     19 |     19 |     19 |     19 |     19 |     19 |     19 |     19 |     19 |     19 |     19 |     19 |     19 |     19 |     19 |     20 |     20 |     20 |     20 |     20 |
| simulated_k54_l200_86   |                     - |                     - |                     - |                     - |                     - |                     - |                     - |                     - |                     - |                     - |                     - |                     - |                     - |                     - |                     - |                     - |                     - |                     - |                     - |                     - |                     - |                     - |                     - |                     - |                     - |                     - |                     - |                     - |                     - |                     - |                     - |                     - |                     - |                     - |                     0 |                    30 |                    31 |                    24 |                    25 |                    26 |                    29 |                    27 |                    26 |                    31 |                    31 |                    25 |                    25 |                    27 |                     24 |                     25 |                     24 |                     23 |                     26 |                     27 |    62 |    31 |    20 |    69 |    61 |    48 |    38 |    36 |    33 |     31 |     30 |     29 |     25 |     22 |     22 |     21 |     18 |     18 |     19 |     17 |     16 |     15 |     14 |     14 |     14 |     15 |     15 |     15 |     15 |     16 |     16 |     16 |     16 |     16 |     16 |     17 |     18 |     18 |     18 |     18 |     18 |     18 |     18 |     18 |     18 |     18 |     18 |     18 |     18 |     19 |     19 |     19 |     19 |     19 |     60 |     51 |    82 |    74 |    62 |    53 |    39 |    35 |    33 |    31 |    30 |    29 |     29 |     22 |     22 |     21 |     18 |     18 |     19 |     17 |     16 |     16 |     14 |     14 |     14 |     15 |     15 |     15 |     15 |     16 |     16 |     16 |     16 |     16 |     16 |     17 |     18 |     18 |     18 |     18 |     18 |     18 |     18 |     18 |     18 |     18 |     18 |     18 |     18 |     18 |     18 |     19 |     19 |     19 |     19 |     19 |
| simulated_k54_l200_87   |                     - |                     - |                     - |                     - |                     - |                     - |                     - |                     - |                     - |                     - |                     - |                     - |                     - |                     - |                     - |                     - |                     - |                     - |                     - |                     - |                     - |                     - |                     - |                     - |                     - |                     - |                     - |                     - |                     - |                     - |                     - |                     - |                     - |                     - |                     - |                     0 |                     1 |                    24 |                    25 |                    28 |                    31 |                    20 |                    19 |                    19 |                    19 |                    27 |                    27 |                    29 |                     26 |                     27 |                     12 |                     11 |                     28 |                     29 |    64 |    27 |    14 |    73 |    63 |    52 |    46 |    40 |    39 |     35 |     28 |     25 |     23 |     20 |     20 |     19 |     20 |     18 |     17 |     17 |     18 |     17 |     16 |     16 |     16 |     15 |     15 |     15 |     15 |     14 |     14 |     14 |     14 |     14 |     14 |     13 |     12 |     12 |     12 |     12 |     12 |     12 |     12 |     12 |     12 |     12 |     12 |     12 |     12 |     13 |     13 |     13 |     13 |     13 |     55 |     50 |    82 |    76 |    65 |    58 |    44 |    41 |    39 |    35 |    30 |    25 |     27 |     20 |     20 |     19 |     20 |     18 |     17 |     17 |     18 |     18 |     16 |     16 |     16 |     15 |     15 |     15 |     15 |     14 |     14 |     14 |     14 |     14 |     14 |     13 |     12 |     12 |     12 |     12 |     12 |     12 |     12 |     12 |     12 |     12 |     12 |     12 |     12 |     12 |     12 |     13 |     13 |     13 |     13 |     13 |
| simulated_k54_l200_88   |                     - |                     - |                     - |                     - |                     - |                     - |                     - |                     - |                     - |                     - |                     - |                     - |                     - |                     - |                     - |                     - |                     - |                     - |                     - |                     - |                     - |                     - |                     - |                     - |                     - |                     - |                     - |                     - |                     - |                     - |                     - |                     - |                     - |                     - |                     - |                     - |                     0 |                    25 |                    26 |                    29 |                    32 |                    21 |                    20 |                    20 |                    20 |                    28 |                    28 |                    30 |                     27 |                     28 |                     13 |                     12 |                     29 |                     30 |    64 |    28 |    15 |    74 |    64 |    53 |    47 |    41 |    40 |     36 |     29 |     26 |     24 |     21 |     21 |     20 |     21 |     19 |     18 |     18 |     19 |     18 |     17 |     17 |     17 |     16 |     16 |     16 |     16 |     15 |     15 |     15 |     15 |     15 |     15 |     14 |     13 |     13 |     13 |     13 |     13 |     13 |     13 |     13 |     13 |     13 |     13 |     13 |     13 |     14 |     14 |     14 |     14 |     14 |     56 |     50 |    81 |    77 |    66 |    59 |    45 |    42 |    40 |    36 |    31 |    26 |     28 |     21 |     21 |     20 |     21 |     19 |     18 |     18 |     19 |     19 |     17 |     17 |     17 |     16 |     16 |     16 |     16 |     15 |     15 |     15 |     15 |     15 |     15 |     14 |     13 |     13 |     13 |     13 |     13 |     13 |     13 |     13 |     13 |     13 |     13 |     13 |     13 |     13 |     13 |     14 |     14 |     14 |     14 |     14 |
| simulated_k54_l200_89   |                     - |                     - |                     - |                     - |                     - |                     - |                     - |                     - |                     - |                     - |                     - |                     - |                     - |                     - |                     - |                     - |                     - |                     - |                     - |                     - |                     - |                     - |                     - |                     - |                     - |                     - |                     - |                     - |                     - |                     - |                     - |                     - |                     - |                     - |                     - |                     - |                     - |                     0 |                     1 |                    24 |                    27 |                    22 |                    21 |                    27 |                    27 |                    23 |                    23 |                    15 |                     12 |                     23 |                     20 |                     19 |                     24 |                     25 |    63 |    23 |    14 |    71 |    61 |    49 |    43 |    39 |    36 |     31 |     26 |     23 |     25 |     22 |     22 |     21 |     18 |     16 |     17 |     15 |     14 |     13 |     12 |     12 |     12 |     11 |     11 |     11 |     11 |     10 |     10 |     10 |     10 |     10 |     10 |     11 |     12 |     12 |     12 |     12 |     12 |     12 |     12 |     12 |     12 |     12 |     12 |     12 |     12 |     13 |     13 |     13 |     13 |     13 |     55 |     49 |    83 |    75 |    63 |    53 |    42 |    40 |    36 |    31 |    28 |    23 |     21 |     22 |     22 |     21 |     18 |     16 |     17 |     15 |     14 |     14 |     12 |     12 |     12 |     11 |     11 |     11 |     11 |     10 |     10 |     10 |     10 |     10 |     10 |     11 |     12 |     12 |     12 |     12 |     12 |     12 |     12 |     12 |     12 |     12 |     12 |     12 |     12 |     12 |     12 |     13 |     13 |     13 |     13 |     13 |
| simulated_k54_l200_90   |                     - |                     - |                     - |                     - |                     - |                     - |                     - |                     - |                     - |                     - |                     - |                     - |                     - |                     - |                     - |                     - |                     - |                     - |                     - |                     - |                     - |                     - |                     - |                     - |                     - |                     - |                     - |                     - |                     - |                     - |                     - |                     - |                     - |                     - |                     - |                     - |                     - |                     - |                     0 |                    25 |                    28 |                    23 |                    22 |                    28 |                    28 |                    24 |                    24 |                    14 |                     13 |                     24 |                     21 |                     20 |                     25 |                     26 |    62 |    24 |    15 |    70 |    62 |    50 |    44 |    40 |    37 |     32 |     27 |     24 |     26 |     23 |     23 |     22 |     19 |     17 |     18 |     16 |     15 |     14 |     13 |     13 |     13 |     12 |     12 |     12 |     12 |     11 |     11 |     11 |     11 |     11 |     11 |     12 |     13 |     13 |     13 |     13 |     13 |     13 |     13 |     13 |     13 |     13 |     13 |     13 |     13 |     14 |     14 |     14 |     14 |     14 |     56 |     48 |    82 |    74 |    64 |    54 |    43 |    41 |    37 |    32 |    29 |    24 |     22 |     23 |     23 |     22 |     19 |     17 |     18 |     16 |     15 |     15 |     13 |     13 |     13 |     12 |     12 |     12 |     12 |     11 |     11 |     11 |     11 |     11 |     11 |     12 |     13 |     13 |     13 |     13 |     13 |     13 |     13 |     13 |     13 |     13 |     13 |     13 |     13 |     13 |     13 |     14 |     14 |     14 |     14 |     14 |
| simulated_k54_l200_91   |                     - |                     - |                     - |                     - |                     - |                     - |                     - |                     - |                     - |                     - |                     - |                     - |                     - |                     - |                     - |                     - |                     - |                     - |                     - |                     - |                     - |                     - |                     - |                     - |                     - |                     - |                     - |                     - |                     - |                     - |                     - |                     - |                     - |                     - |                     - |                     - |                     - |                     - |                     - |                     0 |                     3 |                    28 |                    27 |                    27 |                    27 |                    15 |                    15 |                    29 |                     26 |                      9 |                     22 |                     21 |                     10 |                     11 |    63 |    29 |    18 |    70 |    63 |    49 |    43 |    35 |    32 |     31 |     26 |     25 |     19 |     20 |     20 |     21 |     18 |     16 |     15 |     15 |     14 |     13 |     12 |     12 |     12 |     13 |     13 |     13 |     13 |     14 |     14 |     14 |     14 |     14 |     14 |     15 |     16 |     16 |     16 |     16 |     16 |     16 |     16 |     16 |     16 |     16 |     16 |     16 |     16 |     17 |     17 |     17 |     17 |     17 |     62 |     54 |    82 |    71 |    63 |    54 |    42 |    36 |    32 |    31 |    28 |    25 |     23 |     20 |     20 |     22 |     18 |     16 |     15 |     15 |     14 |     14 |     12 |     12 |     12 |     13 |     13 |     13 |     13 |     14 |     14 |     14 |     14 |     14 |     14 |     15 |     16 |     16 |     16 |     16 |     16 |     16 |     16 |     16 |     16 |     16 |     16 |     16 |     16 |     16 |     16 |     17 |     17 |     17 |     17 |     17 |
| simulated_k54_l200_92   |                     - |                     - |                     - |                     - |                     - |                     - |                     - |                     - |                     - |                     - |                     - |                     - |                     - |                     - |                     - |                     - |                     - |                     - |                     - |                     - |                     - |                     - |                     - |                     - |                     - |                     - |                     - |                     - |                     - |                     - |                     - |                     - |                     - |                     - |                     - |                     - |                     - |                     - |                     - |                     - |                     0 |                    31 |                    30 |                    30 |                    30 |                    18 |                    18 |                    32 |                     29 |                     12 |                     25 |                     24 |                     13 |                     14 |    62 |    32 |    21 |    71 |    63 |    51 |    45 |    37 |    34 |     33 |     28 |     27 |     21 |     22 |     21 |     22 |     21 |     19 |     18 |     18 |     17 |     16 |     15 |     15 |     15 |     16 |     16 |     16 |     16 |     17 |     17 |     17 |     17 |     17 |     17 |     18 |     19 |     19 |     19 |     19 |     19 |     19 |     19 |     19 |     19 |     19 |     19 |     19 |     19 |     20 |     20 |     20 |     20 |     20 |     63 |     55 |    82 |    72 |    62 |    56 |    44 |    38 |    34 |    33 |    30 |    27 |     25 |     22 |     21 |     23 |     21 |     19 |     18 |     18 |     17 |     17 |     15 |     15 |     15 |     16 |     16 |     16 |     16 |     17 |     17 |     17 |     17 |     17 |     17 |     18 |     19 |     19 |     19 |     19 |     19 |     19 |     19 |     19 |     19 |     19 |     19 |     19 |     19 |     19 |     19 |     20 |     20 |     20 |     20 |     20 |
| simulated_k54_l200_93   |                     - |                     - |                     - |                     - |                     - |                     - |                     - |                     - |                     - |                     - |                     - |                     - |                     - |                     - |                     - |                     - |                     - |                     - |                     - |                     - |                     - |                     - |                     - |                     - |                     - |                     - |                     - |                     - |                     - |                     - |                     - |                     - |                     - |                     - |                     - |                     - |                     - |                     - |                     - |                     - |                     - |                     0 |                     1 |                    27 |                    27 |                    26 |                    26 |                    27 |                     24 |                     27 |                     20 |                     19 |                     28 |                     29 |    64 |    26 |    14 |    76 |    63 |    50 |    44 |    42 |    37 |     35 |     30 |     29 |     23 |     23 |     22 |     21 |     20 |     18 |     19 |     18 |     17 |     17 |     16 |     16 |     16 |     15 |     15 |     15 |     15 |     14 |     14 |     14 |     14 |     14 |     14 |     13 |     12 |     12 |     12 |     12 |     12 |     12 |     12 |     12 |     12 |     12 |     12 |     12 |     12 |     11 |     11 |     11 |     11 |     11 |     55 |     49 |    84 |    79 |    65 |    56 |    44 |    43 |    37 |    35 |    32 |    29 |     28 |     23 |     22 |     21 |     20 |     18 |     19 |     18 |     17 |     17 |     16 |     16 |     16 |     15 |     15 |     15 |     15 |     14 |     14 |     14 |     14 |     14 |     14 |     13 |     12 |     12 |     12 |     12 |     12 |     12 |     12 |     12 |     12 |     12 |     12 |     12 |     12 |     12 |     12 |     11 |     11 |     11 |     11 |     11 |
| simulated_k54_l200_94   |                     - |                     - |                     - |                     - |                     - |                     - |                     - |                     - |                     - |                     - |                     - |                     - |                     - |                     - |                     - |                     - |                     - |                     - |                     - |                     - |                     - |                     - |                     - |                     - |                     - |                     - |                     - |                     - |                     - |                     - |                     - |                     - |                     - |                     - |                     - |                     - |                     - |                     - |                     - |                     - |                     - |                     - |                     0 |                    26 |                    26 |                    26 |                    26 |                    28 |                     25 |                     26 |                     19 |                     18 |                     27 |                     28 |    64 |    25 |    13 |    76 |    64 |    51 |    45 |    43 |    38 |     36 |     31 |     30 |     24 |     23 |     23 |     22 |     19 |     17 |     18 |     17 |     16 |     16 |     15 |     15 |     15 |     14 |     14 |     14 |     14 |     13 |     13 |     13 |     13 |     13 |     13 |     12 |     11 |     11 |     11 |     11 |     11 |     11 |     11 |     11 |     11 |     11 |     11 |     11 |     11 |     10 |     10 |     10 |     10 |     10 |     55 |     50 |    84 |    79 |    66 |    57 |    45 |    44 |    38 |    36 |    33 |    30 |     28 |     23 |     23 |     22 |     19 |     17 |     18 |     17 |     16 |     16 |     15 |     15 |     15 |     14 |     14 |     14 |     14 |     13 |     13 |     13 |     13 |     13 |     13 |     12 |     11 |     11 |     11 |     11 |     11 |     11 |     11 |     11 |     11 |     11 |     11 |     11 |     11 |     11 |     11 |     10 |     10 |     10 |     10 |     10 |
| simulated_k54_l200_95   |                     - |                     - |                     - |                     - |                     - |                     - |                     - |                     - |                     - |                     - |                     - |                     - |                     - |                     - |                     - |                     - |                     - |                     - |                     - |                     - |                     - |                     - |                     - |                     - |                     - |                     - |                     - |                     - |                     - |                     - |                     - |                     - |                     - |                     - |                     - |                     - |                     - |                     - |                     - |                     - |                     - |                     - |                     - |                     0 |                     0 |                    26 |                    26 |                    30 |                     27 |                     26 |                     13 |                     12 |                     27 |                     28 |    65 |    29 |    17 |    71 |    68 |    55 |    48 |    44 |    43 |     38 |     31 |     28 |     22 |     19 |     19 |     21 |     21 |     19 |     18 |     20 |     21 |     20 |     19 |     19 |     19 |     18 |     18 |     18 |     18 |     17 |     17 |     17 |     17 |     17 |     17 |     16 |     15 |     15 |     15 |     15 |     15 |     15 |     15 |     15 |     15 |     15 |     15 |     15 |     15 |     16 |     16 |     16 |     16 |     16 |     52 |     51 |    84 |    74 |    69 |    60 |    47 |    43 |    43 |    38 |    33 |    28 |     26 |     19 |     20 |     21 |     21 |     19 |     18 |     20 |     21 |     21 |     19 |     19 |     19 |     18 |     18 |     18 |     18 |     17 |     17 |     17 |     17 |     17 |     17 |     16 |     15 |     15 |     15 |     15 |     15 |     15 |     15 |     15 |     15 |     15 |     15 |     15 |     15 |     15 |     15 |     16 |     16 |     16 |     16 |     16 |
| simulated_k54_l200_96   |                     - |                     - |                     - |                     - |                     - |                     - |                     - |                     - |                     - |                     - |                     - |                     - |                     - |                     - |                     - |                     - |                     - |                     - |                     - |                     - |                     - |                     - |                     - |                     - |                     - |                     - |                     - |                     - |                     - |                     - |                     - |                     - |                     - |                     - |                     - |                     - |                     - |                     - |                     - |                     - |                     - |                     - |                     - |                     - |                     0 |                    26 |                    26 |                    30 |                     27 |                     26 |                     13 |                     12 |                     27 |                     28 |    65 |    29 |    17 |    71 |    68 |    55 |    48 |    44 |    43 |     38 |     31 |     28 |     22 |     19 |     19 |     21 |     21 |     19 |     18 |     20 |     21 |     20 |     19 |     19 |     19 |     18 |     18 |     18 |     18 |     17 |     17 |     17 |     17 |     17 |     17 |     16 |     15 |     15 |     15 |     15 |     15 |     15 |     15 |     15 |     15 |     15 |     15 |     15 |     15 |     16 |     16 |     16 |     16 |     16 |     52 |     51 |    84 |    74 |    69 |    60 |    47 |    43 |    43 |    38 |    33 |    28 |     26 |     19 |     20 |     21 |     21 |     19 |     18 |     20 |     21 |     21 |     19 |     19 |     19 |     18 |     18 |     18 |     18 |     17 |     17 |     17 |     17 |     17 |     17 |     16 |     15 |     15 |     15 |     15 |     15 |     15 |     15 |     15 |     15 |     15 |     15 |     15 |     15 |     15 |     15 |     16 |     16 |     16 |     16 |     16 |
| simulated_k54_l200_97   |                     - |                     - |                     - |                     - |                     - |                     - |                     - |                     - |                     - |                     - |                     - |                     - |                     - |                     - |                     - |                     - |                     - |                     - |                     - |                     - |                     - |                     - |                     - |                     - |                     - |                     - |                     - |                     - |                     - |                     - |                     - |                     - |                     - |                     - |                     - |                     - |                     - |                     - |                     - |                     - |                     - |                     - |                     - |                     - |                     - |                     0 |                     0 |                    28 |                     25 |                     14 |                     21 |                     20 |                     15 |                     16 |    63 |    29 |    17 |    71 |    67 |    53 |    47 |    41 |    38 |     34 |     27 |     24 |     15 |     17 |     18 |     19 |     17 |     15 |     14 |     14 |     13 |     12 |     11 |     11 |     11 |     12 |     12 |     12 |     12 |     13 |     13 |     13 |     13 |     13 |     13 |     14 |     15 |     15 |     15 |     15 |     15 |     15 |     15 |     15 |     15 |     15 |     15 |     15 |     15 |     16 |     16 |     16 |     16 |     16 |     58 |     50 |    82 |    72 |    65 |    59 |    46 |    42 |    38 |    34 |    29 |    24 |     20 |     17 |     18 |     20 |     17 |     15 |     14 |     14 |     13 |     13 |     11 |     11 |     11 |     12 |     12 |     12 |     12 |     13 |     13 |     13 |     13 |     13 |     13 |     14 |     15 |     15 |     15 |     15 |     15 |     15 |     15 |     15 |     15 |     15 |     15 |     15 |     15 |     15 |     15 |     16 |     16 |     16 |     16 |     16 |
| simulated_k54_l200_98   |                     - |                     - |                     - |                     - |                     - |                     - |                     - |                     - |                     - |                     - |                     - |                     - |                     - |                     - |                     - |                     - |                     - |                     - |                     - |                     - |                     - |                     - |                     - |                     - |                     - |                     - |                     - |                     - |                     - |                     - |                     - |                     - |                     - |                     - |                     - |                     - |                     - |                     - |                     - |                     - |                     - |                     - |                     - |                     - |                     - |                     - |                     0 |                    28 |                     25 |                     14 |                     21 |                     20 |                     15 |                     16 |    63 |    29 |    17 |    71 |    67 |    53 |    47 |    41 |    38 |     34 |     27 |     24 |     15 |     17 |     18 |     19 |     17 |     15 |     14 |     14 |     13 |     12 |     11 |     11 |     11 |     12 |     12 |     12 |     12 |     13 |     13 |     13 |     13 |     13 |     13 |     14 |     15 |     15 |     15 |     15 |     15 |     15 |     15 |     15 |     15 |     15 |     15 |     15 |     15 |     16 |     16 |     16 |     16 |     16 |     58 |     50 |    82 |    72 |    65 |    59 |    46 |    42 |    38 |    34 |    29 |    24 |     20 |     17 |     18 |     20 |     17 |     15 |     14 |     14 |     13 |     13 |     11 |     11 |     11 |     12 |     12 |     12 |     12 |     13 |     13 |     13 |     13 |     13 |     13 |     14 |     15 |     15 |     15 |     15 |     15 |     15 |     15 |     15 |     15 |     15 |     15 |     15 |     15 |     15 |     15 |     16 |     16 |     16 |     16 |     16 |
| simulated_k54_l200_99   |                     - |                     - |                     - |                     - |                     - |                     - |                     - |                     - |                     - |                     - |                     - |                     - |                     - |                     - |                     - |                     - |                     - |                     - |                     - |                     - |                     - |                     - |                     - |                     - |                     - |                     - |                     - |                     - |                     - |                     - |                     - |                     - |                     - |                     - |                     - |                     - |                     - |                     - |                     - |                     - |                     - |                     - |                     - |                     - |                     - |                     - |                     - |                     0 |                      3 |                     28 |                     25 |                     24 |                     29 |                     30 |    63 |    25 |    19 |    70 |    61 |    48 |    44 |    40 |    37 |     34 |     29 |     26 |     28 |     25 |     25 |     24 |     23 |     23 |     22 |     20 |     19 |     18 |     17 |     17 |     17 |     16 |     16 |     16 |     16 |     15 |     15 |     15 |     15 |     15 |     15 |     16 |     17 |     17 |     17 |     17 |     17 |     17 |     17 |     17 |     17 |     17 |     17 |     17 |     17 |     18 |     18 |     18 |     18 |     18 |     58 |     50 |    83 |    72 |    64 |    54 |    43 |    39 |    37 |    32 |    31 |    26 |     24 |     25 |     25 |     25 |     23 |     23 |     22 |     20 |     19 |     19 |     17 |     17 |     17 |     16 |     16 |     16 |     16 |     15 |     15 |     15 |     15 |     15 |     15 |     16 |     17 |     17 |     17 |     17 |     17 |     17 |     17 |     17 |     17 |     17 |     17 |     17 |     17 |     17 |     17 |     18 |     18 |     18 |     18 |     18 |
| simulated_k54_l200_100  |                     - |                     - |                     - |                     - |                     - |                     - |                     - |                     - |                     - |                     - |                     - |                     - |                     - |                     - |                     - |                     - |                     - |                     - |                     - |                     - |                     - |                     - |                     - |                     - |                     - |                     - |                     - |                     - |                     - |                     - |                     - |                     - |                     - |                     - |                     - |                     - |                     - |                     - |                     - |                     - |                     - |                     - |                     - |                     - |                     - |                     - |                     - |                     - |                      0 |                     25 |                     22 |                     21 |                     26 |                     27 |    64 |    22 |    16 |    69 |    58 |    45 |    41 |    37 |    34 |     31 |     26 |     23 |     25 |     22 |     22 |     21 |     20 |     20 |     19 |     17 |     16 |     15 |     14 |     14 |     14 |     13 |     13 |     13 |     13 |     12 |     12 |     12 |     12 |     12 |     12 |     13 |     14 |     14 |     14 |     14 |     14 |     14 |     14 |     14 |     14 |     14 |     14 |     14 |     14 |     15 |     15 |     15 |     15 |     15 |     57 |     50 |    84 |    73 |    61 |    51 |    40 |    36 |    34 |    29 |    28 |    23 |     21 |     22 |     22 |     22 |     20 |     20 |     19 |     17 |     16 |     16 |     14 |     14 |     14 |     13 |     13 |     13 |     13 |     12 |     12 |     12 |     12 |     12 |     12 |     13 |     14 |     14 |     14 |     14 |     14 |     14 |     14 |     14 |     14 |     14 |     14 |     14 |     14 |     14 |     14 |     15 |     15 |     15 |     15 |     15 |
| simulated_k54_l200_102  |                     - |                     - |                     - |                     - |                     - |                     - |                     - |                     - |                     - |                     - |                     - |                     - |                     - |                     - |                     - |                     - |                     - |                     - |                     - |                     - |                     - |                     - |                     - |                     - |                     - |                     - |                     - |                     - |                     - |                     - |                     - |                     - |                     - |                     - |                     - |                     - |                     - |                     - |                     - |                     - |                     - |                     - |                     - |                     - |                     - |                     - |                     - |                     - |                      - |                      0 |                     21 |                     20 |                      1 |                      2 |    62 |    30 |    17 |    69 |    61 |    46 |    38 |    32 |    31 |     30 |     25 |     24 |     18 |     19 |     19 |     20 |     17 |     15 |     14 |     14 |     13 |     12 |     11 |     11 |     11 |     12 |     12 |     12 |     12 |     13 |     13 |     13 |     13 |     13 |     13 |     14 |     15 |     15 |     15 |     15 |     15 |     15 |     15 |     15 |     15 |     15 |     15 |     15 |     15 |     16 |     16 |     16 |     16 |     16 |     61 |     52 |    81 |    72 |    61 |    49 |    39 |    33 |    31 |    30 |    27 |    24 |     20 |     19 |     19 |     21 |     17 |     15 |     14 |     14 |     13 |     13 |     11 |     11 |     11 |     12 |     12 |     12 |     12 |     13 |     13 |     13 |     13 |     13 |     13 |     14 |     15 |     15 |     15 |     15 |     15 |     15 |     15 |     15 |     15 |     15 |     15 |     15 |     15 |     15 |     15 |     16 |     16 |     16 |     16 |     16 |
| simulated_k54_l200_103  |                     - |                     - |                     - |                     - |                     - |                     - |                     - |                     - |                     - |                     - |                     - |                     - |                     - |                     - |                     - |                     - |                     - |                     - |                     - |                     - |                     - |                     - |                     - |                     - |                     - |                     - |                     - |                     - |                     - |                     - |                     - |                     - |                     - |                     - |                     - |                     - |                     - |                     - |                     - |                     - |                     - |                     - |                     - |                     - |                     - |                     - |                     - |                     - |                      - |                      - |                      0 |                      1 |                     22 |                     23 |    65 |    24 |    10 |    76 |    67 |    52 |    45 |    41 |    38 |     33 |     26 |     23 |     17 |     14 |     14 |     13 |     14 |     12 |     11 |     11 |     12 |     11 |     10 |     10 |     10 |      9 |      9 |      9 |      9 |     10 |     10 |     10 |     10 |     10 |     10 |      9 |      8 |      8 |      8 |      8 |      8 |      8 |      8 |      8 |      8 |      8 |      8 |      8 |      8 |      9 |      9 |      9 |      9 |      9 |     56 |     51 |    86 |    79 |    69 |    57 |    44 |    42 |    38 |    33 |    28 |    23 |     21 |     14 |     14 |     13 |     14 |     12 |     11 |     11 |     12 |     12 |     10 |     10 |     10 |      9 |      9 |      9 |      9 |     10 |     10 |     10 |     10 |     10 |     10 |      9 |      8 |      8 |      8 |      8 |      8 |      8 |      8 |      8 |      8 |      8 |      8 |      8 |      8 |      8 |      8 |      9 |      9 |      9 |      9 |      9 |
| simulated_k54_l200_104  |                     - |                     - |                     - |                     - |                     - |                     - |                     - |                     - |                     - |                     - |                     - |                     - |                     - |                     - |                     - |                     - |                     - |                     - |                     - |                     - |                     - |                     - |                     - |                     - |                     - |                     - |                     - |                     - |                     - |                     - |                     - |                     - |                     - |                     - |                     - |                     - |                     - |                     - |                     - |                     - |                     - |                     - |                     - |                     - |                     - |                     - |                     - |                     - |                      - |                      - |                      - |                      0 |                     21 |                     22 |    65 |    23 |     9 |    75 |    66 |    51 |    44 |    40 |    37 |     32 |     25 |     22 |     16 |     13 |     13 |     12 |     13 |     11 |     10 |     10 |     11 |     10 |      9 |      9 |      9 |      8 |      8 |      8 |      8 |      9 |      9 |      9 |      9 |      9 |      9 |      8 |      7 |      7 |      7 |      7 |      7 |      7 |      7 |      7 |      7 |      7 |      7 |      7 |      7 |      8 |      8 |      8 |      8 |      8 |     56 |     51 |    86 |    78 |    68 |    56 |    43 |    41 |    37 |    32 |    27 |    22 |     20 |     13 |     13 |     12 |     13 |     11 |     10 |     10 |     11 |     11 |      9 |      9 |      9 |      8 |      8 |      8 |      8 |      9 |      9 |      9 |      9 |      9 |      9 |      8 |      7 |      7 |      7 |      7 |      7 |      7 |      7 |      7 |      7 |      7 |      7 |      7 |      7 |      7 |      7 |      8 |      8 |      8 |      8 |      8 |
| simulated_k54_l200_105  |                     - |                     - |                     - |                     - |                     - |                     - |                     - |                     - |                     - |                     - |                     - |                     - |                     - |                     - |                     - |                     - |                     - |                     - |                     - |                     - |                     - |                     - |                     - |                     - |                     - |                     - |                     - |                     - |                     - |                     - |                     - |                     - |                     - |                     - |                     - |                     - |                     - |                     - |                     - |                     - |                     - |                     - |                     - |                     - |                     - |                     - |                     - |                     - |                      - |                      - |                      - |                      - |                      0 |                      1 |    62 |    29 |    18 |    68 |    60 |    47 |    39 |    33 |    32 |     31 |     26 |     25 |     19 |     20 |     20 |     21 |     18 |     16 |     15 |     15 |     14 |     13 |     12 |     12 |     12 |     13 |     13 |     13 |     13 |     14 |     14 |     14 |     14 |     14 |     14 |     15 |     16 |     16 |     16 |     16 |     16 |     16 |     16 |     16 |     16 |     16 |     16 |     16 |     16 |     17 |     17 |     17 |     17 |     17 |     62 |     53 |    81 |    71 |    60 |    48 |    40 |    34 |    32 |    31 |    28 |    25 |     21 |     20 |     20 |     22 |     18 |     16 |     15 |     15 |     14 |     14 |     12 |     12 |     12 |     13 |     13 |     13 |     13 |     14 |     14 |     14 |     14 |     14 |     14 |     15 |     16 |     16 |     16 |     16 |     16 |     16 |     16 |     16 |     16 |     16 |     16 |     16 |     16 |     16 |     16 |     17 |     17 |     17 |     17 |     17 |
| simulated_k54_l200_106  |                     - |                     - |                     - |                     - |                     - |                     - |                     - |                     - |                     - |                     - |                     - |                     - |                     - |                     - |                     - |                     - |                     - |                     - |                     - |                     - |                     - |                     - |                     - |                     - |                     - |                     - |                     - |                     - |                     - |                     - |                     - |                     - |                     - |                     - |                     - |                     - |                     - |                     - |                     - |                     - |                     - |                     - |                     - |                     - |                     - |                     - |                     - |                     - |                      - |                      - |                      - |                      - |                      - |                      0 |    62 |    30 |    19 |    68 |    60 |    48 |    40 |    34 |    33 |     32 |     27 |     26 |     20 |     21 |     21 |     22 |     19 |     17 |     16 |     16 |     15 |     14 |     13 |     13 |     13 |     14 |     14 |     14 |     14 |     15 |     15 |     15 |     15 |     15 |     15 |     16 |     17 |     17 |     17 |     17 |     17 |     17 |     17 |     17 |     17 |     17 |     17 |     17 |     17 |     18 |     18 |     18 |     18 |     18 |     63 |     54 |    81 |    71 |    60 |    49 |    41 |    35 |    33 |    32 |    29 |    26 |     22 |     21 |     21 |     23 |     19 |     17 |     16 |     16 |     15 |     15 |     13 |     13 |     13 |     14 |     14 |     14 |     14 |     15 |     15 |     15 |     15 |     15 |     15 |     16 |     17 |     17 |     17 |     17 |     17 |     17 |     17 |     17 |     17 |     17 |     17 |     17 |     17 |     17 |     17 |     18 |     18 |     18 |     18 |     18 |
| MST_1                   |                     - |                     - |                     - |                     - |                     - |                     - |                     - |                     - |                     - |                     - |                     - |                     - |                     - |                     - |                     - |                     - |                     - |                     - |                     - |                     - |                     - |                     - |                     - |                     - |                     - |                     - |                     - |                     - |                     - |                     - |                     - |                     - |                     - |                     - |                     - |                     - |                     - |                     - |                     - |                     - |                     - |                     - |                     - |                     - |                     - |                     - |                     - |                     - |                      - |                      - |                      - |                      - |                      - |                      - |     0 |    66 |    68 |    44 |    55 |    58 |    58 |    61 |    61 |     59 |     62 |     63 |     63 |     65 |     64 |     64 |     65 |     64 |     64 |     64 |     64 |     65 |     65 |     65 |     65 |     66 |     66 |     66 |     66 |     67 |     67 |     67 |     67 |     67 |     67 |     67 |     68 |     68 |     68 |     68 |     68 |     68 |     68 |     68 |     68 |     68 |     68 |     68 |     68 |     68 |     68 |     68 |     68 |     68 |     54 |     52 |    24 |    43 |    54 |    60 |    57 |    61 |    61 |    60 |    62 |    63 |     62 |     65 |     64 |     64 |     65 |     64 |     64 |     64 |     64 |     64 |     65 |     65 |     65 |     66 |     66 |     66 |     66 |     67 |     67 |     67 |     67 |     67 |     67 |     67 |     68 |     68 |     68 |     68 |     68 |     68 |     68 |     68 |     68 |     68 |     68 |     68 |     68 |     68 |     68 |     68 |     68 |     68 |     68 |     68 |
| MST_2                   |                     - |                     - |                     - |                     - |                     - |                     - |                     - |                     - |                     - |                     - |                     - |                     - |                     - |                     - |                     - |                     - |                     - |                     - |                     - |                     - |                     - |                     - |                     - |                     - |                     - |                     - |                     - |                     - |                     - |                     - |                     - |                     - |                     - |                     - |                     - |                     - |                     - |                     - |                     - |                     - |                     - |                     - |                     - |                     - |                     - |                     - |                     - |                     - |                      - |                      - |                      - |                      - |                      - |                      - |     - |     0 |    14 |    81 |    74 |    62 |    53 |    49 |    46 |     44 |     39 |     36 |     33 |     30 |     30 |     29 |     26 |     24 |     23 |     21 |     20 |     21 |     20 |     20 |     20 |     19 |     19 |     19 |     19 |     18 |     18 |     18 |     18 |     18 |     18 |     17 |     16 |     16 |     16 |     16 |     16 |     16 |     16 |     16 |     16 |     16 |     16 |     16 |     16 |     17 |     17 |     17 |     17 |     17 |     57 |     54 |    84 |    79 |    74 |    63 |    53 |    48 |    46 |    44 |    39 |    36 |     31 |     30 |     30 |     29 |     26 |     24 |     23 |     21 |     20 |     20 |     20 |     20 |     20 |     19 |     19 |     19 |     19 |     18 |     18 |     18 |     18 |     18 |     18 |     17 |     16 |     16 |     16 |     16 |     16 |     16 |     16 |     16 |     16 |     16 |     16 |     16 |     16 |     16 |     16 |     17 |     17 |     17 |     17 |     17 |
| MST_3                   |                     - |                     - |                     - |                     - |                     - |                     - |                     - |                     - |                     - |                     - |                     - |                     - |                     - |                     - |                     - |                     - |                     - |                     - |                     - |                     - |                     - |                     - |                     - |                     - |                     - |                     - |                     - |                     - |                     - |                     - |                     - |                     - |                     - |                     - |                     - |                     - |                     - |                     - |                     - |                     - |                     - |                     - |                     - |                     - |                     - |                     - |                     - |                     - |                      - |                      - |                      - |                      - |                      - |                      - |     - |     - |     0 |    83 |    74 |    59 |    51 |    45 |    42 |     37 |     30 |     27 |     21 |     18 |     18 |     17 |     14 |     12 |     11 |      9 |      8 |      7 |      6 |      6 |      6 |      5 |      5 |      5 |      5 |      4 |      4 |      4 |      4 |      4 |      4 |      3 |      2 |      2 |      2 |      2 |      2 |      2 |      2 |      2 |      2 |      2 |      2 |      2 |      2 |      3 |      3 |      3 |      3 |      3 |     58 |     54 |    88 |    84 |    76 |    64 |    50 |    46 |    42 |    37 |    32 |    27 |     25 |     18 |     18 |     17 |     14 |     12 |     11 |      9 |      8 |      8 |      6 |      6 |      6 |      5 |      5 |      5 |      5 |      4 |      4 |      4 |      4 |      4 |      4 |      3 |      2 |      2 |      2 |      2 |      2 |      2 |      2 |      2 |      2 |      2 |      2 |      2 |      2 |      2 |      2 |      3 |      3 |      3 |      3 |      3 |
| MST_4                   |                     - |                     - |                     - |                     - |                     - |                     - |                     - |                     - |                     - |                     - |                     - |                     - |                     - |                     - |                     - |                     - |                     - |                     - |                     - |                     - |                     - |                     - |                     - |                     - |                     - |                     - |                     - |                     - |                     - |                     - |                     - |                     - |                     - |                     - |                     - |                     - |                     - |                     - |                     - |                     - |                     - |                     - |                     - |                     - |                     - |                     - |                     - |                     - |                      - |                      - |                      - |                      - |                      - |                      - |     - |     - |     - |     0 |    25 |    38 |    48 |    55 |    55 |     58 |     64 |     65 |     68 |     70 |     70 |     71 |     73 |     74 |     74 |     77 |     77 |     77 |     77 |     77 |     77 |     78 |     78 |     78 |     78 |     79 |     79 |     79 |     79 |     79 |     79 |     80 |     81 |     81 |     81 |     81 |     81 |     81 |     81 |     81 |     81 |     81 |     81 |     81 |     81 |     82 |     82 |     82 |     82 |     82 |     75 |     71 |    58 |     9 |    24 |    40 |    48 |    54 |    55 |    57 |    63 |    65 |     65 |     70 |     70 |     72 |     73 |     74 |     74 |     77 |     77 |     77 |     77 |     77 |     77 |     78 |     78 |     78 |     78 |     79 |     79 |     79 |     79 |     79 |     79 |     80 |     81 |     81 |     81 |     81 |     81 |     81 |     81 |     81 |     81 |     81 |     81 |     81 |     81 |     81 |     81 |     82 |     82 |     82 |     82 |     82 |
| MST_5                   |                     - |                     - |                     - |                     - |                     - |                     - |                     - |                     - |                     - |                     - |                     - |                     - |                     - |                     - |                     - |                     - |                     - |                     - |                     - |                     - |                     - |                     - |                     - |                     - |                     - |                     - |                     - |                     - |                     - |                     - |                     - |                     - |                     - |                     - |                     - |                     - |                     - |                     - |                     - |                     - |                     - |                     - |                     - |                     - |                     - |                     - |                     - |                     - |                      - |                      - |                      - |                      - |                      - |                      - |     - |     - |     - |     - |     0 |    21 |    33 |    39 |    40 |     41 |     48 |     51 |     59 |     62 |     62 |     63 |     66 |     67 |     68 |     68 |     68 |     68 |     68 |     68 |     68 |     69 |     69 |     69 |     69 |     70 |     70 |     70 |     70 |     70 |     70 |     71 |     72 |     72 |     72 |     72 |     72 |     72 |     72 |     72 |     72 |     72 |     72 |     72 |     72 |     73 |     73 |     73 |     73 |     73 |     76 |     73 |    73 |    30 |     8 |    23 |    31 |    38 |    40 |    40 |    47 |    51 |     55 |     62 |     62 |     64 |     66 |     67 |     68 |     68 |     68 |     68 |     68 |     68 |     68 |     69 |     69 |     69 |     69 |     70 |     70 |     70 |     70 |     70 |     70 |     71 |     72 |     72 |     72 |     72 |     72 |     72 |     72 |     72 |     72 |     72 |     72 |     72 |     72 |     72 |     72 |     73 |     73 |     73 |     73 |     73 |
| MST_6                   |                     - |                     - |                     - |                     - |                     - |                     - |                     - |                     - |                     - |                     - |                     - |                     - |                     - |                     - |                     - |                     - |                     - |                     - |                     - |                     - |                     - |                     - |                     - |                     - |                     - |                     - |                     - |                     - |                     - |                     - |                     - |                     - |                     - |                     - |                     - |                     - |                     - |                     - |                     - |                     - |                     - |                     - |                     - |                     - |                     - |                     - |                     - |                     - |                      - |                      - |                      - |                      - |                      - |                      - |     - |     - |     - |     - |     - |     0 |    15 |    21 |    26 |     29 |     34 |     37 |     44 |     46 |     45 |     47 |     49 |     50 |     51 |     54 |     54 |     54 |     53 |     53 |     53 |     54 |     54 |     54 |     54 |     55 |     55 |     55 |     55 |     55 |     55 |     56 |     57 |     57 |     57 |     57 |     57 |     57 |     57 |     57 |     57 |     57 |     57 |     57 |     57 |     58 |     58 |     58 |     58 |     58 |     73 |     68 |    75 |    42 |    24 |     9 |    13 |    20 |    26 |    26 |    36 |    37 |     41 |     46 |     46 |     48 |     50 |     50 |     51 |     54 |     54 |     54 |     53 |     53 |     53 |     54 |     54 |     54 |     54 |     55 |     55 |     55 |     55 |     55 |     55 |     56 |     57 |     57 |     57 |     57 |     57 |     57 |     57 |     57 |     57 |     57 |     57 |     57 |     57 |     57 |     57 |     58 |     58 |     58 |     58 |     58 |
| MST_7                   |                     - |                     - |                     - |                     - |                     - |                     - |                     - |                     - |                     - |                     - |                     - |                     - |                     - |                     - |                     - |                     - |                     - |                     - |                     - |                     - |                     - |                     - |                     - |                     - |                     - |                     - |                     - |                     - |                     - |                     - |                     - |                     - |                     - |                     - |                     - |                     - |                     - |                     - |                     - |                     - |                     - |                     - |                     - |                     - |                     - |                     - |                     - |                     - |                      - |                      - |                      - |                      - |                      - |                      - |     - |     - |     - |     - |     - |     - |     0 |     9 |    14 |     20 |     24 |     27 |     35 |     37 |     37 |     39 |     40 |     42 |     43 |     45 |     46 |     46 |     45 |     45 |     45 |     46 |     46 |     46 |     46 |     47 |     47 |     47 |     47 |     47 |     47 |     48 |     49 |     49 |     49 |     49 |     49 |     49 |     49 |     49 |     49 |     49 |     49 |     49 |     49 |     50 |     50 |     50 |     50 |     50 |     74 |     64 |    71 |    53 |    34 |    20 |     4 |     8 |    14 |    17 |    26 |    27 |     30 |     37 |     38 |     40 |     41 |     42 |     43 |     45 |     46 |     46 |     45 |     45 |     45 |     46 |     46 |     46 |     46 |     47 |     47 |     47 |     47 |     47 |     47 |     48 |     49 |     49 |     49 |     49 |     49 |     49 |     49 |     49 |     49 |     49 |     49 |     49 |     49 |     49 |     49 |     50 |     50 |     50 |     50 |     50 |
| MST_8                   |                     - |                     - |                     - |                     - |                     - |                     - |                     - |                     - |                     - |                     - |                     - |                     - |                     - |                     - |                     - |                     - |                     - |                     - |                     - |                     - |                     - |                     - |                     - |                     - |                     - |                     - |                     - |                     - |                     - |                     - |                     - |                     - |                     - |                     - |                     - |                     - |                     - |                     - |                     - |                     - |                     - |                     - |                     - |                     - |                     - |                     - |                     - |                     - |                      - |                      - |                      - |                      - |                      - |                      - |     - |     - |     - |     - |     - |     - |     - |     0 |     5 |     14 |     19 |     21 |     29 |     31 |     31 |     33 |     34 |     36 |     37 |     39 |     40 |     40 |     39 |     39 |     39 |     40 |     40 |     40 |     40 |     41 |     41 |     41 |     41 |     41 |     41 |     42 |     43 |     43 |     43 |     43 |     43 |     43 |     43 |     43 |     43 |     43 |     43 |     43 |     43 |     44 |     44 |     44 |     44 |     44 |     71 |     62 |    73 |    59 |    40 |    27 |    11 |     1 |     5 |    11 |    20 |    21 |     24 |     31 |     32 |     34 |     35 |     36 |     37 |     39 |     40 |     40 |     39 |     39 |     39 |     40 |     40 |     40 |     40 |     41 |     41 |     41 |     41 |     41 |     41 |     42 |     43 |     43 |     43 |     43 |     43 |     43 |     43 |     43 |     43 |     43 |     43 |     43 |     43 |     43 |     43 |     44 |     44 |     44 |     44 |     44 |
| MST_9                   |                     - |                     - |                     - |                     - |                     - |                     - |                     - |                     - |                     - |                     - |                     - |                     - |                     - |                     - |                     - |                     - |                     - |                     - |                     - |                     - |                     - |                     - |                     - |                     - |                     - |                     - |                     - |                     - |                     - |                     - |                     - |                     - |                     - |                     - |                     - |                     - |                     - |                     - |                     - |                     - |                     - |                     - |                     - |                     - |                     - |                     - |                     - |                     - |                      - |                      - |                      - |                      - |                      - |                      - |     - |     - |     - |     - |     - |     - |     - |     - |     0 |      9 |     14 |     16 |     24 |     28 |     28 |     30 |     31 |     33 |     34 |     36 |     37 |     37 |     36 |     36 |     36 |     37 |     37 |     37 |     37 |     38 |     38 |     38 |     38 |     38 |     38 |     39 |     40 |     40 |     40 |     40 |     40 |     40 |     40 |     40 |     40 |     40 |     40 |     40 |     40 |     41 |     41 |     41 |     41 |     41 |     71 |     61 |    74 |    60 |    42 |    31 |    16 |     6 |     0 |     6 |    16 |    16 |     19 |     28 |     29 |     31 |     32 |     33 |     34 |     36 |     37 |     37 |     36 |     36 |     36 |     37 |     37 |     37 |     37 |     38 |     38 |     38 |     38 |     38 |     38 |     39 |     40 |     40 |     40 |     40 |     40 |     40 |     40 |     40 |     40 |     40 |     40 |     40 |     40 |     40 |     40 |     41 |     41 |     41 |     41 |     41 |
| MST_10                  |                     - |                     - |                     - |                     - |                     - |                     - |                     - |                     - |                     - |                     - |                     - |                     - |                     - |                     - |                     - |                     - |                     - |                     - |                     - |                     - |                     - |                     - |                     - |                     - |                     - |                     - |                     - |                     - |                     - |                     - |                     - |                     - |                     - |                     - |                     - |                     - |                     - |                     - |                     - |                     - |                     - |                     - |                     - |                     - |                     - |                     - |                     - |                     - |                      - |                      - |                      - |                      - |                      - |                      - |     - |     - |     - |     - |     - |     - |     - |     - |     - |      0 |      9 |     12 |     22 |     25 |     25 |     26 |     28 |     29 |     30 |     32 |     33 |     32 |     31 |     31 |     31 |     32 |     32 |     32 |     32 |     33 |     33 |     33 |     33 |     33 |     33 |     34 |     35 |     35 |     35 |     35 |     35 |     35 |     35 |     35 |     35 |     35 |     35 |     35 |     35 |     36 |     36 |     36 |     36 |     36 |     68 |     60 |    76 |    64 |    44 |    33 |    19 |    15 |     9 |     3 |     7 |    12 |     18 |     25 |     26 |     27 |     29 |     29 |     30 |     32 |     33 |     33 |     31 |     31 |     31 |     32 |     32 |     32 |     32 |     33 |     33 |     33 |     33 |     33 |     33 |     34 |     35 |     35 |     35 |     35 |     35 |     35 |     35 |     35 |     35 |     35 |     35 |     35 |     35 |     35 |     35 |     36 |     36 |     36 |     36 |     36 |
| MST_11                  |                     - |                     - |                     - |                     - |                     - |                     - |                     - |                     - |                     - |                     - |                     - |                     - |                     - |                     - |                     - |                     - |                     - |                     - |                     - |                     - |                     - |                     - |                     - |                     - |                     - |                     - |                     - |                     - |                     - |                     - |                     - |                     - |                     - |                     - |                     - |                     - |                     - |                     - |                     - |                     - |                     - |                     - |                     - |                     - |                     - |                     - |                     - |                     - |                      - |                      - |                      - |                      - |                      - |                      - |     - |     - |     - |     - |     - |     - |     - |     - |     - |      - |      0 |      3 |     13 |     16 |     17 |     19 |     20 |     22 |     23 |     25 |     26 |     25 |     24 |     24 |     24 |     25 |     25 |     25 |     25 |     26 |     26 |     26 |     26 |     26 |     26 |     27 |     28 |     28 |     28 |     28 |     28 |     28 |     28 |     28 |     28 |     28 |     28 |     28 |     28 |     29 |     29 |     29 |     29 |     29 |     62 |     57 |    79 |    67 |    50 |    40 |    24 |    20 |    14 |     8 |     4 |     3 |      9 |     16 |     18 |     20 |     21 |     22 |     23 |     25 |     26 |     26 |     24 |     24 |     24 |     25 |     25 |     25 |     25 |     26 |     26 |     26 |     26 |     26 |     26 |     27 |     28 |     28 |     28 |     28 |     28 |     28 |     28 |     28 |     28 |     28 |     28 |     28 |     28 |     28 |     28 |     29 |     29 |     29 |     29 |     29 |
| MST_12                  |                     - |                     - |                     - |                     - |                     - |                     - |                     - |                     - |                     - |                     - |                     - |                     - |                     - |                     - |                     - |                     - |                     - |                     - |                     - |                     - |                     - |                     - |                     - |                     - |                     - |                     - |                     - |                     - |                     - |                     - |                     - |                     - |                     - |                     - |                     - |                     - |                     - |                     - |                     - |                     - |                     - |                     - |                     - |                     - |                     - |                     - |                     - |                     - |                      - |                      - |                      - |                      - |                      - |                      - |     - |     - |     - |     - |     - |     - |     - |     - |     - |      - |      - |      0 |     10 |     13 |     14 |     16 |     17 |     19 |     20 |     22 |     23 |     22 |     21 |     21 |     21 |     22 |     22 |     22 |     22 |     23 |     23 |     23 |     23 |     23 |     23 |     24 |     25 |     25 |     25 |     25 |     25 |     25 |     25 |     25 |     25 |     25 |     25 |     25 |     25 |     26 |     26 |     26 |     26 |     26 |     60 |     54 |    81 |    68 |    53 |    43 |    27 |    22 |    16 |    11 |     6 |     0 |      6 |     13 |     15 |     17 |     18 |     19 |     20 |     22 |     23 |     23 |     21 |     21 |     21 |     22 |     22 |     22 |     22 |     23 |     23 |     23 |     23 |     23 |     23 |     24 |     25 |     25 |     25 |     25 |     25 |     25 |     25 |     25 |     25 |     25 |     25 |     25 |     25 |     25 |     25 |     26 |     26 |     26 |     26 |     26 |
| MST_13                  |                     - |                     - |                     - |                     - |                     - |                     - |                     - |                     - |                     - |                     - |                     - |                     - |                     - |                     - |                     - |                     - |                     - |                     - |                     - |                     - |                     - |                     - |                     - |                     - |                     - |                     - |                     - |                     - |                     - |                     - |                     - |                     - |                     - |                     - |                     - |                     - |                     - |                     - |                     - |                     - |                     - |                     - |                     - |                     - |                     - |                     - |                     - |                     - |                      - |                      - |                      - |                      - |                      - |                      - |     - |     - |     - |     - |     - |     - |     - |     - |     - |      - |      - |      - |      0 |      5 |      5 |      7 |      8 |     10 |     11 |     14 |     15 |     15 |     15 |     15 |     15 |     16 |     16 |     16 |     16 |     17 |     17 |     17 |     17 |     17 |     17 |     18 |     19 |     19 |     19 |     19 |     19 |     19 |     19 |     19 |     19 |     19 |     19 |     19 |     19 |     20 |     20 |     20 |     20 |     20 |     57 |     50 |    81 |    71 |    61 |    50 |    34 |    30 |    24 |    21 |    16 |    10 |      7 |      5 |      6 |      8 |      9 |     10 |     11 |     14 |     15 |     15 |     15 |     15 |     15 |     16 |     16 |     16 |     16 |     17 |     17 |     17 |     17 |     17 |     17 |     18 |     19 |     19 |     19 |     19 |     19 |     19 |     19 |     19 |     19 |     19 |     19 |     19 |     19 |     19 |     19 |     20 |     20 |     20 |     20 |     20 |
| MST_14                  |                     - |                     - |                     - |                     - |                     - |                     - |                     - |                     - |                     - |                     - |                     - |                     - |                     - |                     - |                     - |                     - |                     - |                     - |                     - |                     - |                     - |                     - |                     - |                     - |                     - |                     - |                     - |                     - |                     - |                     - |                     - |                     - |                     - |                     - |                     - |                     - |                     - |                     - |                     - |                     - |                     - |                     - |                     - |                     - |                     - |                     - |                     - |                     - |                      - |                      - |                      - |                      - |                      - |                      - |     - |     - |     - |     - |     - |     - |     - |     - |     - |      - |      - |      - |      - |      0 |      2 |      4 |      5 |      7 |      8 |     10 |     11 |     11 |     12 |     12 |     12 |     13 |     13 |     13 |     13 |     14 |     14 |     14 |     14 |     14 |     14 |     15 |     16 |     16 |     16 |     16 |     16 |     16 |     16 |     16 |     16 |     16 |     16 |     16 |     16 |     17 |     17 |     17 |     17 |     17 |     56 |     50 |    83 |    73 |    62 |    52 |    36 |    32 |    28 |    24 |    19 |    13 |      9 |      0 |      3 |      5 |      6 |      7 |      8 |     10 |     11 |     11 |     12 |     12 |     12 |     13 |     13 |     13 |     13 |     14 |     14 |     14 |     14 |     14 |     14 |     15 |     16 |     16 |     16 |     16 |     16 |     16 |     16 |     16 |     16 |     16 |     16 |     16 |     16 |     16 |     16 |     17 |     17 |     17 |     17 |     17 |
| MST_15                  |                     - |                     - |                     - |                     - |                     - |                     - |                     - |                     - |                     - |                     - |                     - |                     - |                     - |                     - |                     - |                     - |                     - |                     - |                     - |                     - |                     - |                     - |                     - |                     - |                     - |                     - |                     - |                     - |                     - |                     - |                     - |                     - |                     - |                     - |                     - |                     - |                     - |                     - |                     - |                     - |                     - |                     - |                     - |                     - |                     - |                     - |                     - |                     - |                      - |                      - |                      - |                      - |                      - |                      - |     - |     - |     - |     - |     - |     - |     - |     - |     - |      - |      - |      - |      - |      - |      0 |      2 |      5 |      6 |      7 |     10 |     11 |     11 |     12 |     12 |     12 |     13 |     13 |     13 |     13 |     14 |     14 |     14 |     14 |     14 |     14 |     15 |     16 |     16 |     16 |     16 |     16 |     16 |     16 |     16 |     16 |     16 |     16 |     16 |     16 |     17 |     17 |     17 |     17 |     17 |     55 |     49 |    83 |    73 |    63 |    52 |    36 |    32 |    28 |    24 |    20 |    14 |     11 |      2 |      1 |      3 |      6 |      6 |      7 |     10 |     11 |     11 |     12 |     12 |     12 |     13 |     13 |     13 |     13 |     14 |     14 |     14 |     14 |     14 |     14 |     15 |     16 |     16 |     16 |     16 |     16 |     16 |     16 |     16 |     16 |     16 |     16 |     16 |     16 |     16 |     16 |     17 |     17 |     17 |     17 |     17 |
| MST_16                  |                     - |                     - |                     - |                     - |                     - |                     - |                     - |                     - |                     - |                     - |                     - |                     - |                     - |                     - |                     - |                     - |                     - |                     - |                     - |                     - |                     - |                     - |                     - |                     - |                     - |                     - |                     - |                     - |                     - |                     - |                     - |                     - |                     - |                     - |                     - |                     - |                     - |                     - |                     - |                     - |                     - |                     - |                     - |                     - |                     - |                     - |                     - |                     - |                      - |                      - |                      - |                      - |                      - |                      - |     - |     - |     - |     - |     - |     - |     - |     - |     - |      - |      - |      - |      - |      - |      - |      0 |      4 |      5 |      6 |      9 |     10 |     10 |     11 |     11 |     11 |     12 |     12 |     12 |     12 |     13 |     13 |     13 |     13 |     13 |     13 |     14 |     15 |     15 |     15 |     15 |     15 |     15 |     15 |     15 |     15 |     15 |     15 |     15 |     15 |     16 |     16 |     16 |     16 |     16 |     57 |     49 |    83 |    74 |    64 |    54 |    38 |    34 |    30 |    26 |    21 |    16 |     13 |      4 |      1 |      1 |      5 |      5 |      6 |      9 |     10 |     10 |     11 |     11 |     11 |     12 |     12 |     12 |     12 |     13 |     13 |     13 |     13 |     13 |     13 |     14 |     15 |     15 |     15 |     15 |     15 |     15 |     15 |     15 |     15 |     15 |     15 |     15 |     15 |     15 |     15 |     16 |     16 |     16 |     16 |     16 |
| MST_17                  |                     - |                     - |                     - |                     - |                     - |                     - |                     - |                     - |                     - |                     - |                     - |                     - |                     - |                     - |                     - |                     - |                     - |                     - |                     - |                     - |                     - |                     - |                     - |                     - |                     - |                     - |                     - |                     - |                     - |                     - |                     - |                     - |                     - |                     - |                     - |                     - |                     - |                     - |                     - |                     - |                     - |                     - |                     - |                     - |                     - |                     - |                     - |                     - |                      - |                      - |                      - |                      - |                      - |                      - |     - |     - |     - |     - |     - |     - |     - |     - |     - |      - |      - |      - |      - |      - |      - |      - |      0 |      2 |      3 |      6 |      7 |      7 |      8 |      8 |      8 |      9 |      9 |      9 |      9 |     10 |     10 |     10 |     10 |     10 |     10 |     11 |     12 |     12 |     12 |     12 |     12 |     12 |     12 |     12 |     12 |     12 |     12 |     12 |     12 |     13 |     13 |     13 |     13 |     13 |     57 |     50 |    83 |    76 |    65 |    55 |    39 |    35 |    31 |    28 |    22 |    17 |     14 |      5 |      5 |      5 |      1 |      2 |      3 |      6 |      7 |      7 |      8 |      8 |      8 |      9 |      9 |      9 |      9 |     10 |     10 |     10 |     10 |     10 |     10 |     11 |     12 |     12 |     12 |     12 |     12 |     12 |     12 |     12 |     12 |     12 |     12 |     12 |     12 |     12 |     12 |     13 |     13 |     13 |     13 |     13 |
| MST_18                  |                     - |                     - |                     - |                     - |                     - |                     - |                     - |                     - |                     - |                     - |                     - |                     - |                     - |                     - |                     - |                     - |                     - |                     - |                     - |                     - |                     - |                     - |                     - |                     - |                     - |                     - |                     - |                     - |                     - |                     - |                     - |                     - |                     - |                     - |                     - |                     - |                     - |                     - |                     - |                     - |                     - |                     - |                     - |                     - |                     - |                     - |                     - |                     - |                      - |                      - |                      - |                      - |                      - |                      - |     - |     - |     - |     - |     - |     - |     - |     - |     - |      - |      - |      - |      - |      - |      - |      - |      - |      0 |      1 |      4 |      5 |      5 |      6 |      6 |      6 |      7 |      7 |      7 |      7 |      8 |      8 |      8 |      8 |      8 |      8 |      9 |     10 |     10 |     10 |     10 |     10 |     10 |     10 |     10 |     10 |     10 |     10 |     10 |     10 |     11 |     11 |     11 |     11 |     11 |     58 |     50 |    83 |    76 |    67 |    57 |    41 |    37 |    33 |    29 |    24 |    19 |     16 |      7 |      6 |      6 |      3 |      0 |      1 |      4 |      5 |      5 |      6 |      6 |      6 |      7 |      7 |      7 |      7 |      8 |      8 |      8 |      8 |      8 |      8 |      9 |     10 |     10 |     10 |     10 |     10 |     10 |     10 |     10 |     10 |     10 |     10 |     10 |     10 |     10 |     10 |     11 |     11 |     11 |     11 |     11 |
| MST_19                  |                     - |                     - |                     - |                     - |                     - |                     - |                     - |                     - |                     - |                     - |                     - |                     - |                     - |                     - |                     - |                     - |                     - |                     - |                     - |                     - |                     - |                     - |                     - |                     - |                     - |                     - |                     - |                     - |                     - |                     - |                     - |                     - |                     - |                     - |                     - |                     - |                     - |                     - |                     - |                     - |                     - |                     - |                     - |                     - |                     - |                     - |                     - |                     - |                      - |                      - |                      - |                      - |                      - |                      - |     - |     - |     - |     - |     - |     - |     - |     - |     - |      - |      - |      - |      - |      - |      - |      - |      - |      - |      0 |      3 |      4 |      4 |      5 |      5 |      5 |      6 |      6 |      6 |      6 |      7 |      7 |      7 |      7 |      7 |      7 |      8 |      9 |      9 |      9 |      9 |      9 |      9 |      9 |      9 |      9 |      9 |      9 |      9 |      9 |     10 |     10 |     10 |     10 |     10 |     58 |     50 |    83 |    76 |    68 |    58 |    42 |    38 |    34 |    30 |    25 |    20 |     17 |      8 |      7 |      7 |      4 |      1 |      0 |      3 |      4 |      4 |      5 |      5 |      5 |      6 |      6 |      6 |      6 |      7 |      7 |      7 |      7 |      7 |      7 |      8 |      9 |      9 |      9 |      9 |      9 |      9 |      9 |      9 |      9 |      9 |      9 |      9 |      9 |      9 |      9 |     10 |     10 |     10 |     10 |     10 |
| MST_20                  |                     - |                     - |                     - |                     - |                     - |                     - |                     - |                     - |                     - |                     - |                     - |                     - |                     - |                     - |                     - |                     - |                     - |                     - |                     - |                     - |                     - |                     - |                     - |                     - |                     - |                     - |                     - |                     - |                     - |                     - |                     - |                     - |                     - |                     - |                     - |                     - |                     - |                     - |                     - |                     - |                     - |                     - |                     - |                     - |                     - |                     - |                     - |                     - |                      - |                      - |                      - |                      - |                      - |                      - |     - |     - |     - |     - |     - |     - |     - |     - |     - |      - |      - |      - |      - |      - |      - |      - |      - |      - |      - |      0 |      1 |      2 |      3 |      3 |      3 |      4 |      4 |      4 |      4 |      5 |      5 |      5 |      5 |      5 |      5 |      6 |      7 |      7 |      7 |      7 |      7 |      7 |      7 |      7 |      7 |      7 |      7 |      7 |      7 |      8 |      8 |      8 |      8 |      8 |     58 |     50 |    84 |    79 |    70 |    60 |    44 |    40 |    36 |    32 |    27 |    22 |     19 |     10 |     10 |      9 |      6 |      4 |      3 |      0 |      1 |      1 |      3 |      3 |      3 |      4 |      4 |      4 |      4 |      5 |      5 |      5 |      5 |      5 |      5 |      6 |      7 |      7 |      7 |      7 |      7 |      7 |      7 |      7 |      7 |      7 |      7 |      7 |      7 |      7 |      7 |      8 |      8 |      8 |      8 |      8 |
| MST_21                  |                     - |                     - |                     - |                     - |                     - |                     - |                     - |                     - |                     - |                     - |                     - |                     - |                     - |                     - |                     - |                     - |                     - |                     - |                     - |                     - |                     - |                     - |                     - |                     - |                     - |                     - |                     - |                     - |                     - |                     - |                     - |                     - |                     - |                     - |                     - |                     - |                     - |                     - |                     - |                     - |                     - |                     - |                     - |                     - |                     - |                     - |                     - |                     - |                      - |                      - |                      - |                      - |                      - |                      - |     - |     - |     - |     - |     - |     - |     - |     - |     - |      - |      - |      - |      - |      - |      - |      - |      - |      - |      - |      - |      0 |      1 |      2 |      2 |      2 |      3 |      3 |      3 |      3 |      4 |      4 |      4 |      4 |      4 |      4 |      5 |      6 |      6 |      6 |      6 |      6 |      6 |      6 |      6 |      6 |      6 |      6 |      6 |      6 |      7 |      7 |      7 |      7 |      7 |     58 |     51 |    84 |    79 |    70 |    60 |    45 |    41 |    37 |    33 |    28 |    23 |     20 |     11 |     11 |     10 |      7 |      5 |      4 |      1 |      0 |      0 |      2 |      2 |      2 |      3 |      3 |      3 |      3 |      4 |      4 |      4 |      4 |      4 |      4 |      5 |      6 |      6 |      6 |      6 |      6 |      6 |      6 |      6 |      6 |      6 |      6 |      6 |      6 |      6 |      6 |      7 |      7 |      7 |      7 |      7 |
| MST_22                  |                     - |                     - |                     - |                     - |                     - |                     - |                     - |                     - |                     - |                     - |                     - |                     - |                     - |                     - |                     - |                     - |                     - |                     - |                     - |                     - |                     - |                     - |                     - |                     - |                     - |                     - |                     - |                     - |                     - |                     - |                     - |                     - |                     - |                     - |                     - |                     - |                     - |                     - |                     - |                     - |                     - |                     - |                     - |                     - |                     - |                     - |                     - |                     - |                      - |                      - |                      - |                      - |                      - |                      - |     - |     - |     - |     - |     - |     - |     - |     - |     - |      - |      - |      - |      - |      - |      - |      - |      - |      - |      - |      - |      - |      0 |      1 |      1 |      1 |      2 |      2 |      2 |      2 |      3 |      3 |      3 |      3 |      3 |      3 |      4 |      5 |      5 |      5 |      5 |      5 |      5 |      5 |      5 |      5 |      5 |      5 |      5 |      5 |      6 |      6 |      6 |      6 |      6 |     58 |     51 |    84 |    79 |    70 |    59 |    45 |    41 |    37 |    32 |    27 |    22 |     20 |     11 |     11 |     10 |      7 |      5 |      4 |      2 |      1 |      1 |      1 |      1 |      1 |      2 |      2 |      2 |      2 |      3 |      3 |      3 |      3 |      3 |      3 |      4 |      5 |      5 |      5 |      5 |      5 |      5 |      5 |      5 |      5 |      5 |      5 |      5 |      5 |      5 |      5 |      6 |      6 |      6 |      6 |      6 |
| MST_23                  |                     - |                     - |                     - |                     - |                     - |                     - |                     - |                     - |                     - |                     - |                     - |                     - |                     - |                     - |                     - |                     - |                     - |                     - |                     - |                     - |                     - |                     - |                     - |                     - |                     - |                     - |                     - |                     - |                     - |                     - |                     - |                     - |                     - |                     - |                     - |                     - |                     - |                     - |                     - |                     - |                     - |                     - |                     - |                     - |                     - |                     - |                     - |                     - |                      - |                      - |                      - |                      - |                      - |                      - |     - |     - |     - |     - |     - |     - |     - |     - |     - |      - |      - |      - |      - |      - |      - |      - |      - |      - |      - |      - |      - |      - |      0 |      0 |      0 |      1 |      1 |      1 |      1 |      2 |      2 |      2 |      2 |      2 |      2 |      3 |      4 |      4 |      4 |      4 |      4 |      4 |      4 |      4 |      4 |      4 |      4 |      4 |      4 |      5 |      5 |      5 |      5 |      5 |     57 |     50 |    85 |    80 |    70 |    58 |    44 |    40 |    36 |    31 |    26 |    21 |     19 |     12 |     12 |     11 |      8 |      6 |      5 |      3 |      2 |      2 |      0 |      0 |      0 |      1 |      1 |      1 |      1 |      2 |      2 |      2 |      2 |      2 |      2 |      3 |      4 |      4 |      4 |      4 |      4 |      4 |      4 |      4 |      4 |      4 |      4 |      4 |      4 |      4 |      4 |      5 |      5 |      5 |      5 |      5 |
| MST_24                  |                     - |                     - |                     - |                     - |                     - |                     - |                     - |                     - |                     - |                     - |                     - |                     - |                     - |                     - |                     - |                     - |                     - |                     - |                     - |                     - |                     - |                     - |                     - |                     - |                     - |                     - |                     - |                     - |                     - |                     - |                     - |                     - |                     - |                     - |                     - |                     - |                     - |                     - |                     - |                     - |                     - |                     - |                     - |                     - |                     - |                     - |                     - |                     - |                      - |                      - |                      - |                      - |                      - |                      - |     - |     - |     - |     - |     - |     - |     - |     - |     - |      - |      - |      - |      - |      - |      - |      - |      - |      - |      - |      - |      - |      - |      - |      0 |      0 |      1 |      1 |      1 |      1 |      2 |      2 |      2 |      2 |      2 |      2 |      3 |      4 |      4 |      4 |      4 |      4 |      4 |      4 |      4 |      4 |      4 |      4 |      4 |      4 |      5 |      5 |      5 |      5 |      5 |     57 |     50 |    85 |    80 |    70 |    58 |    44 |    40 |    36 |    31 |    26 |    21 |     19 |     12 |     12 |     11 |      8 |      6 |      5 |      3 |      2 |      2 |      0 |      0 |      0 |      1 |      1 |      1 |      1 |      2 |      2 |      2 |      2 |      2 |      2 |      3 |      4 |      4 |      4 |      4 |      4 |      4 |      4 |      4 |      4 |      4 |      4 |      4 |      4 |      4 |      4 |      5 |      5 |      5 |      5 |      5 |
| MST_25                  |                     - |                     - |                     - |                     - |                     - |                     - |                     - |                     - |                     - |                     - |                     - |                     - |                     - |                     - |                     - |                     - |                     - |                     - |                     - |                     - |                     - |                     - |                     - |                     - |                     - |                     - |                     - |                     - |                     - |                     - |                     - |                     - |                     - |                     - |                     - |                     - |                     - |                     - |                     - |                     - |                     - |                     - |                     - |                     - |                     - |                     - |                     - |                     - |                      - |                      - |                      - |                      - |                      - |                      - |     - |     - |     - |     - |     - |     - |     - |     - |     - |      - |      - |      - |      - |      - |      - |      - |      - |      - |      - |      - |      - |      - |      - |      - |      0 |      1 |      1 |      1 |      1 |      2 |      2 |      2 |      2 |      2 |      2 |      3 |      4 |      4 |      4 |      4 |      4 |      4 |      4 |      4 |      4 |      4 |      4 |      4 |      4 |      5 |      5 |      5 |      5 |      5 |     57 |     50 |    85 |    80 |    70 |    58 |    44 |    40 |    36 |    31 |    26 |    21 |     19 |     12 |     12 |     11 |      8 |      6 |      5 |      3 |      2 |      2 |      0 |      0 |      0 |      1 |      1 |      1 |      1 |      2 |      2 |      2 |      2 |      2 |      2 |      3 |      4 |      4 |      4 |      4 |      4 |      4 |      4 |      4 |      4 |      4 |      4 |      4 |      4 |      4 |      4 |      5 |      5 |      5 |      5 |      5 |
| MST_26                  |                     - |                     - |                     - |                     - |                     - |                     - |                     - |                     - |                     - |                     - |                     - |                     - |                     - |                     - |                     - |                     - |                     - |                     - |                     - |                     - |                     - |                     - |                     - |                     - |                     - |                     - |                     - |                     - |                     - |                     - |                     - |                     - |                     - |                     - |                     - |                     - |                     - |                     - |                     - |                     - |                     - |                     - |                     - |                     - |                     - |                     - |                     - |                     - |                      - |                      - |                      - |                      - |                      - |                      - |     - |     - |     - |     - |     - |     - |     - |     - |     - |      - |      - |      - |      - |      - |      - |      - |      - |      - |      - |      - |      - |      - |      - |      - |      - |      0 |      0 |      0 |      0 |      1 |      1 |      1 |      1 |      1 |      1 |      2 |      3 |      3 |      3 |      3 |      3 |      3 |      3 |      3 |      3 |      3 |      3 |      3 |      3 |      4 |      4 |      4 |      4 |      4 |     57 |     50 |    86 |    81 |    71 |    59 |    45 |    41 |    37 |    32 |    27 |    22 |     20 |     13 |     13 |     12 |      9 |      7 |      6 |      4 |      3 |      3 |      1 |      1 |      1 |      0 |      0 |      0 |      0 |      1 |      1 |      1 |      1 |      1 |      1 |      2 |      3 |      3 |      3 |      3 |      3 |      3 |      3 |      3 |      3 |      3 |      3 |      3 |      3 |      3 |      3 |      4 |      4 |      4 |      4 |      4 |
| MST_27                  |                     - |                     - |                     - |                     - |                     - |                     - |                     - |                     - |                     - |                     - |                     - |                     - |                     - |                     - |                     - |                     - |                     - |                     - |                     - |                     - |                     - |                     - |                     - |                     - |                     - |                     - |                     - |                     - |                     - |                     - |                     - |                     - |                     - |                     - |                     - |                     - |                     - |                     - |                     - |                     - |                     - |                     - |                     - |                     - |                     - |                     - |                     - |                     - |                      - |                      - |                      - |                      - |                      - |                      - |     - |     - |     - |     - |     - |     - |     - |     - |     - |      - |      - |      - |      - |      - |      - |      - |      - |      - |      - |      - |      - |      - |      - |      - |      - |      - |      0 |      0 |      0 |      1 |      1 |      1 |      1 |      1 |      1 |      2 |      3 |      3 |      3 |      3 |      3 |      3 |      3 |      3 |      3 |      3 |      3 |      3 |      3 |      4 |      4 |      4 |      4 |      4 |     57 |     50 |    86 |    81 |    71 |    59 |    45 |    41 |    37 |    32 |    27 |    22 |     20 |     13 |     13 |     12 |      9 |      7 |      6 |      4 |      3 |      3 |      1 |      1 |      1 |      0 |      0 |      0 |      0 |      1 |      1 |      1 |      1 |      1 |      1 |      2 |      3 |      3 |      3 |      3 |      3 |      3 |      3 |      3 |      3 |      3 |      3 |      3 |      3 |      3 |      3 |      4 |      4 |      4 |      4 |      4 |
| MST_28                  |                     - |                     - |                     - |                     - |                     - |                     - |                     - |                     - |                     - |                     - |                     - |                     - |                     - |                     - |                     - |                     - |                     - |                     - |                     - |                     - |                     - |                     - |                     - |                     - |                     - |                     - |                     - |                     - |                     - |                     - |                     - |                     - |                     - |                     - |                     - |                     - |                     - |                     - |                     - |                     - |                     - |                     - |                     - |                     - |                     - |                     - |                     - |                     - |                      - |                      - |                      - |                      - |                      - |                      - |     - |     - |     - |     - |     - |     - |     - |     - |     - |      - |      - |      - |      - |      - |      - |      - |      - |      - |      - |      - |      - |      - |      - |      - |      - |      - |      - |      0 |      0 |      1 |      1 |      1 |      1 |      1 |      1 |      2 |      3 |      3 |      3 |      3 |      3 |      3 |      3 |      3 |      3 |      3 |      3 |      3 |      3 |      4 |      4 |      4 |      4 |      4 |     57 |     50 |    86 |    81 |    71 |    59 |    45 |    41 |    37 |    32 |    27 |    22 |     20 |     13 |     13 |     12 |      9 |      7 |      6 |      4 |      3 |      3 |      1 |      1 |      1 |      0 |      0 |      0 |      0 |      1 |      1 |      1 |      1 |      1 |      1 |      2 |      3 |      3 |      3 |      3 |      3 |      3 |      3 |      3 |      3 |      3 |      3 |      3 |      3 |      3 |      3 |      4 |      4 |      4 |      4 |      4 |
| MST_29                  |                     - |                     - |                     - |                     - |                     - |                     - |                     - |                     - |                     - |                     - |                     - |                     - |                     - |                     - |                     - |                     - |                     - |                     - |                     - |                     - |                     - |                     - |                     - |                     - |                     - |                     - |                     - |                     - |                     - |                     - |                     - |                     - |                     - |                     - |                     - |                     - |                     - |                     - |                     - |                     - |                     - |                     - |                     - |                     - |                     - |                     - |                     - |                     - |                      - |                      - |                      - |                      - |                      - |                      - |     - |     - |     - |     - |     - |     - |     - |     - |     - |      - |      - |      - |      - |      - |      - |      - |      - |      - |      - |      - |      - |      - |      - |      - |      - |      - |      - |      - |      0 |      1 |      1 |      1 |      1 |      1 |      1 |      2 |      3 |      3 |      3 |      3 |      3 |      3 |      3 |      3 |      3 |      3 |      3 |      3 |      3 |      4 |      4 |      4 |      4 |      4 |     57 |     50 |    86 |    81 |    71 |    59 |    45 |    41 |    37 |    32 |    27 |    22 |     20 |     13 |     13 |     12 |      9 |      7 |      6 |      4 |      3 |      3 |      1 |      1 |      1 |      0 |      0 |      0 |      0 |      1 |      1 |      1 |      1 |      1 |      1 |      2 |      3 |      3 |      3 |      3 |      3 |      3 |      3 |      3 |      3 |      3 |      3 |      3 |      3 |      3 |      3 |      4 |      4 |      4 |      4 |      4 |
| MST_30                  |                     - |                     - |                     - |                     - |                     - |                     - |                     - |                     - |                     - |                     - |                     - |                     - |                     - |                     - |                     - |                     - |                     - |                     - |                     - |                     - |                     - |                     - |                     - |                     - |                     - |                     - |                     - |                     - |                     - |                     - |                     - |                     - |                     - |                     - |                     - |                     - |                     - |                     - |                     - |                     - |                     - |                     - |                     - |                     - |                     - |                     - |                     - |                     - |                      - |                      - |                      - |                      - |                      - |                      - |     - |     - |     - |     - |     - |     - |     - |     - |     - |      - |      - |      - |      - |      - |      - |      - |      - |      - |      - |      - |      - |      - |      - |      - |      - |      - |      - |      - |      - |      0 |      0 |      0 |      0 |      0 |      0 |      1 |      2 |      2 |      2 |      2 |      2 |      2 |      2 |      2 |      2 |      2 |      2 |      2 |      2 |      3 |      3 |      3 |      3 |      3 |     57 |     51 |    87 |    82 |    72 |    60 |    46 |    42 |    38 |    33 |    28 |    23 |     21 |     14 |     14 |     13 |     10 |      8 |      7 |      5 |      4 |      4 |      2 |      2 |      2 |      1 |      1 |      1 |      1 |      0 |      0 |      0 |      0 |      0 |      0 |      1 |      2 |      2 |      2 |      2 |      2 |      2 |      2 |      2 |      2 |      2 |      2 |      2 |      2 |      2 |      2 |      3 |      3 |      3 |      3 |      3 |
| MST_31                  |                     - |                     - |                     - |                     - |                     - |                     - |                     - |                     - |                     - |                     - |                     - |                     - |                     - |                     - |                     - |                     - |                     - |                     - |                     - |                     - |                     - |                     - |                     - |                     - |                     - |                     - |                     - |                     - |                     - |                     - |                     - |                     - |                     - |                     - |                     - |                     - |                     - |                     - |                     - |                     - |                     - |                     - |                     - |                     - |                     - |                     - |                     - |                     - |                      - |                      - |                      - |                      - |                      - |                      - |     - |     - |     - |     - |     - |     - |     - |     - |     - |      - |      - |      - |      - |      - |      - |      - |      - |      - |      - |      - |      - |      - |      - |      - |      - |      - |      - |      - |      - |      - |      0 |      0 |      0 |      0 |      0 |      1 |      2 |      2 |      2 |      2 |      2 |      2 |      2 |      2 |      2 |      2 |      2 |      2 |      2 |      3 |      3 |      3 |      3 |      3 |     57 |     51 |    87 |    82 |    72 |    60 |    46 |    42 |    38 |    33 |    28 |    23 |     21 |     14 |     14 |     13 |     10 |      8 |      7 |      5 |      4 |      4 |      2 |      2 |      2 |      1 |      1 |      1 |      1 |      0 |      0 |      0 |      0 |      0 |      0 |      1 |      2 |      2 |      2 |      2 |      2 |      2 |      2 |      2 |      2 |      2 |      2 |      2 |      2 |      2 |      2 |      3 |      3 |      3 |      3 |      3 |
| MST_32                  |                     - |                     - |                     - |                     - |                     - |                     - |                     - |                     - |                     - |                     - |                     - |                     - |                     - |                     - |                     - |                     - |                     - |                     - |                     - |                     - |                     - |                     - |                     - |                     - |                     - |                     - |                     - |                     - |                     - |                     - |                     - |                     - |                     - |                     - |                     - |                     - |                     - |                     - |                     - |                     - |                     - |                     - |                     - |                     - |                     - |                     - |                     - |                     - |                      - |                      - |                      - |                      - |                      - |                      - |     - |     - |     - |     - |     - |     - |     - |     - |     - |      - |      - |      - |      - |      - |      - |      - |      - |      - |      - |      - |      - |      - |      - |      - |      - |      - |      - |      - |      - |      - |      - |      0 |      0 |      0 |      0 |      1 |      2 |      2 |      2 |      2 |      2 |      2 |      2 |      2 |      2 |      2 |      2 |      2 |      2 |      3 |      3 |      3 |      3 |      3 |     57 |     51 |    87 |    82 |    72 |    60 |    46 |    42 |    38 |    33 |    28 |    23 |     21 |     14 |     14 |     13 |     10 |      8 |      7 |      5 |      4 |      4 |      2 |      2 |      2 |      1 |      1 |      1 |      1 |      0 |      0 |      0 |      0 |      0 |      0 |      1 |      2 |      2 |      2 |      2 |      2 |      2 |      2 |      2 |      2 |      2 |      2 |      2 |      2 |      2 |      2 |      3 |      3 |      3 |      3 |      3 |
| MST_33                  |                     - |                     - |                     - |                     - |                     - |                     - |                     - |                     - |                     - |                     - |                     - |                     - |                     - |                     - |                     - |                     - |                     - |                     - |                     - |                     - |                     - |                     - |                     - |                     - |                     - |                     - |                     - |                     - |                     - |                     - |                     - |                     - |                     - |                     - |                     - |                     - |                     - |                     - |                     - |                     - |                     - |                     - |                     - |                     - |                     - |                     - |                     - |                     - |                      - |                      - |                      - |                      - |                      - |                      - |     - |     - |     - |     - |     - |     - |     - |     - |     - |      - |      - |      - |      - |      - |      - |      - |      - |      - |      - |      - |      - |      - |      - |      - |      - |      - |      - |      - |      - |      - |      - |      - |      0 |      0 |      0 |      1 |      2 |      2 |      2 |      2 |      2 |      2 |      2 |      2 |      2 |      2 |      2 |      2 |      2 |      3 |      3 |      3 |      3 |      3 |     57 |     51 |    87 |    82 |    72 |    60 |    46 |    42 |    38 |    33 |    28 |    23 |     21 |     14 |     14 |     13 |     10 |      8 |      7 |      5 |      4 |      4 |      2 |      2 |      2 |      1 |      1 |      1 |      1 |      0 |      0 |      0 |      0 |      0 |      0 |      1 |      2 |      2 |      2 |      2 |      2 |      2 |      2 |      2 |      2 |      2 |      2 |      2 |      2 |      2 |      2 |      3 |      3 |      3 |      3 |      3 |
| MST_34                  |                     - |                     - |                     - |                     - |                     - |                     - |                     - |                     - |                     - |                     - |                     - |                     - |                     - |                     - |                     - |                     - |                     - |                     - |                     - |                     - |                     - |                     - |                     - |                     - |                     - |                     - |                     - |                     - |                     - |                     - |                     - |                     - |                     - |                     - |                     - |                     - |                     - |                     - |                     - |                     - |                     - |                     - |                     - |                     - |                     - |                     - |                     - |                     - |                      - |                      - |                      - |                      - |                      - |                      - |     - |     - |     - |     - |     - |     - |     - |     - |     - |      - |      - |      - |      - |      - |      - |      - |      - |      - |      - |      - |      - |      - |      - |      - |      - |      - |      - |      - |      - |      - |      - |      - |      - |      0 |      0 |      1 |      2 |      2 |      2 |      2 |      2 |      2 |      2 |      2 |      2 |      2 |      2 |      2 |      2 |      3 |      3 |      3 |      3 |      3 |     57 |     51 |    87 |    82 |    72 |    60 |    46 |    42 |    38 |    33 |    28 |    23 |     21 |     14 |     14 |     13 |     10 |      8 |      7 |      5 |      4 |      4 |      2 |      2 |      2 |      1 |      1 |      1 |      1 |      0 |      0 |      0 |      0 |      0 |      0 |      1 |      2 |      2 |      2 |      2 |      2 |      2 |      2 |      2 |      2 |      2 |      2 |      2 |      2 |      2 |      2 |      3 |      3 |      3 |      3 |      3 |
| MST_35                  |                     - |                     - |                     - |                     - |                     - |                     - |                     - |                     - |                     - |                     - |                     - |                     - |                     - |                     - |                     - |                     - |                     - |                     - |                     - |                     - |                     - |                     - |                     - |                     - |                     - |                     - |                     - |                     - |                     - |                     - |                     - |                     - |                     - |                     - |                     - |                     - |                     - |                     - |                     - |                     - |                     - |                     - |                     - |                     - |                     - |                     - |                     - |                     - |                      - |                      - |                      - |                      - |                      - |                      - |     - |     - |     - |     - |     - |     - |     - |     - |     - |      - |      - |      - |      - |      - |      - |      - |      - |      - |      - |      - |      - |      - |      - |      - |      - |      - |      - |      - |      - |      - |      - |      - |      - |      - |      0 |      1 |      2 |      2 |      2 |      2 |      2 |      2 |      2 |      2 |      2 |      2 |      2 |      2 |      2 |      3 |      3 |      3 |      3 |      3 |     57 |     51 |    87 |    82 |    72 |    60 |    46 |    42 |    38 |    33 |    28 |    23 |     21 |     14 |     14 |     13 |     10 |      8 |      7 |      5 |      4 |      4 |      2 |      2 |      2 |      1 |      1 |      1 |      1 |      0 |      0 |      0 |      0 |      0 |      0 |      1 |      2 |      2 |      2 |      2 |      2 |      2 |      2 |      2 |      2 |      2 |      2 |      2 |      2 |      2 |      2 |      3 |      3 |      3 |      3 |      3 |
| MST_36                  |                     - |                     - |                     - |                     - |                     - |                     - |                     - |                     - |                     - |                     - |                     - |                     - |                     - |                     - |                     - |                     - |                     - |                     - |                     - |                     - |                     - |                     - |                     - |                     - |                     - |                     - |                     - |                     - |                     - |                     - |                     - |                     - |                     - |                     - |                     - |                     - |                     - |                     - |                     - |                     - |                     - |                     - |                     - |                     - |                     - |                     - |                     - |                     - |                      - |                      - |                      - |                      - |                      - |                      - |     - |     - |     - |     - |     - |     - |     - |     - |     - |      - |      - |      - |      - |      - |      - |      - |      - |      - |      - |      - |      - |      - |      - |      - |      - |      - |      - |      - |      - |      - |      - |      - |      - |      - |      - |      0 |      1 |      1 |      1 |      1 |      1 |      1 |      1 |      1 |      1 |      1 |      1 |      1 |      1 |      2 |      2 |      2 |      2 |      2 |     58 |     52 |    88 |    83 |    73 |    61 |    47 |    43 |    39 |    34 |    29 |    24 |     22 |     15 |     15 |     14 |     11 |      9 |      8 |      6 |      5 |      5 |      3 |      3 |      3 |      2 |      2 |      2 |      2 |      1 |      1 |      1 |      1 |      1 |      1 |      0 |      1 |      1 |      1 |      1 |      1 |      1 |      1 |      1 |      1 |      1 |      1 |      1 |      1 |      1 |      1 |      2 |      2 |      2 |      2 |      2 |
| MST_37                  |                     - |                     - |                     - |                     - |                     - |                     - |                     - |                     - |                     - |                     - |                     - |                     - |                     - |                     - |                     - |                     - |                     - |                     - |                     - |                     - |                     - |                     - |                     - |                     - |                     - |                     - |                     - |                     - |                     - |                     - |                     - |                     - |                     - |                     - |                     - |                     - |                     - |                     - |                     - |                     - |                     - |                     - |                     - |                     - |                     - |                     - |                     - |                     - |                      - |                      - |                      - |                      - |                      - |                      - |     - |     - |     - |     - |     - |     - |     - |     - |     - |      - |      - |      - |      - |      - |      - |      - |      - |      - |      - |      - |      - |      - |      - |      - |      - |      - |      - |      - |      - |      - |      - |      - |      - |      - |      - |      - |      0 |      0 |      0 |      0 |      0 |      0 |      0 |      0 |      0 |      0 |      0 |      0 |      0 |      1 |      1 |      1 |      1 |      1 |     58 |     53 |    89 |    84 |    74 |    62 |    48 |    44 |    40 |    35 |    30 |    25 |     23 |     16 |     16 |     15 |     12 |     10 |      9 |      7 |      6 |      6 |      4 |      4 |      4 |      3 |      3 |      3 |      3 |      2 |      2 |      2 |      2 |      2 |      2 |      1 |      0 |      0 |      0 |      0 |      0 |      0 |      0 |      0 |      0 |      0 |      0 |      0 |      0 |      0 |      0 |      1 |      1 |      1 |      1 |      1 |
| MST_38                  |                     - |                     - |                     - |                     - |                     - |                     - |                     - |                     - |                     - |                     - |                     - |                     - |                     - |                     - |                     - |                     - |                     - |                     - |                     - |                     - |                     - |                     - |                     - |                     - |                     - |                     - |                     - |                     - |                     - |                     - |                     - |                     - |                     - |                     - |                     - |                     - |                     - |                     - |                     - |                     - |                     - |                     - |                     - |                     - |                     - |                     - |                     - |                     - |                      - |                      - |                      - |                      - |                      - |                      - |     - |     - |     - |     - |     - |     - |     - |     - |     - |      - |      - |      - |      - |      - |      - |      - |      - |      - |      - |      - |      - |      - |      - |      - |      - |      - |      - |      - |      - |      - |      - |      - |      - |      - |      - |      - |      - |      0 |      0 |      0 |      0 |      0 |      0 |      0 |      0 |      0 |      0 |      0 |      0 |      1 |      1 |      1 |      1 |      1 |     58 |     53 |    89 |    84 |    74 |    62 |    48 |    44 |    40 |    35 |    30 |    25 |     23 |     16 |     16 |     15 |     12 |     10 |      9 |      7 |      6 |      6 |      4 |      4 |      4 |      3 |      3 |      3 |      3 |      2 |      2 |      2 |      2 |      2 |      2 |      1 |      0 |      0 |      0 |      0 |      0 |      0 |      0 |      0 |      0 |      0 |      0 |      0 |      0 |      0 |      0 |      1 |      1 |      1 |      1 |      1 |
| MST_39                  |                     - |                     - |                     - |                     - |                     - |                     - |                     - |                     - |                     - |                     - |                     - |                     - |                     - |                     - |                     - |                     - |                     - |                     - |                     - |                     - |                     - |                     - |                     - |                     - |                     - |                     - |                     - |                     - |                     - |                     - |                     - |                     - |                     - |                     - |                     - |                     - |                     - |                     - |                     - |                     - |                     - |                     - |                     - |                     - |                     - |                     - |                     - |                     - |                      - |                      - |                      - |                      - |                      - |                      - |     - |     - |     - |     - |     - |     - |     - |     - |     - |      - |      - |      - |      - |      - |      - |      - |      - |      - |      - |      - |      - |      - |      - |      - |      - |      - |      - |      - |      - |      - |      - |      - |      - |      - |      - |      - |      - |      - |      0 |      0 |      0 |      0 |      0 |      0 |      0 |      0 |      0 |      0 |      0 |      1 |      1 |      1 |      1 |      1 |     58 |     53 |    89 |    84 |    74 |    62 |    48 |    44 |    40 |    35 |    30 |    25 |     23 |     16 |     16 |     15 |     12 |     10 |      9 |      7 |      6 |      6 |      4 |      4 |      4 |      3 |      3 |      3 |      3 |      2 |      2 |      2 |      2 |      2 |      2 |      1 |      0 |      0 |      0 |      0 |      0 |      0 |      0 |      0 |      0 |      0 |      0 |      0 |      0 |      0 |      0 |      1 |      1 |      1 |      1 |      1 |
| MST_40                  |                     - |                     - |                     - |                     - |                     - |                     - |                     - |                     - |                     - |                     - |                     - |                     - |                     - |                     - |                     - |                     - |                     - |                     - |                     - |                     - |                     - |                     - |                     - |                     - |                     - |                     - |                     - |                     - |                     - |                     - |                     - |                     - |                     - |                     - |                     - |                     - |                     - |                     - |                     - |                     - |                     - |                     - |                     - |                     - |                     - |                     - |                     - |                     - |                      - |                      - |                      - |                      - |                      - |                      - |     - |     - |     - |     - |     - |     - |     - |     - |     - |      - |      - |      - |      - |      - |      - |      - |      - |      - |      - |      - |      - |      - |      - |      - |      - |      - |      - |      - |      - |      - |      - |      - |      - |      - |      - |      - |      - |      - |      - |      0 |      0 |      0 |      0 |      0 |      0 |      0 |      0 |      0 |      0 |      1 |      1 |      1 |      1 |      1 |     58 |     53 |    89 |    84 |    74 |    62 |    48 |    44 |    40 |    35 |    30 |    25 |     23 |     16 |     16 |     15 |     12 |     10 |      9 |      7 |      6 |      6 |      4 |      4 |      4 |      3 |      3 |      3 |      3 |      2 |      2 |      2 |      2 |      2 |      2 |      1 |      0 |      0 |      0 |      0 |      0 |      0 |      0 |      0 |      0 |      0 |      0 |      0 |      0 |      0 |      0 |      1 |      1 |      1 |      1 |      1 |
| MST_41                  |                     - |                     - |                     - |                     - |                     - |                     - |                     - |                     - |                     - |                     - |                     - |                     - |                     - |                     - |                     - |                     - |                     - |                     - |                     - |                     - |                     - |                     - |                     - |                     - |                     - |                     - |                     - |                     - |                     - |                     - |                     - |                     - |                     - |                     - |                     - |                     - |                     - |                     - |                     - |                     - |                     - |                     - |                     - |                     - |                     - |                     - |                     - |                     - |                      - |                      - |                      - |                      - |                      - |                      - |     - |     - |     - |     - |     - |     - |     - |     - |     - |      - |      - |      - |      - |      - |      - |      - |      - |      - |      - |      - |      - |      - |      - |      - |      - |      - |      - |      - |      - |      - |      - |      - |      - |      - |      - |      - |      - |      - |      - |      - |      0 |      0 |      0 |      0 |      0 |      0 |      0 |      0 |      0 |      1 |      1 |      1 |      1 |      1 |     58 |     53 |    89 |    84 |    74 |    62 |    48 |    44 |    40 |    35 |    30 |    25 |     23 |     16 |     16 |     15 |     12 |     10 |      9 |      7 |      6 |      6 |      4 |      4 |      4 |      3 |      3 |      3 |      3 |      2 |      2 |      2 |      2 |      2 |      2 |      1 |      0 |      0 |      0 |      0 |      0 |      0 |      0 |      0 |      0 |      0 |      0 |      0 |      0 |      0 |      0 |      1 |      1 |      1 |      1 |      1 |
| MST_42                  |                     - |                     - |                     - |                     - |                     - |                     - |                     - |                     - |                     - |                     - |                     - |                     - |                     - |                     - |                     - |                     - |                     - |                     - |                     - |                     - |                     - |                     - |                     - |                     - |                     - |                     - |                     - |                     - |                     - |                     - |                     - |                     - |                     - |                     - |                     - |                     - |                     - |                     - |                     - |                     - |                     - |                     - |                     - |                     - |                     - |                     - |                     - |                     - |                      - |                      - |                      - |                      - |                      - |                      - |     - |     - |     - |     - |     - |     - |     - |     - |     - |      - |      - |      - |      - |      - |      - |      - |      - |      - |      - |      - |      - |      - |      - |      - |      - |      - |      - |      - |      - |      - |      - |      - |      - |      - |      - |      - |      - |      - |      - |      - |      - |      0 |      0 |      0 |      0 |      0 |      0 |      0 |      0 |      1 |      1 |      1 |      1 |      1 |     58 |     53 |    89 |    84 |    74 |    62 |    48 |    44 |    40 |    35 |    30 |    25 |     23 |     16 |     16 |     15 |     12 |     10 |      9 |      7 |      6 |      6 |      4 |      4 |      4 |      3 |      3 |      3 |      3 |      2 |      2 |      2 |      2 |      2 |      2 |      1 |      0 |      0 |      0 |      0 |      0 |      0 |      0 |      0 |      0 |      0 |      0 |      0 |      0 |      0 |      0 |      1 |      1 |      1 |      1 |      1 |
| MST_43                  |                     - |                     - |                     - |                     - |                     - |                     - |                     - |                     - |                     - |                     - |                     - |                     - |                     - |                     - |                     - |                     - |                     - |                     - |                     - |                     - |                     - |                     - |                     - |                     - |                     - |                     - |                     - |                     - |                     - |                     - |                     - |                     - |                     - |                     - |                     - |                     - |                     - |                     - |                     - |                     - |                     - |                     - |                     - |                     - |                     - |                     - |                     - |                     - |                      - |                      - |                      - |                      - |                      - |                      - |     - |     - |     - |     - |     - |     - |     - |     - |     - |      - |      - |      - |      - |      - |      - |      - |      - |      - |      - |      - |      - |      - |      - |      - |      - |      - |      - |      - |      - |      - |      - |      - |      - |      - |      - |      - |      - |      - |      - |      - |      - |      - |      0 |      0 |      0 |      0 |      0 |      0 |      0 |      1 |      1 |      1 |      1 |      1 |     58 |     53 |    89 |    84 |    74 |    62 |    48 |    44 |    40 |    35 |    30 |    25 |     23 |     16 |     16 |     15 |     12 |     10 |      9 |      7 |      6 |      6 |      4 |      4 |      4 |      3 |      3 |      3 |      3 |      2 |      2 |      2 |      2 |      2 |      2 |      1 |      0 |      0 |      0 |      0 |      0 |      0 |      0 |      0 |      0 |      0 |      0 |      0 |      0 |      0 |      0 |      1 |      1 |      1 |      1 |      1 |
| MST_44                  |                     - |                     - |                     - |                     - |                     - |                     - |                     - |                     - |                     - |                     - |                     - |                     - |                     - |                     - |                     - |                     - |                     - |                     - |                     - |                     - |                     - |                     - |                     - |                     - |                     - |                     - |                     - |                     - |                     - |                     - |                     - |                     - |                     - |                     - |                     - |                     - |                     - |                     - |                     - |                     - |                     - |                     - |                     - |                     - |                     - |                     - |                     - |                     - |                      - |                      - |                      - |                      - |                      - |                      - |     - |     - |     - |     - |     - |     - |     - |     - |     - |      - |      - |      - |      - |      - |      - |      - |      - |      - |      - |      - |      - |      - |      - |      - |      - |      - |      - |      - |      - |      - |      - |      - |      - |      - |      - |      - |      - |      - |      - |      - |      - |      - |      - |      0 |      0 |      0 |      0 |      0 |      0 |      1 |      1 |      1 |      1 |      1 |     58 |     53 |    89 |    84 |    74 |    62 |    48 |    44 |    40 |    35 |    30 |    25 |     23 |     16 |     16 |     15 |     12 |     10 |      9 |      7 |      6 |      6 |      4 |      4 |      4 |      3 |      3 |      3 |      3 |      2 |      2 |      2 |      2 |      2 |      2 |      1 |      0 |      0 |      0 |      0 |      0 |      0 |      0 |      0 |      0 |      0 |      0 |      0 |      0 |      0 |      0 |      1 |      1 |      1 |      1 |      1 |
| MST_45                  |                     - |                     - |                     - |                     - |                     - |                     - |                     - |                     - |                     - |                     - |                     - |                     - |                     - |                     - |                     - |                     - |                     - |                     - |                     - |                     - |                     - |                     - |                     - |                     - |                     - |                     - |                     - |                     - |                     - |                     - |                     - |                     - |                     - |                     - |                     - |                     - |                     - |                     - |                     - |                     - |                     - |                     - |                     - |                     - |                     - |                     - |                     - |                     - |                      - |                      - |                      - |                      - |                      - |                      - |     - |     - |     - |     - |     - |     - |     - |     - |     - |      - |      - |      - |      - |      - |      - |      - |      - |      - |      - |      - |      - |      - |      - |      - |      - |      - |      - |      - |      - |      - |      - |      - |      - |      - |      - |      - |      - |      - |      - |      - |      - |      - |      - |      - |      0 |      0 |      0 |      0 |      0 |      1 |      1 |      1 |      1 |      1 |     58 |     53 |    89 |    84 |    74 |    62 |    48 |    44 |    40 |    35 |    30 |    25 |     23 |     16 |     16 |     15 |     12 |     10 |      9 |      7 |      6 |      6 |      4 |      4 |      4 |      3 |      3 |      3 |      3 |      2 |      2 |      2 |      2 |      2 |      2 |      1 |      0 |      0 |      0 |      0 |      0 |      0 |      0 |      0 |      0 |      0 |      0 |      0 |      0 |      0 |      0 |      1 |      1 |      1 |      1 |      1 |
| MST_46                  |                     - |                     - |                     - |                     - |                     - |                     - |                     - |                     - |                     - |                     - |                     - |                     - |                     - |                     - |                     - |                     - |                     - |                     - |                     - |                     - |                     - |                     - |                     - |                     - |                     - |                     - |                     - |                     - |                     - |                     - |                     - |                     - |                     - |                     - |                     - |                     - |                     - |                     - |                     - |                     - |                     - |                     - |                     - |                     - |                     - |                     - |                     - |                     - |                      - |                      - |                      - |                      - |                      - |                      - |     - |     - |     - |     - |     - |     - |     - |     - |     - |      - |      - |      - |      - |      - |      - |      - |      - |      - |      - |      - |      - |      - |      - |      - |      - |      - |      - |      - |      - |      - |      - |      - |      - |      - |      - |      - |      - |      - |      - |      - |      - |      - |      - |      - |      - |      0 |      0 |      0 |      0 |      1 |      1 |      1 |      1 |      1 |     58 |     53 |    89 |    84 |    74 |    62 |    48 |    44 |    40 |    35 |    30 |    25 |     23 |     16 |     16 |     15 |     12 |     10 |      9 |      7 |      6 |      6 |      4 |      4 |      4 |      3 |      3 |      3 |      3 |      2 |      2 |      2 |      2 |      2 |      2 |      1 |      0 |      0 |      0 |      0 |      0 |      0 |      0 |      0 |      0 |      0 |      0 |      0 |      0 |      0 |      0 |      1 |      1 |      1 |      1 |      1 |
| MST_47                  |                     - |                     - |                     - |                     - |                     - |                     - |                     - |                     - |                     - |                     - |                     - |                     - |                     - |                     - |                     - |                     - |                     - |                     - |                     - |                     - |                     - |                     - |                     - |                     - |                     - |                     - |                     - |                     - |                     - |                     - |                     - |                     - |                     - |                     - |                     - |                     - |                     - |                     - |                     - |                     - |                     - |                     - |                     - |                     - |                     - |                     - |                     - |                     - |                      - |                      - |                      - |                      - |                      - |                      - |     - |     - |     - |     - |     - |     - |     - |     - |     - |      - |      - |      - |      - |      - |      - |      - |      - |      - |      - |      - |      - |      - |      - |      - |      - |      - |      - |      - |      - |      - |      - |      - |      - |      - |      - |      - |      - |      - |      - |      - |      - |      - |      - |      - |      - |      - |      0 |      0 |      0 |      1 |      1 |      1 |      1 |      1 |     58 |     53 |    89 |    84 |    74 |    62 |    48 |    44 |    40 |    35 |    30 |    25 |     23 |     16 |     16 |     15 |     12 |     10 |      9 |      7 |      6 |      6 |      4 |      4 |      4 |      3 |      3 |      3 |      3 |      2 |      2 |      2 |      2 |      2 |      2 |      1 |      0 |      0 |      0 |      0 |      0 |      0 |      0 |      0 |      0 |      0 |      0 |      0 |      0 |      0 |      0 |      1 |      1 |      1 |      1 |      1 |
| MST_48                  |                     - |                     - |                     - |                     - |                     - |                     - |                     - |                     - |                     - |                     - |                     - |                     - |                     - |                     - |                     - |                     - |                     - |                     - |                     - |                     - |                     - |                     - |                     - |                     - |                     - |                     - |                     - |                     - |                     - |                     - |                     - |                     - |                     - |                     - |                     - |                     - |                     - |                     - |                     - |                     - |                     - |                     - |                     - |                     - |                     - |                     - |                     - |                     - |                      - |                      - |                      - |                      - |                      - |                      - |     - |     - |     - |     - |     - |     - |     - |     - |     - |      - |      - |      - |      - |      - |      - |      - |      - |      - |      - |      - |      - |      - |      - |      - |      - |      - |      - |      - |      - |      - |      - |      - |      - |      - |      - |      - |      - |      - |      - |      - |      - |      - |      - |      - |      - |      - |      - |      0 |      0 |      1 |      1 |      1 |      1 |      1 |     58 |     53 |    89 |    84 |    74 |    62 |    48 |    44 |    40 |    35 |    30 |    25 |     23 |     16 |     16 |     15 |     12 |     10 |      9 |      7 |      6 |      6 |      4 |      4 |      4 |      3 |      3 |      3 |      3 |      2 |      2 |      2 |      2 |      2 |      2 |      1 |      0 |      0 |      0 |      0 |      0 |      0 |      0 |      0 |      0 |      0 |      0 |      0 |      0 |      0 |      0 |      1 |      1 |      1 |      1 |      1 |
| MST_49                  |                     - |                     - |                     - |                     - |                     - |                     - |                     - |                     - |                     - |                     - |                     - |                     - |                     - |                     - |                     - |                     - |                     - |                     - |                     - |                     - |                     - |                     - |                     - |                     - |                     - |                     - |                     - |                     - |                     - |                     - |                     - |                     - |                     - |                     - |                     - |                     - |                     - |                     - |                     - |                     - |                     - |                     - |                     - |                     - |                     - |                     - |                     - |                     - |                      - |                      - |                      - |                      - |                      - |                      - |     - |     - |     - |     - |     - |     - |     - |     - |     - |      - |      - |      - |      - |      - |      - |      - |      - |      - |      - |      - |      - |      - |      - |      - |      - |      - |      - |      - |      - |      - |      - |      - |      - |      - |      - |      - |      - |      - |      - |      - |      - |      - |      - |      - |      - |      - |      - |      - |      0 |      1 |      1 |      1 |      1 |      1 |     58 |     53 |    89 |    84 |    74 |    62 |    48 |    44 |    40 |    35 |    30 |    25 |     23 |     16 |     16 |     15 |     12 |     10 |      9 |      7 |      6 |      6 |      4 |      4 |      4 |      3 |      3 |      3 |      3 |      2 |      2 |      2 |      2 |      2 |      2 |      1 |      0 |      0 |      0 |      0 |      0 |      0 |      0 |      0 |      0 |      0 |      0 |      0 |      0 |      0 |      0 |      1 |      1 |      1 |      1 |      1 |
| MST_50                  |                     - |                     - |                     - |                     - |                     - |                     - |                     - |                     - |                     - |                     - |                     - |                     - |                     - |                     - |                     - |                     - |                     - |                     - |                     - |                     - |                     - |                     - |                     - |                     - |                     - |                     - |                     - |                     - |                     - |                     - |                     - |                     - |                     - |                     - |                     - |                     - |                     - |                     - |                     - |                     - |                     - |                     - |                     - |                     - |                     - |                     - |                     - |                     - |                      - |                      - |                      - |                      - |                      - |                      - |     - |     - |     - |     - |     - |     - |     - |     - |     - |      - |      - |      - |      - |      - |      - |      - |      - |      - |      - |      - |      - |      - |      - |      - |      - |      - |      - |      - |      - |      - |      - |      - |      - |      - |      - |      - |      - |      - |      - |      - |      - |      - |      - |      - |      - |      - |      - |      - |      - |      0 |      0 |      0 |      0 |      0 |     58 |     53 |    90 |    85 |    75 |    63 |    49 |    45 |    41 |    36 |    31 |    26 |     24 |     17 |     17 |     16 |     13 |     11 |     10 |      8 |      7 |      7 |      5 |      5 |      5 |      4 |      4 |      4 |      4 |      3 |      3 |      3 |      3 |      3 |      3 |      2 |      1 |      1 |      1 |      1 |      1 |      1 |      1 |      1 |      1 |      1 |      1 |      1 |      1 |      1 |      1 |      0 |      0 |      0 |      0 |      0 |
| MST_51                  |                     - |                     - |                     - |                     - |                     - |                     - |                     - |                     - |                     - |                     - |                     - |                     - |                     - |                     - |                     - |                     - |                     - |                     - |                     - |                     - |                     - |                     - |                     - |                     - |                     - |                     - |                     - |                     - |                     - |                     - |                     - |                     - |                     - |                     - |                     - |                     - |                     - |                     - |                     - |                     - |                     - |                     - |                     - |                     - |                     - |                     - |                     - |                     - |                      - |                      - |                      - |                      - |                      - |                      - |     - |     - |     - |     - |     - |     - |     - |     - |     - |      - |      - |      - |      - |      - |      - |      - |      - |      - |      - |      - |      - |      - |      - |      - |      - |      - |      - |      - |      - |      - |      - |      - |      - |      - |      - |      - |      - |      - |      - |      - |      - |      - |      - |      - |      - |      - |      - |      - |      - |      - |      0 |      0 |      0 |      0 |     58 |     53 |    90 |    85 |    75 |    63 |    49 |    45 |    41 |    36 |    31 |    26 |     24 |     17 |     17 |     16 |     13 |     11 |     10 |      8 |      7 |      7 |      5 |      5 |      5 |      4 |      4 |      4 |      4 |      3 |      3 |      3 |      3 |      3 |      3 |      2 |      1 |      1 |      1 |      1 |      1 |      1 |      1 |      1 |      1 |      1 |      1 |      1 |      1 |      1 |      1 |      0 |      0 |      0 |      0 |      0 |
| MST_52                  |                     - |                     - |                     - |                     - |                     - |                     - |                     - |                     - |                     - |                     - |                     - |                     - |                     - |                     - |                     - |                     - |                     - |                     - |                     - |                     - |                     - |                     - |                     - |                     - |                     - |                     - |                     - |                     - |                     - |                     - |                     - |                     - |                     - |                     - |                     - |                     - |                     - |                     - |                     - |                     - |                     - |                     - |                     - |                     - |                     - |                     - |                     - |                     - |                      - |                      - |                      - |                      - |                      - |                      - |     - |     - |     - |     - |     - |     - |     - |     - |     - |      - |      - |      - |      - |      - |      - |      - |      - |      - |      - |      - |      - |      - |      - |      - |      - |      - |      - |      - |      - |      - |      - |      - |      - |      - |      - |      - |      - |      - |      - |      - |      - |      - |      - |      - |      - |      - |      - |      - |      - |      - |      - |      0 |      0 |      0 |     58 |     53 |    90 |    85 |    75 |    63 |    49 |    45 |    41 |    36 |    31 |    26 |     24 |     17 |     17 |     16 |     13 |     11 |     10 |      8 |      7 |      7 |      5 |      5 |      5 |      4 |      4 |      4 |      4 |      3 |      3 |      3 |      3 |      3 |      3 |      2 |      1 |      1 |      1 |      1 |      1 |      1 |      1 |      1 |      1 |      1 |      1 |      1 |      1 |      1 |      1 |      0 |      0 |      0 |      0 |      0 |
| MST_53                  |                     - |                     - |                     - |                     - |                     - |                     - |                     - |                     - |                     - |                     - |                     - |                     - |                     - |                     - |                     - |                     - |                     - |                     - |                     - |                     - |                     - |                     - |                     - |                     - |                     - |                     - |                     - |                     - |                     - |                     - |                     - |                     - |                     - |                     - |                     - |                     - |                     - |                     - |                     - |                     - |                     - |                     - |                     - |                     - |                     - |                     - |                     - |                     - |                      - |                      - |                      - |                      - |                      - |                      - |     - |     - |     - |     - |     - |     - |     - |     - |     - |      - |      - |      - |      - |      - |      - |      - |      - |      - |      - |      - |      - |      - |      - |      - |      - |      - |      - |      - |      - |      - |      - |      - |      - |      - |      - |      - |      - |      - |      - |      - |      - |      - |      - |      - |      - |      - |      - |      - |      - |      - |      - |      - |      0 |      0 |     58 |     53 |    90 |    85 |    75 |    63 |    49 |    45 |    41 |    36 |    31 |    26 |     24 |     17 |     17 |     16 |     13 |     11 |     10 |      8 |      7 |      7 |      5 |      5 |      5 |      4 |      4 |      4 |      4 |      3 |      3 |      3 |      3 |      3 |      3 |      2 |      1 |      1 |      1 |      1 |      1 |      1 |      1 |      1 |      1 |      1 |      1 |      1 |      1 |      1 |      1 |      0 |      0 |      0 |      0 |      0 |
| MST_54                  |                     - |                     - |                     - |                     - |                     - |                     - |                     - |                     - |                     - |                     - |                     - |                     - |                     - |                     - |                     - |                     - |                     - |                     - |                     - |                     - |                     - |                     - |                     - |                     - |                     - |                     - |                     - |                     - |                     - |                     - |                     - |                     - |                     - |                     - |                     - |                     - |                     - |                     - |                     - |                     - |                     - |                     - |                     - |                     - |                     - |                     - |                     - |                     - |                      - |                      - |                      - |                      - |                      - |                      - |     - |     - |     - |     - |     - |     - |     - |     - |     - |      - |      - |      - |      - |      - |      - |      - |      - |      - |      - |      - |      - |      - |      - |      - |      - |      - |      - |      - |      - |      - |      - |      - |      - |      - |      - |      - |      - |      - |      - |      - |      - |      - |      - |      - |      - |      - |      - |      - |      - |      - |      - |      - |      - |      0 |     58 |     53 |    90 |    85 |    75 |    63 |    49 |    45 |    41 |    36 |    31 |    26 |     24 |     17 |     17 |     16 |     13 |     11 |     10 |      8 |      7 |      7 |      5 |      5 |      5 |      4 |      4 |      4 |      4 |      3 |      3 |      3 |      3 |      3 |      3 |      2 |      1 |      1 |      1 |      1 |      1 |      1 |      1 |      1 |      1 |      1 |      1 |      1 |      1 |      1 |      1 |      0 |      0 |      0 |      0 |      0 |
| MST_55                  |                     - |                     - |                     - |                     - |                     - |                     - |                     - |                     - |                     - |                     - |                     - |                     - |                     - |                     - |                     - |                     - |                     - |                     - |                     - |                     - |                     - |                     - |                     - |                     - |                     - |                     - |                     - |                     - |                     - |                     - |                     - |                     - |                     - |                     - |                     - |                     - |                     - |                     - |                     - |                     - |                     - |                     - |                     - |                     - |                     - |                     - |                     - |                     - |                      - |                      - |                      - |                      - |                      - |                      - |     - |     - |     - |     - |     - |     - |     - |     - |     - |      - |      - |      - |      - |      - |      - |      - |      - |      - |      - |      - |      - |      - |      - |      - |      - |      - |      - |      - |      - |      - |      - |      - |      - |      - |      - |      - |      - |      - |      - |      - |      - |      - |      - |      - |      - |      - |      - |      - |      - |      - |      - |      - |      - |      - |      0 |     45 |    62 |    75 |    75 |    74 |    73 |    72 |    71 |    67 |    63 |    60 |     61 |     56 |     56 |     58 |     56 |     58 |     58 |     58 |     58 |     58 |     57 |     57 |     57 |     57 |     57 |     57 |     57 |     57 |     57 |     57 |     57 |     57 |     57 |     58 |     58 |     58 |     58 |     58 |     58 |     58 |     58 |     58 |     58 |     58 |     58 |     58 |     58 |     58 |     58 |     58 |     58 |     58 |     58 |     58 |
| MST_56                  |                     - |                     - |                     - |                     - |                     - |                     - |                     - |                     - |                     - |                     - |                     - |                     - |                     - |                     - |                     - |                     - |                     - |                     - |                     - |                     - |                     - |                     - |                     - |                     - |                     - |                     - |                     - |                     - |                     - |                     - |                     - |                     - |                     - |                     - |                     - |                     - |                     - |                     - |                     - |                     - |                     - |                     - |                     - |                     - |                     - |                     - |                     - |                     - |                      - |                      - |                      - |                      - |                      - |                      - |     - |     - |     - |     - |     - |     - |     - |     - |     - |      - |      - |      - |      - |      - |      - |      - |      - |      - |      - |      - |      - |      - |      - |      - |      - |      - |      - |      - |      - |      - |      - |      - |      - |      - |      - |      - |      - |      - |      - |      - |      - |      - |      - |      - |      - |      - |      - |      - |      - |      - |      - |      - |      - |      - |      - |      0 |    64 |    72 |    73 |    70 |    65 |    63 |    61 |    60 |    56 |    54 |     53 |     50 |     49 |     50 |     50 |     50 |     50 |     50 |     51 |     51 |     50 |     50 |     50 |     50 |     50 |     50 |     50 |     51 |     51 |     51 |     51 |     51 |     51 |     52 |     53 |     53 |     53 |     53 |     53 |     53 |     53 |     53 |     53 |     53 |     53 |     53 |     53 |     53 |     53 |     53 |     53 |     53 |     53 |     53 |
| SEQ_0                   |                     - |                     - |                     - |                     - |                     - |                     - |                     - |                     - |                     - |                     - |                     - |                     - |                     - |                     - |                     - |                     - |                     - |                     - |                     - |                     - |                     - |                     - |                     - |                     - |                     - |                     - |                     - |                     - |                     - |                     - |                     - |                     - |                     - |                     - |                     - |                     - |                     - |                     - |                     - |                     - |                     - |                     - |                     - |                     - |                     - |                     - |                     - |                     - |                      - |                      - |                      - |                      - |                      - |                      - |     - |     - |     - |     - |     - |     - |     - |     - |     - |      - |      - |      - |      - |      - |      - |      - |      - |      - |      - |      - |      - |      - |      - |      - |      - |      - |      - |      - |      - |      - |      - |      - |      - |      - |      - |      - |      - |      - |      - |      - |      - |      - |      - |      - |      - |      - |      - |      - |      - |      - |      - |      - |      - |      - |      - |      - |     0 |    57 |    73 |    77 |    71 |    73 |    74 |    76 |    80 |    81 |     81 |     83 |     83 |     84 |     84 |     83 |     83 |     84 |     84 |     84 |     85 |     85 |     85 |     86 |     86 |     86 |     86 |     87 |     87 |     87 |     87 |     87 |     87 |     88 |     89 |     89 |     89 |     89 |     89 |     89 |     89 |     89 |     89 |     89 |     89 |     89 |     89 |     89 |     89 |     90 |     90 |     90 |     90 |     90 |
| SEQ_1                   |                     - |                     - |                     - |                     - |                     - |                     - |                     - |                     - |                     - |                     - |                     - |                     - |                     - |                     - |                     - |                     - |                     - |                     - |                     - |                     - |                     - |                     - |                     - |                     - |                     - |                     - |                     - |                     - |                     - |                     - |                     - |                     - |                     - |                     - |                     - |                     - |                     - |                     - |                     - |                     - |                     - |                     - |                     - |                     - |                     - |                     - |                     - |                     - |                      - |                      - |                      - |                      - |                      - |                      - |     - |     - |     - |     - |     - |     - |     - |     - |     - |      - |      - |      - |      - |      - |      - |      - |      - |      - |      - |      - |      - |      - |      - |      - |      - |      - |      - |      - |      - |      - |      - |      - |      - |      - |      - |      - |      - |      - |      - |      - |      - |      - |      - |      - |      - |      - |      - |      - |      - |      - |      - |      - |      - |      - |      - |      - |     - |     0 |    29 |    45 |    53 |    58 |    60 |    63 |    68 |    68 |     68 |     73 |     73 |     75 |     76 |     76 |     76 |     79 |     79 |     79 |     80 |     80 |     80 |     81 |     81 |     81 |     81 |     82 |     82 |     82 |     82 |     82 |     82 |     83 |     84 |     84 |     84 |     84 |     84 |     84 |     84 |     84 |     84 |     84 |     84 |     84 |     84 |     84 |     84 |     85 |     85 |     85 |     85 |     85 |
| SEQ_2                   |                     - |                     - |                     - |                     - |                     - |                     - |                     - |                     - |                     - |                     - |                     - |                     - |                     - |                     - |                     - |                     - |                     - |                     - |                     - |                     - |                     - |                     - |                     - |                     - |                     - |                     - |                     - |                     - |                     - |                     - |                     - |                     - |                     - |                     - |                     - |                     - |                     - |                     - |                     - |                     - |                     - |                     - |                     - |                     - |                     - |                     - |                     - |                     - |                      - |                      - |                      - |                      - |                      - |                      - |     - |     - |     - |     - |     - |     - |     - |     - |     - |      - |      - |      - |      - |      - |      - |      - |      - |      - |      - |      - |      - |      - |      - |      - |      - |      - |      - |      - |      - |      - |      - |      - |      - |      - |      - |      - |      - |      - |      - |      - |      - |      - |      - |      - |      - |      - |      - |      - |      - |      - |      - |      - |      - |      - |      - |      - |     - |     - |     0 |    24 |    34 |    39 |    42 |    44 |    49 |    53 |     56 |     62 |     63 |     65 |     66 |     67 |     68 |     70 |     70 |     70 |     70 |     70 |     70 |     71 |     71 |     71 |     71 |     72 |     72 |     72 |     72 |     72 |     72 |     73 |     74 |     74 |     74 |     74 |     74 |     74 |     74 |     74 |     74 |     74 |     74 |     74 |     74 |     74 |     74 |     75 |     75 |     75 |     75 |     75 |
| SEQ_3                   |                     - |                     - |                     - |                     - |                     - |                     - |                     - |                     - |                     - |                     - |                     - |                     - |                     - |                     - |                     - |                     - |                     - |                     - |                     - |                     - |                     - |                     - |                     - |                     - |                     - |                     - |                     - |                     - |                     - |                     - |                     - |                     - |                     - |                     - |                     - |                     - |                     - |                     - |                     - |                     - |                     - |                     - |                     - |                     - |                     - |                     - |                     - |                     - |                      - |                      - |                      - |                      - |                      - |                      - |     - |     - |     - |     - |     - |     - |     - |     - |     - |      - |      - |      - |      - |      - |      - |      - |      - |      - |      - |      - |      - |      - |      - |      - |      - |      - |      - |      - |      - |      - |      - |      - |      - |      - |      - |      - |      - |      - |      - |      - |      - |      - |      - |      - |      - |      - |      - |      - |      - |      - |      - |      - |      - |      - |      - |      - |     - |     - |     - |     0 |    20 |    26 |    31 |    33 |    40 |    43 |     45 |     52 |     53 |     55 |     56 |     57 |     58 |     60 |     60 |     60 |     58 |     58 |     58 |     59 |     59 |     59 |     59 |     60 |     60 |     60 |     60 |     60 |     60 |     61 |     62 |     62 |     62 |     62 |     62 |     62 |     62 |     62 |     62 |     62 |     62 |     62 |     62 |     62 |     62 |     63 |     63 |     63 |     63 |     63 |
| SEQ_4                   |                     - |                     - |                     - |                     - |                     - |                     - |                     - |                     - |                     - |                     - |                     - |                     - |                     - |                     - |                     - |                     - |                     - |                     - |                     - |                     - |                     - |                     - |                     - |                     - |                     - |                     - |                     - |                     - |                     - |                     - |                     - |                     - |                     - |                     - |                     - |                     - |                     - |                     - |                     - |                     - |                     - |                     - |                     - |                     - |                     - |                     - |                     - |                     - |                      - |                      - |                      - |                      - |                      - |                      - |     - |     - |     - |     - |     - |     - |     - |     - |     - |      - |      - |      - |      - |      - |      - |      - |      - |      - |      - |      - |      - |      - |      - |      - |      - |      - |      - |      - |      - |      - |      - |      - |      - |      - |      - |      - |      - |      - |      - |      - |      - |      - |      - |      - |      - |      - |      - |      - |      - |      - |      - |      - |      - |      - |      - |      - |     - |     - |     - |     - |     0 |    10 |    16 |    16 |    26 |    27 |     31 |     36 |     37 |     39 |     40 |     41 |     42 |     44 |     45 |     45 |     44 |     44 |     44 |     45 |     45 |     45 |     45 |     46 |     46 |     46 |     46 |     46 |     46 |     47 |     48 |     48 |     48 |     48 |     48 |     48 |     48 |     48 |     48 |     48 |     48 |     48 |     48 |     48 |     48 |     49 |     49 |     49 |     49 |     49 |
| SEQ_5                   |                     - |                     - |                     - |                     - |                     - |                     - |                     - |                     - |                     - |                     - |                     - |                     - |                     - |                     - |                     - |                     - |                     - |                     - |                     - |                     - |                     - |                     - |                     - |                     - |                     - |                     - |                     - |                     - |                     - |                     - |                     - |                     - |                     - |                     - |                     - |                     - |                     - |                     - |                     - |                     - |                     - |                     - |                     - |                     - |                     - |                     - |                     - |                     - |                      - |                      - |                      - |                      - |                      - |                      - |     - |     - |     - |     - |     - |     - |     - |     - |     - |      - |      - |      - |      - |      - |      - |      - |      - |      - |      - |      - |      - |      - |      - |      - |      - |      - |      - |      - |      - |      - |      - |      - |      - |      - |      - |      - |      - |      - |      - |      - |      - |      - |      - |      - |      - |      - |      - |      - |      - |      - |      - |      - |      - |      - |      - |      - |     - |     - |     - |     - |     - |     0 |     6 |    12 |    21 |    22 |     25 |     32 |     33 |     35 |     36 |     37 |     38 |     40 |     41 |     41 |     40 |     40 |     40 |     41 |     41 |     41 |     41 |     42 |     42 |     42 |     42 |     42 |     42 |     43 |     44 |     44 |     44 |     44 |     44 |     44 |     44 |     44 |     44 |     44 |     44 |     44 |     44 |     44 |     44 |     45 |     45 |     45 |     45 |     45 |
| SEQ_6                   |                     - |                     - |                     - |                     - |                     - |                     - |                     - |                     - |                     - |                     - |                     - |                     - |                     - |                     - |                     - |                     - |                     - |                     - |                     - |                     - |                     - |                     - |                     - |                     - |                     - |                     - |                     - |                     - |                     - |                     - |                     - |                     - |                     - |                     - |                     - |                     - |                     - |                     - |                     - |                     - |                     - |                     - |                     - |                     - |                     - |                     - |                     - |                     - |                      - |                      - |                      - |                      - |                      - |                      - |     - |     - |     - |     - |     - |     - |     - |     - |     - |      - |      - |      - |      - |      - |      - |      - |      - |      - |      - |      - |      - |      - |      - |      - |      - |      - |      - |      - |      - |      - |      - |      - |      - |      - |      - |      - |      - |      - |      - |      - |      - |      - |      - |      - |      - |      - |      - |      - |      - |      - |      - |      - |      - |      - |      - |      - |     - |     - |     - |     - |     - |     - |     0 |     6 |    16 |    16 |     19 |     28 |     29 |     31 |     32 |     33 |     34 |     36 |     37 |     37 |     36 |     36 |     36 |     37 |     37 |     37 |     37 |     38 |     38 |     38 |     38 |     38 |     38 |     39 |     40 |     40 |     40 |     40 |     40 |     40 |     40 |     40 |     40 |     40 |     40 |     40 |     40 |     40 |     40 |     41 |     41 |     41 |     41 |     41 |
| SEQ_7                   |                     - |                     - |                     - |                     - |                     - |                     - |                     - |                     - |                     - |                     - |                     - |                     - |                     - |                     - |                     - |                     - |                     - |                     - |                     - |                     - |                     - |                     - |                     - |                     - |                     - |                     - |                     - |                     - |                     - |                     - |                     - |                     - |                     - |                     - |                     - |                     - |                     - |                     - |                     - |                     - |                     - |                     - |                     - |                     - |                     - |                     - |                     - |                     - |                      - |                      - |                      - |                      - |                      - |                      - |     - |     - |     - |     - |     - |     - |     - |     - |     - |      - |      - |      - |      - |      - |      - |      - |      - |      - |      - |      - |      - |      - |      - |      - |      - |      - |      - |      - |      - |      - |      - |      - |      - |      - |      - |      - |      - |      - |      - |      - |      - |      - |      - |      - |      - |      - |      - |      - |      - |      - |      - |      - |      - |      - |      - |      - |     - |     - |     - |     - |     - |     - |     - |     0 |    10 |    11 |     17 |     24 |     25 |     27 |     29 |     29 |     30 |     32 |     33 |     33 |     31 |     31 |     31 |     32 |     32 |     32 |     32 |     33 |     33 |     33 |     33 |     33 |     33 |     34 |     35 |     35 |     35 |     35 |     35 |     35 |     35 |     35 |     35 |     35 |     35 |     35 |     35 |     35 |     35 |     36 |     36 |     36 |     36 |     36 |
| SEQ_8                   |                     - |                     - |                     - |                     - |                     - |                     - |                     - |                     - |                     - |                     - |                     - |                     - |                     - |                     - |                     - |                     - |                     - |                     - |                     - |                     - |                     - |                     - |                     - |                     - |                     - |                     - |                     - |                     - |                     - |                     - |                     - |                     - |                     - |                     - |                     - |                     - |                     - |                     - |                     - |                     - |                     - |                     - |                     - |                     - |                     - |                     - |                     - |                     - |                      - |                      - |                      - |                      - |                      - |                      - |     - |     - |     - |     - |     - |     - |     - |     - |     - |      - |      - |      - |      - |      - |      - |      - |      - |      - |      - |      - |      - |      - |      - |      - |      - |      - |      - |      - |      - |      - |      - |      - |      - |      - |      - |      - |      - |      - |      - |      - |      - |      - |      - |      - |      - |      - |      - |      - |      - |      - |      - |      - |      - |      - |      - |      - |     - |     - |     - |     - |     - |     - |     - |     - |     0 |     6 |     12 |     19 |     21 |     22 |     23 |     24 |     25 |     27 |     28 |     28 |     26 |     26 |     26 |     27 |     27 |     27 |     27 |     28 |     28 |     28 |     28 |     28 |     28 |     29 |     30 |     30 |     30 |     30 |     30 |     30 |     30 |     30 |     30 |     30 |     30 |     30 |     30 |     30 |     30 |     31 |     31 |     31 |     31 |     31 |
| SEQ_9                   |                     - |                     - |                     - |                     - |                     - |                     - |                     - |                     - |                     - |                     - |                     - |                     - |                     - |                     - |                     - |                     - |                     - |                     - |                     - |                     - |                     - |                     - |                     - |                     - |                     - |                     - |                     - |                     - |                     - |                     - |                     - |                     - |                     - |                     - |                     - |                     - |                     - |                     - |                     - |                     - |                     - |                     - |                     - |                     - |                     - |                     - |                     - |                     - |                      - |                      - |                      - |                      - |                      - |                      - |     - |     - |     - |     - |     - |     - |     - |     - |     - |      - |      - |      - |      - |      - |      - |      - |      - |      - |      - |      - |      - |      - |      - |      - |      - |      - |      - |      - |      - |      - |      - |      - |      - |      - |      - |      - |      - |      - |      - |      - |      - |      - |      - |      - |      - |      - |      - |      - |      - |      - |      - |      - |      - |      - |      - |      - |     - |     - |     - |     - |     - |     - |     - |     - |     - |     0 |      6 |     13 |     15 |     17 |     18 |     19 |     20 |     22 |     23 |     23 |     21 |     21 |     21 |     22 |     22 |     22 |     22 |     23 |     23 |     23 |     23 |     23 |     23 |     24 |     25 |     25 |     25 |     25 |     25 |     25 |     25 |     25 |     25 |     25 |     25 |     25 |     25 |     25 |     25 |     26 |     26 |     26 |     26 |     26 |
| SEQ_10                  |                     - |                     - |                     - |                     - |                     - |                     - |                     - |                     - |                     - |                     - |                     - |                     - |                     - |                     - |                     - |                     - |                     - |                     - |                     - |                     - |                     - |                     - |                     - |                     - |                     - |                     - |                     - |                     - |                     - |                     - |                     - |                     - |                     - |                     - |                     - |                     - |                     - |                     - |                     - |                     - |                     - |                     - |                     - |                     - |                     - |                     - |                     - |                     - |                      - |                      - |                      - |                      - |                      - |                      - |     - |     - |     - |     - |     - |     - |     - |     - |     - |      - |      - |      - |      - |      - |      - |      - |      - |      - |      - |      - |      - |      - |      - |      - |      - |      - |      - |      - |      - |      - |      - |      - |      - |      - |      - |      - |      - |      - |      - |      - |      - |      - |      - |      - |      - |      - |      - |      - |      - |      - |      - |      - |      - |      - |      - |      - |     - |     - |     - |     - |     - |     - |     - |     - |     - |     - |      0 |      9 |     12 |     14 |     15 |     16 |     17 |     19 |     20 |     20 |     19 |     19 |     19 |     20 |     20 |     20 |     20 |     21 |     21 |     21 |     21 |     21 |     21 |     22 |     23 |     23 |     23 |     23 |     23 |     23 |     23 |     23 |     23 |     23 |     23 |     23 |     23 |     23 |     23 |     24 |     24 |     24 |     24 |     24 |
| SEQ_11                  |                     - |                     - |                     - |                     - |                     - |                     - |                     - |                     - |                     - |                     - |                     - |                     - |                     - |                     - |                     - |                     - |                     - |                     - |                     - |                     - |                     - |                     - |                     - |                     - |                     - |                     - |                     - |                     - |                     - |                     - |                     - |                     - |                     - |                     - |                     - |                     - |                     - |                     - |                     - |                     - |                     - |                     - |                     - |                     - |                     - |                     - |                     - |                     - |                      - |                      - |                      - |                      - |                      - |                      - |     - |     - |     - |     - |     - |     - |     - |     - |     - |      - |      - |      - |      - |      - |      - |      - |      - |      - |      - |      - |      - |      - |      - |      - |      - |      - |      - |      - |      - |      - |      - |      - |      - |      - |      - |      - |      - |      - |      - |      - |      - |      - |      - |      - |      - |      - |      - |      - |      - |      - |      - |      - |      - |      - |      - |      - |     - |     - |     - |     - |     - |     - |     - |     - |     - |     - |      - |      0 |      3 |      5 |      6 |      7 |      8 |     10 |     11 |     11 |     12 |     12 |     12 |     13 |     13 |     13 |     13 |     14 |     14 |     14 |     14 |     14 |     14 |     15 |     16 |     16 |     16 |     16 |     16 |     16 |     16 |     16 |     16 |     16 |     16 |     16 |     16 |     16 |     16 |     17 |     17 |     17 |     17 |     17 |
| SEQ_12                  |                     - |                     - |                     - |                     - |                     - |                     - |                     - |                     - |                     - |                     - |                     - |                     - |                     - |                     - |                     - |                     - |                     - |                     - |                     - |                     - |                     - |                     - |                     - |                     - |                     - |                     - |                     - |                     - |                     - |                     - |                     - |                     - |                     - |                     - |                     - |                     - |                     - |                     - |                     - |                     - |                     - |                     - |                     - |                     - |                     - |                     - |                     - |                     - |                      - |                      - |                      - |                      - |                      - |                      - |     - |     - |     - |     - |     - |     - |     - |     - |     - |      - |      - |      - |      - |      - |      - |      - |      - |      - |      - |      - |      - |      - |      - |      - |      - |      - |      - |      - |      - |      - |      - |      - |      - |      - |      - |      - |      - |      - |      - |      - |      - |      - |      - |      - |      - |      - |      - |      - |      - |      - |      - |      - |      - |      - |      - |      - |     - |     - |     - |     - |     - |     - |     - |     - |     - |     - |      - |      - |      0 |      2 |      6 |      6 |      7 |     10 |     11 |     11 |     12 |     12 |     12 |     13 |     13 |     13 |     13 |     14 |     14 |     14 |     14 |     14 |     14 |     15 |     16 |     16 |     16 |     16 |     16 |     16 |     16 |     16 |     16 |     16 |     16 |     16 |     16 |     16 |     16 |     17 |     17 |     17 |     17 |     17 |
| SEQ_13                  |                     - |                     - |                     - |                     - |                     - |                     - |                     - |                     - |                     - |                     - |                     - |                     - |                     - |                     - |                     - |                     - |                     - |                     - |                     - |                     - |                     - |                     - |                     - |                     - |                     - |                     - |                     - |                     - |                     - |                     - |                     - |                     - |                     - |                     - |                     - |                     - |                     - |                     - |                     - |                     - |                     - |                     - |                     - |                     - |                     - |                     - |                     - |                     - |                      - |                      - |                      - |                      - |                      - |                      - |     - |     - |     - |     - |     - |     - |     - |     - |     - |      - |      - |      - |      - |      - |      - |      - |      - |      - |      - |      - |      - |      - |      - |      - |      - |      - |      - |      - |      - |      - |      - |      - |      - |      - |      - |      - |      - |      - |      - |      - |      - |      - |      - |      - |      - |      - |      - |      - |      - |      - |      - |      - |      - |      - |      - |      - |     - |     - |     - |     - |     - |     - |     - |     - |     - |     - |      - |      - |      - |      0 |      6 |      6 |      7 |      9 |     10 |     10 |     11 |     11 |     11 |     12 |     12 |     12 |     12 |     13 |     13 |     13 |     13 |     13 |     13 |     14 |     15 |     15 |     15 |     15 |     15 |     15 |     15 |     15 |     15 |     15 |     15 |     15 |     15 |     15 |     15 |     16 |     16 |     16 |     16 |     16 |
| SEQ_14                  |                     - |                     - |                     - |                     - |                     - |                     - |                     - |                     - |                     - |                     - |                     - |                     - |                     - |                     - |                     - |                     - |                     - |                     - |                     - |                     - |                     - |                     - |                     - |                     - |                     - |                     - |                     - |                     - |                     - |                     - |                     - |                     - |                     - |                     - |                     - |                     - |                     - |                     - |                     - |                     - |                     - |                     - |                     - |                     - |                     - |                     - |                     - |                     - |                      - |                      - |                      - |                      - |                      - |                      - |     - |     - |     - |     - |     - |     - |     - |     - |     - |      - |      - |      - |      - |      - |      - |      - |      - |      - |      - |      - |      - |      - |      - |      - |      - |      - |      - |      - |      - |      - |      - |      - |      - |      - |      - |      - |      - |      - |      - |      - |      - |      - |      - |      - |      - |      - |      - |      - |      - |      - |      - |      - |      - |      - |      - |      - |     - |     - |     - |     - |     - |     - |     - |     - |     - |     - |      - |      - |      - |      - |      0 |      3 |      4 |      6 |      7 |      7 |      8 |      8 |      8 |      9 |      9 |      9 |      9 |     10 |     10 |     10 |     10 |     10 |     10 |     11 |     12 |     12 |     12 |     12 |     12 |     12 |     12 |     12 |     12 |     12 |     12 |     12 |     12 |     12 |     12 |     13 |     13 |     13 |     13 |     13 |
| SEQ_15                  |                     - |                     - |                     - |                     - |                     - |                     - |                     - |                     - |                     - |                     - |                     - |                     - |                     - |                     - |                     - |                     - |                     - |                     - |                     - |                     - |                     - |                     - |                     - |                     - |                     - |                     - |                     - |                     - |                     - |                     - |                     - |                     - |                     - |                     - |                     - |                     - |                     - |                     - |                     - |                     - |                     - |                     - |                     - |                     - |                     - |                     - |                     - |                     - |                      - |                      - |                      - |                      - |                      - |                      - |     - |     - |     - |     - |     - |     - |     - |     - |     - |      - |      - |      - |      - |      - |      - |      - |      - |      - |      - |      - |      - |      - |      - |      - |      - |      - |      - |      - |      - |      - |      - |      - |      - |      - |      - |      - |      - |      - |      - |      - |      - |      - |      - |      - |      - |      - |      - |      - |      - |      - |      - |      - |      - |      - |      - |      - |     - |     - |     - |     - |     - |     - |     - |     - |     - |     - |      - |      - |      - |      - |      - |      0 |      1 |      4 |      5 |      5 |      6 |      6 |      6 |      7 |      7 |      7 |      7 |      8 |      8 |      8 |      8 |      8 |      8 |      9 |     10 |     10 |     10 |     10 |     10 |     10 |     10 |     10 |     10 |     10 |     10 |     10 |     10 |     10 |     10 |     11 |     11 |     11 |     11 |     11 |
| SEQ_16                  |                     - |                     - |                     - |                     - |                     - |                     - |                     - |                     - |                     - |                     - |                     - |                     - |                     - |                     - |                     - |                     - |                     - |                     - |                     - |                     - |                     - |                     - |                     - |                     - |                     - |                     - |                     - |                     - |                     - |                     - |                     - |                     - |                     - |                     - |                     - |                     - |                     - |                     - |                     - |                     - |                     - |                     - |                     - |                     - |                     - |                     - |                     - |                     - |                      - |                      - |                      - |                      - |                      - |                      - |     - |     - |     - |     - |     - |     - |     - |     - |     - |      - |      - |      - |      - |      - |      - |      - |      - |      - |      - |      - |      - |      - |      - |      - |      - |      - |      - |      - |      - |      - |      - |      - |      - |      - |      - |      - |      - |      - |      - |      - |      - |      - |      - |      - |      - |      - |      - |      - |      - |      - |      - |      - |      - |      - |      - |      - |     - |     - |     - |     - |     - |     - |     - |     - |     - |     - |      - |      - |      - |      - |      - |      - |      0 |      3 |      4 |      4 |      5 |      5 |      5 |      6 |      6 |      6 |      6 |      7 |      7 |      7 |      7 |      7 |      7 |      8 |      9 |      9 |      9 |      9 |      9 |      9 |      9 |      9 |      9 |      9 |      9 |      9 |      9 |      9 |      9 |     10 |     10 |     10 |     10 |     10 |
| SEQ_17                  |                     - |                     - |                     - |                     - |                     - |                     - |                     - |                     - |                     - |                     - |                     - |                     - |                     - |                     - |                     - |                     - |                     - |                     - |                     - |                     - |                     - |                     - |                     - |                     - |                     - |                     - |                     - |                     - |                     - |                     - |                     - |                     - |                     - |                     - |                     - |                     - |                     - |                     - |                     - |                     - |                     - |                     - |                     - |                     - |                     - |                     - |                     - |                     - |                      - |                      - |                      - |                      - |                      - |                      - |     - |     - |     - |     - |     - |     - |     - |     - |     - |      - |      - |      - |      - |      - |      - |      - |      - |      - |      - |      - |      - |      - |      - |      - |      - |      - |      - |      - |      - |      - |      - |      - |      - |      - |      - |      - |      - |      - |      - |      - |      - |      - |      - |      - |      - |      - |      - |      - |      - |      - |      - |      - |      - |      - |      - |      - |     - |     - |     - |     - |     - |     - |     - |     - |     - |     - |      - |      - |      - |      - |      - |      - |      - |      0 |      1 |      1 |      3 |      3 |      3 |      4 |      4 |      4 |      4 |      5 |      5 |      5 |      5 |      5 |      5 |      6 |      7 |      7 |      7 |      7 |      7 |      7 |      7 |      7 |      7 |      7 |      7 |      7 |      7 |      7 |      7 |      8 |      8 |      8 |      8 |      8 |
| SEQ_18                  |                     - |                     - |                     - |                     - |                     - |                     - |                     - |                     - |                     - |                     - |                     - |                     - |                     - |                     - |                     - |                     - |                     - |                     - |                     - |                     - |                     - |                     - |                     - |                     - |                     - |                     - |                     - |                     - |                     - |                     - |                     - |                     - |                     - |                     - |                     - |                     - |                     - |                     - |                     - |                     - |                     - |                     - |                     - |                     - |                     - |                     - |                     - |                     - |                      - |                      - |                      - |                      - |                      - |                      - |     - |     - |     - |     - |     - |     - |     - |     - |     - |      - |      - |      - |      - |      - |      - |      - |      - |      - |      - |      - |      - |      - |      - |      - |      - |      - |      - |      - |      - |      - |      - |      - |      - |      - |      - |      - |      - |      - |      - |      - |      - |      - |      - |      - |      - |      - |      - |      - |      - |      - |      - |      - |      - |      - |      - |      - |     - |     - |     - |     - |     - |     - |     - |     - |     - |     - |      - |      - |      - |      - |      - |      - |      - |      - |      0 |      0 |      2 |      2 |      2 |      3 |      3 |      3 |      3 |      4 |      4 |      4 |      4 |      4 |      4 |      5 |      6 |      6 |      6 |      6 |      6 |      6 |      6 |      6 |      6 |      6 |      6 |      6 |      6 |      6 |      6 |      7 |      7 |      7 |      7 |      7 |
| SEQ_19                  |                     - |                     - |                     - |                     - |                     - |                     - |                     - |                     - |                     - |                     - |                     - |                     - |                     - |                     - |                     - |                     - |                     - |                     - |                     - |                     - |                     - |                     - |                     - |                     - |                     - |                     - |                     - |                     - |                     - |                     - |                     - |                     - |                     - |                     - |                     - |                     - |                     - |                     - |                     - |                     - |                     - |                     - |                     - |                     - |                     - |                     - |                     - |                     - |                      - |                      - |                      - |                      - |                      - |                      - |     - |     - |     - |     - |     - |     - |     - |     - |     - |      - |      - |      - |      - |      - |      - |      - |      - |      - |      - |      - |      - |      - |      - |      - |      - |      - |      - |      - |      - |      - |      - |      - |      - |      - |      - |      - |      - |      - |      - |      - |      - |      - |      - |      - |      - |      - |      - |      - |      - |      - |      - |      - |      - |      - |      - |      - |     - |     - |     - |     - |     - |     - |     - |     - |     - |     - |      - |      - |      - |      - |      - |      - |      - |      - |      - |      0 |      2 |      2 |      2 |      3 |      3 |      3 |      3 |      4 |      4 |      4 |      4 |      4 |      4 |      5 |      6 |      6 |      6 |      6 |      6 |      6 |      6 |      6 |      6 |      6 |      6 |      6 |      6 |      6 |      6 |      7 |      7 |      7 |      7 |      7 |
| SEQ_20                  |                     - |                     - |                     - |                     - |                     - |                     - |                     - |                     - |                     - |                     - |                     - |                     - |                     - |                     - |                     - |                     - |                     - |                     - |                     - |                     - |                     - |                     - |                     - |                     - |                     - |                     - |                     - |                     - |                     - |                     - |                     - |                     - |                     - |                     - |                     - |                     - |                     - |                     - |                     - |                     - |                     - |                     - |                     - |                     - |                     - |                     - |                     - |                     - |                      - |                      - |                      - |                      - |                      - |                      - |     - |     - |     - |     - |     - |     - |     - |     - |     - |      - |      - |      - |      - |      - |      - |      - |      - |      - |      - |      - |      - |      - |      - |      - |      - |      - |      - |      - |      - |      - |      - |      - |      - |      - |      - |      - |      - |      - |      - |      - |      - |      - |      - |      - |      - |      - |      - |      - |      - |      - |      - |      - |      - |      - |      - |      - |     - |     - |     - |     - |     - |     - |     - |     - |     - |     - |      - |      - |      - |      - |      - |      - |      - |      - |      - |      - |      0 |      0 |      0 |      1 |      1 |      1 |      1 |      2 |      2 |      2 |      2 |      2 |      2 |      3 |      4 |      4 |      4 |      4 |      4 |      4 |      4 |      4 |      4 |      4 |      4 |      4 |      4 |      4 |      4 |      5 |      5 |      5 |      5 |      5 |
| SEQ_21                  |                     - |                     - |                     - |                     - |                     - |                     - |                     - |                     - |                     - |                     - |                     - |                     - |                     - |                     - |                     - |                     - |                     - |                     - |                     - |                     - |                     - |                     - |                     - |                     - |                     - |                     - |                     - |                     - |                     - |                     - |                     - |                     - |                     - |                     - |                     - |                     - |                     - |                     - |                     - |                     - |                     - |                     - |                     - |                     - |                     - |                     - |                     - |                     - |                      - |                      - |                      - |                      - |                      - |                      - |     - |     - |     - |     - |     - |     - |     - |     - |     - |      - |      - |      - |      - |      - |      - |      - |      - |      - |      - |      - |      - |      - |      - |      - |      - |      - |      - |      - |      - |      - |      - |      - |      - |      - |      - |      - |      - |      - |      - |      - |      - |      - |      - |      - |      - |      - |      - |      - |      - |      - |      - |      - |      - |      - |      - |      - |     - |     - |     - |     - |     - |     - |     - |     - |     - |     - |      - |      - |      - |      - |      - |      - |      - |      - |      - |      - |      - |      0 |      0 |      1 |      1 |      1 |      1 |      2 |      2 |      2 |      2 |      2 |      2 |      3 |      4 |      4 |      4 |      4 |      4 |      4 |      4 |      4 |      4 |      4 |      4 |      4 |      4 |      4 |      4 |      5 |      5 |      5 |      5 |      5 |
| SEQ_22                  |                     - |                     - |                     - |                     - |                     - |                     - |                     - |                     - |                     - |                     - |                     - |                     - |                     - |                     - |                     - |                     - |                     - |                     - |                     - |                     - |                     - |                     - |                     - |                     - |                     - |                     - |                     - |                     - |                     - |                     - |                     - |                     - |                     - |                     - |                     - |                     - |                     - |                     - |                     - |                     - |                     - |                     - |                     - |                     - |                     - |                     - |                     - |                     - |                      - |                      - |                      - |                      - |                      - |                      - |     - |     - |     - |     - |     - |     - |     - |     - |     - |      - |      - |      - |      - |      - |      - |      - |      - |      - |      - |      - |      - |      - |      - |      - |      - |      - |      - |      - |      - |      - |      - |      - |      - |      - |      - |      - |      - |      - |      - |      - |      - |      - |      - |      - |      - |      - |      - |      - |      - |      - |      - |      - |      - |      - |      - |      - |     - |     - |     - |     - |     - |     - |     - |     - |     - |     - |      - |      - |      - |      - |      - |      - |      - |      - |      - |      - |      - |      - |      0 |      1 |      1 |      1 |      1 |      2 |      2 |      2 |      2 |      2 |      2 |      3 |      4 |      4 |      4 |      4 |      4 |      4 |      4 |      4 |      4 |      4 |      4 |      4 |      4 |      4 |      4 |      5 |      5 |      5 |      5 |      5 |
| SEQ_23                  |                     - |                     - |                     - |                     - |                     - |                     - |                     - |                     - |                     - |                     - |                     - |                     - |                     - |                     - |                     - |                     - |                     - |                     - |                     - |                     - |                     - |                     - |                     - |                     - |                     - |                     - |                     - |                     - |                     - |                     - |                     - |                     - |                     - |                     - |                     - |                     - |                     - |                     - |                     - |                     - |                     - |                     - |                     - |                     - |                     - |                     - |                     - |                     - |                      - |                      - |                      - |                      - |                      - |                      - |     - |     - |     - |     - |     - |     - |     - |     - |     - |      - |      - |      - |      - |      - |      - |      - |      - |      - |      - |      - |      - |      - |      - |      - |      - |      - |      - |      - |      - |      - |      - |      - |      - |      - |      - |      - |      - |      - |      - |      - |      - |      - |      - |      - |      - |      - |      - |      - |      - |      - |      - |      - |      - |      - |      - |      - |     - |     - |     - |     - |     - |     - |     - |     - |     - |     - |      - |      - |      - |      - |      - |      - |      - |      - |      - |      - |      - |      - |      - |      0 |      0 |      0 |      0 |      1 |      1 |      1 |      1 |      1 |      1 |      2 |      3 |      3 |      3 |      3 |      3 |      3 |      3 |      3 |      3 |      3 |      3 |      3 |      3 |      3 |      3 |      4 |      4 |      4 |      4 |      4 |
| SEQ_24                  |                     - |                     - |                     - |                     - |                     - |                     - |                     - |                     - |                     - |                     - |                     - |                     - |                     - |                     - |                     - |                     - |                     - |                     - |                     - |                     - |                     - |                     - |                     - |                     - |                     - |                     - |                     - |                     - |                     - |                     - |                     - |                     - |                     - |                     - |                     - |                     - |                     - |                     - |                     - |                     - |                     - |                     - |                     - |                     - |                     - |                     - |                     - |                     - |                      - |                      - |                      - |                      - |                      - |                      - |     - |     - |     - |     - |     - |     - |     - |     - |     - |      - |      - |      - |      - |      - |      - |      - |      - |      - |      - |      - |      - |      - |      - |      - |      - |      - |      - |      - |      - |      - |      - |      - |      - |      - |      - |      - |      - |      - |      - |      - |      - |      - |      - |      - |      - |      - |      - |      - |      - |      - |      - |      - |      - |      - |      - |      - |     - |     - |     - |     - |     - |     - |     - |     - |     - |     - |      - |      - |      - |      - |      - |      - |      - |      - |      - |      - |      - |      - |      - |      - |      0 |      0 |      0 |      1 |      1 |      1 |      1 |      1 |      1 |      2 |      3 |      3 |      3 |      3 |      3 |      3 |      3 |      3 |      3 |      3 |      3 |      3 |      3 |      3 |      3 |      4 |      4 |      4 |      4 |      4 |
| SEQ_25                  |                     - |                     - |                     - |                     - |                     - |                     - |                     - |                     - |                     - |                     - |                     - |                     - |                     - |                     - |                     - |                     - |                     - |                     - |                     - |                     - |                     - |                     - |                     - |                     - |                     - |                     - |                     - |                     - |                     - |                     - |                     - |                     - |                     - |                     - |                     - |                     - |                     - |                     - |                     - |                     - |                     - |                     - |                     - |                     - |                     - |                     - |                     - |                     - |                      - |                      - |                      - |                      - |                      - |                      - |     - |     - |     - |     - |     - |     - |     - |     - |     - |      - |      - |      - |      - |      - |      - |      - |      - |      - |      - |      - |      - |      - |      - |      - |      - |      - |      - |      - |      - |      - |      - |      - |      - |      - |      - |      - |      - |      - |      - |      - |      - |      - |      - |      - |      - |      - |      - |      - |      - |      - |      - |      - |      - |      - |      - |      - |     - |     - |     - |     - |     - |     - |     - |     - |     - |     - |      - |      - |      - |      - |      - |      - |      - |      - |      - |      - |      - |      - |      - |      - |      - |      0 |      0 |      1 |      1 |      1 |      1 |      1 |      1 |      2 |      3 |      3 |      3 |      3 |      3 |      3 |      3 |      3 |      3 |      3 |      3 |      3 |      3 |      3 |      3 |      4 |      4 |      4 |      4 |      4 |
| SEQ_26                  |                     - |                     - |                     - |                     - |                     - |                     - |                     - |                     - |                     - |                     - |                     - |                     - |                     - |                     - |                     - |                     - |                     - |                     - |                     - |                     - |                     - |                     - |                     - |                     - |                     - |                     - |                     - |                     - |                     - |                     - |                     - |                     - |                     - |                     - |                     - |                     - |                     - |                     - |                     - |                     - |                     - |                     - |                     - |                     - |                     - |                     - |                     - |                     - |                      - |                      - |                      - |                      - |                      - |                      - |     - |     - |     - |     - |     - |     - |     - |     - |     - |      - |      - |      - |      - |      - |      - |      - |      - |      - |      - |      - |      - |      - |      - |      - |      - |      - |      - |      - |      - |      - |      - |      - |      - |      - |      - |      - |      - |      - |      - |      - |      - |      - |      - |      - |      - |      - |      - |      - |      - |      - |      - |      - |      - |      - |      - |      - |     - |     - |     - |     - |     - |     - |     - |     - |     - |     - |      - |      - |      - |      - |      - |      - |      - |      - |      - |      - |      - |      - |      - |      - |      - |      - |      0 |      1 |      1 |      1 |      1 |      1 |      1 |      2 |      3 |      3 |      3 |      3 |      3 |      3 |      3 |      3 |      3 |      3 |      3 |      3 |      3 |      3 |      3 |      4 |      4 |      4 |      4 |      4 |
| SEQ_27                  |                     - |                     - |                     - |                     - |                     - |                     - |                     - |                     - |                     - |                     - |                     - |                     - |                     - |                     - |                     - |                     - |                     - |                     - |                     - |                     - |                     - |                     - |                     - |                     - |                     - |                     - |                     - |                     - |                     - |                     - |                     - |                     - |                     - |                     - |                     - |                     - |                     - |                     - |                     - |                     - |                     - |                     - |                     - |                     - |                     - |                     - |                     - |                     - |                      - |                      - |                      - |                      - |                      - |                      - |     - |     - |     - |     - |     - |     - |     - |     - |     - |      - |      - |      - |      - |      - |      - |      - |      - |      - |      - |      - |      - |      - |      - |      - |      - |      - |      - |      - |      - |      - |      - |      - |      - |      - |      - |      - |      - |      - |      - |      - |      - |      - |      - |      - |      - |      - |      - |      - |      - |      - |      - |      - |      - |      - |      - |      - |     - |     - |     - |     - |     - |     - |     - |     - |     - |     - |      - |      - |      - |      - |      - |      - |      - |      - |      - |      - |      - |      - |      - |      - |      - |      - |      - |      0 |      0 |      0 |      0 |      0 |      0 |      1 |      2 |      2 |      2 |      2 |      2 |      2 |      2 |      2 |      2 |      2 |      2 |      2 |      2 |      2 |      2 |      3 |      3 |      3 |      3 |      3 |
| SEQ_28                  |                     - |                     - |                     - |                     - |                     - |                     - |                     - |                     - |                     - |                     - |                     - |                     - |                     - |                     - |                     - |                     - |                     - |                     - |                     - |                     - |                     - |                     - |                     - |                     - |                     - |                     - |                     - |                     - |                     - |                     - |                     - |                     - |                     - |                     - |                     - |                     - |                     - |                     - |                     - |                     - |                     - |                     - |                     - |                     - |                     - |                     - |                     - |                     - |                      - |                      - |                      - |                      - |                      - |                      - |     - |     - |     - |     - |     - |     - |     - |     - |     - |      - |      - |      - |      - |      - |      - |      - |      - |      - |      - |      - |      - |      - |      - |      - |      - |      - |      - |      - |      - |      - |      - |      - |      - |      - |      - |      - |      - |      - |      - |      - |      - |      - |      - |      - |      - |      - |      - |      - |      - |      - |      - |      - |      - |      - |      - |      - |     - |     - |     - |     - |     - |     - |     - |     - |     - |     - |      - |      - |      - |      - |      - |      - |      - |      - |      - |      - |      - |      - |      - |      - |      - |      - |      - |      - |      0 |      0 |      0 |      0 |      0 |      1 |      2 |      2 |      2 |      2 |      2 |      2 |      2 |      2 |      2 |      2 |      2 |      2 |      2 |      2 |      2 |      3 |      3 |      3 |      3 |      3 |
| SEQ_29                  |                     - |                     - |                     - |                     - |                     - |                     - |                     - |                     - |                     - |                     - |                     - |                     - |                     - |                     - |                     - |                     - |                     - |                     - |                     - |                     - |                     - |                     - |                     - |                     - |                     - |                     - |                     - |                     - |                     - |                     - |                     - |                     - |                     - |                     - |                     - |                     - |                     - |                     - |                     - |                     - |                     - |                     - |                     - |                     - |                     - |                     - |                     - |                     - |                      - |                      - |                      - |                      - |                      - |                      - |     - |     - |     - |     - |     - |     - |     - |     - |     - |      - |      - |      - |      - |      - |      - |      - |      - |      - |      - |      - |      - |      - |      - |      - |      - |      - |      - |      - |      - |      - |      - |      - |      - |      - |      - |      - |      - |      - |      - |      - |      - |      - |      - |      - |      - |      - |      - |      - |      - |      - |      - |      - |      - |      - |      - |      - |     - |     - |     - |     - |     - |     - |     - |     - |     - |     - |      - |      - |      - |      - |      - |      - |      - |      - |      - |      - |      - |      - |      - |      - |      - |      - |      - |      - |      - |      0 |      0 |      0 |      0 |      1 |      2 |      2 |      2 |      2 |      2 |      2 |      2 |      2 |      2 |      2 |      2 |      2 |      2 |      2 |      2 |      3 |      3 |      3 |      3 |      3 |
| SEQ_30                  |                     - |                     - |                     - |                     - |                     - |                     - |                     - |                     - |                     - |                     - |                     - |                     - |                     - |                     - |                     - |                     - |                     - |                     - |                     - |                     - |                     - |                     - |                     - |                     - |                     - |                     - |                     - |                     - |                     - |                     - |                     - |                     - |                     - |                     - |                     - |                     - |                     - |                     - |                     - |                     - |                     - |                     - |                     - |                     - |                     - |                     - |                     - |                     - |                      - |                      - |                      - |                      - |                      - |                      - |     - |     - |     - |     - |     - |     - |     - |     - |     - |      - |      - |      - |      - |      - |      - |      - |      - |      - |      - |      - |      - |      - |      - |      - |      - |      - |      - |      - |      - |      - |      - |      - |      - |      - |      - |      - |      - |      - |      - |      - |      - |      - |      - |      - |      - |      - |      - |      - |      - |      - |      - |      - |      - |      - |      - |      - |     - |     - |     - |     - |     - |     - |     - |     - |     - |     - |      - |      - |      - |      - |      - |      - |      - |      - |      - |      - |      - |      - |      - |      - |      - |      - |      - |      - |      - |      - |      0 |      0 |      0 |      1 |      2 |      2 |      2 |      2 |      2 |      2 |      2 |      2 |      2 |      2 |      2 |      2 |      2 |      2 |      2 |      3 |      3 |      3 |      3 |      3 |
| SEQ_31                  |                     - |                     - |                     - |                     - |                     - |                     - |                     - |                     - |                     - |                     - |                     - |                     - |                     - |                     - |                     - |                     - |                     - |                     - |                     - |                     - |                     - |                     - |                     - |                     - |                     - |                     - |                     - |                     - |                     - |                     - |                     - |                     - |                     - |                     - |                     - |                     - |                     - |                     - |                     - |                     - |                     - |                     - |                     - |                     - |                     - |                     - |                     - |                     - |                      - |                      - |                      - |                      - |                      - |                      - |     - |     - |     - |     - |     - |     - |     - |     - |     - |      - |      - |      - |      - |      - |      - |      - |      - |      - |      - |      - |      - |      - |      - |      - |      - |      - |      - |      - |      - |      - |      - |      - |      - |      - |      - |      - |      - |      - |      - |      - |      - |      - |      - |      - |      - |      - |      - |      - |      - |      - |      - |      - |      - |      - |      - |      - |     - |     - |     - |     - |     - |     - |     - |     - |     - |     - |      - |      - |      - |      - |      - |      - |      - |      - |      - |      - |      - |      - |      - |      - |      - |      - |      - |      - |      - |      - |      - |      0 |      0 |      1 |      2 |      2 |      2 |      2 |      2 |      2 |      2 |      2 |      2 |      2 |      2 |      2 |      2 |      2 |      2 |      3 |      3 |      3 |      3 |      3 |
| SEQ_32                  |                     - |                     - |                     - |                     - |                     - |                     - |                     - |                     - |                     - |                     - |                     - |                     - |                     - |                     - |                     - |                     - |                     - |                     - |                     - |                     - |                     - |                     - |                     - |                     - |                     - |                     - |                     - |                     - |                     - |                     - |                     - |                     - |                     - |                     - |                     - |                     - |                     - |                     - |                     - |                     - |                     - |                     - |                     - |                     - |                     - |                     - |                     - |                     - |                      - |                      - |                      - |                      - |                      - |                      - |     - |     - |     - |     - |     - |     - |     - |     - |     - |      - |      - |      - |      - |      - |      - |      - |      - |      - |      - |      - |      - |      - |      - |      - |      - |      - |      - |      - |      - |      - |      - |      - |      - |      - |      - |      - |      - |      - |      - |      - |      - |      - |      - |      - |      - |      - |      - |      - |      - |      - |      - |      - |      - |      - |      - |      - |     - |     - |     - |     - |     - |     - |     - |     - |     - |     - |      - |      - |      - |      - |      - |      - |      - |      - |      - |      - |      - |      - |      - |      - |      - |      - |      - |      - |      - |      - |      - |      - |      0 |      1 |      2 |      2 |      2 |      2 |      2 |      2 |      2 |      2 |      2 |      2 |      2 |      2 |      2 |      2 |      2 |      3 |      3 |      3 |      3 |      3 |
| SEQ_33                  |                     - |                     - |                     - |                     - |                     - |                     - |                     - |                     - |                     - |                     - |                     - |                     - |                     - |                     - |                     - |                     - |                     - |                     - |                     - |                     - |                     - |                     - |                     - |                     - |                     - |                     - |                     - |                     - |                     - |                     - |                     - |                     - |                     - |                     - |                     - |                     - |                     - |                     - |                     - |                     - |                     - |                     - |                     - |                     - |                     - |                     - |                     - |                     - |                      - |                      - |                      - |                      - |                      - |                      - |     - |     - |     - |     - |     - |     - |     - |     - |     - |      - |      - |      - |      - |      - |      - |      - |      - |      - |      - |      - |      - |      - |      - |      - |      - |      - |      - |      - |      - |      - |      - |      - |      - |      - |      - |      - |      - |      - |      - |      - |      - |      - |      - |      - |      - |      - |      - |      - |      - |      - |      - |      - |      - |      - |      - |      - |     - |     - |     - |     - |     - |     - |     - |     - |     - |     - |      - |      - |      - |      - |      - |      - |      - |      - |      - |      - |      - |      - |      - |      - |      - |      - |      - |      - |      - |      - |      - |      - |      - |      0 |      1 |      1 |      1 |      1 |      1 |      1 |      1 |      1 |      1 |      1 |      1 |      1 |      1 |      1 |      1 |      2 |      2 |      2 |      2 |      2 |
| SEQ_34                  |                     - |                     - |                     - |                     - |                     - |                     - |                     - |                     - |                     - |                     - |                     - |                     - |                     - |                     - |                     - |                     - |                     - |                     - |                     - |                     - |                     - |                     - |                     - |                     - |                     - |                     - |                     - |                     - |                     - |                     - |                     - |                     - |                     - |                     - |                     - |                     - |                     - |                     - |                     - |                     - |                     - |                     - |                     - |                     - |                     - |                     - |                     - |                     - |                      - |                      - |                      - |                      - |                      - |                      - |     - |     - |     - |     - |     - |     - |     - |     - |     - |      - |      - |      - |      - |      - |      - |      - |      - |      - |      - |      - |      - |      - |      - |      - |      - |      - |      - |      - |      - |      - |      - |      - |      - |      - |      - |      - |      - |      - |      - |      - |      - |      - |      - |      - |      - |      - |      - |      - |      - |      - |      - |      - |      - |      - |      - |      - |     - |     - |     - |     - |     - |     - |     - |     - |     - |     - |      - |      - |      - |      - |      - |      - |      - |      - |      - |      - |      - |      - |      - |      - |      - |      - |      - |      - |      - |      - |      - |      - |      - |      - |      0 |      0 |      0 |      0 |      0 |      0 |      0 |      0 |      0 |      0 |      0 |      0 |      0 |      0 |      0 |      1 |      1 |      1 |      1 |      1 |
| SEQ_35                  |                     - |                     - |                     - |                     - |                     - |                     - |                     - |                     - |                     - |                     - |                     - |                     - |                     - |                     - |                     - |                     - |                     - |                     - |                     - |                     - |                     - |                     - |                     - |                     - |                     - |                     - |                     - |                     - |                     - |                     - |                     - |                     - |                     - |                     - |                     - |                     - |                     - |                     - |                     - |                     - |                     - |                     - |                     - |                     - |                     - |                     - |                     - |                     - |                      - |                      - |                      - |                      - |                      - |                      - |     - |     - |     - |     - |     - |     - |     - |     - |     - |      - |      - |      - |      - |      - |      - |      - |      - |      - |      - |      - |      - |      - |      - |      - |      - |      - |      - |      - |      - |      - |      - |      - |      - |      - |      - |      - |      - |      - |      - |      - |      - |      - |      - |      - |      - |      - |      - |      - |      - |      - |      - |      - |      - |      - |      - |      - |     - |     - |     - |     - |     - |     - |     - |     - |     - |     - |      - |      - |      - |      - |      - |      - |      - |      - |      - |      - |      - |      - |      - |      - |      - |      - |      - |      - |      - |      - |      - |      - |      - |      - |      - |      0 |      0 |      0 |      0 |      0 |      0 |      0 |      0 |      0 |      0 |      0 |      0 |      0 |      0 |      1 |      1 |      1 |      1 |      1 |
| SEQ_36                  |                     - |                     - |                     - |                     - |                     - |                     - |                     - |                     - |                     - |                     - |                     - |                     - |                     - |                     - |                     - |                     - |                     - |                     - |                     - |                     - |                     - |                     - |                     - |                     - |                     - |                     - |                     - |                     - |                     - |                     - |                     - |                     - |                     - |                     - |                     - |                     - |                     - |                     - |                     - |                     - |                     - |                     - |                     - |                     - |                     - |                     - |                     - |                     - |                      - |                      - |                      - |                      - |                      - |                      - |     - |     - |     - |     - |     - |     - |     - |     - |     - |      - |      - |      - |      - |      - |      - |      - |      - |      - |      - |      - |      - |      - |      - |      - |      - |      - |      - |      - |      - |      - |      - |      - |      - |      - |      - |      - |      - |      - |      - |      - |      - |      - |      - |      - |      - |      - |      - |      - |      - |      - |      - |      - |      - |      - |      - |      - |     - |     - |     - |     - |     - |     - |     - |     - |     - |     - |      - |      - |      - |      - |      - |      - |      - |      - |      - |      - |      - |      - |      - |      - |      - |      - |      - |      - |      - |      - |      - |      - |      - |      - |      - |      - |      0 |      0 |      0 |      0 |      0 |      0 |      0 |      0 |      0 |      0 |      0 |      0 |      0 |      1 |      1 |      1 |      1 |      1 |
| SEQ_37                  |                     - |                     - |                     - |                     - |                     - |                     - |                     - |                     - |                     - |                     - |                     - |                     - |                     - |                     - |                     - |                     - |                     - |                     - |                     - |                     - |                     - |                     - |                     - |                     - |                     - |                     - |                     - |                     - |                     - |                     - |                     - |                     - |                     - |                     - |                     - |                     - |                     - |                     - |                     - |                     - |                     - |                     - |                     - |                     - |                     - |                     - |                     - |                     - |                      - |                      - |                      - |                      - |                      - |                      - |     - |     - |     - |     - |     - |     - |     - |     - |     - |      - |      - |      - |      - |      - |      - |      - |      - |      - |      - |      - |      - |      - |      - |      - |      - |      - |      - |      - |      - |      - |      - |      - |      - |      - |      - |      - |      - |      - |      - |      - |      - |      - |      - |      - |      - |      - |      - |      - |      - |      - |      - |      - |      - |      - |      - |      - |     - |     - |     - |     - |     - |     - |     - |     - |     - |     - |      - |      - |      - |      - |      - |      - |      - |      - |      - |      - |      - |      - |      - |      - |      - |      - |      - |      - |      - |      - |      - |      - |      - |      - |      - |      - |      - |      0 |      0 |      0 |      0 |      0 |      0 |      0 |      0 |      0 |      0 |      0 |      0 |      1 |      1 |      1 |      1 |      1 |
| SEQ_38                  |                     - |                     - |                     - |                     - |                     - |                     - |                     - |                     - |                     - |                     - |                     - |                     - |                     - |                     - |                     - |                     - |                     - |                     - |                     - |                     - |                     - |                     - |                     - |                     - |                     - |                     - |                     - |                     - |                     - |                     - |                     - |                     - |                     - |                     - |                     - |                     - |                     - |                     - |                     - |                     - |                     - |                     - |                     - |                     - |                     - |                     - |                     - |                     - |                      - |                      - |                      - |                      - |                      - |                      - |     - |     - |     - |     - |     - |     - |     - |     - |     - |      - |      - |      - |      - |      - |      - |      - |      - |      - |      - |      - |      - |      - |      - |      - |      - |      - |      - |      - |      - |      - |      - |      - |      - |      - |      - |      - |      - |      - |      - |      - |      - |      - |      - |      - |      - |      - |      - |      - |      - |      - |      - |      - |      - |      - |      - |      - |     - |     - |     - |     - |     - |     - |     - |     - |     - |     - |      - |      - |      - |      - |      - |      - |      - |      - |      - |      - |      - |      - |      - |      - |      - |      - |      - |      - |      - |      - |      - |      - |      - |      - |      - |      - |      - |      - |      0 |      0 |      0 |      0 |      0 |      0 |      0 |      0 |      0 |      0 |      0 |      1 |      1 |      1 |      1 |      1 |
| SEQ_39                  |                     - |                     - |                     - |                     - |                     - |                     - |                     - |                     - |                     - |                     - |                     - |                     - |                     - |                     - |                     - |                     - |                     - |                     - |                     - |                     - |                     - |                     - |                     - |                     - |                     - |                     - |                     - |                     - |                     - |                     - |                     - |                     - |                     - |                     - |                     - |                     - |                     - |                     - |                     - |                     - |                     - |                     - |                     - |                     - |                     - |                     - |                     - |                     - |                      - |                      - |                      - |                      - |                      - |                      - |     - |     - |     - |     - |     - |     - |     - |     - |     - |      - |      - |      - |      - |      - |      - |      - |      - |      - |      - |      - |      - |      - |      - |      - |      - |      - |      - |      - |      - |      - |      - |      - |      - |      - |      - |      - |      - |      - |      - |      - |      - |      - |      - |      - |      - |      - |      - |      - |      - |      - |      - |      - |      - |      - |      - |      - |     - |     - |     - |     - |     - |     - |     - |     - |     - |     - |      - |      - |      - |      - |      - |      - |      - |      - |      - |      - |      - |      - |      - |      - |      - |      - |      - |      - |      - |      - |      - |      - |      - |      - |      - |      - |      - |      - |      - |      0 |      0 |      0 |      0 |      0 |      0 |      0 |      0 |      0 |      0 |      1 |      1 |      1 |      1 |      1 |
| SEQ_40                  |                     - |                     - |                     - |                     - |                     - |                     - |                     - |                     - |                     - |                     - |                     - |                     - |                     - |                     - |                     - |                     - |                     - |                     - |                     - |                     - |                     - |                     - |                     - |                     - |                     - |                     - |                     - |                     - |                     - |                     - |                     - |                     - |                     - |                     - |                     - |                     - |                     - |                     - |                     - |                     - |                     - |                     - |                     - |                     - |                     - |                     - |                     - |                     - |                      - |                      - |                      - |                      - |                      - |                      - |     - |     - |     - |     - |     - |     - |     - |     - |     - |      - |      - |      - |      - |      - |      - |      - |      - |      - |      - |      - |      - |      - |      - |      - |      - |      - |      - |      - |      - |      - |      - |      - |      - |      - |      - |      - |      - |      - |      - |      - |      - |      - |      - |      - |      - |      - |      - |      - |      - |      - |      - |      - |      - |      - |      - |      - |     - |     - |     - |     - |     - |     - |     - |     - |     - |     - |      - |      - |      - |      - |      - |      - |      - |      - |      - |      - |      - |      - |      - |      - |      - |      - |      - |      - |      - |      - |      - |      - |      - |      - |      - |      - |      - |      - |      - |      - |      0 |      0 |      0 |      0 |      0 |      0 |      0 |      0 |      0 |      1 |      1 |      1 |      1 |      1 |
| SEQ_41                  |                     - |                     - |                     - |                     - |                     - |                     - |                     - |                     - |                     - |                     - |                     - |                     - |                     - |                     - |                     - |                     - |                     - |                     - |                     - |                     - |                     - |                     - |                     - |                     - |                     - |                     - |                     - |                     - |                     - |                     - |                     - |                     - |                     - |                     - |                     - |                     - |                     - |                     - |                     - |                     - |                     - |                     - |                     - |                     - |                     - |                     - |                     - |                     - |                      - |                      - |                      - |                      - |                      - |                      - |     - |     - |     - |     - |     - |     - |     - |     - |     - |      - |      - |      - |      - |      - |      - |      - |      - |      - |      - |      - |      - |      - |      - |      - |      - |      - |      - |      - |      - |      - |      - |      - |      - |      - |      - |      - |      - |      - |      - |      - |      - |      - |      - |      - |      - |      - |      - |      - |      - |      - |      - |      - |      - |      - |      - |      - |     - |     - |     - |     - |     - |     - |     - |     - |     - |     - |      - |      - |      - |      - |      - |      - |      - |      - |      - |      - |      - |      - |      - |      - |      - |      - |      - |      - |      - |      - |      - |      - |      - |      - |      - |      - |      - |      - |      - |      - |      - |      0 |      0 |      0 |      0 |      0 |      0 |      0 |      0 |      1 |      1 |      1 |      1 |      1 |
| SEQ_42                  |                     - |                     - |                     - |                     - |                     - |                     - |                     - |                     - |                     - |                     - |                     - |                     - |                     - |                     - |                     - |                     - |                     - |                     - |                     - |                     - |                     - |                     - |                     - |                     - |                     - |                     - |                     - |                     - |                     - |                     - |                     - |                     - |                     - |                     - |                     - |                     - |                     - |                     - |                     - |                     - |                     - |                     - |                     - |                     - |                     - |                     - |                     - |                     - |                      - |                      - |                      - |                      - |                      - |                      - |     - |     - |     - |     - |     - |     - |     - |     - |     - |      - |      - |      - |      - |      - |      - |      - |      - |      - |      - |      - |      - |      - |      - |      - |      - |      - |      - |      - |      - |      - |      - |      - |      - |      - |      - |      - |      - |      - |      - |      - |      - |      - |      - |      - |      - |      - |      - |      - |      - |      - |      - |      - |      - |      - |      - |      - |     - |     - |     - |     - |     - |     - |     - |     - |     - |     - |      - |      - |      - |      - |      - |      - |      - |      - |      - |      - |      - |      - |      - |      - |      - |      - |      - |      - |      - |      - |      - |      - |      - |      - |      - |      - |      - |      - |      - |      - |      - |      - |      0 |      0 |      0 |      0 |      0 |      0 |      0 |      1 |      1 |      1 |      1 |      1 |
| SEQ_43                  |                     - |                     - |                     - |                     - |                     - |                     - |                     - |                     - |                     - |                     - |                     - |                     - |                     - |                     - |                     - |                     - |                     - |                     - |                     - |                     - |                     - |                     - |                     - |                     - |                     - |                     - |                     - |                     - |                     - |                     - |                     - |                     - |                     - |                     - |                     - |                     - |                     - |                     - |                     - |                     - |                     - |                     - |                     - |                     - |                     - |                     - |                     - |                     - |                      - |                      - |                      - |                      - |                      - |                      - |     - |     - |     - |     - |     - |     - |     - |     - |     - |      - |      - |      - |      - |      - |      - |      - |      - |      - |      - |      - |      - |      - |      - |      - |      - |      - |      - |      - |      - |      - |      - |      - |      - |      - |      - |      - |      - |      - |      - |      - |      - |      - |      - |      - |      - |      - |      - |      - |      - |      - |      - |      - |      - |      - |      - |      - |     - |     - |     - |     - |     - |     - |     - |     - |     - |     - |      - |      - |      - |      - |      - |      - |      - |      - |      - |      - |      - |      - |      - |      - |      - |      - |      - |      - |      - |      - |      - |      - |      - |      - |      - |      - |      - |      - |      - |      - |      - |      - |      - |      0 |      0 |      0 |      0 |      0 |      0 |      1 |      1 |      1 |      1 |      1 |
| SEQ_44                  |                     - |                     - |                     - |                     - |                     - |                     - |                     - |                     - |                     - |                     - |                     - |                     - |                     - |                     - |                     - |                     - |                     - |                     - |                     - |                     - |                     - |                     - |                     - |                     - |                     - |                     - |                     - |                     - |                     - |                     - |                     - |                     - |                     - |                     - |                     - |                     - |                     - |                     - |                     - |                     - |                     - |                     - |                     - |                     - |                     - |                     - |                     - |                     - |                      - |                      - |                      - |                      - |                      - |                      - |     - |     - |     - |     - |     - |     - |     - |     - |     - |      - |      - |      - |      - |      - |      - |      - |      - |      - |      - |      - |      - |      - |      - |      - |      - |      - |      - |      - |      - |      - |      - |      - |      - |      - |      - |      - |      - |      - |      - |      - |      - |      - |      - |      - |      - |      - |      - |      - |      - |      - |      - |      - |      - |      - |      - |      - |     - |     - |     - |     - |     - |     - |     - |     - |     - |     - |      - |      - |      - |      - |      - |      - |      - |      - |      - |      - |      - |      - |      - |      - |      - |      - |      - |      - |      - |      - |      - |      - |      - |      - |      - |      - |      - |      - |      - |      - |      - |      - |      - |      - |      0 |      0 |      0 |      0 |      0 |      1 |      1 |      1 |      1 |      1 |
| SEQ_45                  |                     - |                     - |                     - |                     - |                     - |                     - |                     - |                     - |                     - |                     - |                     - |                     - |                     - |                     - |                     - |                     - |                     - |                     - |                     - |                     - |                     - |                     - |                     - |                     - |                     - |                     - |                     - |                     - |                     - |                     - |                     - |                     - |                     - |                     - |                     - |                     - |                     - |                     - |                     - |                     - |                     - |                     - |                     - |                     - |                     - |                     - |                     - |                     - |                      - |                      - |                      - |                      - |                      - |                      - |     - |     - |     - |     - |     - |     - |     - |     - |     - |      - |      - |      - |      - |      - |      - |      - |      - |      - |      - |      - |      - |      - |      - |      - |      - |      - |      - |      - |      - |      - |      - |      - |      - |      - |      - |      - |      - |      - |      - |      - |      - |      - |      - |      - |      - |      - |      - |      - |      - |      - |      - |      - |      - |      - |      - |      - |     - |     - |     - |     - |     - |     - |     - |     - |     - |     - |      - |      - |      - |      - |      - |      - |      - |      - |      - |      - |      - |      - |      - |      - |      - |      - |      - |      - |      - |      - |      - |      - |      - |      - |      - |      - |      - |      - |      - |      - |      - |      - |      - |      - |      - |      0 |      0 |      0 |      0 |      1 |      1 |      1 |      1 |      1 |
| SEQ_46                  |                     - |                     - |                     - |                     - |                     - |                     - |                     - |                     - |                     - |                     - |                     - |                     - |                     - |                     - |                     - |                     - |                     - |                     - |                     - |                     - |                     - |                     - |                     - |                     - |                     - |                     - |                     - |                     - |                     - |                     - |                     - |                     - |                     - |                     - |                     - |                     - |                     - |                     - |                     - |                     - |                     - |                     - |                     - |                     - |                     - |                     - |                     - |                     - |                      - |                      - |                      - |                      - |                      - |                      - |     - |     - |     - |     - |     - |     - |     - |     - |     - |      - |      - |      - |      - |      - |      - |      - |      - |      - |      - |      - |      - |      - |      - |      - |      - |      - |      - |      - |      - |      - |      - |      - |      - |      - |      - |      - |      - |      - |      - |      - |      - |      - |      - |      - |      - |      - |      - |      - |      - |      - |      - |      - |      - |      - |      - |      - |     - |     - |     - |     - |     - |     - |     - |     - |     - |     - |      - |      - |      - |      - |      - |      - |      - |      - |      - |      - |      - |      - |      - |      - |      - |      - |      - |      - |      - |      - |      - |      - |      - |      - |      - |      - |      - |      - |      - |      - |      - |      - |      - |      - |      - |      - |      0 |      0 |      0 |      1 |      1 |      1 |      1 |      1 |
| SEQ_47                  |                     - |                     - |                     - |                     - |                     - |                     - |                     - |                     - |                     - |                     - |                     - |                     - |                     - |                     - |                     - |                     - |                     - |                     - |                     - |                     - |                     - |                     - |                     - |                     - |                     - |                     - |                     - |                     - |                     - |                     - |                     - |                     - |                     - |                     - |                     - |                     - |                     - |                     - |                     - |                     - |                     - |                     - |                     - |                     - |                     - |                     - |                     - |                     - |                      - |                      - |                      - |                      - |                      - |                      - |     - |     - |     - |     - |     - |     - |     - |     - |     - |      - |      - |      - |      - |      - |      - |      - |      - |      - |      - |      - |      - |      - |      - |      - |      - |      - |      - |      - |      - |      - |      - |      - |      - |      - |      - |      - |      - |      - |      - |      - |      - |      - |      - |      - |      - |      - |      - |      - |      - |      - |      - |      - |      - |      - |      - |      - |     - |     - |     - |     - |     - |     - |     - |     - |     - |     - |      - |      - |      - |      - |      - |      - |      - |      - |      - |      - |      - |      - |      - |      - |      - |      - |      - |      - |      - |      - |      - |      - |      - |      - |      - |      - |      - |      - |      - |      - |      - |      - |      - |      - |      - |      - |      - |      0 |      0 |      1 |      1 |      1 |      1 |      1 |
| SEQ_48                  |                     - |                     - |                     - |                     - |                     - |                     - |                     - |                     - |                     - |                     - |                     - |                     - |                     - |                     - |                     - |                     - |                     - |                     - |                     - |                     - |                     - |                     - |                     - |                     - |                     - |                     - |                     - |                     - |                     - |                     - |                     - |                     - |                     - |                     - |                     - |                     - |                     - |                     - |                     - |                     - |                     - |                     - |                     - |                     - |                     - |                     - |                     - |                     - |                      - |                      - |                      - |                      - |                      - |                      - |     - |     - |     - |     - |     - |     - |     - |     - |     - |      - |      - |      - |      - |      - |      - |      - |      - |      - |      - |      - |      - |      - |      - |      - |      - |      - |      - |      - |      - |      - |      - |      - |      - |      - |      - |      - |      - |      - |      - |      - |      - |      - |      - |      - |      - |      - |      - |      - |      - |      - |      - |      - |      - |      - |      - |      - |     - |     - |     - |     - |     - |     - |     - |     - |     - |     - |      - |      - |      - |      - |      - |      - |      - |      - |      - |      - |      - |      - |      - |      - |      - |      - |      - |      - |      - |      - |      - |      - |      - |      - |      - |      - |      - |      - |      - |      - |      - |      - |      - |      - |      - |      - |      - |      - |      0 |      1 |      1 |      1 |      1 |      1 |
| SEQ_49                  |                     - |                     - |                     - |                     - |                     - |                     - |                     - |                     - |                     - |                     - |                     - |                     - |                     - |                     - |                     - |                     - |                     - |                     - |                     - |                     - |                     - |                     - |                     - |                     - |                     - |                     - |                     - |                     - |                     - |                     - |                     - |                     - |                     - |                     - |                     - |                     - |                     - |                     - |                     - |                     - |                     - |                     - |                     - |                     - |                     - |                     - |                     - |                     - |                      - |                      - |                      - |                      - |                      - |                      - |     - |     - |     - |     - |     - |     - |     - |     - |     - |      - |      - |      - |      - |      - |      - |      - |      - |      - |      - |      - |      - |      - |      - |      - |      - |      - |      - |      - |      - |      - |      - |      - |      - |      - |      - |      - |      - |      - |      - |      - |      - |      - |      - |      - |      - |      - |      - |      - |      - |      - |      - |      - |      - |      - |      - |      - |     - |     - |     - |     - |     - |     - |     - |     - |     - |     - |      - |      - |      - |      - |      - |      - |      - |      - |      - |      - |      - |      - |      - |      - |      - |      - |      - |      - |      - |      - |      - |      - |      - |      - |      - |      - |      - |      - |      - |      - |      - |      - |      - |      - |      - |      - |      - |      - |      - |      0 |      0 |      0 |      0 |      0 |
| SEQ_50                  |                     - |                     - |                     - |                     - |                     - |                     - |                     - |                     - |                     - |                     - |                     - |                     - |                     - |                     - |                     - |                     - |                     - |                     - |                     - |                     - |                     - |                     - |                     - |                     - |                     - |                     - |                     - |                     - |                     - |                     - |                     - |                     - |                     - |                     - |                     - |                     - |                     - |                     - |                     - |                     - |                     - |                     - |                     - |                     - |                     - |                     - |                     - |                     - |                      - |                      - |                      - |                      - |                      - |                      - |     - |     - |     - |     - |     - |     - |     - |     - |     - |      - |      - |      - |      - |      - |      - |      - |      - |      - |      - |      - |      - |      - |      - |      - |      - |      - |      - |      - |      - |      - |      - |      - |      - |      - |      - |      - |      - |      - |      - |      - |      - |      - |      - |      - |      - |      - |      - |      - |      - |      - |      - |      - |      - |      - |      - |      - |     - |     - |     - |     - |     - |     - |     - |     - |     - |     - |      - |      - |      - |      - |      - |      - |      - |      - |      - |      - |      - |      - |      - |      - |      - |      - |      - |      - |      - |      - |      - |      - |      - |      - |      - |      - |      - |      - |      - |      - |      - |      - |      - |      - |      - |      - |      - |      - |      - |      - |      0 |      0 |      0 |      0 |
| SEQ_51                  |                     - |                     - |                     - |                     - |                     - |                     - |                     - |                     - |                     - |                     - |                     - |                     - |                     - |                     - |                     - |                     - |                     - |                     - |                     - |                     - |                     - |                     - |                     - |                     - |                     - |                     - |                     - |                     - |                     - |                     - |                     - |                     - |                     - |                     - |                     - |                     - |                     - |                     - |                     - |                     - |                     - |                     - |                     - |                     - |                     - |                     - |                     - |                     - |                      - |                      - |                      - |                      - |                      - |                      - |     - |     - |     - |     - |     - |     - |     - |     - |     - |      - |      - |      - |      - |      - |      - |      - |      - |      - |      - |      - |      - |      - |      - |      - |      - |      - |      - |      - |      - |      - |      - |      - |      - |      - |      - |      - |      - |      - |      - |      - |      - |      - |      - |      - |      - |      - |      - |      - |      - |      - |      - |      - |      - |      - |      - |      - |     - |     - |     - |     - |     - |     - |     - |     - |     - |     - |      - |      - |      - |      - |      - |      - |      - |      - |      - |      - |      - |      - |      - |      - |      - |      - |      - |      - |      - |      - |      - |      - |      - |      - |      - |      - |      - |      - |      - |      - |      - |      - |      - |      - |      - |      - |      - |      - |      - |      - |      - |      0 |      0 |      0 |
| SEQ_52                  |                     - |                     - |                     - |                     - |                     - |                     - |                     - |                     - |                     - |                     - |                     - |                     - |                     - |                     - |                     - |                     - |                     - |                     - |                     - |                     - |                     - |                     - |                     - |                     - |                     - |                     - |                     - |                     - |                     - |                     - |                     - |                     - |                     - |                     - |                     - |                     - |                     - |                     - |                     - |                     - |                     - |                     - |                     - |                     - |                     - |                     - |                     - |                     - |                      - |                      - |                      - |                      - |                      - |                      - |     - |     - |     - |     - |     - |     - |     - |     - |     - |      - |      - |      - |      - |      - |      - |      - |      - |      - |      - |      - |      - |      - |      - |      - |      - |      - |      - |      - |      - |      - |      - |      - |      - |      - |      - |      - |      - |      - |      - |      - |      - |      - |      - |      - |      - |      - |      - |      - |      - |      - |      - |      - |      - |      - |      - |      - |     - |     - |     - |     - |     - |     - |     - |     - |     - |     - |      - |      - |      - |      - |      - |      - |      - |      - |      - |      - |      - |      - |      - |      - |      - |      - |      - |      - |      - |      - |      - |      - |      - |      - |      - |      - |      - |      - |      - |      - |      - |      - |      - |      - |      - |      - |      - |      - |      - |      - |      - |      - |      0 |      0 |
| SEQ_53                  |                     - |                     - |                     - |                     - |                     - |                     - |                     - |                     - |                     - |                     - |                     - |                     - |                     - |                     - |                     - |                     - |                     - |                     - |                     - |                     - |                     - |                     - |                     - |                     - |                     - |                     - |                     - |                     - |                     - |                     - |                     - |                     - |                     - |                     - |                     - |                     - |                     - |                     - |                     - |                     - |                     - |                     - |                     - |                     - |                     - |                     - |                     - |                     - |                      - |                      - |                      - |                      - |                      - |                      - |     - |     - |     - |     - |     - |     - |     - |     - |     - |      - |      - |      - |      - |      - |      - |      - |      - |      - |      - |      - |      - |      - |      - |      - |      - |      - |      - |      - |      - |      - |      - |      - |      - |      - |      - |      - |      - |      - |      - |      - |      - |      - |      - |      - |      - |      - |      - |      - |      - |      - |      - |      - |      - |      - |      - |      - |     - |     - |     - |     - |     - |     - |     - |     - |     - |     - |      - |      - |      - |      - |      - |      - |      - |      - |      - |      - |      - |      - |      - |      - |      - |      - |      - |      - |      - |      - |      - |      - |      - |      - |      - |      - |      - |      - |      - |      - |      - |      - |      - |      - |      - |      - |      - |      - |      - |      - |      - |      - |      - |      0 |


DCJ-indel distance comparisons as PHYLIP matrix:

164
simulated_
simulated_21 
simulated_21 24 
simulated_22 25 23 
simulated_26 29 27 14 
simulated_13 18 22 19 25 
simulated_23 20 26 25 27 24 
simulated_14 23 23 18 26 7 23 
simulated_30 29 33 32 32 29 29 30 
simulated_21 24 22 9 11 20 24 21 31 
simulated_20 17 25 24 28 21 17 22 24 23 
simulated_26 25 27 28 32 25 21 24 22 27 22 
simulated_31 30 34 33 35 30 30 31 11 32 25 23 
simulated_28 27 31 30 32 27 27 28 8 29 22 20 9 
simulated_19 18 26 25 29 20 18 19 25 24 7 23 26 23 
simulated_15 20 24 25 27 14 22 15 31 24 21 27 32 29 20 
simulated_16 13 21 20 24 17 13 18 22 19 10 18 23 20 11 17 
simulated_16 13 21 20 24 17 13 18 20 19 8 18 21 18 9 17 4 
simulated_15 22 20 25 29 12 24 13 31 24 21 27 32 29 20 12 17 17 
simulated_12 19 21 22 26 9 21 10 28 21 18 24 29 26 17 9 14 14 5 
simulated_21 20 28 27 31 24 20 23 27 26 9 25 28 25 6 24 13 11 24 21 
simulated_21 20 22 23 23 24 6 23 27 22 17 23 28 25 18 22 13 13 24 21 20 
simulated_22 21 25 24 24 25 7 24 28 23 18 24 29 26 19 23 14 14 25 22 21 3 
simulated_16 15 15 20 24 15 19 16 22 19 16 20 23 20 17 17 12 12 17 14 19 19 20 
simulated_14 15 13 18 22 13 19 14 22 17 16 20 23 20 17 15 12 12 15 12 19 19 20 2 
simulated_22 19 25 24 26 23 5 22 28 23 16 22 29 26 17 21 12 12 23 20 19 5 6 18 18 
simulated_22 17 27 26 30 23 19 22 26 23 8 24 27 24 5 23 12 10 23 20 7 19 20 18 18 18 
simulated_24 25 27 28 32 23 23 22 22 27 22 6 23 20 23 25 18 18 25 22 25 23 24 18 18 22 24 
simulated_23 22 24 25 29 22 20 21 19 24 19 7 20 15 20 24 15 15 24 21 22 20 21 17 17 19 21 7 
simulated_24 23 25 26 30 23 21 22 20 25 20 8 21 16 21 25 16 16 25 22 23 21 22 18 18 20 22 8 1 
simulated_22 19 25 24 26 23 5 22 28 23 16 22 29 26 17 21 12 12 23 20 19 5 6 18 18 2 18 22 19 20 
simulated_23 20 26 25 27 24 6 23 29 24 17 23 30 27 18 22 13 13 24 21 20 6 7 19 19 3 19 23 20 21 3 
simulated_18 27 25 24 28 11 29 12 34 23 26 30 35 32 25 19 20 22 15 12 29 27 30 20 18 28 28 28 27 28 28 29 
simulated_28 25 31 30 32 29 11 28 34 29 22 28 35 32 23 27 18 18 29 26 25 11 12 24 24 8 24 28 25 26 6 7 34 
simulated_27 24 30 29 31 28 10 27 33 28 21 27 34 31 22 26 17 17 28 25 24 10 11 23 23 7 23 27 24 25 5 6 33 1 
simulated_15 24 24 21 25 8 26 9 31 20 23 27 32 29 22 16 19 19 12 9 26 26 27 17 15 25 25 25 24 25 25 26 3 31 30 
simulated_16 25 25 22 26 9 27 10 32 21 24 28 33 30 23 17 20 20 13 10 27 27 28 18 16 26 26 26 25 26 26 27 4 32 31 1 
simulated_23 22 24 23 25 22 18 23 19 22 19 11 20 17 20 24 15 15 24 21 22 20 21 17 17 19 21 13 10 11 19 20 27 25 24 24 25 
simulated_24 23 25 24 26 23 19 24 20 23 20 12 21 18 21 25 16 16 25 22 23 21 22 18 18 20 22 14 11 12 20 21 28 26 25 25 26 1 
simulated_25 20 30 29 33 26 22 25 29 28 11 27 30 27 8 26 15 13 26 23 6 22 23 21 21 21 7 27 24 25 21 22 31 27 26 28 29 24 25 
simulated_28 23 33 32 36 29 25 28 32 31 14 30 33 28 11 29 18 16 29 26 9 25 26 24 24 24 10 30 27 28 24 25 34 30 29 31 32 27 28 3 
simulated_21 24 20 9 11 20 24 21 31 4 23 25 32 29 24 24 19 19 24 21 26 22 23 19 17 23 25 25 22 23 23 24 23 28 27 20 21 22 23 28 31 
simulated_20 23 21 8 10 19 23 20 30 3 22 26 31 28 23 23 18 18 23 20 25 21 22 18 16 22 24 26 23 24 22 23 22 27 26 19 20 21 22 27 30 1 
simulated_16 27 25 28 32 17 29 18 32 27 22 30 33 30 21 19 22 20 19 16 25 27 30 20 18 28 24 28 27 28 28 29 20 32 31 19 20 27 28 27 30 27 26 
simulated_16 27 25 28 32 17 29 18 32 27 22 30 33 30 21 19 22 20 19 16 25 27 30 20 18 28 24 28 27 28 28 29 20 32 31 19 20 27 28 27 30 27 26 0 
simulated_24 21 29 27 32 25 21 26 28 27 8 26 29 26 11 25 14 12 25 22 13 21 22 20 20 20 12 26 23 24 20 21 30 26 25 27 28 23 24 15 18 26 26 26 26 
simulated_24 21 29 27 32 25 21 26 28 27 8 26 29 26 11 25 14 12 25 22 13 21 22 20 20 20 12 26 23 24 20 21 30 26 25 27 28 23 24 15 18 26 26 26 26 0 
simulated_28 27 29 30 34 27 25 26 24 29 24 8 25 22 25 29 20 20 29 26 27 25 26 22 22 24 26 6 9 10 24 25 32 28 27 29 30 15 14 29 32 27 28 30 30 28 28 
simulated_25 24 26 27 31 24 22 23 21 26 21 5 22 19 22 26 17 17 26 23 24 22 23 19 19 21 23 3 6 7 21 22 29 25 24 26 27 12 13 26 29 24 25 27 27 25 25 3 
simulated_24 19 29 28 32 25 21 24 28 27 10 26 29 26 7 25 14 12 25 22 9 21 22 20 20 20 4 26 23 24 20 21 30 26 25 27 28 23 24 9 12 27 26 26 26 14 14 28 25 
simulated_11 18 20 21 25 10 20 11 27 20 17 23 28 25 16 8 13 13 8 5 20 20 21 13 11 19 19 21 20 21 19 20 15 25 24 12 13 20 21 22 25 20 19 13 13 21 21 25 22 21 
simulated_10 17 19 20 24 9 19 10 26 19 16 22 27 24 15 7 12 12 7 4 19 19 20 12 10 18 18 20 19 20 18 19 14 24 23 11 12 19 20 21 24 19 18 12 12 20 20 24 21 20 1 
simulated_25 20 30 29 33 26 22 25 29 26 11 27 30 27 8 26 15 13 26 23 10 22 23 21 21 21 3 27 24 25 21 22 31 27 26 28 29 24 25 10 13 28 27 27 27 15 15 29 26 1 22 21 
simulated_26 21 31 30 34 27 23 26 28 27 12 28 29 26 9 27 16 14 27 24 11 23 24 22 22 22 4 28 25 26 22 23 32 28 27 29 30 25 26 11 14 29 28 28 28 16 16 30 27 2 23 22 1 
MST_1     66 63 65 63 61 66 62 66 62 65 62 65 61 63 63 64 63 64 63 65 63 62 61 65 67 63 63 64 66 66 63 63 64 62 62 64 64 63 62 63 62 64 64 65 65 63 63 63 64 62 65 65 62 62 
MST_2     27 26 30 29 32 22 29 27 29 26 27 25 29 27 28 27 23 23 27 24 29 29 30 23 21 28 27 25 21 22 28 29 28 32 31 27 28 23 24 29 32 26 25 29 29 29 29 25 22 30 24 23 29 30 66 
MST_3     13 14 16 15 19 10 16 13 21 14 13 17 21 19 14 14 9 9 14 11 16 16 17 9 7 15 15 17 14 15 15 16 17 21 20 14 15 14 15 18 21 14 13 17 17 17 17 19 16 17 10 9 18 19 68 14 
MST_4     77 77 85 79 75 80 73 76 72 77 75 70 74 70 72 76 76 76 76 76 71 71 72 79 79 72 69 68 71 72 70 72 73 69 69 73 74 71 70 70 71 76 76 71 71 71 71 70 69 69 76 75 68 68 44 81 83 
MST_5     70 72 76 67 67 70 62 65 66 65 67 61 66 63 63 70 71 70 70 67 65 58 60 71 71 61 60 57 61 62 59 62 64 61 61 63 64 61 62 63 63 63 64 68 68 67 67 61 58 61 67 66 60 60 55 74 74 25 
MST_6     57 56 61 55 55 55 47 51 56 54 52 46 56 54 47 55 56 54 55 52 51 43 45 58 58 46 46 46 49 50 46 47 53 48 48 52 53 49 50 49 51 50 51 55 55 53 53 48 45 46 52 51 47 48 58 62 59 38 21 
MST_7     48 48 51 48 49 45 39 42 49 48 44 42 48 46 39 46 48 46 45 44 43 35 37 50 50 38 40 42 41 42 38 37 47 38 38 46 47 43 44 43 45 44 45 48 48 47 47 44 41 38 45 44 39 40 58 53 51 48 33 15 
MST_8     42 42 45 46 47 39 35 36 45 46 38 38 44 42 33 42 42 40 41 40 37 29 31 46 46 32 34 36 35 36 34 33 41 36 36 40 41 39 40 35 37 42 43 44 44 41 41 40 37 32 41 40 33 34 61 49 45 55 39 21 9 
MST_9     39 39 44 43 44 38 32 35 44 41 35 35 43 41 30 40 39 37 38 37 34 30 30 43 43 29 31 33 32 33 31 30 42 33 33 39 40 36 37 32 34 37 38 43 43 38 38 37 34 31 38 37 32 33 61 46 42 55 40 26 14 5 
MST_10    34 37 41 38 40 33 27 30 36 37 30 32 37 33 25 35 34 32 35 32 29 25 25 38 38 26 28 30 29 30 26 27 38 31 31 35 36 31 32 31 33 35 36 38 38 34 34 34 31 30 33 32 31 32 59 44 37 58 41 29 20 14 9 
MST_11    27 32 34 33 37 26 26 23 32 32 23 27 33 29 20 28 27 25 28 25 24 24 24 31 31 25 23 25 24 25 25 26 31 30 30 28 29 26 27 26 28 30 31 31 31 27 27 29 26 25 26 25 26 27 62 39 30 64 48 34 24 19 14 9 
MST_12    26 29 33 32 36 23 25 22 29 31 20 24 30 26 19 27 24 22 25 22 23 25 25 28 28 24 22 22 21 22 24 25 28 29 29 25 26 23 24 25 27 29 30 28 28 24 24 26 23 24 23 22 25 26 63 36 27 65 51 37 27 21 16 12 3 
MST_13    20 23 26 28 32 21 21 20 31 27 12 26 32 28 13 21 18 16 21 18 17 21 21 21 21 20 16 24 23 24 20 21 26 26 25 23 24 25 26 19 21 23 24 22 22 15 15 28 25 18 17 16 19 20 63 33 21 68 59 44 35 29 24 22 13 10 
MST_14    17 20 23 27 31 18 18 17 28 26 15 23 29 25 14 18 15 13 18 15 18 18 18 18 18 17 17 21 20 21 17 18 23 23 22 20 21 22 23 20 22 23 23 19 19 17 17 25 22 19 14 13 20 21 65 30 18 70 62 46 37 31 28 25 16 13 5 
MST_15    17 20 23 27 31 18 18 17 28 26 15 23 29 24 14 18 15 13 18 15 18 18 18 18 18 17 17 21 20 21 17 18 23 23 22 20 21 22 23 20 21 22 23 19 19 18 18 25 22 19 14 13 20 21 64 30 18 70 62 45 37 31 28 25 17 14 5 2 
MST_16    16 19 22 26 30 17 17 16 27 25 16 22 28 23 16 17 14 12 17 14 19 17 17 17 17 16 18 20 19 20 16 17 22 22 21 19 20 21 22 21 22 21 22 21 21 19 19 24 21 20 13 12 21 22 64 29 17 71 63 47 39 33 30 26 19 16 7 4 2 
MST_17    17 16 21 23 27 18 14 17 24 22 13 21 25 22 14 18 11 9 18 15 16 14 14 14 14 13 15 21 18 19 13 14 23 19 18 20 21 18 19 18 21 20 19 21 21 17 17 23 20 17 14 13 18 19 65 26 14 73 66 49 40 34 31 28 20 17 8 5 5 4 
MST_18    15 14 19 21 25 16 14 17 22 20 11 21 23 20 12 16 9 7 16 13 14 14 15 12 12 13 13 21 18 19 13 14 21 19 18 18 19 16 17 16 19 18 17 19 19 15 15 23 20 15 12 11 16 17 64 24 12 74 67 50 42 36 33 29 22 19 10 7 6 5 2 
MST_19    14 13 20 22 26 15 15 16 21 21 10 20 22 19 11 15 8 6 15 12 13 15 16 11 11 14 12 20 17 18 14 15 20 20 19 17 18 17 18 15 18 19 18 18 18 14 14 22 19 14 11 10 15 16 64 23 11 74 68 51 43 37 34 30 23 20 11 8 7 6 3 1 
MST_20    14 11 17 20 24 15 13 16 22 19 10 18 23 20 11 15 6 6 15 12 13 13 14 8 8 12 12 18 15 16 12 13 20 18 17 17 18 15 16 15 18 18 17 20 20 14 14 20 17 14 11 10 15 16 64 21 9 77 68 54 45 39 36 32 25 22 14 10 10 9 6 4 3 
MST_21    15 12 18 19 23 16 12 17 21 18 9 17 22 19 10 16 5 5 16 13 12 12 13 9 9 11 11 17 14 15 11 12 21 17 16 18 19 14 15 14 17 17 16 21 21 13 13 19 16 13 12 11 14 15 64 20 8 77 68 54 46 40 37 33 26 23 15 11 11 10 7 5 4 1 
MST_22    14 11 19 18 22 15 11 16 20 17 8 16 21 18 9 15 4 4 15 12 11 11 12 10 10 10 10 16 13 14 10 11 20 16 15 17 18 13 14 13 16 17 16 20 20 12 12 18 15 12 11 10 13 14 65 21 7 77 68 54 46 40 37 32 25 22 15 11 11 10 7 5 4 2 1 
MST_23    13 10 18 17 21 14 10 15 19 16 7 15 20 17 8 14 3 3 14 11 10 10 11 9 9 9 9 15 12 13 9 10 19 15 14 16 17 12 13 12 15 16 15 19 19 11 11 17 14 11 10 9 12 13 65 20 6 77 68 53 45 39 36 31 24 21 15 12 12 11 8 6 5 3 2 1 
MST_24    13 10 18 17 21 14 10 15 19 16 7 15 20 17 8 14 3 3 14 11 10 10 11 9 9 9 9 15 12 13 9 10 19 15 14 16 17 12 13 12 15 16 15 19 19 11 11 17 14 11 10 9 12 13 65 20 6 77 68 53 45 39 36 31 24 21 15 12 12 11 8 6 5 3 2 1 0 
MST_25    13 10 18 17 21 14 10 15 19 16 7 15 20 17 8 14 3 3 14 11 10 10 11 9 9 9 9 15 12 13 9 10 19 15 14 16 17 12 13 12 15 16 15 19 19 11 11 17 14 11 10 9 12 13 65 20 6 77 68 53 45 39 36 31 24 21 15 12 12 11 8 6 5 3 2 1 0 0 
MST_26    14 11 17 16 20 13 11 14 18 15 8 14 19 16 9 13 4 4 13 10 11 11 12 8 8 10 10 14 11 12 10 11 18 16 15 15 16 11 12 13 16 15 14 18 18 12 12 16 13 12 9 8 13 14 66 19 5 78 69 54 46 40 37 32 25 22 16 13 13 12 9 7 6 4 3 2 1 1 1 
MST_27    14 11 17 16 20 13 11 14 18 15 8 14 19 16 9 13 4 4 13 10 11 11 12 8 8 10 10 14 11 12 10 11 18 16 15 15 16 11 12 13 16 15 14 18 18 12 12 16 13 12 9 8 13 14 66 19 5 78 69 54 46 40 37 32 25 22 16 13 13 12 9 7 6 4 3 2 1 1 1 0 
MST_28    14 11 17 16 20 13 11 14 18 15 8 14 19 16 9 13 4 4 13 10 11 11 12 8 8 10 10 14 11 12 10 11 18 16 15 15 16 11 12 13 16 15 14 18 18 12 12 16 13 12 9 8 13 14 66 19 5 78 69 54 46 40 37 32 25 22 16 13 13 12 9 7 6 4 3 2 1 1 1 0 0 
MST_29    14 11 17 16 20 13 11 14 18 15 8 14 19 16 9 13 4 4 13 10 11 11 12 8 8 10 10 14 11 12 10 11 18 16 15 15 16 11 12 13 16 15 14 18 18 12 12 16 13 12 9 8 13 14 66 19 5 78 69 54 46 40 37 32 25 22 16 13 13 12 9 7 6 4 3 2 1 1 1 0 0 0 
MST_30    13 12 16 15 19 12 12 13 17 14 9 13 18 15 10 14 5 5 14 11 12 12 13 7 7 11 11 13 10 11 11 12 17 17 16 14 15 10 11 14 17 14 13 17 17 13 13 15 12 13 10 9 14 15 67 18 4 79 70 55 47 41 38 33 26 23 17 14 14 13 10 8 7 5 4 3 2 2 2 1 1 1 1 
MST_31    13 12 16 15 19 12 12 13 17 14 9 13 18 15 10 14 5 5 14 11 12 12 13 7 7 11 11 13 10 11 11 12 17 17 16 14 15 10 11 14 17 14 13 17 17 13 13 15 12 13 10 9 14 15 67 18 4 79 70 55 47 41 38 33 26 23 17 14 14 13 10 8 7 5 4 3 2 2 2 1 1 1 1 0 
MST_32    13 12 16 15 19 12 12 13 17 14 9 13 18 15 10 14 5 5 14 11 12 12 13 7 7 11 11 13 10 11 11 12 17 17 16 14 15 10 11 14 17 14 13 17 17 13 13 15 12 13 10 9 14 15 67 18 4 79 70 55 47 41 38 33 26 23 17 14 14 13 10 8 7 5 4 3 2 2 2 1 1 1 1 0 0 
MST_33    13 12 16 15 19 12 12 13 17 14 9 13 18 15 10 14 5 5 14 11 12 12 13 7 7 11 11 13 10 11 11 12 17 17 16 14 15 10 11 14 17 14 13 17 17 13 13 15 12 13 10 9 14 15 67 18 4 79 70 55 47 41 38 33 26 23 17 14 14 13 10 8 7 5 4 3 2 2 2 1 1 1 1 0 0 0 
MST_34    13 12 16 15 19 12 12 13 17 14 9 13 18 15 10 14 5 5 14 11 12 12 13 7 7 11 11 13 10 11 11 12 17 17 16 14 15 10 11 14 17 14 13 17 17 13 13 15 12 13 10 9 14 15 67 18 4 79 70 55 47 41 38 33 26 23 17 14 14 13 10 8 7 5 4 3 2 2 2 1 1 1 1 0 0 0 0 
MST_35    13 12 16 15 19 12 12 13 17 14 9 13 18 15 10 14 5 5 14 11 12 12 13 7 7 11 11 13 10 11 11 12 17 17 16 14 15 10 11 14 17 14 13 17 17 13 13 15 12 13 10 9 14 15 67 18 4 79 70 55 47 41 38 33 26 23 17 14 14 13 10 8 7 5 4 3 2 2 2 1 1 1 1 0 0 0 0 0 
MST_36    12 13 15 14 18 11 13 12 18 13 10 14 19 16 11 13 6 6 13 10 13 13 14 6 6 12 12 14 11 12 12 13 16 18 17 13 14 11 12 15 18 13 12 16 16 14 14 16 13 14 9 8 15 16 67 17 3 80 71 56 48 42 39 34 27 24 18 15 15 14 11 9 8 6 5 4 3 3 3 2 2 2 2 1 1 1 1 1 1 
MST_37    11 14 14 13 17 10 14 11 19 12 11 15 20 17 12 12 7 7 12 9 14 14 15 7 5 13 13 15 12 13 13 14 15 19 18 12 13 12 13 16 19 12 11 15 15 15 15 17 14 15 8 7 16 17 68 16 2 81 72 57 49 43 40 35 28 25 19 16 16 15 12 10 9 7 6 5 4 4 4 3 3 3 3 2 2 2 2 2 2 1 
MST_38    11 14 14 13 17 10 14 11 19 12 11 15 20 17 12 12 7 7 12 9 14 14 15 7 5 13 13 15 12 13 13 14 15 19 18 12 13 12 13 16 19 12 11 15 15 15 15 17 14 15 8 7 16 17 68 16 2 81 72 57 49 43 40 35 28 25 19 16 16 15 12 10 9 7 6 5 4 4 4 3 3 3 3 2 2 2 2 2 2 1 0 
MST_39    11 14 14 13 17 10 14 11 19 12 11 15 20 17 12 12 7 7 12 9 14 14 15 7 5 13 13 15 12 13 13 14 15 19 18 12 13 12 13 16 19 12 11 15 15 15 15 17 14 15 8 7 16 17 68 16 2 81 72 57 49 43 40 35 28 25 19 16 16 15 12 10 9 7 6 5 4 4 4 3 3 3 3 2 2 2 2 2 2 1 0 0 
MST_40    11 14 14 13 17 10 14 11 19 12 11 15 20 17 12 12 7 7 12 9 14 14 15 7 5 13 13 15 12 13 13 14 15 19 18 12 13 12 13 16 19 12 11 15 15 15 15 17 14 15 8 7 16 17 68 16 2 81 72 57 49 43 40 35 28 25 19 16 16 15 12 10 9 7 6 5 4 4 4 3 3 3 3 2 2 2 2 2 2 1 0 0 0 
MST_41    11 14 14 13 17 10 14 11 19 12 11 15 20 17 12 12 7 7 12 9 14 14 15 7 5 13 13 15 12 13 13 14 15 19 18 12 13 12 13 16 19 12 11 15 15 15 15 17 14 15 8 7 16 17 68 16 2 81 72 57 49 43 40 35 28 25 19 16 16 15 12 10 9 7 6 5 4 4 4 3 3 3 3 2 2 2 2 2 2 1 0 0 0 0 
MST_42    11 14 14 13 17 10 14 11 19 12 11 15 20 17 12 12 7 7 12 9 14 14 15 7 5 13 13 15 12 13 13 14 15 19 18 12 13 12 13 16 19 12 11 15 15 15 15 17 14 15 8 7 16 17 68 16 2 81 72 57 49 43 40 35 28 25 19 16 16 15 12 10 9 7 6 5 4 4 4 3 3 3 3 2 2 2 2 2 2 1 0 0 0 0 0 
MST_43    11 14 14 13 17 10 14 11 19 12 11 15 20 17 12 12 7 7 12 9 14 14 15 7 5 13 13 15 12 13 13 14 15 19 18 12 13 12 13 16 19 12 11 15 15 15 15 17 14 15 8 7 16 17 68 16 2 81 72 57 49 43 40 35 28 25 19 16 16 15 12 10 9 7 6 5 4 4 4 3 3 3 3 2 2 2 2 2 2 1 0 0 0 0 0 0 
MST_44    11 14 14 13 17 10 14 11 19 12 11 15 20 17 12 12 7 7 12 9 14 14 15 7 5 13 13 15 12 13 13 14 15 19 18 12 13 12 13 16 19 12 11 15 15 15 15 17 14 15 8 7 16 17 68 16 2 81 72 57 49 43 40 35 28 25 19 16 16 15 12 10 9 7 6 5 4 4 4 3 3 3 3 2 2 2 2 2 2 1 0 0 0 0 0 0 0 
MST_45    11 14 14 13 17 10 14 11 19 12 11 15 20 17 12 12 7 7 12 9 14 14 15 7 5 13 13 15 12 13 13 14 15 19 18 12 13 12 13 16 19 12 11 15 15 15 15 17 14 15 8 7 16 17 68 16 2 81 72 57 49 43 40 35 28 25 19 16 16 15 12 10 9 7 6 5 4 4 4 3 3 3 3 2 2 2 2 2 2 1 0 0 0 0 0 0 0 0 
MST_46    11 14 14 13 17 10 14 11 19 12 11 15 20 17 12 12 7 7 12 9 14 14 15 7 5 13 13 15 12 13 13 14 15 19 18 12 13 12 13 16 19 12 11 15 15 15 15 17 14 15 8 7 16 17 68 16 2 81 72 57 49 43 40 35 28 25 19 16 16 15 12 10 9 7 6 5 4 4 4 3 3 3 3 2 2 2 2 2 2 1 0 0 0 0 0 0 0 0 0 
MST_47    11 14 14 13 17 10 14 11 19 12 11 15 20 17 12 12 7 7 12 9 14 14 15 7 5 13 13 15 12 13 13 14 15 19 18 12 13 12 13 16 19 12 11 15 15 15 15 17 14 15 8 7 16 17 68 16 2 81 72 57 49 43 40 35 28 25 19 16 16 15 12 10 9 7 6 5 4 4 4 3 3 3 3 2 2 2 2 2 2 1 0 0 0 0 0 0 0 0 0 0 
MST_48    11 14 14 13 17 10 14 11 19 12 11 15 20 17 12 12 7 7 12 9 14 14 15 7 5 13 13 15 12 13 13 14 15 19 18 12 13 12 13 16 19 12 11 15 15 15 15 17 14 15 8 7 16 17 68 16 2 81 72 57 49 43 40 35 28 25 19 16 16 15 12 10 9 7 6 5 4 4 4 3 3 3 3 2 2 2 2 2 2 1 0 0 0 0 0 0 0 0 0 0 0 
MST_49    11 14 14 13 17 10 14 11 19 12 11 15 20 17 12 12 7 7 12 9 14 14 15 7 5 13 13 15 12 13 13 14 15 19 18 12 13 12 13 16 19 12 11 15 15 15 15 17 14 15 8 7 16 17 68 16 2 81 72 57 49 43 40 35 28 25 19 16 16 15 12 10 9 7 6 5 4 4 4 3 3 3 3 2 2 2 2 2 2 1 0 0 0 0 0 0 0 0 0 0 0 0 
MST_50    12 15 15 12 16 11 15 12 20 11 12 16 21 18 13 13 8 8 13 10 15 15 16 8 6 14 14 16 13 14 14 15 16 20 19 13 14 13 14 17 20 11 10 16 16 16 16 18 15 16 9 8 17 18 68 17 3 82 73 58 50 44 41 36 29 26 20 17 17 16 13 11 10 8 7 6 5 5 5 4 4 4 4 3 3 3 3 3 3 2 1 1 1 1 1 1 1 1 1 1 1 1 1 
MST_51    12 15 15 12 16 11 15 12 20 11 12 16 21 18 13 13 8 8 13 10 15 15 16 8 6 14 14 16 13 14 14 15 16 20 19 13 14 13 14 17 20 11 10 16 16 16 16 18 15 16 9 8 17 18 68 17 3 82 73 58 50 44 41 36 29 26 20 17 17 16 13 11 10 8 7 6 5 5 5 4 4 4 4 3 3 3 3 3 3 2 1 1 1 1 1 1 1 1 1 1 1 1 1 0 
MST_52    12 15 15 12 16 11 15 12 20 11 12 16 21 18 13 13 8 8 13 10 15 15 16 8 6 14 14 16 13 14 14 15 16 20 19 13 14 13 14 17 20 11 10 16 16 16 16 18 15 16 9 8 17 18 68 17 3 82 73 58 50 44 41 36 29 26 20 17 17 16 13 11 10 8 7 6 5 5 5 4 4 4 4 3 3 3 3 3 3 2 1 1 1 1 1 1 1 1 1 1 1 1 1 0 0 
MST_53    12 15 15 12 16 11 15 12 20 11 12 16 21 18 13 13 8 8 13 10 15 15 16 8 6 14 14 16 13 14 14 15 16 20 19 13 14 13 14 17 20 11 10 16 16 16 16 18 15 16 9 8 17 18 68 17 3 82 73 58 50 44 41 36 29 26 20 17 17 16 13 11 10 8 7 6 5 5 5 4 4 4 4 3 3 3 3 3 3 2 1 1 1 1 1 1 1 1 1 1 1 1 1 0 0 0 
MST_54    12 15 15 12 16 11 15 12 20 11 12 16 21 18 13 13 8 8 13 10 15 15 16 8 6 14 14 16 13 14 14 15 16 20 19 13 14 13 14 17 20 11 10 16 16 16 16 18 15 16 9 8 17 18 68 17 3 82 73 58 50 44 41 36 29 26 20 17 17 16 13 11 10 8 7 6 5 5 5 4 4 4 4 3 3 3 3 3 3 2 1 1 1 1 1 1 1 1 1 1 1 1 1 0 0 0 0 
MST_55    55 59 55 55 52 54 57 55 60 56 58 57 59 59 57 57 57 57 58 56 60 57 56 58 58 57 60 58 55 55 57 58 56 60 60 55 56 55 56 62 63 55 55 52 52 58 58 58 57 61 56 56 62 63 54 57 58 75 76 73 74 71 71 68 62 60 57 56 55 57 57 58 58 58 58 58 57 57 57 57 57 57 57 57 57 57 57 57 57 58 58 58 58 58 58 58 58 58 58 58 58 58 58 58 58 58 58 58 
MST_56    52 49 50 51 53 52 50 52 48 50 49 47 52 49 50 49 50 49 49 51 52 49 51 51 52 49 51 51 49 49 50 51 48 50 51 50 50 49 48 54 55 49 50 51 51 50 50 50 50 52 51 51 53 54 52 54 54 71 73 68 64 62 61 60 57 54 50 50 49 49 50 50 50 50 51 51 50 50 50 50 50 50 50 51 51 51 51 51 51 52 53 53 53 53 53 53 53 53 53 53 53 53 53 53 53 53 53 53 45 
SEQ_0     84 81 84 82 77 84 81 86 80 84 80 83 76 83 82 83 83 82 84 85 81 81 80 86 88 82 82 84 85 85 83 83 81 82 82 82 81 83 82 82 82 84 84 84 84 82 82 83 84 81 86 86 81 81 24 84 88 58 73 75 71 73 74 76 79 81 81 83 83 83 83 83 83 84 84 84 85 85 85 86 86 86 86 87 87 87 87 87 87 88 89 89 89 89 89 89 89 89 89 89 89 89 89 90 90 90 90 90 62 64 
SEQ_1     80 76 88 82 79 79 78 79 76 80 78 76 78 74 75 79 79 79 79 79 74 76 77 82 82 77 72 72 75 76 75 77 76 74 74 76 77 75 74 71 72 79 79 74 74 72 72 72 73 72 79 78 71 71 43 79 84 9 30 42 53 59 60 64 67 68 71 73 73 74 76 76 76 79 79 79 80 80 80 81 81 81 81 82 82 82 82 82 82 83 84 84 84 84 84 84 84 84 84 84 84 84 84 85 85 85 85 85 75 72 57 
SEQ_2     71 74 76 70 69 72 64 67 66 67 67 64 66 62 64 72 73 71 71 69 65 60 62 72 72 63 61 60 66 67 61 63 66 62 62 65 66 63 64 63 62 65 66 69 69 65 65 64 61 61 69 68 60 60 54 74 76 24 8 24 34 40 42 44 50 53 61 62 63 64 65 67 68 70 70 70 70 70 70 71 71 71 71 72 72 72 72 72 72 73 74 74 74 74 74 74 74 74 74 74 74 74 74 75 75 75 75 75 75 73 73 29 
SEQ_3     62 62 65 59 59 61 52 57 58 56 57 52 59 57 52 61 61 59 59 58 56 48 50 64 64 51 49 52 55 56 51 51 58 53 53 58 59 53 54 54 56 56 57 60 60 59 59 54 51 49 57 56 48 49 60 63 64 40 23 9 20 27 31 33 40 43 50 52 52 54 55 57 58 60 60 59 58 58 58 59 59 59 59 60 60 60 60 60 60 61 62 62 62 62 62 62 62 62 62 62 62 62 62 63 63 63 63 63 74 70 77 45 24 
SEQ_4     47 47 52 48 49 45 38 42 49 48 43 41 48 46 38 45 47 45 44 41 42 34 36 50 50 37 39 41 40 41 37 38 45 39 39 44 45 42 43 42 44 44 45 47 47 46 46 43 40 39 44 43 40 41 57 53 50 48 31 13 4 11 16 19 24 27 34 36 36 38 39 41 42 44 45 45 44 44 44 45 45 45 45 46 46 46 46 46 46 47 48 48 48 48 48 48 48 48 48 48 48 48 48 49 49 49 49 49 73 65 71 53 34 20 
SEQ_5     43 43 46 47 48 40 36 37 46 47 39 39 45 43 34 43 43 41 42 41 38 30 32 47 47 33 35 37 36 37 35 34 42 35 35 41 42 40 41 36 38 43 44 43 43 42 42 39 36 33 42 41 34 35 61 48 46 54 38 20 8 1 6 15 20 22 30 32 32 34 35 37 38 40 41 41 40 40 40 41 41 41 41 42 42 42 42 42 42 43 44 44 44 44 44 44 44 44 44 44 44 44 44 45 45 45 45 45 72 63 73 58 39 26 10 
SEQ_6     39 39 44 43 44 38 32 35 44 41 35 35 43 41 30 40 39 37 38 37 34 30 30 43 43 29 31 33 32 33 31 30 42 33 33 39 40 36 37 32 34 37 38 43 43 38 38 37 34 31 38 37 32 33 61 46 42 55 40 26 14 5 0 9 14 16 24 28 28 30 31 33 34 36 37 37 36 36 36 37 37 37 37 38 38 38 38 38 38 39 40 40 40 40 40 40 40 40 40 40 40 40 40 41 41 41 41 41 71 61 74 60 42 31 16 6 
SEQ_7     34 37 41 38 40 33 27 30 39 37 30 30 40 36 25 35 34 32 35 32 29 25 25 38 38 26 28 28 27 28 26 27 38 31 31 35 36 31 32 31 33 35 36 38 38 34 34 32 29 30 33 32 31 32 60 44 37 57 40 26 17 11 6 3 8 11 21 24 24 26 28 29 30 32 33 32 31 31 31 32 32 32 32 33 33 33 33 33 33 34 35 35 35 35 35 35 35 35 35 35 35 35 35 36 36 36 36 36 67 60 76 63 44 33 16 12 6 
SEQ_8     29 34 36 35 37 28 26 25 31 34 25 29 32 28 22 30 29 27 30 27 26 24 24 33 33 25 25 27 26 27 25 26 33 30 30 30 31 28 29 28 30 32 33 33 33 29 29 31 28 27 28 27 28 29 62 39 32 63 47 36 26 20 16 7 4 6 16 19 20 21 22 24 25 27 28 27 26 26 26 27 27 27 27 28 28 28 28 28 28 29 30 30 30 30 30 30 30 30 30 30 30 30 30 31 31 31 31 31 63 56 80 68 49 40 26 21 16 10 
SEQ_9     26 29 33 32 36 23 25 22 29 31 20 24 30 26 19 27 24 22 25 22 23 25 25 28 28 24 22 22 21 22 24 25 28 29 29 25 26 23 24 25 27 29 30 28 28 24 24 26 23 24 23 22 25 26 63 36 27 65 51 37 27 21 16 12 3 0 10 13 14 16 17 19 20 22 23 22 21 21 21 22 22 22 22 23 23 23 23 23 23 24 25 25 25 25 25 25 25 25 25 25 25 25 25 26 26 26 26 26 60 54 81 68 53 43 27 22 16 11 6 
SEQ_10    24 27 31 32 36 25 25 24 28 31 18 22 29 25 17 25 22 20 25 22 21 25 25 26 26 24 20 20 19 20 24 25 30 29 29 27 28 21 22 23 25 28 28 26 26 20 20 24 21 20 21 20 21 22 62 31 25 65 55 41 30 24 19 18 9 6 7 9 11 13 14 16 17 19 20 20 19 19 19 20 20 20 20 21 21 21 21 21 21 22 23 23 23 23 23 23 23 23 23 23 23 23 23 24 24 24 24 24 61 53 81 68 56 45 31 25 19 17 12 6 
SEQ_11    17 20 23 27 31 18 18 17 28 26 15 23 29 25 14 18 15 13 18 15 18 18 18 18 18 17 17 21 20 21 17 18 23 23 22 20 21 22 23 20 22 23 23 19 19 17 17 25 22 19 14 13 20 21 65 30 18 70 62 46 37 31 28 25 16 13 5 0 2 4 5 7 8 10 11 11 12 12 12 13 13 13 13 14 14 14 14 14 14 15 16 16 16 16 16 16 16 16 16 16 16 16 16 17 17 17 17 17 56 50 83 73 62 52 36 32 28 24 19 13 9 
SEQ_12    17 20 23 27 31 18 18 17 28 26 15 23 29 24 15 18 15 13 18 15 18 18 18 18 18 17 17 21 20 21 17 18 23 23 22 20 21 22 23 20 21 22 23 20 20 18 18 25 22 19 14 13 20 21 64 30 18 70 62 46 38 32 29 26 18 15 6 3 1 1 5 6 7 10 11 11 12 12 12 13 13 13 13 14 14 14 14 14 14 15 16 16 16 16 16 16 16 16 16 16 16 16 16 17 17 17 17 17 56 49 83 73 63 53 37 33 29 25 21 15 12 3 
SEQ_13    16 19 22 26 30 17 17 16 28 25 17 23 29 24 17 17 14 13 17 14 20 17 17 17 17 16 19 21 20 21 16 17 22 22 21 19 20 21 22 22 23 21 22 21 21 20 20 25 22 21 13 12 22 23 64 29 17 72 64 48 40 34 31 27 20 17 8 5 3 1 5 6 7 9 10 10 11 11 11 12 12 12 12 13 13 13 13 13 13 14 15 15 15 15 15 15 15 15 15 15 15 15 15 16 16 16 16 16 58 50 84 75 65 55 39 35 31 27 22 17 14 5 2 
SEQ_14    17 16 21 23 27 18 14 17 24 22 13 21 25 22 14 18 11 9 18 15 16 14 13 14 14 13 15 21 18 19 13 14 23 19 18 20 21 18 19 18 21 20 19 21 21 17 17 23 20 17 14 13 18 19 65 26 14 73 66 50 41 35 32 29 21 18 9 6 6 5 1 3 4 6 7 7 8 8 8 9 9 9 9 10 10 10 10 10 10 11 12 12 12 12 12 12 12 12 12 12 12 12 12 13 13 13 13 13 56 50 84 76 66 56 40 36 32 29 23 18 15 6 6 6 
SEQ_15    15 14 19 21 25 16 14 17 22 20 11 21 23 20 12 16 9 7 16 13 14 14 15 12 12 13 13 21 18 19 13 14 21 19 18 18 19 16 17 16 19 18 17 19 19 15 15 23 20 15 12 11 16 17 64 24 12 74 67 50 42 36 33 29 22 19 10 7 6 5 2 0 1 4 5 5 6 6 6 7 7 7 7 8 8 8 8 8 8 9 10 10 10 10 10 10 10 10 10 10 10 10 10 11 11 11 11 11 58 50 83 76 67 57 41 37 33 29 24 19 16 7 6 6 3 
SEQ_16    14 13 20 22 26 15 15 16 21 21 10 20 22 19 11 15 8 6 15 12 13 15 16 11 11 14 12 20 17 18 14 15 20 20 19 17 18 17 18 15 18 19 18 18 18 14 14 22 19 14 11 10 15 16 64 23 11 74 68 51 43 37 34 30 23 20 11 8 7 6 3 1 0 3 4 4 5 5 5 6 6 6 6 7 7 7 7 7 7 8 9 9 9 9 9 9 9 9 9 9 9 9 9 10 10 10 10 10 58 50 83 76 68 58 42 38 34 30 25 20 17 8 7 7 4 1 
SEQ_17    14 11 17 20 24 15 13 16 22 19 10 18 23 20 11 15 6 6 15 12 13 13 14 8 8 12 12 18 15 16 12 13 20 18 17 17 18 15 16 15 18 18 17 20 20 14 14 20 17 14 11 10 15 16 64 21 9 77 68 54 45 39 36 32 25 22 14 10 10 9 6 4 3 0 1 2 3 3 3 4 4 4 4 5 5 5 5 5 5 6 7 7 7 7 7 7 7 7 7 7 7 7 7 8 8 8 8 8 58 50 84 79 70 60 44 40 36 32 27 22 19 10 10 9 6 4 3 
SEQ_18    15 12 18 19 23 16 12 17 21 18 9 17 22 19 10 16 5 5 16 13 12 12 13 9 9 11 11 17 14 15 11 12 21 17 16 18 19 14 15 14 17 17 16 21 21 13 13 19 16 13 12 11 14 15 64 20 8 77 68 54 46 40 37 33 26 23 15 11 11 10 7 5 4 1 0 1 2 2 2 3 3 3 3 4 4 4 4 4 4 5 6 6 6 6 6 6 6 6 6 6 6 6 6 7 7 7 7 7 58 51 84 79 70 60 45 41 37 33 28 23 20 11 11 10 7 5 4 1 
SEQ_19    15 12 18 19 23 16 12 17 21 18 9 17 22 19 10 16 5 5 16 13 12 12 13 9 9 11 11 17 14 15 11 12 21 17 16 18 19 14 15 14 17 17 16 21 21 13 13 19 16 13 12 11 14 15 64 20 8 77 68 54 46 40 37 33 26 23 15 11 11 10 7 5 4 1 0 1 2 2 2 3 3 3 3 4 4 4 4 4 4 5 6 6 6 6 6 6 6 6 6 6 6 6 6 7 7 7 7 7 58 51 84 79 70 60 45 41 37 33 28 23 20 11 11 10 7 5 4 1 0 
SEQ_20    13 10 18 17 21 14 10 15 19 16 7 15 20 17 8 14 3 3 14 11 10 10 11 9 9 9 9 15 12 13 9 10 19 15 14 16 17 12 13 12 15 16 15 19 19 11 11 17 14 11 10 9 12 13 65 20 6 77 68 53 45 39 36 31 24 21 15 12 12 11 8 6 5 3 2 1 0 0 0 1 1 1 1 2 2 2 2 2 2 3 4 4 4 4 4 4 4 4 4 4 4 4 4 5 5 5 5 5 57 50 85 80 70 58 44 40 36 31 26 21 19 12 12 11 8 6 5 3 2 2 
SEQ_21    13 10 18 17 21 14 10 15 19 16 7 15 20 17 8 14 3 3 14 11 10 10 11 9 9 9 9 15 12 13 9 10 19 15 14 16 17 12 13 12 15 16 15 19 19 11 11 17 14 11 10 9 12 13 65 20 6 77 68 53 45 39 36 31 24 21 15 12 12 11 8 6 5 3 2 1 0 0 0 1 1 1 1 2 2 2 2 2 2 3 4 4 4 4 4 4 4 4 4 4 4 4 4 5 5 5 5 5 57 50 85 80 70 58 44 40 36 31 26 21 19 12 12 11 8 6 5 3 2 2 0 
SEQ_22    13 10 18 17 21 14 10 15 19 16 7 15 20 17 8 14 3 3 14 11 10 10 11 9 9 9 9 15 12 13 9 10 19 15 14 16 17 12 13 12 15 16 15 19 19 11 11 17 14 11 10 9 12 13 65 20 6 77 68 53 45 39 36 31 24 21 15 12 12 11 8 6 5 3 2 1 0 0 0 1 1 1 1 2 2 2 2 2 2 3 4 4 4 4 4 4 4 4 4 4 4 4 4 5 5 5 5 5 57 50 85 80 70 58 44 40 36 31 26 21 19 12 12 11 8 6 5 3 2 2 0 0 
SEQ_23    14 11 17 16 20 13 11 14 18 15 8 14 19 16 9 13 4 4 13 10 11 11 12 8 8 10 10 14 11 12 10 11 18 16 15 15 16 11 12 13 16 15 14 18 18 12 12 16 13 12 9 8 13 14 66 19 5 78 69 54 46 40 37 32 25 22 16 13 13 12 9 7 6 4 3 2 1 1 1 0 0 0 0 1 1 1 1 1 1 2 3 3 3 3 3 3 3 3 3 3 3 3 3 4 4 4 4 4 57 50 86 81 71 59 45 41 37 32 27 22 20 13 13 12 9 7 6 4 3 3 1 1 1 
SEQ_24    14 11 17 16 20 13 11 14 18 15 8 14 19 16 9 13 4 4 13 10 11 11 12 8 8 10 10 14 11 12 10 11 18 16 15 15 16 11 12 13 16 15 14 18 18 12 12 16 13 12 9 8 13 14 66 19 5 78 69 54 46 40 37 32 25 22 16 13 13 12 9 7 6 4 3 2 1 1 1 0 0 0 0 1 1 1 1 1 1 2 3 3 3 3 3 3 3 3 3 3 3 3 3 4 4 4 4 4 57 50 86 81 71 59 45 41 37 32 27 22 20 13 13 12 9 7 6 4 3 3 1 1 1 0 
SEQ_25    14 11 17 16 20 13 11 14 18 15 8 14 19 16 9 13 4 4 13 10 11 11 12 8 8 10 10 14 11 12 10 11 18 16 15 15 16 11 12 13 16 15 14 18 18 12 12 16 13 12 9 8 13 14 66 19 5 78 69 54 46 40 37 32 25 22 16 13 13 12 9 7 6 4 3 2 1 1 1 0 0 0 0 1 1 1 1 1 1 2 3 3 3 3 3 3 3 3 3 3 3 3 3 4 4 4 4 4 57 50 86 81 71 59 45 41 37 32 27 22 20 13 13 12 9 7 6 4 3 3 1 1 1 0 0 
SEQ_26    14 11 17 16 20 13 11 14 18 15 8 14 19 16 9 13 4 4 13 10 11 11 12 8 8 10 10 14 11 12 10 11 18 16 15 15 16 11 12 13 16 15 14 18 18 12 12 16 13 12 9 8 13 14 66 19 5 78 69 54 46 40 37 32 25 22 16 13 13 12 9 7 6 4 3 2 1 1 1 0 0 0 0 1 1 1 1 1 1 2 3 3 3 3 3 3 3 3 3 3 3 3 3 4 4 4 4 4 57 50 86 81 71 59 45 41 37 32 27 22 20 13 13 12 9 7 6 4 3 3 1 1 1 0 0 0 
SEQ_27    13 12 16 15 19 12 12 13 17 14 9 13 18 15 10 14 5 5 14 11 12 12 13 7 7 11 11 13 10 11 11 12 17 17 16 14 15 10 11 14 17 14 13 17 17 13 13 15 12 13 10 9 14 15 67 18 4 79 70 55 47 41 38 33 26 23 17 14 14 13 10 8 7 5 4 3 2 2 2 1 1 1 1 0 0 0 0 0 0 1 2 2 2 2 2 2 2 2 2 2 2 2 2 3 3 3 3 3 57 51 87 82 72 60 46 42 38 33 28 23 21 14 14 13 10 8 7 5 4 4 2 2 2 1 1 1 1 
SEQ_28    13 12 16 15 19 12 12 13 17 14 9 13 18 15 10 14 5 5 14 11 12 12 13 7 7 11 11 13 10 11 11 12 17 17 16 14 15 10 11 14 17 14 13 17 17 13 13 15 12 13 10 9 14 15 67 18 4 79 70 55 47 41 38 33 26 23 17 14 14 13 10 8 7 5 4 3 2 2 2 1 1 1 1 0 0 0 0 0 0 1 2 2 2 2 2 2 2 2 2 2 2 2 2 3 3 3 3 3 57 51 87 82 72 60 46 42 38 33 28 23 21 14 14 13 10 8 7 5 4 4 2 2 2 1 1 1 1 0 
SEQ_29    13 12 16 15 19 12 12 13 17 14 9 13 18 15 10 14 5 5 14 11 12 12 13 7 7 11 11 13 10 11 11 12 17 17 16 14 15 10 11 14 17 14 13 17 17 13 13 15 12 13 10 9 14 15 67 18 4 79 70 55 47 41 38 33 26 23 17 14 14 13 10 8 7 5 4 3 2 2 2 1 1 1 1 0 0 0 0 0 0 1 2 2 2 2 2 2 2 2 2 2 2 2 2 3 3 3 3 3 57 51 87 82 72 60 46 42 38 33 28 23 21 14 14 13 10 8 7 5 4 4 2 2 2 1 1 1 1 0 0 
SEQ_30    13 12 16 15 19 12 12 13 17 14 9 13 18 15 10 14 5 5 14 11 12 12 13 7 7 11 11 13 10 11 11 12 17 17 16 14 15 10 11 14 17 14 13 17 17 13 13 15 12 13 10 9 14 15 67 18 4 79 70 55 47 41 38 33 26 23 17 14 14 13 10 8 7 5 4 3 2 2 2 1 1 1 1 0 0 0 0 0 0 1 2 2 2 2 2 2 2 2 2 2 2 2 2 3 3 3 3 3 57 51 87 82 72 60 46 42 38 33 28 23 21 14 14 13 10 8 7 5 4 4 2 2 2 1 1 1 1 0 0 0 
SEQ_31    13 12 16 15 19 12 12 13 17 14 9 13 18 15 10 14 5 5 14 11 12 12 13 7 7 11 11 13 10 11 11 12 17 17 16 14 15 10 11 14 17 14 13 17 17 13 13 15 12 13 10 9 14 15 67 18 4 79 70 55 47 41 38 33 26 23 17 14 14 13 10 8 7 5 4 3 2 2 2 1 1 1 1 0 0 0 0 0 0 1 2 2 2 2 2 2 2 2 2 2 2 2 2 3 3 3 3 3 57 51 87 82 72 60 46 42 38 33 28 23 21 14 14 13 10 8 7 5 4 4 2 2 2 1 1 1 1 0 0 0 0 
SEQ_32    13 12 16 15 19 12 12 13 17 14 9 13 18 15 10 14 5 5 14 11 12 12 13 7 7 11 11 13 10 11 11 12 17 17 16 14 15 10 11 14 17 14 13 17 17 13 13 15 12 13 10 9 14 15 67 18 4 79 70 55 47 41 38 33 26 23 17 14 14 13 10 8 7 5 4 3 2 2 2 1 1 1 1 0 0 0 0 0 0 1 2 2 2 2 2 2 2 2 2 2 2 2 2 3 3 3 3 3 57 51 87 82 72 60 46 42 38 33 28 23 21 14 14 13 10 8 7 5 4 4 2 2 2 1 1 1 1 0 0 0 0 0 
SEQ_33    12 13 15 14 18 11 13 12 18 13 10 14 19 16 11 13 6 6 13 10 13 13 14 6 6 12 12 14 11 12 12 13 16 18 17 13 14 11 12 15 18 13 12 16 16 14 14 16 13 14 9 8 15 16 67 17 3 80 71 56 48 42 39 34 27 24 18 15 15 14 11 9 8 6 5 4 3 3 3 2 2 2 2 1 1 1 1 1 1 0 1 1 1 1 1 1 1 1 1 1 1 1 1 2 2 2 2 2 58 52 88 83 73 61 47 43 39 34 29 24 22 15 15 14 11 9 8 6 5 5 3 3 3 2 2 2 2 1 1 1 1 1 1 
SEQ_34    11 14 14 13 17 10 14 11 19 12 11 15 20 17 12 12 7 7 12 9 14 14 15 7 5 13 13 15 12 13 13 14 15 19 18 12 13 12 13 16 19 12 11 15 15 15 15 17 14 15 8 7 16 17 68 16 2 81 72 57 49 43 40 35 28 25 19 16 16 15 12 10 9 7 6 5 4 4 4 3 3 3 3 2 2 2 2 2 2 1 0 0 0 0 0 0 0 0 0 0 0 0 0 1 1 1 1 1 58 53 89 84 74 62 48 44 40 35 30 25 23 16 16 15 12 10 9 7 6 6 4 4 4 3 3 3 3 2 2 2 2 2 2 1 
SEQ_35    11 14 14 13 17 10 14 11 19 12 11 15 20 17 12 12 7 7 12 9 14 14 15 7 5 13 13 15 12 13 13 14 15 19 18 12 13 12 13 16 19 12 11 15 15 15 15 17 14 15 8 7 16 17 68 16 2 81 72 57 49 43 40 35 28 25 19 16 16 15 12 10 9 7 6 5 4 4 4 3 3 3 3 2 2 2 2 2 2 1 0 0 0 0 0 0 0 0 0 0 0 0 0 1 1 1 1 1 58 53 89 84 74 62 48 44 40 35 30 25 23 16 16 15 12 10 9 7 6 6 4 4 4 3 3 3 3 2 2 2 2 2 2 1 0 
SEQ_36    11 14 14 13 17 10 14 11 19 12 11 15 20 17 12 12 7 7 12 9 14 14 15 7 5 13 13 15 12 13 13 14 15 19 18 12 13 12 13 16 19 12 11 15 15 15 15 17 14 15 8 7 16 17 68 16 2 81 72 57 49 43 40 35 28 25 19 16 16 15 12 10 9 7 6 5 4 4 4 3 3 3 3 2 2 2 2 2 2 1 0 0 0 0 0 0 0 0 0 0 0 0 0 1 1 1 1 1 58 53 89 84 74 62 48 44 40 35 30 25 23 16 16 15 12 10 9 7 6 6 4 4 4 3 3 3 3 2 2 2 2 2 2 1 0 0 
SEQ_37    11 14 14 13 17 10 14 11 19 12 11 15 20 17 12 12 7 7 12 9 14 14 15 7 5 13 13 15 12 13 13 14 15 19 18 12 13 12 13 16 19 12 11 15 15 15 15 17 14 15 8 7 16 17 68 16 2 81 72 57 49 43 40 35 28 25 19 16 16 15 12 10 9 7 6 5 4 4 4 3 3 3 3 2 2 2 2 2 2 1 0 0 0 0 0 0 0 0 0 0 0 0 0 1 1 1 1 1 58 53 89 84 74 62 48 44 40 35 30 25 23 16 16 15 12 10 9 7 6 6 4 4 4 3 3 3 3 2 2 2 2 2 2 1 0 0 0 
SEQ_38    11 14 14 13 17 10 14 11 19 12 11 15 20 17 12 12 7 7 12 9 14 14 15 7 5 13 13 15 12 13 13 14 15 19 18 12 13 12 13 16 19 12 11 15 15 15 15 17 14 15 8 7 16 17 68 16 2 81 72 57 49 43 40 35 28 25 19 16 16 15 12 10 9 7 6 5 4 4 4 3 3 3 3 2 2 2 2 2 2 1 0 0 0 0 0 0 0 0 0 0 0 0 0 1 1 1 1 1 58 53 89 84 74 62 48 44 40 35 30 25 23 16 16 15 12 10 9 7 6 6 4 4 4 3 3 3 3 2 2 2 2 2 2 1 0 0 0 0 
SEQ_39    11 14 14 13 17 10 14 11 19 12 11 15 20 17 12 12 7 7 12 9 14 14 15 7 5 13 13 15 12 13 13 14 15 19 18 12 13 12 13 16 19 12 11 15 15 15 15 17 14 15 8 7 16 17 68 16 2 81 72 57 49 43 40 35 28 25 19 16 16 15 12 10 9 7 6 5 4 4 4 3 3 3 3 2 2 2 2 2 2 1 0 0 0 0 0 0 0 0 0 0 0 0 0 1 1 1 1 1 58 53 89 84 74 62 48 44 40 35 30 25 23 16 16 15 12 10 9 7 6 6 4 4 4 3 3 3 3 2 2 2 2 2 2 1 0 0 0 0 0 
SEQ_40    11 14 14 13 17 10 14 11 19 12 11 15 20 17 12 12 7 7 12 9 14 14 15 7 5 13 13 15 12 13 13 14 15 19 18 12 13 12 13 16 19 12 11 15 15 15 15 17 14 15 8 7 16 17 68 16 2 81 72 57 49 43 40 35 28 25 19 16 16 15 12 10 9 7 6 5 4 4 4 3 3 3 3 2 2 2 2 2 2 1 0 0 0 0 0 0 0 0 0 0 0 0 0 1 1 1 1 1 58 53 89 84 74 62 48 44 40 35 30 25 23 16 16 15 12 10 9 7 6 6 4 4 4 3 3 3 3 2 2 2 2 2 2 1 0 0 0 0 0 0 
SEQ_41    11 14 14 13 17 10 14 11 19 12 11 15 20 17 12 12 7 7 12 9 14 14 15 7 5 13 13 15 12 13 13 14 15 19 18 12 13 12 13 16 19 12 11 15 15 15 15 17 14 15 8 7 16 17 68 16 2 81 72 57 49 43 40 35 28 25 19 16 16 15 12 10 9 7 6 5 4 4 4 3 3 3 3 2 2 2 2 2 2 1 0 0 0 0 0 0 0 0 0 0 0 0 0 1 1 1 1 1 58 53 89 84 74 62 48 44 40 35 30 25 23 16 16 15 12 10 9 7 6 6 4 4 4 3 3 3 3 2 2 2 2 2 2 1 0 0 0 0 0 0 0 
SEQ_42    11 14 14 13 17 10 14 11 19 12 11 15 20 17 12 12 7 7 12 9 14 14 15 7 5 13 13 15 12 13 13 14 15 19 18 12 13 12 13 16 19 12 11 15 15 15 15 17 14 15 8 7 16 17 68 16 2 81 72 57 49 43 40 35 28 25 19 16 16 15 12 10 9 7 6 5 4 4 4 3 3 3 3 2 2 2 2 2 2 1 0 0 0 0 0 0 0 0 0 0 0 0 0 1 1 1 1 1 58 53 89 84 74 62 48 44 40 35 30 25 23 16 16 15 12 10 9 7 6 6 4 4 4 3 3 3 3 2 2 2 2 2 2 1 0 0 0 0 0 0 0 0 
SEQ_43    11 14 14 13 17 10 14 11 19 12 11 15 20 17 12 12 7 7 12 9 14 14 15 7 5 13 13 15 12 13 13 14 15 19 18 12 13 12 13 16 19 12 11 15 15 15 15 17 14 15 8 7 16 17 68 16 2 81 72 57 49 43 40 35 28 25 19 16 16 15 12 10 9 7 6 5 4 4 4 3 3 3 3 2 2 2 2 2 2 1 0 0 0 0 0 0 0 0 0 0 0 0 0 1 1 1 1 1 58 53 89 84 74 62 48 44 40 35 30 25 23 16 16 15 12 10 9 7 6 6 4 4 4 3 3 3 3 2 2 2 2 2 2 1 0 0 0 0 0 0 0 0 0 
SEQ_44    11 14 14 13 17 10 14 11 19 12 11 15 20 17 12 12 7 7 12 9 14 14 15 7 5 13 13 15 12 13 13 14 15 19 18 12 13 12 13 16 19 12 11 15 15 15 15 17 14 15 8 7 16 17 68 16 2 81 72 57 49 43 40 35 28 25 19 16 16 15 12 10 9 7 6 5 4 4 4 3 3 3 3 2 2 2 2 2 2 1 0 0 0 0 0 0 0 0 0 0 0 0 0 1 1 1 1 1 58 53 89 84 74 62 48 44 40 35 30 25 23 16 16 15 12 10 9 7 6 6 4 4 4 3 3 3 3 2 2 2 2 2 2 1 0 0 0 0 0 0 0 0 0 0 
SEQ_45    11 14 14 13 17 10 14 11 19 12 11 15 20 17 12 12 7 7 12 9 14 14 15 7 5 13 13 15 12 13 13 14 15 19 18 12 13 12 13 16 19 12 11 15 15 15 15 17 14 15 8 7 16 17 68 16 2 81 72 57 49 43 40 35 28 25 19 16 16 15 12 10 9 7 6 5 4 4 4 3 3 3 3 2 2 2 2 2 2 1 0 0 0 0 0 0 0 0 0 0 0 0 0 1 1 1 1 1 58 53 89 84 74 62 48 44 40 35 30 25 23 16 16 15 12 10 9 7 6 6 4 4 4 3 3 3 3 2 2 2 2 2 2 1 0 0 0 0 0 0 0 0 0 0 0 
SEQ_46    11 14 14 13 17 10 14 11 19 12 11 15 20 17 12 12 7 7 12 9 14 14 15 7 5 13 13 15 12 13 13 14 15 19 18 12 13 12 13 16 19 12 11 15 15 15 15 17 14 15 8 7 16 17 68 16 2 81 72 57 49 43 40 35 28 25 19 16 16 15 12 10 9 7 6 5 4 4 4 3 3 3 3 2 2 2 2 2 2 1 0 0 0 0 0 0 0 0 0 0 0 0 0 1 1 1 1 1 58 53 89 84 74 62 48 44 40 35 30 25 23 16 16 15 12 10 9 7 6 6 4 4 4 3 3 3 3 2 2 2 2 2 2 1 0 0 0 0 0 0 0 0 0 0 0 0 
SEQ_47    11 14 14 13 17 10 14 11 19 12 11 15 20 17 12 12 7 7 12 9 14 14 15 7 5 13 13 15 12 13 13 14 15 19 18 12 13 12 13 16 19 12 11 15 15 15 15 17 14 15 8 7 16 17 68 16 2 81 72 57 49 43 40 35 28 25 19 16 16 15 12 10 9 7 6 5 4 4 4 3 3 3 3 2 2 2 2 2 2 1 0 0 0 0 0 0 0 0 0 0 0 0 0 1 1 1 1 1 58 53 89 84 74 62 48 44 40 35 30 25 23 16 16 15 12 10 9 7 6 6 4 4 4 3 3 3 3 2 2 2 2 2 2 1 0 0 0 0 0 0 0 0 0 0 0 0 0 
SEQ_48    11 14 14 13 17 10 14 11 19 12 11 15 20 17 12 12 7 7 12 9 14 14 15 7 5 13 13 15 12 13 13 14 15 19 18 12 13 12 13 16 19 12 11 15 15 15 15 17 14 15 8 7 16 17 68 16 2 81 72 57 49 43 40 35 28 25 19 16 16 15 12 10 9 7 6 5 4 4 4 3 3 3 3 2 2 2 2 2 2 1 0 0 0 0 0 0 0 0 0 0 0 0 0 1 1 1 1 1 58 53 89 84 74 62 48 44 40 35 30 25 23 16 16 15 12 10 9 7 6 6 4 4 4 3 3 3 3 2 2 2 2 2 2 1 0 0 0 0 0 0 0 0 0 0 0 0 0 0 
SEQ_49    12 15 15 12 16 11 15 12 20 11 12 16 21 18 13 13 8 8 13 10 15 15 16 8 6 14 14 16 13 14 14 15 16 20 19 13 14 13 14 17 20 11 10 16 16 16 16 18 15 16 9 8 17 18 68 17 3 82 73 58 50 44 41 36 29 26 20 17 17 16 13 11 10 8 7 6 5 5 5 4 4 4 4 3 3 3 3 3 3 2 1 1 1 1 1 1 1 1 1 1 1 1 1 0 0 0 0 0 58 53 90 85 75 63 49 45 41 36 31 26 24 17 17 16 13 11 10 8 7 7 5 5 5 4 4 4 4 3 3 3 3 3 3 2 1 1 1 1 1 1 1 1 1 1 1 1 1 1 1 
SEQ_50    12 15 15 12 16 11 15 12 20 11 12 16 21 18 13 13 8 8 13 10 15 15 16 8 6 14 14 16 13 14 14 15 16 20 19 13 14 13 14 17 20 11 10 16 16 16 16 18 15 16 9 8 17 18 68 17 3 82 73 58 50 44 41 36 29 26 20 17 17 16 13 11 10 8 7 6 5 5 5 4 4 4 4 3 3 3 3 3 3 2 1 1 1 1 1 1 1 1 1 1 1 1 1 0 0 0 0 0 58 53 90 85 75 63 49 45 41 36 31 26 24 17 17 16 13 11 10 8 7 7 5 5 5 4 4 4 4 3 3 3 3 3 3 2 1 1 1 1 1 1 1 1 1 1 1 1 1 1 1 0 
SEQ_51    12 15 15 12 16 11 15 12 20 11 12 16 21 18 13 13 8 8 13 10 15 15 16 8 6 14 14 16 13 14 14 15 16 20 19 13 14 13 14 17 20 11 10 16 16 16 16 18 15 16 9 8 17 18 68 17 3 82 73 58 50 44 41 36 29 26 20 17 17 16 13 11 10 8 7 6 5 5 5 4 4 4 4 3 3 3 3 3 3 2 1 1 1 1 1 1 1 1 1 1 1 1 1 0 0 0 0 0 58 53 90 85 75 63 49 45 41 36 31 26 24 17 17 16 13 11 10 8 7 7 5 5 5 4 4 4 4 3 3 3 3 3 3 2 1 1 1 1 1 1 1 1 1 1 1 1 1 1 1 0 0 
SEQ_52    12 15 15 12 16 11 15 12 20 11 12 16 21 18 13 13 8 8 13 10 15 15 16 8 6 14 14 16 13 14 14 15 16 20 19 13 14 13 14 17 20 11 10 16 16 16 16 18 15 16 9 8 17 18 68 17 3 82 73 58 50 44 41 36 29 26 20 17 17 16 13 11 10 8 7 6 5 5 5 4 4 4 4 3 3 3 3 3 3 2 1 1 1 1 1 1 1 1 1 1 1 1 1 0 0 0 0 0 58 53 90 85 75 63 49 45 41 36 31 26 24 17 17 16 13 11 10 8 7 7 5 5 5 4 4 4 4 3 3 3 3 3 3 2 1 1 1 1 1 1 1 1 1 1 1 1 1 1 1 0 0 0 
SEQ_53    12 15 15 12 16 11 15 12 20 11 12 16 21 18 13 13 8 8 13 10 15 15 16 8 6 14 14 16 13 14 14 15 16 20 19 13 14 13 14 17 20 11 10 16 16 16 16 18 15 16 9 8 17 18 68 17 3 82 73 58 50 44 41 36 29 26 20 17 17 16 13 11 10 8 7 6 5 5 5 4 4 4 4 3 3 3 3 3 3 2 1 1 1 1 1 1 1 1 1 1 1 1 1 0 0 0 0 0 58 53 90 85 75 63 49 45 41 36 31 26 24 17 17 16 13 11 10 8 7 7 5 5 5 4 4 4 4 3 3 3 3 3 3 2 1 1 1 1 1 1 1 1 1 1 1 1 1 1 1 0 0 0 0 


Adjacencies of each genome comparison after each step:

