Data generated by UniMoG (http://http://bibiserv.cebitec.uni-bielefeld.de/dcj?id=dcj_unimog)

Input:

>simulated_k41_l100_16
 0 46 47 48 49 50 51 52 53 54 55 56 57 58 59 60 | 74 89 90 91 92 93 94 95 96 97 98 99 | 88 75 76 77 78 79 80 81 82 83 84 85 86 87 | 61 62 63 64 65 66 67 68 69 70 71 72 73 | 45 25 26 27 28 29 30 31 32 33 34 35 36 37 38 39 40 41 42 43 44 | 24 1 2 3 4 5 6 7 8 9 10 11 12 13 14 15 16 17 18 19 20 21 22 23 |
>simulated_k41_l100_18
 0 3 4 5 6 7 8 9 10 11 12 | 92 61 62 63 | 53 93 94 95 96 | 2 98 99 | 97 29 30 31 32 33 34 35 36 37 38 39 | 28 87 88 89 90 91 | 60 1 | 86 54 55 | 47 57 58 59 | 40 41 42 43 44 45 46 | 13 48 | 49 65 66 67 68 69 70 71 72 73 74 75 76 77 78 79 80 81 | 56 50 | 82 83 84 85 | 51 52 | 64 14 15 16 17 18 19 20 21 22 23 24 25 26 27 |
>simulated_k41_l100_20
 0 75 76 77 78 79 80 81 82 83 84 85 86 87 88 | 74 55 56 57 58 | 59 60 61 62 63 64 65 66 67 | 54 16 17 18 19 20 21 22 23 24 25 26 27 28 29 30 31 32 33 34 35 36 37 38 39 40 41 42 43 44 45 46 47 48 49 50 51 52 53 | 15 1 2 3 4 5 6 7 8 9 10 11 12 13 14 | 89 90 91 92 93 94 95 96 97 98 99 | 68 69 70 71 72 73 |
>simulated_k41_l100_25
 0 1 2 3 4 5 6 7 8 9 | 74 30 31 32 33 34 35 36 37 38 39 40 41 42 43 44 | 59 46 47 48 49 50 51 52 53 54 55 56 57 58 | 29 87 88 89 90 91 92 93 94 95 96 97 98 99 | 45 60 61 62 63 64 65 66 67 68 69 70 71 72 73 | 10 75 76 77 78 79 80 81 82 83 84 85 | 86 11 12 13 14 15 16 17 18 19 20 21 22 23 24 25 26 27 28 |
>simulated_k41_l100_26
 0 54 55 56 57 58 | 74 30 31 32 33 34 35 36 37 38 39 40 41 42 43 44 45 46 47 48 49 50 51 52 | 59 84 85 86 87 88 89 90 91 92 93 94 95 96 97 98 99 | 29 75 76 77 78 79 80 | 81 82 | 53 1 2 3 4 5 6 7 8 9 10 11 12 13 14 15 16 17 18 19 | 83 60 61 62 63 64 65 66 67 68 69 70 71 72 73 | 20 21 22 23 24 25 26 27 28 |
>simulated_k41_l100_28
 0 54 55 | 92 87 88 89 90 91 | 53 57 58 59 | 2 93 94 95 96 | 97 3 4 5 6 | 28 29 30 31 32 33 34 35 36 37 38 39 40 41 42 43 | 60 8 9 10 11 12 13 14 15 16 17 18 19 20 21 22 23 24 25 26 27 | 86 61 62 63 64 65 66 67 | 68 1 | 7 69 70 71 | 56 98 99 | 72 80 81 82 83 84 85 | 79 73 74 75 76 77 78 | 44 45 46 47 48 49 50 51 52 |
>simulated_k41_l100_36
 0 93 94 95 96 97 98 99 | 74 19 20 21 22 23 24 25 26 27 | 88 89 90 91 | 61 39 40 41 42 43 44 45 46 47 48 49 50 51 52 53 54 55 56 57 58 59 60 | 92 75 76 77 78 79 80 81 82 83 84 85 86 87 | 30 66 67 68 69 70 71 72 73 | 18 29 | 28 1 2 3 4 5 6 7 8 9 10 11 12 13 14 15 16 17 | 65 31 32 33 34 35 36 37 | 38 62 63 64 |
>simulated_k41_l100_37
 0 44 45 46 47 48 49 50 51 52 | 92 75 76 77 78 79 80 81 82 83 84 85 86 87 88 89 90 91 | 53 98 99 | 2 1 | 97 3 4 5 6 7 8 | 19 20 21 22 23 24 25 26 27 28 29 30 31 32 33 34 35 36 37 38 39 40 41 42 | 43 54 55 56 57 58 59 60 61 62 63 64 65 66 67 68 69 70 71 72 73 | 74 93 94 95 96 | 9 10 11 | 12 13 14 15 16 17 18 |
>simulated_k41_l100_38
 0 20 21 22 23 24 25 26 27 28 29 30 31 32 33 34 35 36 37 38 39 40 | 92 93 94 95 96 | 53 98 99 | 2 42 | 97 54 55 56 57 58 59 60 61 62 63 64 65 66 67 68 69 70 71 72 73 | 19 75 76 77 78 79 80 81 82 83 84 85 86 87 88 89 90 91 | 43 44 45 46 47 48 49 50 51 52 | 74 3 4 5 6 7 8 9 10 11 12 13 14 15 16 17 18 | 41 1 |
>simulated_k41_l100_40
 0 72 73 | 74 67 68 69 70 | 88 1 2 3 4 5 6 7 8 9 10 11 12 13 14 15 16 17 18 19 20 21 22 23 24 25 26 27 28 29 30 31 32 33 34 35 36 37 38 39 40 41 42 43 44 45 46 47 48 49 50 51 52 53 54 55 56 57 58 59 60 | 61 62 63 64 65 | 71 75 76 77 78 79 | 66 89 90 91 92 93 94 95 96 97 98 99 | 80 81 82 83 84 85 86 87 |
>simulated_k41_l100_44
 0 20 21 22 23 24 25 26 27 28 29 30 31 32 33 34 35 36 37 38 39 40 41 42 | 92 54 55 56 57 58 59 60 61 62 63 64 65 66 67 68 69 70 71 72 73 | 53 44 45 46 47 48 49 50 | 2 1 | 97 75 76 77 78 79 | 19 81 82 83 84 85 86 87 88 89 90 91 | 43 93 94 95 96 | 74 3 4 5 6 7 8 9 10 11 12 13 14 15 16 17 18 | 80 98 99 | 51 52 |
>simulated_k41_l100_45
 0 89 90 91 | 74 93 94 95 96 97 98 99 | 88 19 20 21 | 61 82 83 84 85 86 87 | 92 1 2 3 4 5 6 7 8 9 | 30 62 63 64 65 66 67 68 69 70 71 72 73 | 18 31 32 33 34 35 36 37 38 39 40 41 42 43 44 45 46 47 48 49 50 51 52 53 54 55 56 57 58 59 60 | 10 75 76 77 78 79 80 | 22 11 12 13 14 15 16 17 | 81 23 24 25 26 27 28 29 |
>simulated_k41_l100_46
 0 31 32 33 34 35 36 37 38 39 40 41 42 43 44 45 46 47 48 49 50 51 52 53 54 55 56 57 58 59 60 | 74 93 94 95 96 97 98 99 | 88 19 20 21 | 61 75 76 77 78 79 80 | 92 1 2 3 4 5 6 7 8 9 | 30 62 63 64 65 66 67 68 69 70 71 72 73 | 18 23 24 25 26 27 28 29 | 10 89 90 91 | 22 11 12 13 14 15 16 17 | 81 82 83 84 85 86 87 |
>simulated_k41_l100_48
 0 31 32 33 34 35 36 37 38 39 40 41 42 43 44 45 46 47 48 49 50 51 52 53 54 55 56 57 58 59 60 | 74 89 90 91 | 88 75 76 77 78 79 80 81 82 83 84 85 86 87 | 61 1 2 3 4 5 6 7 8 9 10 11 12 13 14 15 | 92 64 65 66 67 68 69 70 71 72 73 | 30 93 94 95 96 97 98 99 | 63 62 | 25 26 27 28 29 | 16 17 18 19 20 21 22 23 24 |
>simulated_k41_l100_49
 0 66 67 68 69 70 71 72 73 | 92 98 99 | 53 25 26 27 28 29 30 31 32 33 34 35 36 37 38 39 40 41 42 | 2 75 76 77 78 79 80 81 82 83 84 85 86 87 88 89 90 91 | 97 93 94 95 96 | 19 20 21 22 23 | 43 54 55 56 57 58 59 60 61 62 63 64 | 74 1 | 65 44 45 46 47 48 49 50 51 52 | 24 3 4 5 6 7 8 9 10 11 12 13 14 15 16 17 18 |
>simulated_k41_l100_50
 0 54 55 56 57 58 59 60 61 62 63 64 65 | 92 93 94 95 96 | 53 98 99 | 2 81 82 83 84 85 86 87 88 89 90 91 | 97 44 45 46 47 48 49 50 51 52 | 19 20 21 22 23 24 25 26 27 28 29 30 31 32 33 34 35 36 37 38 39 40 41 42 | 43 75 76 77 78 79 | 74 3 4 5 6 7 8 9 10 11 12 13 14 15 16 17 18 | 66 1 | 80 67 68 69 70 71 72 73 |
>simulated_k41_l100_51
 0 62 63 64 65 66 67 68 69 70 71 72 73 | 74 91 92 93 94 95 96 97 98 99 | 88 34 35 36 | 61 1 2 3 4 5 6 7 8 9 10 11 12 13 | 37 89 | 14 38 39 40 41 42 43 44 45 46 47 48 49 50 51 52 53 54 55 56 57 58 59 60 | 33 75 76 77 78 79 80 81 82 83 84 85 86 87 | 90 15 16 17 18 19 20 21 22 23 24 25 26 27 28 29 30 31 32 |
>simulated_k41_l100_52
 0 1 2 3 4 5 6 | 74 89 90 91 92 93 94 95 96 97 98 99 | 88 62 63 64 65 66 67 68 69 | 61 86 87 | 37 38 39 40 41 42 43 44 45 46 47 48 49 50 51 52 53 54 55 56 57 58 59 60 | 14 15 16 17 18 19 20 21 22 23 24 25 26 27 28 29 30 31 32 | 33 75 76 77 78 79 80 81 82 83 84 | 85 34 35 36 | 70 71 72 73 | 7 8 9 10 11 12 13 |
>simulated_k41_l100_54
 0 89 90 91 92 93 94 95 96 97 98 99 | 74 20 21 22 23 24 25 26 27 28 29 30 31 32 33 34 35 36 37 38 39 40 41 42 43 44 45 46 47 48 49 50 51 52 53 54 55 56 57 58 59 60 | 88 62 63 64 65 66 67 68 69 70 | 61 75 76 77 78 79 80 81 82 83 84 85 86 87 | 71 72 73 | 19 1 2 3 4 5 6 7 8 9 10 11 12 13 14 15 16 17 18 |
>simulated_k41_l100_56
 0 3 4 5 6 | 92 8 9 10 11 12 13 14 15 16 17 18 19 20 21 22 23 24 25 26 27 | 53 52 | 2 54 55 56 57 58 59 | 97 47 48 49 50 | 28 61 62 63 64 65 66 67 | 60 98 99 | 86 87 88 89 90 91 | 68 69 70 71 72 73 74 75 76 77 78 79 80 81 82 83 84 85 | 7 93 94 95 96 | 51 1 | 46 29 30 31 32 33 34 35 36 37 38 39 40 41 42 43 44 45 |
>simulated_k41_l100_57
 0 1 | 92 45 46 47 48 49 50 51 52 | 53 20 21 22 23 24 25 26 27 28 29 30 31 32 33 34 35 36 37 38 39 40 41 42 43 | 2 56 57 58 59 60 61 62 63 64 65 66 67 68 69 70 71 72 73 74 75 76 77 78 79 80 81 82 83 84 85 86 87 88 89 90 91 | 97 17 18 | 16 98 99 | 19 3 4 5 6 7 8 9 10 11 12 13 14 15 | 44 93 94 95 96 | 55 54 |
>simulated_k41_l100_58
 0 98 99 | 92 1 | 53 17 18 | 2 20 21 22 23 24 25 26 27 28 29 30 31 32 33 34 35 36 37 38 39 40 41 42 43 | 97 56 57 58 59 60 61 62 63 64 65 66 67 68 69 70 71 72 73 74 75 76 77 78 79 80 81 82 83 84 85 86 87 88 89 90 91 | 16 3 4 5 6 7 8 9 10 11 12 13 14 15 | 19 45 46 47 48 49 50 51 52 | 44 93 94 95 96 | 55 54 |
>simulated_k41_l100_60
 0 62 | 74 64 65 66 67 68 69 70 | 88 75 76 77 78 79 80 81 82 83 84 85 86 87 | 61 89 90 91 92 93 94 95 96 97 98 99 | 71 1 2 3 4 5 6 7 8 9 10 11 12 13 14 15 16 17 18 19 20 21 22 23 24 25 26 27 28 29 30 31 32 33 34 35 36 37 38 39 40 41 42 43 44 45 46 47 48 49 50 51 52 53 54 55 56 57 58 59 60 | 63 72 73 |
>simulated_k41_l100_62
 0 1 2 3 4 5 6 7 8 9 10 | 74 89 90 91 | 88 75 76 77 78 79 80 81 82 83 84 85 86 87 | 61 93 94 95 96 97 98 99 | 92 64 65 66 67 68 69 70 71 72 73 | 30 41 42 43 44 45 46 47 48 49 50 51 52 53 54 55 56 57 58 59 60 | 63 31 32 33 34 35 36 37 38 39 | 40 62 | 11 12 13 14 15 16 17 18 19 20 21 22 23 24 25 26 27 28 29 |
>simulated_k41_l100_64
 0 75 76 77 78 79 80 81 82 83 84 85 86 87 | 74 1 2 3 4 5 6 7 8 9 10 11 12 13 14 15 16 17 18 19 20 21 22 23 24 25 26 27 28 29 30 31 32 33 34 35 36 37 38 39 40 41 42 43 44 45 46 47 48 49 50 51 52 53 54 55 56 57 58 59 60 | 88 72 73 | 61 89 90 91 92 93 94 95 96 97 98 99 | 71 62 63 64 65 66 67 68 69 70 |
>simulated_k41_l100_65
 0 52 | 92 87 88 89 90 91 | 53 69 70 71 | 2 54 55 56 57 58 59 | 97 98 99 | 28 61 62 63 64 65 66 67 | 60 93 94 95 96 | 86 3 4 5 6 | 68 29 30 31 32 33 34 35 36 37 38 39 40 41 42 43 44 45 46 47 48 49 50 | 7 8 9 10 11 12 13 14 15 16 17 18 19 20 | 51 1 | 72 73 74 75 76 77 78 79 80 81 82 83 84 85 | 21 22 23 24 25 26 27 |
>simulated_k41_l100_66
 0 52 | 92 3 4 5 6 | 53 69 70 71 72 73 74 75 76 77 78 79 80 81 82 83 84 85 | 2 98 99 | 97 54 55 56 57 58 59 | 28 61 62 63 64 65 66 67 | 60 93 94 95 96 | 86 87 88 89 90 91 | 68 8 9 10 11 12 13 14 15 16 17 18 19 20 21 22 23 24 25 26 27 | 7 29 30 31 32 33 34 35 36 37 38 39 40 41 42 43 44 45 46 47 48 49 50 | 51 1 |
>simulated_k41_l100_67
 0 89 90 91 | 74 65 66 67 68 69 70 71 72 73 | 88 31 32 33 34 35 36 37 38 39 40 41 42 43 44 45 46 47 48 49 50 51 52 53 54 55 56 | 61 75 76 77 78 79 80 81 82 83 84 85 86 87 | 92 93 94 95 96 97 98 99 | 30 19 20 21 22 23 24 25 26 27 28 29 | 18 1 2 3 4 5 6 7 8 9 10 11 12 13 14 15 16 17 | 64 62 63 | 57 58 59 60 |
>simulated_k41_l100_68
 0 89 90 91 | 74 65 66 67 68 69 70 71 72 73 | 88 75 76 77 78 79 80 81 82 83 84 85 86 87 | 61 31 32 33 34 35 36 37 38 39 40 41 42 43 44 45 46 47 48 49 50 51 52 53 54 55 56 57 58 59 60 | 92 93 94 95 96 97 98 99 | 30 1 2 3 4 5 6 7 8 9 10 11 12 13 14 15 16 17 | 18 19 20 21 22 23 24 25 26 27 28 29 | 64 62 63 |
>simulated_k41_l100_69
 0 87 88 89 90 91 | 92 98 99 | 53 61 62 63 64 65 66 67 | 2 3 4 5 6 7 8 9 10 11 12 13 14 15 16 17 18 19 20 21 22 23 24 25 26 27 | 97 29 30 31 32 33 34 35 36 37 38 39 40 41 42 43 44 45 46 47 48 49 50 51 52 | 28 69 70 71 72 73 74 75 76 77 78 79 80 81 82 83 | 60 93 94 95 96 | 86 1 | 68 85 | 84 54 55 56 57 58 59 |
>simulated_k41_l100_70
 0 87 88 89 90 91 | 92 61 62 63 64 65 66 67 | 53 98 99 | 2 29 30 31 32 33 34 35 36 37 38 39 40 41 42 43 44 45 46 47 48 49 50 51 52 | 97 3 4 5 6 7 8 9 10 11 12 13 14 15 16 17 18 19 20 21 22 23 24 25 26 27 | 28 69 70 71 72 73 74 75 76 77 78 79 80 81 82 83 | 60 93 94 95 96 | 86 54 55 56 57 58 59 | 68 85 | 84 1 |
>simulated_k41_l100_71
 0 89 90 91 92 93 94 95 96 97 98 99 | 74 1 2 3 4 5 6 7 8 9 10 11 12 13 14 15 16 17 18 19 20 21 22 23 24 25 26 27 28 29 30 31 32 33 34 35 36 37 38 39 40 41 42 43 44 45 46 47 48 49 50 51 52 53 54 55 56 57 58 59 60 | 88 75 76 77 78 79 80 81 82 83 84 85 86 87 | 61 72 73 | 71 62 63 64 65 66 67 68 69 70 |
>simulated_k41_l100_72
 0 75 76 77 78 79 80 81 82 83 84 85 86 87 | 74 1 2 3 4 5 6 7 8 9 10 11 12 13 14 15 16 17 18 19 20 21 22 23 24 25 26 27 28 29 30 31 32 33 34 35 36 37 38 39 40 41 42 43 44 45 46 47 48 49 50 51 52 53 54 55 56 57 58 59 60 | 88 89 90 91 92 93 94 95 96 97 98 99 | 61 72 73 | 71 62 63 64 65 66 67 68 69 70 |
>simulated_k41_l100_73
 0 75 76 77 78 79 80 81 82 83 84 85 86 87 | 74 62 63 64 65 66 67 68 69 70 | 88 1 2 3 4 5 6 7 8 9 10 11 12 13 14 15 16 17 18 19 20 21 22 23 24 25 26 27 28 29 30 31 32 33 34 35 36 37 38 39 40 41 42 43 44 45 46 47 48 49 50 51 52 53 54 55 56 57 58 59 60 | 61 72 73 | 71 89 90 91 92 93 94 95 96 97 98 99 |
>simulated_k41_l100_74
 0 75 76 77 78 79 80 81 82 83 84 85 86 87 | 74 62 63 64 65 66 67 68 69 70 | 88 1 2 3 4 5 6 7 8 9 10 11 12 13 14 15 16 17 18 19 20 21 22 23 24 25 26 27 28 29 30 31 32 33 34 35 36 37 38 39 40 41 42 43 44 45 46 47 48 49 50 51 52 53 54 55 56 57 58 59 60 | 61 89 90 91 92 93 94 95 96 97 98 99 | 71 72 73 |
>simulated_k41_l100_75
 0 54 55 56 57 58 59 60 | 74 62 63 64 65 66 67 68 69 70 71 72 73 | 88 40 41 42 43 44 45 46 47 48 49 50 51 52 | 61 89 90 91 92 93 94 95 96 97 98 99 | 53 21 22 23 24 25 26 27 28 29 30 31 32 33 34 35 36 37 38 | 20 75 76 77 78 79 80 81 82 83 84 85 86 87 | 39 1 2 3 4 5 6 7 8 9 10 11 12 13 14 15 16 17 18 19 |
>simulated_k41_l100_76
 0 54 55 56 57 58 59 60 | 74 62 63 64 65 66 67 68 69 70 71 72 73 | 88 40 41 42 43 44 45 46 47 48 49 50 51 52 | 61 89 90 91 92 93 94 95 96 97 98 99 | 53 21 22 23 24 25 26 27 28 29 30 31 32 33 34 35 36 37 38 | 20 1 2 3 4 5 6 7 8 9 10 11 12 13 14 15 16 17 18 19 | 39 75 76 77 78 79 80 81 82 83 84 85 86 87 |
>simulated_k41_l100_77
 0 89 90 91 | 74 1 2 3 4 5 6 7 8 9 10 11 12 13 14 15 16 17 18 19 20 21 22 23 24 25 26 27 28 29 | 88 75 76 77 78 79 80 81 82 83 84 85 86 87 | 61 31 32 33 34 35 36 37 38 39 40 41 42 43 44 45 46 47 48 49 50 51 52 53 54 55 56 57 58 59 60 | 92 64 65 66 67 68 69 70 71 72 73 | 30 93 94 95 96 97 98 99 | 63 62 |
>simulated_k41_l100_78
 0 89 90 91 | 74 1 2 3 4 5 6 7 8 9 10 11 12 13 14 15 16 17 18 19 20 21 22 23 24 25 26 27 28 29 | 88 75 76 77 78 79 80 81 82 83 84 85 86 87 | 61 31 32 33 34 35 36 37 38 39 40 41 42 43 44 45 46 47 48 49 50 51 52 53 54 55 56 57 58 59 60 | 92 64 65 66 67 68 69 70 71 72 73 | 30 93 94 95 96 97 98 99 | 63 62 |
>simulated_k41_l100_79
 0 26 27 28 29 30 31 32 33 34 35 36 | 74 75 76 77 78 79 80 81 82 83 84 85 86 87 | 88 1 2 3 4 5 6 7 8 9 10 11 12 13 | 61 89 90 91 92 93 94 95 96 97 98 99 | 37 62 63 64 65 66 67 68 69 70 71 72 73 | 14 38 39 40 41 42 43 44 45 46 47 48 49 50 51 52 53 54 55 56 57 58 59 60 | 25 15 16 17 18 19 20 21 22 23 24 |
>simulated_k41_l100_80
 0 26 27 28 29 30 31 32 33 34 35 36 | 74 75 76 77 78 79 80 81 82 83 84 85 86 87 | 88 1 2 3 4 5 6 7 8 9 10 11 12 13 | 61 89 90 91 92 93 94 95 96 97 98 99 | 37 62 63 64 65 66 67 68 69 70 71 72 73 | 14 38 39 40 41 42 43 44 45 46 47 48 49 50 51 52 53 54 55 56 57 58 59 60 | 25 15 16 17 18 19 20 21 22 23 24 |
>MST_1
 99 98 97 96 95 94 93 92 91 90 89 88 87 86 85 84 83 82 81 80 79 78 77 76 75 74 73 72 | 57 58 | 31 32 | 3 4 5 6 | 34 35 36 | 11 22 | 0 26 27 |
>MST_2
 0 89 88 87 86 85 84 83 82 81 80 79 78 77 76 75 74 73 72 | 57 58 | 26 27 | 31 32 | 93 94 95 96 | 3 4 5 6 | 98 99 | 34 35 36 | 8 9 | 47 48 49 50 | 54 55 | 69 70 | 14 38 62 | 22 11 12 13 | 1 41 42 |
>MST_3
 1 2 3 4 5 6 7 8 9 10 11 12 13 14 15 16 17 18 19 20 21 22 23 24 25 26 27 28 29 30 31 32 33 34 35 36 37 38 39 40 41 42 43 44 45 46 47 48 49 50 51 52 53 54 55 56 57 58 59 60 61 62 63 64 65 66 67 68 69 70 71 72 | 93 94 95 96 | 98 99 | 75 76 77 78 | 89 90 91 |
>MST_4
 31 32 33 34 35 36 | 93 94 95 96 | 3 4 5 6 | 98 99 | 8 9 | 89 90 91 | 54 55 | 69 70 | 11 12 13 | 72 73 | 40 41 42 | 16 17 | 82 83 | 25 26 27 | 21 22 23 24 | 66 67 | 14 38 | 10 75 76 77 78 79 | 37 62 63 | 0 46 47 48 49 50 | 53 57 58 | 39 1 51 |
>MST_5
 31 32 33 34 35 36 | 93 94 95 96 | 3 4 5 6 | 98 99 | 89 90 91 | 54 55 | 69 70 | 11 12 13 | 40 41 42 | 16 17 | 25 26 27 | 81 82 83 | 56 57 58 59 | 20 21 22 23 24 | 7 8 9 10 75 76 77 78 79 | 45 46 47 48 49 50 | 14 38 39 | 61 72 73 | 37 62 63 | 0 66 67 | 84 1 51 52 |
>MST_6
 93 94 95 96 | 3 4 5 6 | 98 99 | 89 90 91 | 54 55 56 57 58 59 | 69 70 | 62 63 | 81 82 83 84 85 | 20 21 22 23 24 | 7 8 9 10 11 12 13 | 14 15 16 17 | 65 66 67 | 44 45 46 47 48 49 50 | 64 92 | 1 51 52 | 61 72 73 | 0 31 32 33 34 35 36 37 38 39 40 41 42 | 53 25 26 27 | 43 75 76 77 78 79 |
>MST_7
 93 94 95 96 | 3 4 5 6 7 8 9 10 11 12 13 14 15 16 17 18 | 98 99 | 75 76 77 78 79 80 | 89 90 91 | 44 45 46 47 48 49 50 51 52 | 68 69 70 | 92 64 65 66 67 | 71 62 63 | 86 61 72 73 | 0 31 32 33 34 35 36 37 38 39 40 41 42 43 54 55 56 57 58 59 | 2 81 82 83 84 85 | 1 20 21 22 23 24 25 26 27 |
>MST_8
 93 94 95 96 | 98 99 | 75 76 77 78 79 80 81 82 83 84 85 | 89 90 91 | 72 73 | 68 69 70 | 92 64 65 66 67 74 | 28 61 31 32 33 34 35 36 37 38 39 40 41 42 43 54 55 56 57 58 59 | 71 62 63 | 0 3 4 5 6 7 8 9 10 11 12 13 14 15 16 17 18 | 53 44 45 46 47 48 49 50 51 52 | 2 20 21 22 23 24 25 26 27 |
>MST_9
 93 94 95 96 | 75 76 77 78 79 80 81 82 83 84 85 | 89 90 91 | 54 55 56 57 58 59 | 72 73 | 86 87 | 92 64 65 66 67 68 69 70 | 74 3 4 5 6 7 8 9 10 11 12 13 14 15 16 17 18 | 28 61 31 32 33 34 35 36 37 38 39 40 41 42 43 44 45 46 47 48 49 50 51 52 | 71 62 63 | 2 98 99 | 0 20 21 22 23 24 25 26 27 |
>MST_10
 75 76 77 78 79 80 81 82 83 84 85 | 89 90 91 | 54 55 56 57 58 59 | 62 63 64 65 66 67 68 69 70 71 72 73 | 19 20 21 22 23 24 25 26 27 28 61 31 32 33 34 35 36 37 38 39 40 41 42 43 44 45 46 47 48 49 50 51 52 | 74 3 4 5 6 7 8 9 10 11 12 13 14 15 16 17 18 | 30 93 94 95 96 | 1 86 87 | 29 2 98 99 |
>MST_11
 93 94 95 96 | 75 76 77 78 79 80 81 82 83 84 85 | 54 55 56 57 58 59 60 | 62 63 64 65 66 67 68 69 70 71 72 73 | 19 20 21 22 23 24 25 26 27 28 29 97 | 30 31 32 33 34 35 36 37 38 39 40 41 42 43 44 45 46 47 48 49 50 51 52 | 74 89 90 91 | 53 98 99 | 0 3 4 5 6 7 8 9 10 11 12 13 14 15 16 17 18 | 61 86 87 |
>MST_12
 93 94 95 96 | 75 76 77 78 79 80 81 82 83 84 85 86 87 | 54 55 56 57 58 59 60 | 62 63 64 65 66 67 68 69 70 71 72 73 | 74 89 90 91 | 53 98 99 | 88 19 20 21 22 23 24 25 26 27 28 29 97 3 4 5 6 7 8 9 10 11 12 13 14 15 16 17 18 | 1 30 31 32 33 34 35 36 37 38 39 40 41 42 43 44 45 46 47 48 49 50 51 52 |
>MST_13
 93 94 95 96 | 75 76 77 78 79 80 81 82 83 84 85 86 87 | 54 55 56 57 58 59 60 | 62 63 64 65 66 67 68 69 70 71 72 73 | 74 89 90 91 | 53 98 99 | 97 3 4 5 6 7 8 9 10 11 12 13 14 15 16 17 18 1 | 88 19 20 21 22 23 24 25 26 27 28 29 30 31 32 33 34 35 36 37 38 39 40 41 42 43 44 45 46 47 48 49 50 51 52 |
>MST_14
 54 55 56 57 58 59 60 | 62 63 64 65 66 67 68 69 70 71 72 73 | 1 2 75 76 77 78 79 80 81 82 83 84 85 86 87 | 74 89 90 91 | 53 98 99 | 97 3 4 5 6 7 8 9 10 11 12 13 14 15 16 17 18 19 20 21 22 23 24 25 26 27 28 29 30 31 32 33 34 35 36 37 38 39 40 41 42 43 44 45 46 47 48 49 50 51 52 | 0 93 94 95 96 |
>MST_15
 75 76 77 78 79 80 81 82 83 84 85 86 87 | 54 55 56 57 58 59 60 | 62 63 64 65 66 67 68 69 70 71 72 73 | 1 2 3 4 5 6 7 8 9 10 11 12 13 14 15 16 17 18 19 20 21 22 23 24 25 26 27 28 29 30 31 32 33 34 35 36 37 38 39 40 41 42 43 44 45 46 47 48 49 50 51 52 | 97 98 99 | 0 89 90 91 | 74 93 94 95 96 |
>MST_16
 54 55 56 57 58 59 60 | 62 63 64 65 66 67 68 69 70 71 72 73 | 1 2 3 4 5 6 7 8 9 10 11 12 13 14 15 16 17 18 19 20 21 22 23 24 25 26 27 28 29 30 31 32 33 34 35 36 37 38 39 40 41 42 43 44 45 46 47 48 49 50 51 52 | 0 89 90 91 | 74 93 94 95 96 97 98 99 | 92 75 76 77 78 79 80 81 82 83 84 85 86 87 |
>MST_17
 54 55 56 57 58 59 60 93 94 95 96 97 98 99 | 62 63 64 65 66 67 68 69 70 71 72 73 | 1 2 3 4 5 6 7 8 9 10 11 12 13 14 15 16 17 18 19 20 21 22 23 24 25 26 27 28 29 30 31 32 33 34 35 36 37 38 39 40 41 42 43 44 45 46 47 48 49 50 51 52 | 0 89 90 91 | 92 75 76 77 78 79 80 81 82 83 84 85 86 87 |
>MST_18
 54 55 56 57 58 59 60 93 94 95 96 97 98 99 | 62 63 64 65 66 67 68 69 70 71 72 73 | 1 2 3 4 5 6 7 8 9 10 11 12 13 14 15 16 17 18 19 20 21 22 23 24 25 26 27 28 29 30 31 32 33 34 35 36 37 38 39 40 41 42 43 44 45 46 47 48 49 50 51 52 53 | 0 89 90 91 | 61 75 76 77 78 79 80 81 82 83 84 85 86 87 |
>MST_19
 62 63 64 65 66 67 68 69 70 71 72 73 | 1 2 3 4 5 6 7 8 9 10 11 12 13 14 15 16 17 18 19 20 21 22 23 24 25 26 27 28 29 30 31 32 33 34 35 36 37 38 39 40 41 42 43 44 45 46 47 48 49 50 51 52 53 61 89 90 91 | 88 75 76 77 78 79 80 81 82 83 84 85 86 87 | 0 54 55 56 57 58 59 60 93 94 95 96 97 98 99 |
>MST_20
 1 2 3 4 5 6 7 8 9 10 11 12 13 14 15 16 17 18 19 20 21 22 23 24 25 26 27 28 29 30 31 32 33 34 35 36 37 38 39 40 41 42 43 44 45 46 47 48 49 50 51 52 53 54 55 56 57 58 59 60 93 94 95 96 97 98 99 | 88 75 76 77 78 79 80 81 82 83 84 85 86 87 | 61 89 90 91 | 74 62 63 64 65 66 67 68 69 70 71 72 73 |
>MST_21
 1 2 3 4 5 6 7 8 9 10 11 12 13 14 15 16 17 18 19 20 21 22 23 24 25 26 27 28 29 30 31 32 33 34 35 36 37 38 39 40 41 42 43 44 45 46 47 48 49 50 51 52 53 54 55 56 57 58 59 60 | 92 93 94 95 96 97 98 99 | 88 75 76 77 78 79 80 81 82 83 84 85 86 87 | 61 89 90 91 | 74 62 63 64 65 66 67 68 69 70 71 72 73 |
>MST_22
 1 2 3 4 5 6 7 8 9 10 11 12 13 14 15 16 17 18 19 20 21 22 23 24 25 26 27 28 29 30 31 32 33 34 35 36 37 38 39 40 41 42 43 44 45 46 47 48 49 50 51 52 53 54 55 56 57 58 59 60 | 92 93 94 95 96 97 98 99 | 88 75 76 77 78 79 80 81 82 83 84 85 86 87 | 61 89 90 91 | 74 62 63 64 65 66 67 68 69 70 71 72 73 |
>MST_23
 1 2 3 4 5 6 7 8 9 10 11 12 13 14 15 16 17 18 19 20 21 22 23 24 25 26 27 28 29 30 31 32 33 34 35 36 37 38 39 40 41 42 43 44 45 46 47 48 49 50 51 52 53 54 55 56 57 58 59 60 | 88 75 76 77 78 79 80 81 82 83 84 85 86 87 92 93 94 95 96 97 98 99 | 61 89 90 91 | 74 62 63 64 65 66 67 68 69 70 71 72 73 |
>MST_24
 1 2 3 4 5 6 7 8 9 10 11 12 13 14 15 16 17 18 19 20 21 22 23 24 25 26 27 28 29 30 31 32 33 34 35 36 37 38 39 40 41 42 43 44 45 46 47 48 49 50 51 52 53 54 55 56 57 58 59 60 | 61 62 63 64 65 66 67 68 69 70 71 72 73 | 88 75 76 77 78 79 80 81 82 83 84 85 86 87 92 93 94 95 96 97 98 99 | 0 89 90 91 74 |
>MST_25
 1 2 3 4 5 6 7 8 9 10 11 12 13 14 15 16 17 18 19 20 21 22 23 24 25 26 27 28 29 30 31 32 33 34 35 36 37 38 39 40 41 42 43 44 45 46 47 48 49 50 51 52 53 54 55 56 57 58 59 60 | 61 62 63 64 65 66 67 68 69 70 71 72 73 | 88 75 76 77 78 79 80 81 82 83 84 85 86 87 | 0 89 90 91 92 93 94 95 96 97 98 99 |
>MST_26
 75 76 77 78 79 80 81 82 83 84 85 86 87 | 1 2 3 4 5 6 7 8 9 10 11 12 13 14 15 16 17 18 19 20 21 22 23 24 25 26 27 28 29 30 31 32 33 34 35 36 37 38 39 40 41 42 43 44 45 46 47 48 49 50 51 52 53 54 55 56 57 58 59 60 | 61 62 63 64 65 66 67 68 69 70 71 72 73 | 88 89 90 91 92 93 94 95 96 97 98 99 |
>MST_27
 75 76 77 78 79 80 81 82 83 84 85 86 87 88 89 90 91 92 93 94 95 96 97 98 99 | 1 2 3 4 5 6 7 8 9 10 11 12 13 14 15 16 17 18 19 20 21 22 23 24 25 26 27 28 29 30 31 32 33 34 35 36 37 38 39 40 41 42 43 44 45 46 47 48 49 50 51 52 53 54 55 56 57 58 59 60 | 61 62 63 64 65 66 67 68 69 70 71 72 73 |
>MST_28
 1 2 3 4 5 6 7 8 9 10 11 12 13 14 15 16 17 18 19 20 21 22 23 24 25 26 27 28 29 30 31 32 33 34 35 36 37 38 39 40 41 42 43 44 45 46 47 48 49 50 51 52 53 54 55 56 57 58 59 60 | 61 62 63 64 65 66 67 68 69 70 71 72 73 | 0 75 76 77 78 79 80 81 82 83 84 85 86 87 88 89 90 91 92 93 94 95 96 97 98 99 |
>MST_29
 61 62 63 64 65 66 67 68 69 70 71 72 73 | 74 1 2 3 4 5 6 7 8 9 10 11 12 13 14 15 16 17 18 19 20 21 22 23 24 25 26 27 28 29 30 31 32 33 34 35 36 37 38 39 40 41 42 43 44 45 46 47 48 49 50 51 52 53 54 55 56 57 58 59 60 | 0 75 76 77 78 79 80 81 82 83 84 85 86 87 88 89 90 91 92 93 94 95 96 97 98 99 |
>MST_30
 61 62 63 64 65 66 67 68 69 70 71 72 73 | 74 1 2 3 4 5 6 7 8 9 10 11 12 13 14 15 16 17 18 19 20 21 22 23 24 25 26 27 28 29 30 31 32 33 34 35 36 37 38 39 40 41 42 43 44 45 46 47 48 49 50 51 52 53 54 55 56 57 58 59 60 | 0 75 76 77 78 79 80 81 82 83 84 85 86 87 88 89 90 91 92 93 94 95 96 97 98 99 |
>MST_31
 61 62 63 64 65 66 67 68 69 70 71 72 73 | 74 1 2 3 4 5 6 7 8 9 10 11 12 13 14 15 16 17 18 19 20 21 22 23 24 25 26 27 28 29 30 31 32 33 34 35 36 37 38 39 40 41 42 43 44 45 46 47 48 49 50 51 52 53 54 55 56 57 58 59 60 | 0 75 76 77 78 79 80 81 82 83 84 85 86 87 88 89 90 91 92 93 94 95 96 97 98 99 |
>MST_32
 61 62 63 64 65 66 67 68 69 70 71 72 73 | 74 1 2 3 4 5 6 7 8 9 10 11 12 13 14 15 16 17 18 19 20 21 22 23 24 25 26 27 28 29 30 31 32 33 34 35 36 37 38 39 40 41 42 43 44 45 46 47 48 49 50 51 52 53 54 55 56 57 58 59 60 | 0 75 76 77 78 79 80 81 82 83 84 85 86 87 88 89 90 91 92 93 94 95 96 97 98 99 |
>MST_33
 1 2 3 4 5 6 7 8 9 10 11 12 13 14 15 16 17 18 19 20 21 22 23 24 25 26 27 28 29 30 31 32 33 34 35 36 37 38 39 40 41 42 43 44 45 46 47 48 49 50 51 52 53 54 55 56 57 58 59 60 61 62 63 64 65 66 67 68 69 70 71 72 73 | 74 75 76 77 78 79 80 81 82 83 84 85 86 87 88 89 90 91 92 93 94 95 96 97 98 99 |
>MST_34
 1 2 3 4 5 6 7 8 9 10 11 12 13 14 15 16 17 18 19 20 21 22 23 24 25 26 27 28 29 30 31 32 33 34 35 36 37 38 39 40 41 42 43 44 45 46 47 48 49 50 51 52 53 54 55 56 57 58 59 60 61 62 63 64 65 66 67 68 69 70 71 72 73 | 74 75 76 77 78 79 80 81 82 83 84 85 86 87 88 89 90 91 92 93 94 95 96 97 98 99 |
>MST_35
 1 2 3 4 5 6 7 8 9 10 11 12 13 14 15 16 17 18 19 20 21 22 23 24 25 26 27 28 29 30 31 32 33 34 35 36 37 38 39 40 41 42 43 44 45 46 47 48 49 50 51 52 53 54 55 56 57 58 59 60 61 62 63 64 65 66 67 68 69 70 71 72 73 74 75 76 77 78 79 80 81 82 83 84 85 86 87 88 89 90 91 92 93 94 95 96 97 98 99 |
>MST_36
 1 2 3 4 5 6 7 8 9 10 11 12 13 14 15 16 17 18 19 20 21 22 23 24 25 26 27 28 29 30 31 32 33 34 35 36 37 38 39 40 41 42 43 44 45 46 47 48 49 50 51 52 53 54 55 56 57 58 59 60 61 62 63 64 65 66 67 68 69 70 71 72 73 74 75 76 77 78 79 80 81 82 83 84 85 86 87 88 89 90 91 92 93 94 95 96 97 98 99 |
>MST_37
 1 2 3 4 5 6 7 8 9 10 11 12 13 14 15 16 17 18 19 20 21 22 23 24 25 26 27 28 29 30 31 32 33 34 35 36 37 38 39 40 41 42 43 44 45 46 47 48 49 50 51 52 53 54 55 56 57 58 59 60 61 62 63 64 65 66 67 68 69 70 71 72 73 74 75 76 77 78 79 80 81 82 83 84 85 86 87 88 89 90 91 92 93 94 95 96 97 98 99 |
>MST_38
 0 1 2 3 4 5 6 7 8 9 10 11 12 13 14 15 16 17 18 19 20 21 22 23 24 25 26 27 28 29 30 31 32 33 34 35 36 37 38 39 40 41 42 43 44 45 46 47 48 49 50 51 52 53 54 55 56 57 58 59 60 61 62 63 64 65 66 67 68 69 70 71 72 73 74 75 76 77 78 79 80 81 82 83 84 85 86 87 88 89 90 91 92 93 94 95 96 97 98 99 |
>MST_39
 0 1 2 3 4 5 6 7 8 9 10 11 12 13 14 15 16 17 18 19 20 21 22 23 24 25 26 27 28 29 30 31 32 33 34 35 36 37 38 39 40 41 42 43 44 45 46 47 48 49 50 51 52 53 54 55 56 57 58 59 60 61 62 63 64 65 66 67 68 69 70 71 72 73 74 75 76 77 78 79 80 81 82 83 84 85 86 87 88 89 90 91 92 93 94 95 96 97 98 99 |
>MST_40
 0 1 2 3 4 5 6 7 8 9 10 11 12 13 14 15 16 17 18 19 20 21 22 23 24 25 26 27 28 29 30 31 32 33 34 35 36 37 38 39 40 41 42 43 44 45 46 47 48 49 50 51 52 53 54 55 56 57 58 59 60 61 62 63 64 65 66 67 68 69 70 71 72 73 74 75 76 77 78 79 80 81 82 83 84 85 86 87 88 89 90 91 92 93 94 95 96 97 98 99 |
>MST_41
 0 1 2 3 4 5 6 7 8 9 10 11 12 13 14 15 16 17 18 19 20 21 22 23 24 25 26 27 28 29 30 31 32 33 34 35 36 37 38 39 40 41 42 43 44 45 46 47 48 49 50 51 52 53 54 55 56 57 58 59 60 61 62 63 64 65 66 67 68 69 70 71 72 73 74 75 76 77 78 79 80 81 82 83 84 85 86 87 88 89 90 91 92 93 94 95 96 97 98 99 |
>MST_42
 33 75 71 | 44 93 43 | 64 62 88 40 | 68 85 | 21 53 69 28 1 15 25 | 8 60 83 | 31 65 74 19 45 | 42 2 54 92 | 18 23 | 37 89 | 56 97 | 7 29 87 0 52 |
>MST_43
 33 75 29 18 31 | 68 85 | 21 53 69 28 87 0 52 | 47 57 | 50 56 98 | 13 48 | 14 64 62 88 40 | 49 65 74 55 | 46 59 84 | 11 86 | 72 80 67 | 73 79 | 30 66 89 10 | 39 61 82 | 19 81 23 | 97 44 93 2 54 16 | 90 15 25 45 60 1 24 3 92 |
>MST_44
 85 34 88 31 63 72 | 60 98 16 | 47 97 17 53 20 74 64 | 8 92 45 | 7 93 61 | 2 56 | 30 41 | 40 62 | 68 29 46 | 54 84 | 89 71 1 19 3 86 | 39 75 |
>SEQ_0
 57 58 | 31 32 | 93 94 95 96 | 3 4 5 6 | 98 99 | 11 22 | 33 75 76 77 78 | 0 26 27 | 13 48 | 49 65 | 7 69 | 15 90 | 85 34 35 36 | 30 41 | 8 68 |
>SEQ_1
 57 58 | 31 32 | 93 94 95 96 | 3 4 5 6 | 98 99 | 72 73 | 89 90 91 | 54 55 | 14 38 | 22 11 12 13 | 33 75 76 77 78 79 | 28 69 70 | 21 53 | 37 62 40 | 0 26 27 | 25 45 | 61 82 83 | 18 23 81 | 88 34 35 36 | 92 8 9 | 29 46 59 | 56 97 47 48 49 50 | 84 1 41 42 |
>SEQ_2
 57 58 | 93 94 95 96 | 3 4 5 6 | 89 90 91 | 11 12 13 | 16 17 | 81 82 83 60 8 9 | 66 67 | 14 38 | 10 75 76 77 78 79 | 28 69 70 | 88 40 41 42 | 53 21 22 23 24 | 15 25 26 27 | 37 62 63 31 32 33 34 35 36 | 0 46 47 48 49 50 | 59 84 54 55 | 80 72 73 | 2 56 98 99 | 19 45 92 | 39 1 51 |
>SEQ_3
 93 94 95 96 | 98 99 | 54 55 | 16 17 53 69 70 | 20 21 22 23 24 3 4 5 6 | 7 8 9 10 75 76 77 78 79 | 14 38 39 61 72 73 | 64 62 63 | 88 40 41 42 | 15 25 26 27 | 60 45 46 47 48 49 50 56 57 58 59 | 86 11 12 13 | 68 1 51 52 | 30 66 67 80 | 18 31 32 33 34 35 36 | 44 65 74 | 2 81 82 83 84 85 | 37 89 90 91 |
>SEQ_4
 75 76 77 78 79 80 98 99 | 3 4 5 6 | 54 55 56 57 58 59 | 25 26 27 | 62 63 | 20 21 22 23 24 1 51 52 | 7 8 9 10 11 12 13 | 14 15 16 17 97 | 44 45 46 47 48 49 50 | 64 92 | 86 61 72 73 | 0 31 32 33 34 35 36 37 38 39 40 41 42 2 | 53 69 70 | 74 65 66 67 | 19 81 82 83 84 85 | 43 93 94 95 96 | 29 68 | 71 89 90 91 |
>SEQ_5
 75 76 77 78 79 80 81 82 83 84 85 68 69 70 | 93 94 95 96 | 3 4 5 6 7 8 9 10 11 12 13 14 15 16 17 18 | 98 99 | 74 89 90 91 | 92 64 65 66 67 | 71 62 63 | 86 61 72 73 | 0 31 32 33 34 35 36 37 38 39 40 41 42 43 54 55 56 57 58 59 | 97 44 45 46 47 48 49 50 51 52 | 2 20 21 22 23 24 25 26 27 |
>SEQ_6
 75 76 77 78 79 80 81 82 83 84 85 68 69 70 | 93 94 95 96 | 86 87 | 92 64 65 66 67 74 89 90 91 | 71 62 63 | 0 20 21 22 23 24 25 26 27 | 1 28 61 31 32 33 34 35 36 37 38 39 40 41 42 43 54 55 56 57 58 59 | 53 44 45 46 47 48 49 50 51 52 | 60 98 99 | 19 3 4 5 6 7 8 9 10 11 12 13 14 15 16 17 18 | 88 72 73 |
>SEQ_7
 75 76 77 78 79 80 81 82 83 84 85 | 93 94 95 96 | 54 55 56 57 58 59 | 86 87 28 61 31 32 33 34 35 36 37 38 39 40 41 42 43 44 45 46 47 48 49 50 51 52 | 74 89 90 91 | 92 64 65 66 67 68 69 70 | 0 3 4 5 6 7 8 9 10 11 12 13 14 15 16 17 18 29 2 98 99 | 53 20 21 22 23 24 25 26 27 | 1 71 62 63 72 73 |
>SEQ_8
 54 55 56 57 58 59 | 62 63 64 65 66 67 68 69 70 71 72 73 | 19 20 21 22 23 24 25 26 27 28 61 31 32 33 34 35 36 37 38 39 40 41 42 43 44 45 46 47 48 49 50 51 52 | 74 89 90 91 | 30 93 94 95 96 | 2 98 99 | 0 3 4 5 6 7 8 9 10 11 12 13 14 15 16 17 18 | 1 86 87 29 75 76 77 78 79 80 81 82 83 84 85 |
>SEQ_9
 75 76 77 78 79 80 81 82 83 84 85 86 87 | 54 55 56 57 58 59 60 | 62 63 64 65 66 67 68 69 70 71 72 73 | 30 31 32 33 34 35 36 37 38 39 40 41 42 43 44 45 46 47 48 49 50 51 52 | 61 89 90 91 | 53 98 99 | 74 3 4 5 6 7 8 9 10 11 12 13 14 15 16 17 18 | 1 19 20 21 22 23 24 25 26 27 28 29 97 93 94 95 96 |
>SEQ_10
 75 76 77 78 79 80 81 82 83 84 85 86 87 | 93 94 95 96 | 54 55 56 57 58 59 60 | 62 63 64 65 66 67 68 69 70 71 72 73 | 61 89 90 91 | 53 98 99 | 74 30 31 32 33 34 35 36 37 38 39 40 41 42 43 44 45 46 47 48 49 50 51 52 | 88 19 20 21 22 23 24 25 26 27 28 29 97 3 4 5 6 7 8 9 10 11 12 13 14 15 16 17 18 |
>SEQ_11
 75 76 77 78 79 80 81 82 83 84 85 86 87 | 62 63 64 65 66 67 68 69 70 71 72 73 | 61 89 90 91 | 53 98 99 | 97 3 4 5 6 7 8 9 10 11 12 13 14 15 16 17 18 1 | 88 19 20 21 22 23 24 25 26 27 28 29 30 31 32 33 34 35 36 37 38 39 40 41 42 43 44 45 46 47 48 49 50 51 52 | 2 54 55 56 57 58 59 60 | 0 93 94 95 96 |
>SEQ_12
 75 76 77 78 79 80 81 82 83 84 85 86 87 | 62 63 64 65 66 67 68 69 70 71 72 73 | 1 2 54 55 56 57 58 59 60 | 61 89 90 91 | 53 98 99 | 97 3 4 5 6 7 8 9 10 11 12 13 14 15 16 17 18 19 20 21 22 23 24 25 26 27 28 29 30 31 32 33 34 35 36 37 38 39 40 41 42 43 44 45 46 47 48 49 50 51 52 | 74 93 94 95 96 |
>SEQ_13
 75 76 77 78 79 80 81 82 83 84 85 86 87 | 62 63 64 65 66 67 68 69 70 71 72 73 | 1 2 3 4 5 6 7 8 9 10 11 12 13 14 15 16 17 18 19 20 21 22 23 24 25 26 27 28 29 30 31 32 33 34 35 36 37 38 39 40 41 42 43 44 45 46 47 48 49 50 51 52 | 97 98 99 | 61 89 90 91 | 0 54 55 56 57 58 59 60 | 74 93 94 95 96 |
>SEQ_14
 62 63 64 65 66 67 68 69 70 71 72 73 | 1 2 3 4 5 6 7 8 9 10 11 12 13 14 15 16 17 18 19 20 21 22 23 24 25 26 27 28 29 30 31 32 33 34 35 36 37 38 39 40 41 42 43 44 45 46 47 48 49 50 51 52 0 54 55 56 57 58 59 60 | 61 89 90 91 | 74 93 94 95 96 97 98 99 | 92 75 76 77 78 79 80 81 82 83 84 85 86 87 |
>SEQ_15
 62 63 64 65 66 67 68 69 70 71 72 73 | 1 2 3 4 5 6 7 8 9 10 11 12 13 14 15 16 17 18 19 20 21 22 23 24 25 26 27 28 29 30 31 32 33 34 35 36 37 38 39 40 41 42 43 44 45 46 47 48 49 50 51 52 0 54 55 56 57 58 59 60 93 94 95 96 97 98 99 | 61 89 90 91 | 92 75 76 77 78 79 80 81 82 83 84 85 86 87 |
>SEQ_16
 54 55 56 57 58 59 60 93 94 95 96 97 98 99 | 62 63 64 65 66 67 68 69 70 71 72 73 | 1 2 3 4 5 6 7 8 9 10 11 12 13 14 15 16 17 18 19 20 21 22 23 24 25 26 27 28 29 30 31 32 33 34 35 36 37 38 39 40 41 42 43 44 45 46 47 48 49 50 51 52 53 | 88 75 76 77 78 79 80 81 82 83 84 85 86 87 | 0 89 90 91 |
>SEQ_17
 62 63 64 65 66 67 68 69 70 71 72 73 | 1 2 3 4 5 6 7 8 9 10 11 12 13 14 15 16 17 18 19 20 21 22 23 24 25 26 27 28 29 30 31 32 33 34 35 36 37 38 39 40 41 42 43 44 45 46 47 48 49 50 51 52 53 61 | 88 75 76 77 78 79 80 81 82 83 84 85 86 87 | 0 89 90 91 | 92 54 55 56 57 58 59 60 93 94 95 96 97 98 99 |
>SEQ_18
 1 2 3 4 5 6 7 8 9 10 11 12 13 14 15 16 17 18 19 20 21 22 23 24 25 26 27 28 29 30 31 32 33 34 35 36 37 38 39 40 41 42 43 44 45 46 47 48 49 50 51 52 53 54 55 56 57 58 59 60 93 94 95 96 97 98 99 | 88 75 76 77 78 79 80 81 82 83 84 85 86 87 | 0 89 90 91 | 74 62 63 64 65 66 67 68 69 70 71 72 73 |
>SEQ_19
 1 2 3 4 5 6 7 8 9 10 11 12 13 14 15 16 17 18 19 20 21 22 23 24 25 26 27 28 29 30 31 32 33 34 35 36 37 38 39 40 41 42 43 44 45 46 47 48 49 50 51 52 53 54 55 56 57 58 59 60 | 92 93 94 95 96 97 98 99 | 88 75 76 77 78 79 80 81 82 83 84 85 86 87 | 0 89 90 91 | 74 62 63 64 65 66 67 68 69 70 71 72 73 |
>SEQ_20
 1 2 3 4 5 6 7 8 9 10 11 12 13 14 15 16 17 18 19 20 21 22 23 24 25 26 27 28 29 30 31 32 33 34 35 36 37 38 39 40 41 42 43 44 45 46 47 48 49 50 51 52 53 54 55 56 57 58 59 60 | 88 75 76 77 78 79 80 81 82 83 84 85 86 87 92 93 94 95 96 97 98 99 | 0 89 90 91 | 74 62 63 64 65 66 67 68 69 70 71 72 73 |
>SEQ_21
 1 2 3 4 5 6 7 8 9 10 11 12 13 14 15 16 17 18 19 20 21 22 23 24 25 26 27 28 29 30 31 32 33 34 35 36 37 38 39 40 41 42 43 44 45 46 47 48 49 50 51 52 53 54 55 56 57 58 59 60 | 88 75 76 77 78 79 80 81 82 83 84 85 86 87 0 89 90 91 | 74 62 63 64 65 66 67 68 69 70 71 72 73 | 61 92 93 94 95 96 97 98 99 |
>SEQ_22
 1 2 3 4 5 6 7 8 9 10 11 12 13 14 15 16 17 18 19 20 21 22 23 24 25 26 27 28 29 30 31 32 33 34 35 36 37 38 39 40 41 42 43 44 45 46 47 48 49 50 51 52 53 54 55 56 57 58 59 60 | 61 62 63 64 65 66 67 68 69 70 71 72 73 | 88 75 76 77 78 79 80 81 82 83 84 85 86 87 92 93 94 95 96 97 98 99 | 0 89 90 91 74 |
>SEQ_23
 75 76 77 78 79 80 81 82 83 84 85 86 87 0 | 1 2 3 4 5 6 7 8 9 10 11 12 13 14 15 16 17 18 19 20 21 22 23 24 25 26 27 28 29 30 31 32 33 34 35 36 37 38 39 40 41 42 43 44 45 46 47 48 49 50 51 52 53 54 55 56 57 58 59 60 | 61 62 63 64 65 66 67 68 69 70 71 72 73 | 88 89 90 91 92 93 94 95 96 97 98 99 |
>SEQ_24
 75 76 77 78 79 80 81 82 83 84 85 86 87 88 89 90 91 92 93 94 95 96 97 98 99 | 1 2 3 4 5 6 7 8 9 10 11 12 13 14 15 16 17 18 19 20 21 22 23 24 25 26 27 28 29 30 31 32 33 34 35 36 37 38 39 40 41 42 43 44 45 46 47 48 49 50 51 52 53 54 55 56 57 58 59 60 | 61 62 63 64 65 66 67 68 69 70 71 72 73 |
>SEQ_25
 1 2 3 4 5 6 7 8 9 10 11 12 13 14 15 16 17 18 19 20 21 22 23 24 25 26 27 28 29 30 31 32 33 34 35 36 37 38 39 40 41 42 43 44 45 46 47 48 49 50 51 52 53 54 55 56 57 58 59 60 | 61 62 63 64 65 66 67 68 69 70 71 72 73 | 0 75 76 77 78 79 80 81 82 83 84 85 86 87 88 89 90 91 92 93 94 95 96 97 98 99 |
>SEQ_26
 61 62 63 64 65 66 67 68 69 70 71 72 73 | 74 1 2 3 4 5 6 7 8 9 10 11 12 13 14 15 16 17 18 19 20 21 22 23 24 25 26 27 28 29 30 31 32 33 34 35 36 37 38 39 40 41 42 43 44 45 46 47 48 49 50 51 52 53 54 55 56 57 58 59 60 | 0 75 76 77 78 79 80 81 82 83 84 85 86 87 88 89 90 91 92 93 94 95 96 97 98 99 |
>SEQ_27
 61 62 63 64 65 66 67 68 69 70 71 72 73 | 74 1 2 3 4 5 6 7 8 9 10 11 12 13 14 15 16 17 18 19 20 21 22 23 24 25 26 27 28 29 30 31 32 33 34 35 36 37 38 39 40 41 42 43 44 45 46 47 48 49 50 51 52 53 54 55 56 57 58 59 60 | 0 75 76 77 78 79 80 81 82 83 84 85 86 87 88 89 90 91 92 93 94 95 96 97 98 99 |
>SEQ_28
 61 62 63 64 65 66 67 68 69 70 71 72 73 | 74 1 2 3 4 5 6 7 8 9 10 11 12 13 14 15 16 17 18 19 20 21 22 23 24 25 26 27 28 29 30 31 32 33 34 35 36 37 38 39 40 41 42 43 44 45 46 47 48 49 50 51 52 53 54 55 56 57 58 59 60 | 0 75 76 77 78 79 80 81 82 83 84 85 86 87 88 89 90 91 92 93 94 95 96 97 98 99 |
>SEQ_29
 61 62 63 64 65 66 67 68 69 70 71 72 73 | 74 1 2 3 4 5 6 7 8 9 10 11 12 13 14 15 16 17 18 19 20 21 22 23 24 25 26 27 28 29 30 31 32 33 34 35 36 37 38 39 40 41 42 43 44 45 46 47 48 49 50 51 52 53 54 55 56 57 58 59 60 | 0 75 76 77 78 79 80 81 82 83 84 85 86 87 88 89 90 91 92 93 94 95 96 97 98 99 |
>SEQ_30
 1 2 3 4 5 6 7 8 9 10 11 12 13 14 15 16 17 18 19 20 21 22 23 24 25 26 27 28 29 30 31 32 33 34 35 36 37 38 39 40 41 42 43 44 45 46 47 48 49 50 51 52 53 54 55 56 57 58 59 60 | 61 62 63 64 65 66 67 68 69 70 71 72 73 | 74 75 76 77 78 79 80 81 82 83 84 85 86 87 88 89 90 91 92 93 94 95 96 97 98 99 |
>SEQ_31
 1 2 3 4 5 6 7 8 9 10 11 12 13 14 15 16 17 18 19 20 21 22 23 24 25 26 27 28 29 30 31 32 33 34 35 36 37 38 39 40 41 42 43 44 45 46 47 48 49 50 51 52 53 54 55 56 57 58 59 60 61 62 63 64 65 66 67 68 69 70 71 72 73 | 74 75 76 77 78 79 80 81 82 83 84 85 86 87 88 89 90 91 92 93 94 95 96 97 98 99 |
>SEQ_32
 1 2 3 4 5 6 7 8 9 10 11 12 13 14 15 16 17 18 19 20 21 22 23 24 25 26 27 28 29 30 31 32 33 34 35 36 37 38 39 40 41 42 43 44 45 46 47 48 49 50 51 52 53 54 55 56 57 58 59 60 61 62 63 64 65 66 67 68 69 70 71 72 73 74 75 76 77 78 79 80 81 82 83 84 85 86 87 88 89 90 91 92 93 94 95 96 97 98 99 |
>SEQ_33
 1 2 3 4 5 6 7 8 9 10 11 12 13 14 15 16 17 18 19 20 21 22 23 24 25 26 27 28 29 30 31 32 33 34 35 36 37 38 39 40 41 42 43 44 45 46 47 48 49 50 51 52 53 54 55 56 57 58 59 60 61 62 63 64 65 66 67 68 69 70 71 72 73 74 75 76 77 78 79 80 81 82 83 84 85 86 87 88 89 90 91 92 93 94 95 96 97 98 99 |
>SEQ_34
 1 2 3 4 5 6 7 8 9 10 11 12 13 14 15 16 17 18 19 20 21 22 23 24 25 26 27 28 29 30 31 32 33 34 35 36 37 38 39 40 41 42 43 44 45 46 47 48 49 50 51 52 53 54 55 56 57 58 59 60 61 62 63 64 65 66 67 68 69 70 71 72 73 74 75 76 77 78 79 80 81 82 83 84 85 86 87 88 89 90 91 92 93 94 95 96 97 98 99 |
>SEQ_35
 1 2 3 4 5 6 7 8 9 10 11 12 13 14 15 16 17 18 19 20 21 22 23 24 25 26 27 28 29 30 31 32 33 34 35 36 37 38 39 40 41 42 43 44 45 46 47 48 49 50 51 52 53 54 55 56 57 58 59 60 61 62 63 64 65 66 67 68 69 70 71 72 73 74 75 76 77 78 79 80 81 82 83 84 85 86 87 88 89 90 91 92 93 94 95 96 97 98 99 |
>SEQ_36
 1 2 3 4 5 6 7 8 9 10 11 12 13 14 15 16 17 18 19 20 21 22 23 24 25 26 27 28 29 30 31 32 33 34 35 36 37 38 39 40 41 42 43 44 45 46 47 48 49 50 51 52 53 54 55 56 57 58 59 60 61 62 63 64 65 66 67 68 69 70 71 72 73 74 75 76 77 78 79 80 81 82 83 84 85 86 87 88 89 90 91 92 93 94 95 96 97 98 99 |
>SEQ_37
 0 1 2 3 4 5 6 7 8 9 10 11 12 13 14 15 16 17 18 19 20 21 22 23 24 25 26 27 28 29 30 31 32 33 34 35 36 37 38 39 40 41 42 43 44 45 46 47 48 49 50 51 52 53 54 55 56 57 58 59 60 61 62 63 64 65 66 67 68 69 70 71 72 73 74 75 76 77 78 79 80 81 82 83 84 85 86 87 88 89 90 91 92 93 94 95 96 97 98 99 |
>SEQ_38
 0 1 2 3 4 5 6 7 8 9 10 11 12 13 14 15 16 17 18 19 20 21 22 23 24 25 26 27 28 29 30 31 32 33 34 35 36 37 38 39 40 41 42 43 44 45 46 47 48 49 50 51 52 53 54 55 56 57 58 59 60 61 62 63 64 65 66 67 68 69 70 71 72 73 74 75 76 77 78 79 80 81 82 83 84 85 86 87 88 89 90 91 92 93 94 95 96 97 98 99 |
>SEQ_39
 0 1 2 3 4 5 6 7 8 9 10 11 12 13 14 15 16 17 18 19 20 21 22 23 24 25 26 27 28 29 30 31 32 33 34 35 36 37 38 39 40 41 42 43 44 45 46 47 48 49 50 51 52 53 54 55 56 57 58 59 60 61 62 63 64 65 66 67 68 69 70 71 72 73 74 75 76 77 78 79 80 81 82 83 84 85 86 87 88 89 90 91 92 93 94 95 96 97 98 99 |
>SEQ_40
 0 1 2 3 4 5 6 7 8 9 10 11 12 13 14 15 16 17 18 19 20 21 22 23 24 25 26 27 28 29 30 31 32 33 34 35 36 37 38 39 40 41 42 43 44 45 46 47 48 49 50 51 52 53 54 55 56 57 58 59 60 61 62 63 64 65 66 67 68 69 70 71 72 73 74 75 76 77 78 79 80 81 82 83 84 85 86 87 88 89 90 91 92 93 94 95 96 97 98 99 |
>SEQ_41
 39 75 | 1 20 |

Output:


DCJ-indel distance comparisons:
______________________________________________________________________________________________________________________________________________________________________________________________________________________________________________________________________________________________________________________________________________________________________________________________________________________________________________________________________________________________________________________________________________________________________________________________________________________________________________________________________________________________________________________________________________________________________________________________________________________________________________________________________________________________________________________________________________________________________________________________________________________________________________________________________________________________________________________________________________________________________________________________________________________________________________________________________________________________________________________________________________________________________________________________________________________________________________________________________________________________________________________________________________________________________________________________________________________________________________________________________________________________________________________________________________________________________________________________________________________________________
|                         | simulated_k41_l100_16 | simulated_k41_l100_18 | simulated_k41_l100_20 | simulated_k41_l100_25 | simulated_k41_l100_26 | simulated_k41_l100_28 | simulated_k41_l100_36 | simulated_k41_l100_37 | simulated_k41_l100_38 | simulated_k41_l100_40 | simulated_k41_l100_44 | simulated_k41_l100_45 | simulated_k41_l100_46 | simulated_k41_l100_48 | simulated_k41_l100_49 | simulated_k41_l100_50 | simulated_k41_l100_51 | simulated_k41_l100_52 | simulated_k41_l100_54 | simulated_k41_l100_56 | simulated_k41_l100_57 | simulated_k41_l100_58 | simulated_k41_l100_60 | simulated_k41_l100_62 | simulated_k41_l100_64 | simulated_k41_l100_65 | simulated_k41_l100_66 | simulated_k41_l100_67 | simulated_k41_l100_68 | simulated_k41_l100_69 | simulated_k41_l100_70 | simulated_k41_l100_71 | simulated_k41_l100_72 | simulated_k41_l100_73 | simulated_k41_l100_74 | simulated_k41_l100_75 | simulated_k41_l100_76 | simulated_k41_l100_77 | simulated_k41_l100_78 | simulated_k41_l100_79 | simulated_k41_l100_80 | MST_1 | MST_2 | MST_3 | MST_4 | MST_5 | MST_6 | MST_7 | MST_8 | MST_9 | MST_10 | MST_11 | MST_12 | MST_13 | MST_14 | MST_15 | MST_16 | MST_17 | MST_18 | MST_19 | MST_20 | MST_21 | MST_22 | MST_23 | MST_24 | MST_25 | MST_26 | MST_27 | MST_28 | MST_29 | MST_30 | MST_31 | MST_32 | MST_33 | MST_34 | MST_35 | MST_36 | MST_37 | MST_38 | MST_39 | MST_40 | MST_41 | MST_42 | MST_43 | MST_44 | SEQ_0 | SEQ_1 | SEQ_2 | SEQ_3 | SEQ_4 | SEQ_5 | SEQ_6 | SEQ_7 | SEQ_8 | SEQ_9 | SEQ_10 | SEQ_11 | SEQ_12 | SEQ_13 | SEQ_14 | SEQ_15 | SEQ_16 | SEQ_17 | SEQ_18 | SEQ_19 | SEQ_20 | SEQ_21 | SEQ_22 | SEQ_23 | SEQ_24 | SEQ_25 | SEQ_26 | SEQ_27 | SEQ_28 | SEQ_29 | SEQ_30 | SEQ_31 | SEQ_32 | SEQ_33 | SEQ_34 | SEQ_35 | SEQ_36 | SEQ_37 | SEQ_38 | SEQ_39 | SEQ_40 | SEQ_41 | 
| simulated_k41_l100_16   |                     0 |                    34 |                    15 |                    14 |                    16 |                    31 |                    17 |                    20 |                    19 |                    10 |                    22 |                    18 |                    18 |                    13 |                    18 |                    22 |                    13 |                    13 |                     9 |                    26 |                    21 |                    24 |                    10 |                    13 |                     9 |                    27 |                    26 |                    15 |                    12 |                    24 |                    25 |                     7 |                     8 |                     8 |                     7 |                    12 |                    11 |                    11 |                    11 |                    13 |                    13 |    40 |    48 |    14 |    43 |    40 |    35 |    28 |    26 |    25 |     22 |     16 |     17 |     16 |     14 |     13 |     12 |     12 |     11 |     10 |      8 |      7 |      7 |      7 |      8 |      6 |      7 |      8 |      8 |      7 |      7 |      7 |      7 |      8 |      8 |      9 |      9 |      9 |      8 |      8 |      8 |      8 |     51 |     74 |     48 |    34 |    49 |    45 |    46 |    37 |    25 |    26 |    26 |    22 |    18 |     16 |     16 |     14 |     13 |     12 |     13 |     10 |     11 |      9 |      8 |      8 |      9 |      8 |      8 |      8 |      8 |      7 |      7 |      7 |      7 |      7 |      8 |      9 |      9 |      9 |      9 |      9 |      8 |      8 |      8 |      8 |     10 |
| simulated_k41_l100_18   |                     - |                     0 |                    35 |                    34 |                    32 |                    25 |                    35 |                    28 |                    27 |                    36 |                    28 |                    40 |                    38 |                    33 |                    30 |                    30 |                    39 |                    39 |                    35 |                    22 |                    29 |                    28 |                    34 |                    33 |                    33 |                    23 |                    22 |                    35 |                    34 |                    22 |                    21 |                    33 |                    32 |                    34 |                    33 |                    32 |                    33 |                    33 |                    33 |                    37 |                    37 |    47 |    47 |    26 |    40 |    39 |    35 |    28 |    27 |    26 |     29 |     28 |     30 |     28 |     28 |     28 |     29 |     29 |     31 |     30 |     30 |     30 |     30 |     30 |     30 |     31 |     30 |     29 |     29 |     29 |     29 |     29 |     29 |     28 |     28 |     27 |     27 |     27 |     26 |     26 |     26 |     26 |     54 |     63 |     50 |    32 |    49 |    49 |    44 |    37 |    27 |    30 |    28 |    27 |    30 |     30 |     28 |     29 |     28 |     30 |     30 |     30 |     31 |     30 |     30 |     30 |     31 |     30 |     30 |     29 |     29 |     29 |     29 |     29 |     29 |     28 |     28 |     27 |     27 |     27 |     27 |     27 |     26 |     26 |     26 |     26 |     20 |
| simulated_k41_l100_20   |                     - |                     - |                     0 |                    15 |                    15 |                    30 |                    20 |                    21 |                    18 |                    15 |                    21 |                    23 |                    21 |                    18 |                    21 |                    21 |                    19 |                    20 |                    14 |                    25 |                    21 |                    22 |                    15 |                    20 |                    12 |                    26 |                    25 |                    20 |                    17 |                    23 |                    24 |                    12 |                    11 |                    13 |                    12 |                    17 |                    17 |                    16 |                    16 |                    17 |                    17 |    40 |    48 |    14 |    40 |    38 |    34 |    25 |    27 |    25 |     23 |     19 |     19 |     19 |     16 |     14 |     13 |     13 |     12 |     13 |     13 |     13 |     13 |     13 |     12 |     11 |     11 |     10 |      9 |      8 |      8 |      8 |      8 |      9 |      9 |     10 |     10 |     10 |      9 |      9 |      9 |      9 |     52 |     72 |     46 |    32 |    50 |    43 |    44 |    36 |    24 |    28 |    27 |    22 |    19 |     18 |     19 |     17 |     14 |     14 |     14 |     12 |     14 |     13 |     13 |     13 |     13 |     12 |     11 |     10 |      9 |      8 |      8 |      8 |      8 |     10 |      9 |     10 |     10 |     10 |     10 |     10 |      9 |      9 |      9 |      9 |     11 |
| simulated_k41_l100_25   |                     - |                     - |                     - |                     0 |                    12 |                    31 |                    21 |                    22 |                    21 |                    18 |                    24 |                    22 |                    22 |                    21 |                    24 |                    24 |                    21 |                    21 |                    17 |                    25 |                    23 |                    26 |                    18 |                    20 |                    15 |                    27 |                    26 |                    21 |                    20 |                    24 |                    25 |                    15 |                    14 |                    16 |                    15 |                    20 |                    19 |                    19 |                    19 |                    19 |                    19 |    41 |    47 |    16 |    40 |    40 |    37 |    28 |    27 |    27 |     24 |     21 |     24 |     24 |     22 |     20 |     18 |     18 |     18 |     18 |     16 |     15 |     15 |     15 |     15 |     14 |     13 |     12 |     12 |     11 |     11 |     11 |     11 |     10 |     10 |     11 |     11 |     11 |     10 |     10 |     10 |     10 |     49 |     71 |     48 |    33 |    50 |    44 |    44 |    39 |    26 |    30 |    28 |    23 |    24 |     21 |     23 |     21 |     20 |     18 |     19 |     17 |     17 |     16 |     16 |     16 |     16 |     15 |     13 |     12 |     12 |     11 |     11 |     11 |     11 |     11 |     10 |     11 |     11 |     11 |     11 |     11 |     10 |     10 |     10 |     10 |     11 |
| simulated_k41_l100_26   |                     - |                     - |                     - |                     - |                     0 |                    29 |                    21 |                    18 |                    19 |                    18 |                    21 |                    24 |                    22 |                    21 |                    20 |                    20 |                    21 |                    21 |                    17 |                    24 |                    21 |                    22 |                    18 |                    21 |                    15 |                    27 |                    26 |                    21 |                    20 |                    23 |                    22 |                    15 |                    14 |                    16 |                    15 |                    14 |                    13 |                    19 |                    19 |                    19 |                    19 |    40 |    47 |    16 |    42 |    38 |    33 |    24 |    27 |    24 |     23 |     21 |     21 |     21 |     19 |     17 |     15 |     15 |     17 |     16 |     16 |     15 |     15 |     15 |     15 |     14 |     13 |     12 |     12 |     11 |     11 |     11 |     11 |     10 |     10 |     11 |     11 |     11 |     10 |     10 |     10 |     10 |     50 |     71 |     48 |    33 |    51 |    44 |    44 |    35 |    24 |    27 |    25 |    22 |    21 |     18 |     21 |     19 |     16 |     15 |     16 |     16 |     17 |     16 |     16 |     16 |     16 |     15 |     13 |     12 |     12 |     11 |     11 |     11 |     11 |     11 |     10 |     11 |     11 |     11 |     11 |     11 |     10 |     10 |     10 |     10 |     12 |
| simulated_k41_l100_28   |                     - |                     - |                     - |                     - |                     - |                     0 |                    32 |                    23 |                    24 |                    31 |                    27 |                    37 |                    35 |                    32 |                    27 |                    25 |                    36 |                    34 |                    32 |                    19 |                    24 |                    23 |                    31 |                    34 |                    30 |                    16 |                    17 |                    33 |                    33 |                    17 |                    14 |                    30 |                    29 |                    29 |                    30 |                    31 |                    30 |                    32 |                    32 |                    34 |                    34 |    41 |    44 |    21 |    36 |    35 |    29 |    24 |    23 |    26 |     28 |     25 |     25 |     23 |     23 |     25 |     26 |     26 |     28 |     27 |     27 |     27 |     27 |     27 |     27 |     28 |     27 |     26 |     26 |     26 |     26 |     26 |     26 |     25 |     25 |     24 |     24 |     24 |     23 |     23 |     23 |     23 |     48 |     67 |     50 |    31 |    47 |    41 |    38 |    30 |    23 |    28 |    29 |    27 |    26 |     25 |     23 |     24 |     25 |     27 |     27 |     27 |     28 |     27 |     27 |     27 |     28 |     27 |     27 |     26 |     26 |     26 |     26 |     26 |     26 |     25 |     25 |     24 |     24 |     24 |     24 |     24 |     23 |     23 |     23 |     23 |     18 |
| simulated_k41_l100_36   |                     - |                     - |                     - |                     - |                     - |                     - |                     0 |                    23 |                    22 |                    17 |                    25 |                    17 |                    17 |                    16 |                    23 |                    25 |                    22 |                    22 |                    16 |                    29 |                    26 |                    27 |                    17 |                    18 |                    14 |                    28 |                    27 |                    14 |                    13 |                    25 |                    26 |                    14 |                    13 |                    15 |                    14 |                    19 |                    20 |                    14 |                    14 |                    20 |                    20 |    40 |    47 |    18 |    40 |    36 |    32 |    27 |    26 |    24 |     22 |     19 |     18 |     18 |     18 |     17 |     15 |     15 |     16 |     16 |     15 |     14 |     14 |     15 |     14 |     13 |     13 |     14 |     13 |     12 |     12 |     12 |     12 |     15 |     15 |     16 |     16 |     16 |     15 |     15 |     15 |     15 |     49 |     73 |     47 |    31 |    46 |    41 |    40 |    35 |    25 |    26 |    24 |    22 |    18 |     18 |     17 |     18 |     17 |     15 |     16 |     16 |     16 |     15 |     13 |     14 |     14 |     14 |     14 |     14 |     13 |     12 |     12 |     12 |     12 |     14 |     15 |     16 |     16 |     16 |     16 |     16 |     15 |     15 |     15 |     15 |     14 |
| simulated_k41_l100_37   |                     - |                     - |                     - |                     - |                     - |                     - |                     - |                     0 |                     9 |                    22 |                    10 |                    26 |                    24 |                    23 |                    10 |                    10 |                    25 |                    25 |                    19 |                    22 |                    15 |                    16 |                    22 |                    23 |                    19 |                    23 |                    22 |                    23 |                    22 |                    20 |                    17 |                    19 |                    18 |                    20 |                    19 |                    20 |                    19 |                    21 |                    21 |                    23 |                    23 |    40 |    48 |    16 |    40 |    36 |    30 |    21 |    20 |    21 |     19 |     14 |     14 |     12 |     14 |     15 |     15 |     15 |     18 |     17 |     18 |     17 |     17 |     17 |     18 |     18 |     17 |     16 |     16 |     15 |     15 |     15 |     15 |     14 |     14 |     15 |     15 |     15 |     14 |     14 |     14 |     14 |     52 |     72 |     48 |    33 |    50 |    43 |    42 |    32 |    19 |    22 |    24 |    18 |    14 |     13 |     13 |     13 |     14 |     15 |     16 |     17 |     17 |     17 |     18 |     18 |     18 |     18 |     17 |     16 |     16 |     15 |     15 |     15 |     15 |     15 |     14 |     15 |     15 |     15 |     15 |     15 |     14 |     14 |     14 |     14 |     14 |
| simulated_k41_l100_38   |                     - |                     - |                     - |                     - |                     - |                     - |                     - |                     - |                     0 |                    19 |                     9 |                    25 |                    23 |                    22 |                    13 |                     9 |                    24 |                    24 |                    16 |                    21 |                    14 |                    15 |                    19 |                    22 |                    16 |                    24 |                    21 |                    22 |                    19 |                    19 |                    18 |                    16 |                    15 |                    17 |                    16 |                    19 |                    20 |                    18 |                    18 |                    22 |                    22 |    42 |    47 |    16 |    40 |    36 |    30 |    22 |    22 |    18 |     18 |     14 |     15 |     13 |     15 |     16 |     17 |     16 |     18 |     18 |     17 |     16 |     16 |     16 |     15 |     15 |     15 |     14 |     13 |     12 |     12 |     12 |     12 |     13 |     13 |     14 |     14 |     14 |     13 |     13 |     13 |     13 |     50 |     71 |     46 |    32 |    49 |    43 |    42 |    32 |    19 |    22 |    23 |    18 |    14 |     14 |     14 |     15 |     16 |     18 |     18 |     16 |     16 |     15 |     15 |     15 |     15 |     15 |     15 |     14 |     13 |     12 |     12 |     12 |     12 |     14 |     13 |     14 |     14 |     14 |     14 |     14 |     13 |     13 |     13 |     13 |     13 |
| simulated_k41_l100_40   |                     - |                     - |                     - |                     - |                     - |                     - |                     - |                     - |                     - |                     0 |                    20 |                    20 |                    18 |                    15 |                    22 |                    16 |                    15 |                    15 |                     9 |                    28 |                    23 |                    26 |                     8 |                    15 |                     7 |                    29 |                    28 |                    15 |                    14 |                    26 |                    27 |                     7 |                     6 |                     6 |                     5 |                    12 |                    13 |                    13 |                    13 |                    13 |                    13 |    42 |    48 |    14 |    41 |    37 |    32 |    27 |    24 |    23 |     23 |     17 |     18 |     16 |     15 |     14 |     12 |     13 |     12 |     12 |     10 |      9 |      9 |      9 |     10 |      8 |      8 |      9 |      8 |      7 |      7 |      7 |      7 |     10 |     10 |     11 |     11 |     11 |     10 |     10 |     10 |     10 |     53 |     75 |     48 |    33 |    49 |    42 |    42 |    37 |    24 |    24 |    24 |    23 |    19 |     18 |     16 |     15 |     14 |     13 |     14 |     12 |     13 |     11 |     10 |     10 |     11 |     10 |      9 |      9 |      8 |      7 |      7 |      7 |      7 |      9 |     10 |     11 |     11 |     11 |     11 |     11 |     10 |     10 |     10 |     10 |     11 |
| simulated_k41_l100_44   |                     - |                     - |                     - |                     - |                     - |                     - |                     - |                     - |                     - |                     - |                     0 |                    26 |                    26 |                    25 |                    14 |                    10 |                    27 |                    27 |                    19 |                    22 |                    17 |                    18 |                    22 |                    25 |                    19 |                    23 |                    20 |                    25 |                    22 |                    22 |                    21 |                    19 |                    18 |                    20 |                    19 |                    22 |                    23 |                    21 |                    21 |                    25 |                    25 |    41 |    45 |    16 |    37 |    33 |    27 |    22 |    22 |    20 |     20 |     17 |     18 |     16 |     17 |     18 |     19 |     18 |     20 |     19 |     20 |     19 |     19 |     19 |     18 |     18 |     18 |     17 |     16 |     15 |     15 |     15 |     15 |     16 |     16 |     17 |     17 |     17 |     16 |     16 |     16 |     16 |     52 |     69 |     49 |    33 |    47 |    41 |    39 |    28 |    21 |    22 |    25 |    20 |    17 |     17 |     16 |     18 |     18 |     19 |     19 |     19 |     17 |     18 |     18 |     18 |     18 |     18 |     18 |     17 |     16 |     15 |     15 |     15 |     15 |     17 |     16 |     17 |     17 |     17 |     17 |     17 |     16 |     16 |     16 |     16 |     14 |
| simulated_k41_l100_45   |                     - |                     - |                     - |                     - |                     - |                     - |                     - |                     - |                     - |                     - |                     - |                     0 |                     4 |                    17 |                    28 |                    28 |                    23 |                    21 |                    15 |                    34 |                    29 |                    30 |                    18 |                    17 |                    15 |                    35 |                    34 |                    13 |                    12 |                    32 |                    33 |                    15 |                    16 |                    16 |                    15 |                    20 |                    21 |                    13 |                    13 |                    21 |                    21 |    43 |    44 |    18 |    41 |    38 |    34 |    28 |    28 |    27 |     23 |     19 |     19 |     20 |     19 |     16 |     15 |     16 |     15 |     17 |     16 |     15 |     15 |     16 |     15 |     14 |     16 |     17 |     16 |     15 |     15 |     15 |     15 |     18 |     18 |     19 |     19 |     19 |     18 |     18 |     18 |     18 |     50 |     70 |     47 |    32 |    43 |    43 |    42 |    36 |    29 |    29 |    27 |    24 |    19 |     17 |     19 |     18 |     17 |     16 |     18 |     16 |     16 |     15 |     14 |     15 |     15 |     15 |     17 |     17 |     16 |     15 |     15 |     15 |     15 |     17 |     18 |     19 |     19 |     19 |     19 |     19 |     18 |     18 |     18 |     18 |     14 |
| simulated_k41_l100_46   |                     - |                     - |                     - |                     - |                     - |                     - |                     - |                     - |                     - |                     - |                     - |                     - |                     0 |                    15 |                    26 |                    26 |                    21 |                    21 |                    15 |                    32 |                    27 |                    28 |                    16 |                    15 |                    15 |                    33 |                    32 |                    13 |                    12 |                    30 |                    31 |                    15 |                    14 |                    16 |                    15 |                    20 |                    19 |                    13 |                    13 |                    19 |                    19 |    42 |    45 |    18 |    42 |    38 |    32 |    26 |    27 |    26 |     22 |     18 |     18 |     19 |     19 |     16 |     15 |     16 |     15 |     15 |     14 |     13 |     13 |     14 |     15 |     14 |     14 |     15 |     14 |     13 |     13 |     13 |     13 |     16 |     16 |     17 |     17 |     17 |     16 |     16 |     16 |     16 |     49 |     72 |     47 |    32 |    44 |    44 |    43 |    34 |    27 |    28 |    26 |    23 |    18 |     16 |     18 |     17 |     16 |     15 |     17 |     16 |     16 |     15 |     14 |     15 |     15 |     15 |     15 |     15 |     14 |     13 |     13 |     13 |     13 |     15 |     16 |     17 |     17 |     17 |     17 |     17 |     16 |     16 |     16 |     16 |     14 |
| simulated_k41_l100_48   |                     - |                     - |                     - |                     - |                     - |                     - |                     - |                     - |                     - |                     - |                     - |                     - |                     - |                     0 |                    25 |                    25 |                    16 |                    18 |                    14 |                    29 |                    22 |                    23 |                    11 |                     8 |                    12 |                    30 |                    29 |                    14 |                    11 |                    27 |                    28 |                    12 |                    13 |                    13 |                    12 |                    17 |                    16 |                     4 |                     4 |                    14 |                    14 |    41 |    46 |    16 |    41 |    36 |    31 |    25 |    23 |    22 |     19 |     16 |     16 |     17 |     14 |     13 |     12 |     13 |     13 |     12 |     11 |     10 |     10 |     11 |     12 |     11 |     12 |     13 |     13 |     12 |     12 |     12 |     12 |     13 |     13 |     14 |     14 |     14 |     13 |     13 |     13 |     13 |     52 |     76 |     46 |    33 |    47 |    45 |    41 |    34 |    23 |    23 |    21 |    19 |    17 |     16 |     16 |     15 |     14 |     13 |     14 |     12 |     12 |     11 |      9 |     10 |     10 |     12 |     13 |     13 |     13 |     12 |     12 |     12 |     12 |     12 |     13 |     14 |     14 |     14 |     14 |     14 |     13 |     13 |     13 |     13 |     13 |
| simulated_k41_l100_49   |                     - |                     - |                     - |                     - |                     - |                     - |                     - |                     - |                     - |                     - |                     - |                     - |                     - |                     - |                     0 |                    14 |                    27 |                    27 |                    19 |                    24 |                    17 |                    18 |                    22 |                    25 |                    19 |                    25 |                    24 |                    24 |                    22 |                    22 |                    21 |                    19 |                    18 |                    20 |                    19 |                    20 |                    21 |                    21 |                    21 |                    25 |                    25 |    42 |    46 |    18 |    39 |    34 |    29 |    23 |    22 |    23 |     21 |     17 |     18 |     17 |     17 |     18 |     19 |     18 |     20 |     19 |     20 |     19 |     19 |     19 |     18 |     18 |     18 |     17 |     16 |     15 |     15 |     15 |     15 |     16 |     16 |     17 |     17 |     17 |     16 |     16 |     16 |     16 |     50 |     71 |     47 |    33 |    48 |    41 |    39 |    32 |    21 |    24 |    26 |    20 |    17 |     18 |     17 |     18 |     17 |     19 |     19 |     19 |     19 |     18 |     18 |     18 |     18 |     18 |     18 |     17 |     16 |     15 |     15 |     15 |     15 |     17 |     16 |     17 |     17 |     17 |     17 |     17 |     16 |     16 |     16 |     16 |     14 |
| simulated_k41_l100_50   |                     - |                     - |                     - |                     - |                     - |                     - |                     - |                     - |                     - |                     - |                     - |                     - |                     - |                     - |                     - |                     0 |                    27 |                    27 |                    19 |                    24 |                    17 |                    18 |                    22 |                    25 |                    19 |                    25 |                    24 |                    25 |                    22 |                    22 |                    19 |                    19 |                    18 |                    20 |                    19 |                    20 |                    21 |                    21 |                    21 |                    25 |                    25 |    42 |    46 |    16 |    37 |    33 |    28 |    22 |    23 |    22 |     20 |     16 |     17 |     15 |     17 |     18 |     19 |     18 |     20 |     19 |     20 |     19 |     19 |     19 |     18 |     18 |     18 |     17 |     16 |     15 |     15 |     15 |     15 |     16 |     16 |     17 |     17 |     17 |     16 |     16 |     16 |     16 |     52 |     68 |     49 |    32 |    48 |    40 |    39 |    33 |    21 |    25 |    26 |    20 |    16 |     16 |     16 |     17 |     17 |     19 |     19 |     19 |     19 |     18 |     18 |     18 |     18 |     18 |     18 |     17 |     16 |     15 |     15 |     15 |     15 |     17 |     16 |     17 |     17 |     17 |     17 |     17 |     16 |     16 |     16 |     16 |     14 |
| simulated_k41_l100_51   |                     - |                     - |                     - |                     - |                     - |                     - |                     - |                     - |                     - |                     - |                     - |                     - |                     - |                     - |                     - |                     - |                     0 |                    10 |                    14 |                    31 |                    26 |                    29 |                    13 |                    18 |                    12 |                    32 |                    31 |                    18 |                    15 |                    29 |                    30 |                    12 |                    13 |                    13 |                    12 |                    17 |                    16 |                    16 |                    16 |                    10 |                    10 |    39 |    45 |    19 |    44 |    39 |    38 |    33 |    30 |    29 |     26 |     21 |     21 |     20 |     18 |     17 |     16 |     16 |     15 |     14 |     13 |     12 |     12 |     12 |     13 |     11 |     12 |     13 |     13 |     12 |     12 |     12 |     12 |     13 |     13 |     14 |     14 |     14 |     13 |     13 |     13 |     13 |     48 |     72 |     49 |    30 |    47 |    46 |    44 |    41 |    30 |    30 |    30 |    26 |    22 |     21 |     20 |     18 |     17 |     16 |     17 |     14 |     15 |     12 |     11 |     11 |     12 |     13 |     13 |     13 |     13 |     12 |     12 |     12 |     12 |     12 |     13 |     14 |     14 |     14 |     14 |     14 |     13 |     13 |     13 |     13 |     12 |
| simulated_k41_l100_52   |                     - |                     - |                     - |                     - |                     - |                     - |                     - |                     - |                     - |                     - |                     - |                     - |                     - |                     - |                     - |                     - |                     - |                     0 |                    12 |                    29 |                    26 |                    29 |                    15 |                    18 |                    12 |                    30 |                    29 |                    18 |                    17 |                    28 |                    30 |                    12 |                    13 |                    13 |                    12 |                    17 |                    16 |                    16 |                    16 |                    12 |                    12 |    40 |    44 |    17 |    43 |    38 |    34 |    32 |    28 |    28 |     25 |     18 |     21 |     20 |     18 |     17 |     16 |     16 |     14 |     15 |     13 |     12 |     12 |     12 |     13 |     11 |     12 |     13 |     13 |     12 |     12 |     12 |     12 |     13 |     13 |     14 |     14 |     14 |     13 |     13 |     13 |     13 |     49 |     72 |     45 |    27 |    47 |    45 |    46 |    38 |    29 |    28 |    29 |    25 |    22 |     20 |     20 |     18 |     17 |     15 |     17 |     15 |     16 |     14 |     13 |     13 |     14 |     13 |     13 |     13 |     13 |     12 |     12 |     12 |     12 |     12 |     13 |     14 |     14 |     14 |     14 |     14 |     13 |     13 |     13 |     13 |     14 |
| simulated_k41_l100_54   |                     - |                     - |                     - |                     - |                     - |                     - |                     - |                     - |                     - |                     - |                     - |                     - |                     - |                     - |                     - |                     - |                     - |                     - |                     0 |                    27 |                    20 |                    21 |                     7 |                    14 |                     4 |                    28 |                    27 |                    12 |                    11 |                    25 |                    26 |                     4 |                     5 |                     5 |                     4 |                    11 |                    12 |                    10 |                    10 |                    12 |                    12 |    42 |    47 |    14 |    42 |    37 |    31 |    23 |    20 |    19 |     19 |     14 |     15 |     14 |     14 |     11 |     10 |     10 |      8 |     10 |      9 |      8 |      8 |      8 |      7 |      5 |      7 |      8 |      7 |      6 |      6 |      6 |      6 |      9 |      9 |     10 |     10 |     10 |      9 |      9 |      9 |      9 |     52 |     76 |     46 |    34 |    50 |    43 |    43 |    33 |    21 |    19 |    22 |    20 |    15 |     14 |     13 |     13 |     12 |     11 |     12 |      9 |     10 |      8 |      7 |      7 |      8 |      7 |      8 |      8 |      7 |      6 |      6 |      6 |      6 |      8 |      9 |     10 |     10 |     10 |     10 |     10 |      9 |      9 |      9 |      9 |     10 |
| simulated_k41_l100_56   |                     - |                     - |                     - |                     - |                     - |                     - |                     - |                     - |                     - |                     - |                     - |                     - |                     - |                     - |                     - |                     - |                     - |                     - |                     - |                     0 |                    21 |                    24 |                    28 |                    29 |                    25 |                    11 |                     8 |                    29 |                    28 |                    14 |                    15 |                    25 |                    24 |                    26 |                    25 |                    26 |                    25 |                    27 |                    27 |                    29 |                    29 |    43 |    44 |    22 |    36 |    36 |    29 |    23 |    20 |    22 |     23 |     22 |     24 |     22 |     22 |     23 |     23 |     23 |     25 |     24 |     24 |     23 |     23 |     23 |     23 |     24 |     23 |     22 |     22 |     21 |     21 |     21 |     21 |     20 |     20 |     19 |     19 |     19 |     18 |     18 |     18 |     18 |     48 |     70 |     45 |    31 |    44 |    42 |    41 |    31 |    22 |    23 |    23 |    21 |    24 |     24 |     22 |     22 |     22 |     23 |     24 |     24 |     25 |     24 |     24 |     24 |     24 |     23 |     23 |     22 |     22 |     21 |     21 |     21 |     21 |     21 |     20 |     19 |     19 |     19 |     19 |     19 |     18 |     18 |     18 |     18 |     16 |
| simulated_k41_l100_57   |                     - |                     - |                     - |                     - |                     - |                     - |                     - |                     - |                     - |                     - |                     - |                     - |                     - |                     - |                     - |                     - |                     - |                     - |                     - |                     - |                     0 |                     5 |                    23 |                    24 |                    20 |                    22 |                    21 |                    24 |                    23 |                    21 |                    20 |                    20 |                    19 |                    21 |                    20 |                    23 |                    22 |                    22 |                    22 |                    24 |                    24 |    43 |    47 |    18 |    40 |    37 |    34 |    24 |    24 |    24 |     23 |     20 |     19 |     17 |     19 |     19 |     19 |     19 |     21 |     21 |     19 |     18 |     18 |     18 |     18 |     19 |     18 |     17 |     17 |     16 |     16 |     16 |     16 |     15 |     15 |     14 |     14 |     14 |     13 |     13 |     13 |     13 |     50 |     72 |     43 |    33 |    53 |    43 |    42 |    35 |    22 |    25 |    26 |    22 |    20 |     18 |     16 |     18 |     19 |     20 |     21 |     20 |     20 |     19 |     19 |     19 |     19 |     18 |     18 |     17 |     17 |     16 |     16 |     16 |     16 |     16 |     15 |     14 |     14 |     14 |     14 |     14 |     13 |     13 |     13 |     13 |     13 |
| simulated_k41_l100_58   |                     - |                     - |                     - |                     - |                     - |                     - |                     - |                     - |                     - |                     - |                     - |                     - |                     - |                     - |                     - |                     - |                     - |                     - |                     - |                     - |                     - |                     0 |                    26 |                    27 |                    23 |                    25 |                    22 |                    27 |                    26 |                    20 |                    21 |                    23 |                    22 |                    24 |                    23 |                    24 |                    23 |                    25 |                    25 |                    27 |                    27 |    43 |    47 |    19 |    40 |    37 |    34 |    24 |    23 |    24 |     23 |     18 |     20 |     18 |     20 |     20 |     21 |     20 |     22 |     20 |     21 |     21 |     21 |     21 |     21 |     22 |     21 |     20 |     20 |     19 |     19 |     19 |     19 |     18 |     18 |     17 |     17 |     17 |     16 |     16 |     16 |     16 |     47 |     72 |     47 |    33 |    52 |    43 |    42 |    35 |    23 |    26 |    26 |    22 |    20 |     19 |     17 |     20 |     19 |     21 |     21 |     22 |     21 |     21 |     22 |     22 |     22 |     21 |     21 |     20 |     20 |     19 |     19 |     19 |     19 |     19 |     18 |     17 |     17 |     17 |     17 |     17 |     16 |     16 |     16 |     16 |     13 |
| simulated_k41_l100_60   |                     - |                     - |                     - |                     - |                     - |                     - |                     - |                     - |                     - |                     - |                     - |                     - |                     - |                     - |                     - |                     - |                     - |                     - |                     - |                     - |                     - |                     - |                     0 |                    11 |                     5 |                    29 |                    28 |                    15 |                    12 |                    26 |                    27 |                     5 |                     6 |                     6 |                     5 |                    12 |                    11 |                     9 |                     9 |                    11 |                    11 |    41 |    46 |    15 |    42 |    37 |    32 |    25 |    22 |    21 |     22 |     18 |     18 |     17 |     15 |     13 |     12 |     12 |     11 |      9 |      8 |      7 |      7 |      7 |      8 |      6 |      8 |      9 |      8 |      7 |      7 |      7 |      7 |     10 |     10 |     11 |     11 |     11 |     10 |     10 |     10 |     10 |     52 |     77 |     44 |    34 |    48 |    45 |    44 |    35 |    23 |    23 |    22 |    23 |    17 |     16 |     15 |     13 |     12 |     11 |     12 |     10 |     11 |      9 |      8 |      8 |      9 |      8 |      9 |      9 |      8 |      7 |      7 |      7 |      7 |      9 |     10 |     11 |     11 |     11 |     11 |     11 |     10 |     10 |     10 |     10 |     10 |
| simulated_k41_l100_62   |                     - |                     - |                     - |                     - |                     - |                     - |                     - |                     - |                     - |                     - |                     - |                     - |                     - |                     - |                     - |                     - |                     - |                     - |                     - |                     - |                     - |                     - |                     - |                     0 |                    14 |                    30 |                    29 |                    14 |                    11 |                    27 |                    28 |                    12 |                    13 |                    13 |                    12 |                    17 |                    16 |                     6 |                     6 |                    18 |                    18 |    40 |    46 |    17 |    41 |    36 |    35 |    27 |    24 |    23 |     21 |     16 |     17 |     18 |     16 |     15 |     14 |     14 |     14 |     13 |     12 |     10 |     10 |     11 |     12 |     11 |     12 |     13 |     13 |     12 |     12 |     12 |     12 |     13 |     13 |     14 |     14 |     14 |     13 |     13 |     13 |     13 |     52 |     75 |     43 |    31 |    47 |    46 |    45 |    37 |    25 |    24 |    23 |    21 |    18 |     16 |     18 |     15 |     14 |     13 |     15 |     13 |     12 |     12 |     11 |     12 |     12 |     12 |     13 |     13 |     13 |     12 |     12 |     12 |     12 |     12 |     13 |     14 |     14 |     14 |     14 |     14 |     13 |     13 |     13 |     13 |     13 |
| simulated_k41_l100_64   |                     - |                     - |                     - |                     - |                     - |                     - |                     - |                     - |                     - |                     - |                     - |                     - |                     - |                     - |                     - |                     - |                     - |                     - |                     - |                     - |                     - |                     - |                     - |                     - |                     0 |                    26 |                    25 |                    12 |                    11 |                    23 |                    24 |                     2 |                     1 |                     3 |                     2 |                     9 |                    10 |                    10 |                    10 |                    10 |                    10 |    42 |    47 |    13 |    42 |    37 |    31 |    23 |    21 |    19 |     20 |     16 |     16 |     15 |     13 |     11 |     10 |     10 |      8 |      8 |      7 |      6 |      6 |      6 |      7 |      5 |      5 |      6 |      5 |      4 |      4 |      4 |      4 |      7 |      7 |      8 |      8 |      8 |      7 |      7 |      7 |      7 |     53 |     75 |     47 |    34 |    49 |    44 |    42 |    34 |    21 |    20 |    21 |    21 |    15 |     14 |     13 |     11 |     10 |      9 |     10 |      9 |     10 |      8 |      7 |      7 |      8 |      7 |      6 |      6 |      5 |      4 |      4 |      4 |      4 |      6 |      7 |      8 |      8 |      8 |      8 |      8 |      7 |      7 |      7 |      7 |      9 |
| simulated_k41_l100_65   |                     - |                     - |                     - |                     - |                     - |                     - |                     - |                     - |                     - |                     - |                     - |                     - |                     - |                     - |                     - |                     - |                     - |                     - |                     - |                     - |                     - |                     - |                     - |                     - |                     - |                     0 |                     5 |                    30 |                    29 |                    13 |                    14 |                    26 |                    25 |                    27 |                    26 |                    27 |                    26 |                    28 |                    28 |                    30 |                    30 |    41 |    44 |    22 |    34 |    34 |    27 |    24 |    20 |    21 |     24 |     23 |     25 |     23 |     23 |     22 |     23 |     22 |     24 |     23 |     23 |     24 |     24 |     24 |     24 |     25 |     24 |     23 |     23 |     22 |     22 |     22 |     22 |     21 |     21 |     20 |     20 |     20 |     19 |     19 |     19 |     19 |     46 |     66 |     48 |    32 |    44 |    42 |    37 |    28 |    23 |    25 |    24 |    23 |    25 |     25 |     23 |     23 |     23 |     25 |     24 |     24 |     22 |     23 |     25 |     25 |     25 |     24 |     24 |     23 |     23 |     22 |     22 |     22 |     22 |     22 |     21 |     20 |     20 |     20 |     20 |     20 |     19 |     19 |     19 |     19 |     16 |
| simulated_k41_l100_66   |                     - |                     - |                     - |                     - |                     - |                     - |                     - |                     - |                     - |                     - |                     - |                     - |                     - |                     - |                     - |                     - |                     - |                     - |                     - |                     - |                     - |                     - |                     - |                     - |                     - |                     - |                     0 |                    29 |                    28 |                    10 |                    13 |                    25 |                    24 |                    26 |                    25 |                    28 |                    27 |                    27 |                    27 |                    29 |                    29 |    42 |    45 |    21 |    36 |    34 |    27 |    22 |    21 |    20 |     21 |     21 |     23 |     21 |     21 |     21 |     22 |     21 |     23 |     22 |     22 |     23 |     23 |     23 |     23 |     24 |     23 |     22 |     22 |     21 |     21 |     21 |     21 |     20 |     20 |     19 |     19 |     19 |     18 |     18 |     18 |     18 |     46 |     69 |     48 |    31 |    46 |    41 |    39 |    28 |    20 |    24 |    22 |    20 |    23 |     23 |     22 |     22 |     22 |     24 |     23 |     23 |     21 |     22 |     24 |     24 |     24 |     23 |     23 |     22 |     22 |     21 |     21 |     21 |     21 |     21 |     20 |     19 |     19 |     19 |     19 |     19 |     18 |     18 |     18 |     18 |     15 |
| simulated_k41_l100_67   |                     - |                     - |                     - |                     - |                     - |                     - |                     - |                     - |                     - |                     - |                     - |                     - |                     - |                     - |                     - |                     - |                     - |                     - |                     - |                     - |                     - |                     - |                     - |                     - |                     - |                     - |                     - |                     0 |                     3 |                    27 |                    28 |                    12 |                    13 |                    11 |                    10 |                    15 |                    16 |                    10 |                    10 |                    16 |                    16 |    41 |    47 |    17 |    39 |    36 |    30 |    25 |    23 |    22 |     20 |     17 |     16 |     16 |     17 |     14 |     13 |     13 |     12 |     14 |     12 |     10 |     10 |     11 |     12 |     11 |     12 |     13 |     13 |     12 |     12 |     12 |     12 |     13 |     13 |     14 |     14 |     14 |     13 |     13 |     13 |     13 |     50 |     73 |     45 |    32 |    46 |    42 |    39 |    31 |    24 |    24 |    22 |    21 |    16 |     15 |     15 |     16 |     15 |     14 |     15 |     13 |     13 |     11 |      9 |     10 |     10 |     12 |     13 |     13 |     13 |     12 |     12 |     12 |     12 |     12 |     13 |     14 |     14 |     14 |     14 |     14 |     13 |     13 |     13 |     13 |     13 |
| simulated_k41_l100_68   |                     - |                     - |                     - |                     - |                     - |                     - |                     - |                     - |                     - |                     - |                     - |                     - |                     - |                     - |                     - |                     - |                     - |                     - |                     - |                     - |                     - |                     - |                     - |                     - |                     - |                     - |                     - |                     - |                     0 |                    26 |                    27 |                     9 |                    10 |                    10 |                     9 |                    14 |                    13 |                     7 |                     7 |                    15 |                    15 |    41 |    47 |    15 |    40 |    35 |    29 |    25 |    21 |    20 |     18 |     16 |     16 |     17 |     15 |     12 |     11 |     11 |     11 |     11 |      9 |      7 |      7 |      8 |      9 |      8 |     10 |     11 |     10 |      9 |      9 |      9 |      9 |     12 |     12 |     13 |     13 |     13 |     12 |     12 |     12 |     12 |     50 |     75 |     46 |    33 |    46 |    43 |    38 |    29 |    22 |    22 |    21 |    19 |    16 |     14 |     16 |     14 |     13 |     12 |     13 |     10 |     10 |      8 |      6 |      7 |      7 |      9 |     11 |     11 |     10 |      9 |      9 |      9 |      9 |     11 |     12 |     13 |     13 |     13 |     13 |     13 |     12 |     12 |     12 |     12 |     12 |
| simulated_k41_l100_69   |                     - |                     - |                     - |                     - |                     - |                     - |                     - |                     - |                     - |                     - |                     - |                     - |                     - |                     - |                     - |                     - |                     - |                     - |                     - |                     - |                     - |                     - |                     - |                     - |                     - |                     - |                     - |                     - |                     - |                     0 |                     3 |                    23 |                    22 |                    24 |                    23 |                    26 |                    25 |                    25 |                    25 |                    27 |                    27 |    41 |    45 |    16 |    37 |    32 |    28 |    20 |    18 |    21 |     22 |     20 |     22 |     20 |     20 |     19 |     20 |     19 |     21 |     20 |     20 |     21 |     21 |     21 |     21 |     22 |     21 |     20 |     20 |     19 |     19 |     19 |     19 |     18 |     18 |     17 |     17 |     17 |     16 |     16 |     16 |     16 |     47 |     70 |     48 |    32 |    46 |    41 |    40 |    30 |    19 |    23 |    23 |    21 |    22 |     22 |     20 |     20 |     20 |     22 |     21 |     21 |     19 |     20 |     22 |     22 |     22 |     21 |     21 |     20 |     20 |     19 |     19 |     19 |     19 |     19 |     18 |     17 |     17 |     17 |     17 |     17 |     16 |     16 |     16 |     16 |     14 |
| simulated_k41_l100_70   |                     - |                     - |                     - |                     - |                     - |                     - |                     - |                     - |                     - |                     - |                     - |                     - |                     - |                     - |                     - |                     - |                     - |                     - |                     - |                     - |                     - |                     - |                     - |                     - |                     - |                     - |                     - |                     - |                     - |                     - |                     0 |                    24 |                    23 |                    25 |                    24 |                    25 |                    24 |                    26 |                    26 |                    28 |                    28 |    40 |    45 |    17 |    37 |    31 |    28 |    21 |    20 |    22 |     22 |     19 |     20 |     18 |     18 |     20 |     22 |     20 |     22 |     21 |     21 |     22 |     22 |     22 |     22 |     23 |     22 |     21 |     21 |     20 |     20 |     20 |     20 |     19 |     19 |     18 |     18 |     18 |     17 |     17 |     17 |     17 |     48 |     71 |     48 |    32 |    45 |    44 |    40 |    30 |    19 |    24 |    23 |    21 |    21 |     20 |     19 |     19 |     20 |     22 |     21 |     21 |     22 |     21 |     23 |     23 |     23 |     22 |     22 |     21 |     21 |     20 |     20 |     20 |     20 |     20 |     19 |     18 |     18 |     18 |     18 |     18 |     17 |     17 |     17 |     17 |     14 |
| simulated_k41_l100_71   |                     - |                     - |                     - |                     - |                     - |                     - |                     - |                     - |                     - |                     - |                     - |                     - |                     - |                     - |                     - |                     - |                     - |                     - |                     - |                     - |                     - |                     - |                     - |                     - |                     - |                     - |                     - |                     - |                     - |                     - |                     - |                     0 |                     1 |                     3 |                     4 |                    11 |                    10 |                     8 |                     8 |                    10 |                    10 |    41 |    45 |    12 |    42 |    36 |    30 |    22 |    21 |    19 |     20 |     15 |     16 |     15 |     13 |     10 |      9 |      9 |      8 |      8 |      7 |      6 |      6 |      6 |      5 |      3 |      5 |      6 |      5 |      4 |      4 |      4 |      4 |      7 |      7 |      8 |      8 |      8 |      7 |      7 |      7 |      7 |     53 |     76 |     48 |    34 |    48 |    44 |    42 |    33 |    20 |    21 |    21 |    21 |    16 |     15 |     14 |     12 |     11 |     10 |     11 |      7 |      8 |      6 |      5 |      5 |      6 |      5 |      6 |      6 |      5 |      4 |      4 |      4 |      4 |      6 |      7 |      8 |      8 |      8 |      8 |      8 |      7 |      7 |      7 |      7 |      9 |
| simulated_k41_l100_72   |                     - |                     - |                     - |                     - |                     - |                     - |                     - |                     - |                     - |                     - |                     - |                     - |                     - |                     - |                     - |                     - |                     - |                     - |                     - |                     - |                     - |                     - |                     - |                     - |                     - |                     - |                     - |                     - |                     - |                     - |                     - |                     - |                     0 |                     2 |                     3 |                    10 |                    11 |                     9 |                     9 |                    11 |                    11 |    42 |    46 |    12 |    42 |    36 |    30 |    22 |    21 |    19 |     20 |     15 |     16 |     14 |     13 |     11 |     10 |     10 |      9 |      9 |      8 |      7 |      7 |      7 |      6 |      4 |      4 |      5 |      4 |      3 |      3 |      3 |      3 |      6 |      6 |      7 |      7 |      7 |      6 |      6 |      6 |      6 |     53 |     76 |     48 |    34 |    49 |    44 |    41 |    33 |    20 |    21 |    21 |    21 |    16 |     15 |     14 |     12 |     11 |     10 |     11 |      8 |      9 |      7 |      6 |      6 |      7 |      6 |      5 |      5 |      4 |      3 |      3 |      3 |      3 |      5 |      6 |      7 |      7 |      7 |      7 |      7 |      6 |      6 |      6 |      6 |      9 |
| simulated_k41_l100_73   |                     - |                     - |                     - |                     - |                     - |                     - |                     - |                     - |                     - |                     - |                     - |                     - |                     - |                     - |                     - |                     - |                     - |                     - |                     - |                     - |                     - |                     - |                     - |                     - |                     - |                     - |                     - |                     - |                     - |                     - |                     - |                     - |                     - |                     0 |                     1 |                     8 |                     9 |                    11 |                    11 |                     9 |                     9 |    42 |    48 |    13 |    42 |    36 |    30 |    23 |    21 |    20 |     20 |     15 |     16 |     14 |     13 |     11 |     10 |     10 |      8 |      8 |      6 |      5 |      5 |      5 |      8 |      6 |      6 |      7 |      6 |      5 |      5 |      5 |      5 |      8 |      8 |      9 |      9 |      9 |      8 |      8 |      8 |      8 |     53 |     76 |     48 |    34 |    49 |    43 |    41 |    32 |    20 |    21 |    21 |    21 |    15 |     14 |     12 |     11 |     10 |      9 |     10 |      9 |     10 |      7 |      6 |      6 |      7 |      8 |      7 |      7 |      6 |      5 |      5 |      5 |      5 |      7 |      8 |      9 |      9 |      9 |      9 |      9 |      8 |      8 |      8 |      8 |      9 |
| simulated_k41_l100_74   |                     - |                     - |                     - |                     - |                     - |                     - |                     - |                     - |                     - |                     - |                     - |                     - |                     - |                     - |                     - |                     - |                     - |                     - |                     - |                     - |                     - |                     - |                     - |                     - |                     - |                     - |                     - |                     - |                     - |                     - |                     - |                     - |                     - |                     - |                     0 |                     7 |                     8 |                    10 |                    10 |                     8 |                     8 |    42 |    48 |    12 |    42 |    37 |    31 |    24 |    21 |    20 |     19 |     14 |     15 |     13 |     12 |     10 |      9 |      9 |      7 |      7 |      5 |      4 |      4 |      4 |      7 |      5 |      5 |      6 |      5 |      4 |      4 |      4 |      4 |      7 |      7 |      8 |      8 |      8 |      7 |      7 |      7 |      7 |     53 |     76 |     47 |    34 |    49 |    43 |    42 |    33 |    21 |    22 |    22 |    20 |    14 |     13 |     11 |     10 |      9 |      8 |      9 |      8 |      9 |      6 |      5 |      5 |      6 |      7 |      6 |      6 |      5 |      4 |      4 |      4 |      4 |      6 |      7 |      8 |      8 |      8 |      8 |      8 |      7 |      7 |      7 |      7 |      9 |
| simulated_k41_l100_75   |                     - |                     - |                     - |                     - |                     - |                     - |                     - |                     - |                     - |                     - |                     - |                     - |                     - |                     - |                     - |                     - |                     - |                     - |                     - |                     - |                     - |                     - |                     - |                     - |                     - |                     - |                     - |                     - |                     - |                     - |                     - |                     - |                     - |                     - |                     - |                     0 |                     1 |                    15 |                    15 |                    13 |                    13 |    42 |    48 |    17 |    40 |    39 |    33 |    26 |    24 |    22 |     21 |     16 |     17 |     15 |     13 |     12 |     11 |     12 |     12 |     10 |     10 |      9 |      9 |      9 |     12 |     10 |     10 |     11 |     10 |      9 |      9 |      9 |      9 |     12 |     12 |     13 |     13 |     13 |     12 |     12 |     12 |     12 |     50 |     73 |     46 |    34 |    48 |    41 |    43 |    35 |    23 |    25 |    24 |    22 |    16 |     15 |     14 |     13 |     10 |     10 |     11 |     12 |     12 |     11 |     10 |     10 |     11 |     12 |     11 |     11 |     10 |      9 |      9 |      9 |      9 |     11 |     12 |     13 |     13 |     13 |     13 |     13 |     12 |     12 |     12 |     12 |     10 |
| simulated_k41_l100_76   |                     - |                     - |                     - |                     - |                     - |                     - |                     - |                     - |                     - |                     - |                     - |                     - |                     - |                     - |                     - |                     - |                     - |                     - |                     - |                     - |                     - |                     - |                     - |                     - |                     - |                     - |                     - |                     - |                     - |                     - |                     - |                     - |                     - |                     - |                     - |                     - |                     0 |                    14 |                    14 |                    14 |                    14 |    42 |    48 |    17 |    41 |    38 |    33 |    26 |    25 |    22 |     21 |     17 |     17 |     16 |     14 |     12 |     11 |     12 |     12 |      9 |      9 |      8 |      8 |      8 |     11 |      9 |     10 |     11 |     11 |     10 |     10 |     10 |     10 |     11 |     11 |     12 |     12 |     12 |     11 |     11 |     11 |     11 |     50 |     73 |     45 |    34 |    48 |    42 |    42 |    35 |    23 |    25 |    24 |    22 |    16 |     14 |     15 |     13 |     10 |     10 |     11 |     11 |     11 |     10 |      9 |      9 |     10 |     11 |     11 |     11 |     11 |     10 |     10 |     10 |     10 |     10 |     11 |     12 |     12 |     12 |     12 |     12 |     11 |     11 |     11 |     11 |      9 |
| simulated_k41_l100_77   |                     - |                     - |                     - |                     - |                     - |                     - |                     - |                     - |                     - |                     - |                     - |                     - |                     - |                     - |                     - |                     - |                     - |                     - |                     - |                     - |                     - |                     - |                     - |                     - |                     - |                     - |                     - |                     - |                     - |                     - |                     - |                     - |                     - |                     - |                     - |                     - |                     - |                     0 |                     0 |                    14 |                    14 |    41 |    45 |    14 |    43 |    38 |    32 |    24 |    21 |    19 |     16 |     14 |     15 |     16 |     14 |     11 |     10 |     10 |     10 |     10 |      9 |      8 |      8 |      9 |      8 |      7 |      9 |     10 |      9 |      8 |      8 |      8 |      8 |     11 |     11 |     12 |     12 |     12 |     11 |     11 |     11 |     11 |     52 |     76 |     46 |    33 |    47 |    46 |    42 |    33 |    23 |    21 |    19 |    17 |    15 |     14 |     14 |     13 |     12 |     11 |     12 |      9 |      8 |      8 |      7 |      8 |      8 |      8 |     10 |     10 |      9 |      8 |      8 |      8 |      8 |     10 |     11 |     12 |     12 |     12 |     12 |     12 |     11 |     11 |     11 |     11 |     11 |
| simulated_k41_l100_78   |                     - |                     - |                     - |                     - |                     - |                     - |                     - |                     - |                     - |                     - |                     - |                     - |                     - |                     - |                     - |                     - |                     - |                     - |                     - |                     - |                     - |                     - |                     - |                     - |                     - |                     - |                     - |                     - |                     - |                     - |                     - |                     - |                     - |                     - |                     - |                     - |                     - |                     - |                     0 |                    14 |                    14 |    41 |    45 |    14 |    43 |    38 |    32 |    24 |    21 |    19 |     16 |     14 |     15 |     16 |     14 |     11 |     10 |     10 |     10 |     10 |      9 |      8 |      8 |      9 |      8 |      7 |      9 |     10 |      9 |      8 |      8 |      8 |      8 |     11 |     11 |     12 |     12 |     12 |     11 |     11 |     11 |     11 |     52 |     76 |     46 |    33 |    47 |    46 |    42 |    33 |    23 |    21 |    19 |    17 |    15 |     14 |     14 |     13 |     12 |     11 |     12 |      9 |      8 |      8 |      7 |      8 |      8 |      8 |     10 |     10 |      9 |      8 |      8 |      8 |      8 |     10 |     11 |     12 |     12 |     12 |     12 |     12 |     11 |     11 |     11 |     11 |     11 |
| simulated_k41_l100_79   |                     - |                     - |                     - |                     - |                     - |                     - |                     - |                     - |                     - |                     - |                     - |                     - |                     - |                     - |                     - |                     - |                     - |                     - |                     - |                     - |                     - |                     - |                     - |                     - |                     - |                     - |                     - |                     - |                     - |                     - |                     - |                     - |                     - |                     - |                     - |                     - |                     - |                     - |                     - |                     0 |                     0 |    40 |    45 |    17 |    39 |    34 |    34 |    31 |    28 |    27 |     24 |     19 |     20 |     18 |     17 |     15 |     13 |     14 |     13 |     12 |     11 |     10 |     10 |     10 |     11 |      9 |     10 |     11 |     11 |     10 |     10 |     10 |     10 |     11 |     11 |     12 |     12 |     12 |     11 |     11 |     11 |     11 |     52 |     75 |     48 |    32 |    44 |    40 |    41 |    36 |    29 |    29 |    29 |    25 |    19 |     18 |     16 |     15 |     14 |     12 |     14 |     13 |     14 |     12 |     11 |     11 |     12 |     11 |     11 |     11 |     11 |     10 |     10 |     10 |     10 |     10 |     11 |     12 |     12 |     12 |     12 |     12 |     11 |     11 |     11 |     11 |     11 |
| simulated_k41_l100_80   |                     - |                     - |                     - |                     - |                     - |                     - |                     - |                     - |                     - |                     - |                     - |                     - |                     - |                     - |                     - |                     - |                     - |                     - |                     - |                     - |                     - |                     - |                     - |                     - |                     - |                     - |                     - |                     - |                     - |                     - |                     - |                     - |                     - |                     - |                     - |                     - |                     - |                     - |                     - |                     - |                     0 |    40 |    45 |    17 |    39 |    34 |    34 |    31 |    28 |    27 |     24 |     19 |     20 |     18 |     17 |     15 |     13 |     14 |     13 |     12 |     11 |     10 |     10 |     10 |     11 |      9 |     10 |     11 |     11 |     10 |     10 |     10 |     10 |     11 |     11 |     12 |     12 |     12 |     11 |     11 |     11 |     11 |     52 |     75 |     48 |    32 |    44 |    40 |    41 |    36 |    29 |    29 |    29 |    25 |    19 |     18 |     16 |     15 |     14 |     12 |     14 |     13 |     14 |     12 |     11 |     11 |     12 |     11 |     11 |     11 |     11 |     10 |     10 |     10 |     10 |     10 |     11 |     12 |     12 |     12 |     12 |     12 |     11 |     11 |     11 |     11 |     11 |
| MST_1                   |                     - |                     - |                     - |                     - |                     - |                     - |                     - |                     - |                     - |                     - |                     - |                     - |                     - |                     - |                     - |                     - |                     - |                     - |                     - |                     - |                     - |                     - |                     - |                     - |                     - |                     - |                     - |                     - |                     - |                     - |                     - |                     - |                     - |                     - |                     - |                     - |                     - |                     - |                     - |                     - |                     - |     0 |    17 |    28 |    37 |    41 |    43 |    39 |    38 |    40 |     41 |     41 |     42 |     41 |     40 |     40 |     41 |     41 |     41 |     40 |     41 |     42 |     42 |     42 |     40 |     40 |     41 |     41 |     41 |     42 |     42 |     42 |     42 |     42 |     42 |     42 |     42 |     42 |     41 |     41 |     41 |     41 |     32 |     44 |     34 |    21 |    41 |    43 |    45 |    46 |    39 |    40 |    40 |    40 |    41 |     42 |     40 |     39 |     40 |     42 |     42 |     40 |     40 |     41 |     41 |     41 |     41 |     40 |     41 |     41 |     41 |     42 |     42 |     42 |     42 |     42 |     42 |     42 |     42 |     42 |     42 |     42 |     41 |     41 |     41 |     41 |     10 |
| MST_2                   |                     - |                     - |                     - |                     - |                     - |                     - |                     - |                     - |                     - |                     - |                     - |                     - |                     - |                     - |                     - |                     - |                     - |                     - |                     - |                     - |                     - |                     - |                     - |                     - |                     - |                     - |                     - |                     - |                     - |                     - |                     - |                     - |                     - |                     - |                     - |                     - |                     - |                     - |                     - |                     - |                     - |     - |     0 |    33 |    28 |    33 |    35 |    39 |    39 |    42 |     45 |     44 |     45 |     46 |     45 |     44 |     45 |     45 |     45 |     46 |     48 |     48 |     48 |     48 |     45 |     45 |     47 |     48 |     47 |     47 |     47 |     47 |     47 |     48 |     48 |     48 |     48 |     48 |     48 |     48 |     48 |     48 |     40 |     53 |     39 |    27 |    29 |    36 |    39 |    41 |    40 |    44 |    42 |    45 |    45 |     46 |     47 |     46 |     46 |     48 |     48 |     44 |     45 |     46 |     46 |     46 |     46 |     45 |     48 |     48 |     47 |     47 |     47 |     47 |     47 |     48 |     48 |     48 |     48 |     48 |     48 |     48 |     48 |     48 |     48 |     48 |     18 |
| MST_3                   |                     - |                     - |                     - |                     - |                     - |                     - |                     - |                     - |                     - |                     - |                     - |                     - |                     - |                     - |                     - |                     - |                     - |                     - |                     - |                     - |                     - |                     - |                     - |                     - |                     - |                     - |                     - |                     - |                     - |                     - |                     - |                     - |                     - |                     - |                     - |                     - |                     - |                     - |                     - |                     - |                     - |     - |     - |     0 |    37 |    34 |    28 |    20 |    20 |    20 |     15 |     13 |     12 |     12 |     10 |      9 |     11 |     10 |      8 |      9 |      8 |      9 |      9 |      9 |      9 |      9 |      8 |      8 |      9 |     10 |     10 |     10 |     10 |      8 |      8 |      8 |      8 |      8 |      9 |      9 |      9 |      9 |     49 |     68 |     44 |    30 |    49 |    41 |    40 |    32 |    21 |    21 |    21 |    16 |    12 |     11 |     12 |      9 |      9 |     10 |      9 |      9 |     10 |      9 |      9 |      9 |      9 |      9 |      8 |      8 |      9 |     10 |     10 |     10 |     10 |      9 |      8 |      8 |      8 |      8 |      8 |      8 |      9 |      9 |      9 |      9 |      8 |
| MST_4                   |                     - |                     - |                     - |                     - |                     - |                     - |                     - |                     - |                     - |                     - |                     - |                     - |                     - |                     - |                     - |                     - |                     - |                     - |                     - |                     - |                     - |                     - |                     - |                     - |                     - |                     - |                     - |                     - |                     - |                     - |                     - |                     - |                     - |                     - |                     - |                     - |                     - |                     - |                     - |                     - |                     - |     - |     - |     - |     0 |    14 |    22 |    31 |    31 |    32 |     37 |     36 |     37 |     37 |     38 |     38 |     40 |     40 |     40 |     41 |     42 |     42 |     42 |     42 |     42 |     42 |     42 |     42 |     42 |     43 |     43 |     43 |     43 |     43 |     43 |     44 |     44 |     44 |     44 |     44 |     44 |     44 |     45 |     55 |     47 |    33 |    26 |    11 |    25 |    28 |    32 |    34 |    33 |    39 |    38 |     37 |     38 |     39 |     39 |     42 |     42 |     40 |     41 |     41 |     41 |     41 |     42 |     42 |     42 |     42 |     42 |     43 |     43 |     43 |     43 |     43 |     43 |     44 |     44 |     44 |     44 |     44 |     44 |     44 |     44 |     44 |     25 |
| MST_5                   |                     - |                     - |                     - |                     - |                     - |                     - |                     - |                     - |                     - |                     - |                     - |                     - |                     - |                     - |                     - |                     - |                     - |                     - |                     - |                     - |                     - |                     - |                     - |                     - |                     - |                     - |                     - |                     - |                     - |                     - |                     - |                     - |                     - |                     - |                     - |                     - |                     - |                     - |                     - |                     - |                     - |     - |     - |     - |     - |     0 |    16 |    24 |    27 |    27 |     33 |     32 |     33 |     32 |     35 |     34 |     36 |     36 |     36 |     38 |     38 |     38 |     38 |     38 |     38 |     38 |     38 |     38 |     38 |     38 |     38 |     38 |     38 |     40 |     40 |     41 |     41 |     41 |     40 |     40 |     40 |     40 |     44 |     60 |     47 |    33 |    31 |    23 |    19 |    23 |    26 |    30 |    29 |    34 |    34 |     32 |     33 |     35 |     34 |     37 |     37 |     37 |     38 |     38 |     38 |     38 |     38 |     38 |     38 |     38 |     38 |     38 |     38 |     38 |     38 |     39 |     40 |     41 |     41 |     41 |     41 |     41 |     40 |     40 |     40 |     40 |     25 |
| MST_6                   |                     - |                     - |                     - |                     - |                     - |                     - |                     - |                     - |                     - |                     - |                     - |                     - |                     - |                     - |                     - |                     - |                     - |                     - |                     - |                     - |                     - |                     - |                     - |                     - |                     - |                     - |                     - |                     - |                     - |                     - |                     - |                     - |                     - |                     - |                     - |                     - |                     - |                     - |                     - |                     - |                     - |     - |     - |     - |     - |     - |     0 |    16 |    20 |    21 |     26 |     24 |     26 |     26 |     28 |     28 |     29 |     29 |     29 |     31 |     32 |     31 |     31 |     32 |     32 |     31 |     31 |     31 |     31 |     32 |     32 |     32 |     32 |     33 |     33 |     34 |     34 |     34 |     34 |     34 |     34 |     34 |     48 |     63 |     48 |    34 |    40 |    32 |    24 |    11 |    20 |    24 |    22 |    27 |    27 |     26 |     27 |     28 |     28 |     30 |     30 |     30 |     30 |     32 |     31 |     32 |     32 |     32 |     31 |     31 |     31 |     32 |     32 |     32 |     32 |     32 |     33 |     34 |     34 |     34 |     34 |     34 |     34 |     34 |     34 |     34 |     22 |
| MST_7                   |                     - |                     - |                     - |                     - |                     - |                     - |                     - |                     - |                     - |                     - |                     - |                     - |                     - |                     - |                     - |                     - |                     - |                     - |                     - |                     - |                     - |                     - |                     - |                     - |                     - |                     - |                     - |                     - |                     - |                     - |                     - |                     - |                     - |                     - |                     - |                     - |                     - |                     - |                     - |                     - |                     - |     - |     - |     - |     - |     - |     - |     0 |     9 |    10 |     17 |     19 |     18 |     20 |     21 |     20 |     21 |     21 |     22 |     23 |     25 |     24 |     24 |     25 |     24 |     23 |     23 |     23 |     23 |     24 |     24 |     24 |     24 |     24 |     24 |     25 |     25 |     25 |     25 |     25 |     25 |     25 |     47 |     67 |     44 |    30 |    43 |    37 |    28 |    19 |     6 |    12 |    13 |    17 |    19 |     19 |     20 |     21 |     20 |     22 |     22 |     23 |     23 |     24 |     23 |     24 |     25 |     24 |     23 |     23 |     23 |     24 |     24 |     24 |     24 |     24 |     24 |     25 |     25 |     25 |     25 |     25 |     25 |     25 |     25 |     25 |     15 |
| MST_8                   |                     - |                     - |                     - |                     - |                     - |                     - |                     - |                     - |                     - |                     - |                     - |                     - |                     - |                     - |                     - |                     - |                     - |                     - |                     - |                     - |                     - |                     - |                     - |                     - |                     - |                     - |                     - |                     - |                     - |                     - |                     - |                     - |                     - |                     - |                     - |                     - |                     - |                     - |                     - |                     - |                     - |     - |     - |     - |     - |     - |     - |     - |     0 |     7 |     15 |     16 |     17 |     18 |     19 |     19 |     20 |     21 |     23 |     23 |     23 |     22 |     22 |     23 |     23 |     23 |     23 |     23 |     23 |     23 |     23 |     23 |     23 |     23 |     23 |     24 |     24 |     24 |     23 |     23 |     23 |     23 |     48 |     68 |     44 |    30 |    42 |    36 |    33 |    24 |     9 |     9 |    10 |    13 |    18 |     17 |     19 |     20 |     20 |     22 |     23 |     23 |     23 |     22 |     21 |     22 |     23 |     23 |     23 |     23 |     23 |     23 |     23 |     23 |     23 |     23 |     23 |     24 |     24 |     24 |     24 |     24 |     23 |     23 |     23 |     23 |     16 |
| MST_9                   |                     - |                     - |                     - |                     - |                     - |                     - |                     - |                     - |                     - |                     - |                     - |                     - |                     - |                     - |                     - |                     - |                     - |                     - |                     - |                     - |                     - |                     - |                     - |                     - |                     - |                     - |                     - |                     - |                     - |                     - |                     - |                     - |                     - |                     - |                     - |                     - |                     - |                     - |                     - |                     - |                     - |     - |     - |     - |     - |     - |     - |     - |     - |     0 |     10 |     15 |     15 |     16 |     17 |     16 |     17 |     18 |     20 |     21 |     22 |     21 |     21 |     22 |     22 |     22 |     21 |     22 |     23 |     22 |     22 |     22 |     22 |     23 |     23 |     24 |     24 |     24 |     23 |     23 |     23 |     23 |     50 |     68 |     45 |    31 |    42 |    38 |    34 |    24 |     9 |    10 |     8 |    12 |    15 |     15 |     17 |     18 |     17 |     19 |     20 |     20 |     20 |     21 |     20 |     21 |     22 |     22 |     22 |     22 |     23 |     22 |     22 |     22 |     22 |     23 |     23 |     24 |     24 |     24 |     24 |     24 |     23 |     23 |     23 |     23 |     16 |
| MST_10                  |                     - |                     - |                     - |                     - |                     - |                     - |                     - |                     - |                     - |                     - |                     - |                     - |                     - |                     - |                     - |                     - |                     - |                     - |                     - |                     - |                     - |                     - |                     - |                     - |                     - |                     - |                     - |                     - |                     - |                     - |                     - |                     - |                     - |                     - |                     - |                     - |                     - |                     - |                     - |                     - |                     - |     - |     - |     - |     - |     - |     - |     - |     - |     - |      0 |     10 |     11 |     12 |     13 |     12 |     14 |     14 |     15 |     17 |     16 |     16 |     16 |     17 |     18 |     18 |     17 |     18 |     19 |     19 |     19 |     19 |     19 |     19 |     19 |     20 |     20 |     20 |     21 |     21 |     21 |     21 |     49 |     68 |     44 |    33 |    47 |    41 |    37 |    27 |    17 |    17 |    12 |     4 |     9 |     11 |     13 |     12 |     12 |     15 |     16 |     15 |     17 |     17 |     17 |     18 |     17 |     18 |     18 |     18 |     19 |     19 |     19 |     19 |     19 |     18 |     19 |     20 |     20 |     20 |     20 |     20 |     21 |     21 |     21 |     21 |     12 |
| MST_11                  |                     - |                     - |                     - |                     - |                     - |                     - |                     - |                     - |                     - |                     - |                     - |                     - |                     - |                     - |                     - |                     - |                     - |                     - |                     - |                     - |                     - |                     - |                     - |                     - |                     - |                     - |                     - |                     - |                     - |                     - |                     - |                     - |                     - |                     - |                     - |                     - |                     - |                     - |                     - |                     - |                     - |     - |     - |     - |     - |     - |     - |     - |     - |     - |      - |      0 |      6 |      7 |      7 |      9 |     11 |     12 |     11 |     13 |     13 |     13 |     13 |     14 |     14 |     14 |     13 |     14 |     15 |     14 |     14 |     14 |     14 |     16 |     16 |     17 |     17 |     17 |     16 |     16 |     16 |     16 |     49 |     70 |     44 |    31 |    46 |    39 |    38 |    28 |    17 |    18 |    15 |    10 |     6 |      6 |      9 |      8 |      9 |     12 |     13 |     12 |     13 |     13 |     13 |     14 |     14 |     14 |     14 |     14 |     15 |     14 |     14 |     14 |     14 |     15 |     16 |     17 |     17 |     17 |     17 |     17 |     16 |     16 |     16 |     16 |     14 |
| MST_12                  |                     - |                     - |                     - |                     - |                     - |                     - |                     - |                     - |                     - |                     - |                     - |                     - |                     - |                     - |                     - |                     - |                     - |                     - |                     - |                     - |                     - |                     - |                     - |                     - |                     - |                     - |                     - |                     - |                     - |                     - |                     - |                     - |                     - |                     - |                     - |                     - |                     - |                     - |                     - |                     - |                     - |     - |     - |     - |     - |     - |     - |     - |     - |     - |      - |      - |      0 |      3 |      6 |      9 |     11 |     11 |     12 |     12 |     12 |     12 |     12 |     13 |     14 |     14 |     13 |     14 |     15 |     15 |     15 |     15 |     15 |     15 |     15 |     16 |     16 |     16 |     17 |     17 |     17 |     17 |     50 |     72 |     44 |    33 |    47 |    40 |    38 |    29 |    17 |    18 |    15 |    12 |     5 |      3 |      7 |      7 |     10 |     13 |     13 |     11 |     12 |     12 |     12 |     13 |     13 |     14 |     14 |     14 |     15 |     15 |     15 |     15 |     15 |     14 |     15 |     16 |     16 |     16 |     16 |     16 |     17 |     17 |     17 |     17 |     11 |
| MST_13                  |                     - |                     - |                     - |                     - |                     - |                     - |                     - |                     - |                     - |                     - |                     - |                     - |                     - |                     - |                     - |                     - |                     - |                     - |                     - |                     - |                     - |                     - |                     - |                     - |                     - |                     - |                     - |                     - |                     - |                     - |                     - |                     - |                     - |                     - |                     - |                     - |                     - |                     - |                     - |                     - |                     - |     - |     - |     - |     - |     - |     - |     - |     - |     - |      - |      - |      - |      0 |      5 |      8 |     10 |     10 |     11 |     11 |     11 |     11 |     11 |     12 |     13 |     13 |     12 |     13 |     14 |     13 |     13 |     13 |     13 |     14 |     14 |     15 |     15 |     15 |     16 |     16 |     16 |     16 |     51 |     71 |     45 |    33 |    46 |    40 |    38 |    29 |    17 |    18 |    16 |    12 |     7 |      4 |      4 |      6 |      9 |     12 |     12 |     10 |     11 |     11 |     11 |     12 |     12 |     13 |     13 |     13 |     14 |     13 |     13 |     13 |     13 |     13 |     14 |     15 |     15 |     15 |     15 |     15 |     16 |     16 |     16 |     16 |     12 |
| MST_14                  |                     - |                     - |                     - |                     - |                     - |                     - |                     - |                     - |                     - |                     - |                     - |                     - |                     - |                     - |                     - |                     - |                     - |                     - |                     - |                     - |                     - |                     - |                     - |                     - |                     - |                     - |                     - |                     - |                     - |                     - |                     - |                     - |                     - |                     - |                     - |                     - |                     - |                     - |                     - |                     - |                     - |     - |     - |     - |     - |     - |     - |     - |     - |     - |      - |      - |      - |      - |      0 |      4 |      6 |      8 |      9 |      9 |     10 |     10 |     10 |     11 |     11 |     11 |     10 |     11 |     12 |     12 |     12 |     12 |     12 |     13 |     13 |     14 |     14 |     14 |     14 |     14 |     14 |     14 |     51 |     72 |     46 |    33 |    48 |    42 |    40 |    30 |    19 |    20 |    17 |    13 |     8 |      7 |      6 |      4 |      6 |      9 |     10 |      9 |     10 |      9 |      9 |     10 |     10 |     11 |     11 |     11 |     12 |     12 |     12 |     12 |     12 |     12 |     13 |     14 |     14 |     14 |     14 |     14 |     14 |     14 |     14 |     14 |     10 |
| MST_15                  |                     - |                     - |                     - |                     - |                     - |                     - |                     - |                     - |                     - |                     - |                     - |                     - |                     - |                     - |                     - |                     - |                     - |                     - |                     - |                     - |                     - |                     - |                     - |                     - |                     - |                     - |                     - |                     - |                     - |                     - |                     - |                     - |                     - |                     - |                     - |                     - |                     - |                     - |                     - |                     - |                     - |     - |     - |     - |     - |     - |     - |     - |     - |     - |      - |      - |      - |      - |      - |      0 |      2 |      4 |      5 |      7 |      8 |      8 |      8 |      9 |      8 |      8 |      8 |      9 |     10 |     10 |     10 |     10 |     10 |     11 |     11 |     12 |     12 |     12 |     12 |     12 |     12 |     12 |     51 |     72 |     45 |    33 |    49 |    42 |    40 |    30 |    19 |    20 |    18 |    13 |     8 |      9 |      9 |      5 |      2 |      5 |      7 |      5 |      6 |      6 |      6 |      7 |      7 |      8 |      9 |      9 |     10 |     10 |     10 |     10 |     10 |     10 |     11 |     12 |     12 |     12 |     12 |     12 |     12 |     12 |     12 |     12 |     10 |
| MST_16                  |                     - |                     - |                     - |                     - |                     - |                     - |                     - |                     - |                     - |                     - |                     - |                     - |                     - |                     - |                     - |                     - |                     - |                     - |                     - |                     - |                     - |                     - |                     - |                     - |                     - |                     - |                     - |                     - |                     - |                     - |                     - |                     - |                     - |                     - |                     - |                     - |                     - |                     - |                     - |                     - |                     - |     - |     - |     - |     - |     - |     - |     - |     - |     - |      - |      - |      - |      - |      - |      - |      0 |      2 |      5 |      7 |      7 |      7 |      7 |      8 |      7 |      7 |      8 |      9 |      9 |      9 |      9 |      9 |      9 |      9 |      9 |     10 |     10 |     10 |     10 |     10 |     10 |     10 |     51 |     74 |     46 |    34 |    50 |    43 |    41 |    31 |    20 |    21 |    19 |    14 |    10 |     11 |     11 |      7 |      4 |      3 |      5 |      5 |      5 |      6 |      5 |      6 |      7 |      7 |      8 |      9 |      9 |      9 |      9 |      9 |      9 |      8 |      9 |     10 |     10 |     10 |     10 |     10 |     10 |     10 |     10 |     10 |      9 |
| MST_17                  |                     - |                     - |                     - |                     - |                     - |                     - |                     - |                     - |                     - |                     - |                     - |                     - |                     - |                     - |                     - |                     - |                     - |                     - |                     - |                     - |                     - |                     - |                     - |                     - |                     - |                     - |                     - |                     - |                     - |                     - |                     - |                     - |                     - |                     - |                     - |                     - |                     - |                     - |                     - |                     - |                     - |     - |     - |     - |     - |     - |     - |     - |     - |     - |      - |      - |      - |      - |      - |      - |      - |      0 |      3 |      5 |      6 |      7 |      7 |      8 |      7 |      6 |      8 |      9 |      8 |      9 |      9 |      9 |      9 |      9 |      9 |     10 |     10 |     10 |     10 |     10 |     10 |     10 |     51 |     74 |     47 |    34 |    50 |    43 |    40 |    32 |    20 |    22 |    19 |    14 |    11 |     12 |     11 |      9 |      6 |      5 |      3 |      3 |      3 |      5 |      5 |      6 |      7 |      7 |      8 |      9 |      8 |      9 |      9 |      9 |      9 |      9 |      9 |     10 |     10 |     10 |     10 |     10 |     10 |     10 |     10 |     10 |      8 |
| MST_18                  |                     - |                     - |                     - |                     - |                     - |                     - |                     - |                     - |                     - |                     - |                     - |                     - |                     - |                     - |                     - |                     - |                     - |                     - |                     - |                     - |                     - |                     - |                     - |                     - |                     - |                     - |                     - |                     - |                     - |                     - |                     - |                     - |                     - |                     - |                     - |                     - |                     - |                     - |                     - |                     - |                     - |     - |     - |     - |     - |     - |     - |     - |     - |     - |      - |      - |      - |      - |      - |      - |      - |      - |      0 |      4 |      5 |      7 |      7 |      7 |      6 |      5 |      6 |      7 |      7 |      8 |      8 |      8 |      8 |      9 |      9 |     10 |     10 |     10 |     10 |     10 |     10 |     10 |     52 |     74 |     47 |    34 |    50 |    44 |    42 |    32 |    22 |    24 |    21 |    16 |    11 |     12 |     11 |      9 |      6 |      7 |      5 |      2 |      4 |      4 |      6 |      6 |      6 |      6 |      7 |      7 |      7 |      8 |      8 |      8 |      8 |      8 |      9 |     10 |     10 |     10 |     10 |     10 |     10 |     10 |     10 |     10 |      8 |
| MST_19                  |                     - |                     - |                     - |                     - |                     - |                     - |                     - |                     - |                     - |                     - |                     - |                     - |                     - |                     - |                     - |                     - |                     - |                     - |                     - |                     - |                     - |                     - |                     - |                     - |                     - |                     - |                     - |                     - |                     - |                     - |                     - |                     - |                     - |                     - |                     - |                     - |                     - |                     - |                     - |                     - |                     - |     - |     - |     - |     - |     - |     - |     - |     - |     - |      - |      - |      - |      - |      - |      - |      - |      - |      - |      0 |      3 |      5 |      5 |      5 |      6 |      5 |      6 |      7 |      7 |      8 |      8 |      8 |      8 |      9 |      9 |     10 |     10 |     10 |     10 |     10 |     10 |     10 |     52 |     76 |     47 |    34 |    50 |    44 |    43 |    33 |    23 |    23 |    22 |    17 |    12 |     11 |     10 |      9 |      6 |      6 |      4 |      3 |      3 |      3 |      5 |      5 |      7 |      6 |      7 |      7 |      7 |      8 |      8 |      8 |      8 |      8 |      9 |     10 |     10 |     10 |     10 |     10 |     10 |     10 |     10 |     10 |      7 |
| MST_20                  |                     - |                     - |                     - |                     - |                     - |                     - |                     - |                     - |                     - |                     - |                     - |                     - |                     - |                     - |                     - |                     - |                     - |                     - |                     - |                     - |                     - |                     - |                     - |                     - |                     - |                     - |                     - |                     - |                     - |                     - |                     - |                     - |                     - |                     - |                     - |                     - |                     - |                     - |                     - |                     - |                     - |     - |     - |     - |     - |     - |     - |     - |     - |     - |      - |      - |      - |      - |      - |      - |      - |      - |      - |      - |      0 |      2 |      2 |      2 |      6 |      5 |      5 |      6 |      7 |      7 |      7 |      7 |      7 |      6 |      6 |      7 |      7 |      7 |      8 |      8 |      8 |      8 |     51 |     75 |     47 |    35 |    49 |    44 |    42 |    34 |    23 |    23 |    22 |    18 |    11 |     10 |     10 |      7 |      7 |      6 |      5 |      4 |      5 |      2 |      4 |      4 |      3 |      6 |      6 |      6 |      7 |      7 |      7 |      7 |      7 |      5 |      6 |      7 |      7 |      7 |      7 |      7 |      8 |      8 |      8 |      8 |      7 |
| MST_21                  |                     - |                     - |                     - |                     - |                     - |                     - |                     - |                     - |                     - |                     - |                     - |                     - |                     - |                     - |                     - |                     - |                     - |                     - |                     - |                     - |                     - |                     - |                     - |                     - |                     - |                     - |                     - |                     - |                     - |                     - |                     - |                     - |                     - |                     - |                     - |                     - |                     - |                     - |                     - |                     - |                     - |     - |     - |     - |     - |     - |     - |     - |     - |     - |      - |      - |      - |      - |      - |      - |      - |      - |      - |      - |      - |      0 |      0 |      1 |      5 |      4 |      4 |      5 |      6 |      6 |      6 |      6 |      6 |      5 |      5 |      6 |      6 |      6 |      7 |      7 |      7 |      7 |     52 |     76 |     47 |    35 |    49 |    44 |    42 |    33 |    22 |    22 |    22 |    18 |    11 |     10 |     10 |      7 |      7 |      5 |      6 |      6 |      6 |      4 |      2 |      3 |      3 |      5 |      5 |      5 |      6 |      6 |      6 |      6 |      6 |      4 |      5 |      6 |      6 |      6 |      6 |      6 |      7 |      7 |      7 |      7 |      8 |
| MST_22                  |                     - |                     - |                     - |                     - |                     - |                     - |                     - |                     - |                     - |                     - |                     - |                     - |                     - |                     - |                     - |                     - |                     - |                     - |                     - |                     - |                     - |                     - |                     - |                     - |                     - |                     - |                     - |                     - |                     - |                     - |                     - |                     - |                     - |                     - |                     - |                     - |                     - |                     - |                     - |                     - |                     - |     - |     - |     - |     - |     - |     - |     - |     - |     - |      - |      - |      - |      - |      - |      - |      - |      - |      - |      - |      - |      - |      0 |      1 |      5 |      4 |      4 |      5 |      6 |      6 |      6 |      6 |      6 |      5 |      5 |      6 |      6 |      6 |      7 |      7 |      7 |      7 |     52 |     76 |     47 |    35 |    49 |    44 |    42 |    33 |    22 |    22 |    22 |    18 |    11 |     10 |     10 |      7 |      7 |      5 |      6 |      6 |      6 |      4 |      2 |      3 |      3 |      5 |      5 |      5 |      6 |      6 |      6 |      6 |      6 |      4 |      5 |      6 |      6 |      6 |      6 |      6 |      7 |      7 |      7 |      7 |      8 |
| MST_23                  |                     - |                     - |                     - |                     - |                     - |                     - |                     - |                     - |                     - |                     - |                     - |                     - |                     - |                     - |                     - |                     - |                     - |                     - |                     - |                     - |                     - |                     - |                     - |                     - |                     - |                     - |                     - |                     - |                     - |                     - |                     - |                     - |                     - |                     - |                     - |                     - |                     - |                     - |                     - |                     - |                     - |     - |     - |     - |     - |     - |     - |     - |     - |     - |      - |      - |      - |      - |      - |      - |      - |      - |      - |      - |      - |      - |      - |      0 |      4 |      4 |      4 |      5 |      6 |      6 |      6 |      6 |      6 |      5 |      5 |      6 |      6 |      6 |      7 |      7 |      7 |      7 |     52 |     76 |     47 |    35 |    50 |    45 |    42 |    34 |    23 |    23 |    23 |    18 |    12 |     11 |     11 |      8 |      8 |      6 |      7 |      6 |      7 |      4 |      3 |      2 |      2 |      4 |      5 |      5 |      6 |      6 |      6 |      6 |      6 |      4 |      5 |      6 |      6 |      6 |      6 |      6 |      7 |      7 |      7 |      7 |      7 |
| MST_24                  |                     - |                     - |                     - |                     - |                     - |                     - |                     - |                     - |                     - |                     - |                     - |                     - |                     - |                     - |                     - |                     - |                     - |                     - |                     - |                     - |                     - |                     - |                     - |                     - |                     - |                     - |                     - |                     - |                     - |                     - |                     - |                     - |                     - |                     - |                     - |                     - |                     - |                     - |                     - |                     - |                     - |     - |     - |     - |     - |     - |     - |     - |     - |     - |      - |      - |      - |      - |      - |      - |      - |      - |      - |      - |      - |      - |      - |      - |      0 |      2 |      4 |      5 |      4 |      4 |      4 |      4 |      4 |      6 |      6 |      7 |      7 |      7 |      7 |      7 |      7 |      7 |     52 |     77 |     48 |    34 |    51 |    45 |    43 |    35 |    23 |    23 |    23 |    18 |    14 |     13 |     12 |     10 |      9 |      9 |      9 |      5 |      6 |      5 |      4 |      3 |      4 |      0 |      5 |      5 |      4 |      4 |      4 |      4 |      4 |      5 |      6 |      7 |      7 |      7 |      7 |      7 |      7 |      7 |      7 |      7 |      7 |
| MST_25                  |                     - |                     - |                     - |                     - |                     - |                     - |                     - |                     - |                     - |                     - |                     - |                     - |                     - |                     - |                     - |                     - |                     - |                     - |                     - |                     - |                     - |                     - |                     - |                     - |                     - |                     - |                     - |                     - |                     - |                     - |                     - |                     - |                     - |                     - |                     - |                     - |                     - |                     - |                     - |                     - |                     - |     - |     - |     - |     - |     - |     - |     - |     - |     - |      - |      - |      - |      - |      - |      - |      - |      - |      - |      - |      - |      - |      - |      - |      - |      0 |      2 |      3 |      2 |      3 |      3 |      3 |      3 |      5 |      5 |      6 |      6 |      6 |      6 |      6 |      6 |      6 |     52 |     77 |     48 |    34 |    50 |    44 |    44 |    35 |    23 |    23 |    23 |    19 |    14 |     13 |     11 |     10 |      9 |      8 |      8 |      4 |      5 |      4 |      3 |      3 |      4 |      2 |      3 |      3 |      2 |      3 |      3 |      3 |      3 |      4 |      5 |      6 |      6 |      6 |      6 |      6 |      6 |      6 |      6 |      6 |      7 |
| MST_26                  |                     - |                     - |                     - |                     - |                     - |                     - |                     - |                     - |                     - |                     - |                     - |                     - |                     - |                     - |                     - |                     - |                     - |                     - |                     - |                     - |                     - |                     - |                     - |                     - |                     - |                     - |                     - |                     - |                     - |                     - |                     - |                     - |                     - |                     - |                     - |                     - |                     - |                     - |                     - |                     - |                     - |     - |     - |     - |     - |     - |     - |     - |     - |     - |      - |      - |      - |      - |      - |      - |      - |      - |      - |      - |      - |      - |      - |      - |      - |      - |      0 |      1 |      2 |      3 |      3 |      3 |      3 |      3 |      3 |      4 |      4 |      4 |      5 |      5 |      5 |      5 |     52 |     77 |     47 |    35 |    51 |    44 |    43 |    35 |    22 |    22 |    22 |    18 |    13 |     12 |     11 |      9 |      8 |      7 |      7 |      6 |      7 |      6 |      5 |      5 |      5 |      4 |      1 |      1 |      2 |      3 |      3 |      3 |      3 |      2 |      3 |      4 |      4 |      4 |      4 |      4 |      5 |      5 |      5 |      5 |      7 |
| MST_27                  |                     - |                     - |                     - |                     - |                     - |                     - |                     - |                     - |                     - |                     - |                     - |                     - |                     - |                     - |                     - |                     - |                     - |                     - |                     - |                     - |                     - |                     - |                     - |                     - |                     - |                     - |                     - |                     - |                     - |                     - |                     - |                     - |                     - |                     - |                     - |                     - |                     - |                     - |                     - |                     - |                     - |     - |     - |     - |     - |     - |     - |     - |     - |     - |      - |      - |      - |      - |      - |      - |      - |      - |      - |      - |      - |      - |      - |      - |      - |      - |      - |      0 |      1 |      2 |      2 |      2 |      2 |      2 |      2 |      3 |      3 |      3 |      4 |      4 |      4 |      4 |     52 |     77 |     47 |    35 |    52 |    45 |    44 |    35 |    22 |    23 |    23 |    18 |    14 |     13 |     12 |     10 |      9 |      8 |      8 |      7 |      8 |      7 |      6 |      6 |      6 |      5 |      2 |      0 |      1 |      2 |      2 |      2 |      2 |      1 |      2 |      3 |      3 |      3 |      3 |      3 |      4 |      4 |      4 |      4 |      6 |
| MST_28                  |                     - |                     - |                     - |                     - |                     - |                     - |                     - |                     - |                     - |                     - |                     - |                     - |                     - |                     - |                     - |                     - |                     - |                     - |                     - |                     - |                     - |                     - |                     - |                     - |                     - |                     - |                     - |                     - |                     - |                     - |                     - |                     - |                     - |                     - |                     - |                     - |                     - |                     - |                     - |                     - |                     - |     - |     - |     - |     - |     - |     - |     - |     - |     - |      - |      - |      - |      - |      - |      - |      - |      - |      - |      - |      - |      - |      - |      - |      - |      - |      - |      - |      0 |      1 |      1 |      1 |      1 |      3 |      3 |      4 |      4 |      4 |      4 |      4 |      4 |      4 |     52 |     77 |     48 |    34 |    52 |    45 |    44 |    35 |    23 |    24 |    24 |    19 |    15 |     14 |     12 |     11 |     10 |      9 |      8 |      6 |      7 |      6 |      5 |      5 |      5 |      4 |      2 |      1 |      0 |      1 |      1 |      1 |      1 |      2 |      3 |      4 |      4 |      4 |      4 |      4 |      4 |      4 |      4 |      4 |      6 |
| MST_29                  |                     - |                     - |                     - |                     - |                     - |                     - |                     - |                     - |                     - |                     - |                     - |                     - |                     - |                     - |                     - |                     - |                     - |                     - |                     - |                     - |                     - |                     - |                     - |                     - |                     - |                     - |                     - |                     - |                     - |                     - |                     - |                     - |                     - |                     - |                     - |                     - |                     - |                     - |                     - |                     - |                     - |     - |     - |     - |     - |     - |     - |     - |     - |     - |      - |      - |      - |      - |      - |      - |      - |      - |      - |      - |      - |      - |      - |      - |      - |      - |      - |      - |      - |      0 |      0 |      0 |      0 |      3 |      3 |      4 |      4 |      4 |      3 |      3 |      3 |      3 |     53 |     76 |     47 |    34 |    52 |    46 |    44 |    35 |    22 |    24 |    24 |    19 |    15 |     14 |     13 |     11 |     10 |      9 |      9 |      7 |      8 |      6 |      5 |      5 |      5 |      4 |      3 |      2 |      1 |      0 |      0 |      0 |      0 |      2 |      3 |      4 |      4 |      4 |      4 |      4 |      3 |      3 |      3 |      3 |      7 |
| MST_30                  |                     - |                     - |                     - |                     - |                     - |                     - |                     - |                     - |                     - |                     - |                     - |                     - |                     - |                     - |                     - |                     - |                     - |                     - |                     - |                     - |                     - |                     - |                     - |                     - |                     - |                     - |                     - |                     - |                     - |                     - |                     - |                     - |                     - |                     - |                     - |                     - |                     - |                     - |                     - |                     - |                     - |     - |     - |     - |     - |     - |     - |     - |     - |     - |      - |      - |      - |      - |      - |      - |      - |      - |      - |      - |      - |      - |      - |      - |      - |      - |      - |      - |      - |      - |      0 |      0 |      0 |      3 |      3 |      4 |      4 |      4 |      3 |      3 |      3 |      3 |     53 |     76 |     47 |    34 |    52 |    46 |    44 |    35 |    22 |    24 |    24 |    19 |    15 |     14 |     13 |     11 |     10 |      9 |      9 |      7 |      8 |      6 |      5 |      5 |      5 |      4 |      3 |      2 |      1 |      0 |      0 |      0 |      0 |      2 |      3 |      4 |      4 |      4 |      4 |      4 |      3 |      3 |      3 |      3 |      7 |
| MST_31                  |                     - |                     - |                     - |                     - |                     - |                     - |                     - |                     - |                     - |                     - |                     - |                     - |                     - |                     - |                     - |                     - |                     - |                     - |                     - |                     - |                     - |                     - |                     - |                     - |                     - |                     - |                     - |                     - |                     - |                     - |                     - |                     - |                     - |                     - |                     - |                     - |                     - |                     - |                     - |                     - |                     - |     - |     - |     - |     - |     - |     - |     - |     - |     - |      - |      - |      - |      - |      - |      - |      - |      - |      - |      - |      - |      - |      - |      - |      - |      - |      - |      - |      - |      - |      - |      0 |      0 |      3 |      3 |      4 |      4 |      4 |      3 |      3 |      3 |      3 |     53 |     76 |     47 |    34 |    52 |    46 |    44 |    35 |    22 |    24 |    24 |    19 |    15 |     14 |     13 |     11 |     10 |      9 |      9 |      7 |      8 |      6 |      5 |      5 |      5 |      4 |      3 |      2 |      1 |      0 |      0 |      0 |      0 |      2 |      3 |      4 |      4 |      4 |      4 |      4 |      3 |      3 |      3 |      3 |      7 |
| MST_32                  |                     - |                     - |                     - |                     - |                     - |                     - |                     - |                     - |                     - |                     - |                     - |                     - |                     - |                     - |                     - |                     - |                     - |                     - |                     - |                     - |                     - |                     - |                     - |                     - |                     - |                     - |                     - |                     - |                     - |                     - |                     - |                     - |                     - |                     - |                     - |                     - |                     - |                     - |                     - |                     - |                     - |     - |     - |     - |     - |     - |     - |     - |     - |     - |      - |      - |      - |      - |      - |      - |      - |      - |      - |      - |      - |      - |      - |      - |      - |      - |      - |      - |      - |      - |      - |      - |      0 |      3 |      3 |      4 |      4 |      4 |      3 |      3 |      3 |      3 |     53 |     76 |     47 |    34 |    52 |    46 |    44 |    35 |    22 |    24 |    24 |    19 |    15 |     14 |     13 |     11 |     10 |      9 |      9 |      7 |      8 |      6 |      5 |      5 |      5 |      4 |      3 |      2 |      1 |      0 |      0 |      0 |      0 |      2 |      3 |      4 |      4 |      4 |      4 |      4 |      3 |      3 |      3 |      3 |      7 |
| MST_33                  |                     - |                     - |                     - |                     - |                     - |                     - |                     - |                     - |                     - |                     - |                     - |                     - |                     - |                     - |                     - |                     - |                     - |                     - |                     - |                     - |                     - |                     - |                     - |                     - |                     - |                     - |                     - |                     - |                     - |                     - |                     - |                     - |                     - |                     - |                     - |                     - |                     - |                     - |                     - |                     - |                     - |     - |     - |     - |     - |     - |     - |     - |     - |     - |      - |      - |      - |      - |      - |      - |      - |      - |      - |      - |      - |      - |      - |      - |      - |      - |      - |      - |      - |      - |      - |      - |      - |      0 |      0 |      1 |      1 |      1 |      2 |      2 |      2 |      2 |     52 |     77 |     48 |    35 |    54 |    46 |    45 |    35 |    23 |    24 |    24 |    19 |    15 |     14 |     14 |     11 |     11 |      8 |      9 |      8 |      8 |      7 |      7 |      7 |      7 |      6 |      4 |      2 |      3 |      3 |      3 |      3 |      3 |      1 |      0 |      1 |      1 |      1 |      1 |      1 |      2 |      2 |      2 |      2 |      5 |
| MST_34                  |                     - |                     - |                     - |                     - |                     - |                     - |                     - |                     - |                     - |                     - |                     - |                     - |                     - |                     - |                     - |                     - |                     - |                     - |                     - |                     - |                     - |                     - |                     - |                     - |                     - |                     - |                     - |                     - |                     - |                     - |                     - |                     - |                     - |                     - |                     - |                     - |                     - |                     - |                     - |                     - |                     - |     - |     - |     - |     - |     - |     - |     - |     - |     - |      - |      - |      - |      - |      - |      - |      - |      - |      - |      - |      - |      - |      - |      - |      - |      - |      - |      - |      - |      - |      - |      - |      - |      - |      0 |      1 |      1 |      1 |      2 |      2 |      2 |      2 |     52 |     77 |     48 |    35 |    54 |    46 |    45 |    35 |    23 |    24 |    24 |    19 |    15 |     14 |     14 |     11 |     11 |      8 |      9 |      8 |      8 |      7 |      7 |      7 |      7 |      6 |      4 |      2 |      3 |      3 |      3 |      3 |      3 |      1 |      0 |      1 |      1 |      1 |      1 |      1 |      2 |      2 |      2 |      2 |      5 |
| MST_35                  |                     - |                     - |                     - |                     - |                     - |                     - |                     - |                     - |                     - |                     - |                     - |                     - |                     - |                     - |                     - |                     - |                     - |                     - |                     - |                     - |                     - |                     - |                     - |                     - |                     - |                     - |                     - |                     - |                     - |                     - |                     - |                     - |                     - |                     - |                     - |                     - |                     - |                     - |                     - |                     - |                     - |     - |     - |     - |     - |     - |     - |     - |     - |     - |      - |      - |      - |      - |      - |      - |      - |      - |      - |      - |      - |      - |      - |      - |      - |      - |      - |      - |      - |      - |      - |      - |      - |      - |      - |      0 |      0 |      0 |      1 |      1 |      1 |      1 |     52 |     78 |     48 |    35 |    55 |    47 |    46 |    36 |    24 |    25 |    25 |    20 |    16 |     15 |     15 |     12 |     12 |      9 |     10 |      9 |      9 |      8 |      8 |      8 |      8 |      7 |      5 |      3 |      4 |      4 |      4 |      4 |      4 |      2 |      1 |      0 |      0 |      0 |      0 |      0 |      1 |      1 |      1 |      1 |      5 |
| MST_36                  |                     - |                     - |                     - |                     - |                     - |                     - |                     - |                     - |                     - |                     - |                     - |                     - |                     - |                     - |                     - |                     - |                     - |                     - |                     - |                     - |                     - |                     - |                     - |                     - |                     - |                     - |                     - |                     - |                     - |                     - |                     - |                     - |                     - |                     - |                     - |                     - |                     - |                     - |                     - |                     - |                     - |     - |     - |     - |     - |     - |     - |     - |     - |     - |      - |      - |      - |      - |      - |      - |      - |      - |      - |      - |      - |      - |      - |      - |      - |      - |      - |      - |      - |      - |      - |      - |      - |      - |      - |      - |      0 |      0 |      1 |      1 |      1 |      1 |     52 |     78 |     48 |    35 |    55 |    47 |    46 |    36 |    24 |    25 |    25 |    20 |    16 |     15 |     15 |     12 |     12 |      9 |     10 |      9 |      9 |      8 |      8 |      8 |      8 |      7 |      5 |      3 |      4 |      4 |      4 |      4 |      4 |      2 |      1 |      0 |      0 |      0 |      0 |      0 |      1 |      1 |      1 |      1 |      5 |
| MST_37                  |                     - |                     - |                     - |                     - |                     - |                     - |                     - |                     - |                     - |                     - |                     - |                     - |                     - |                     - |                     - |                     - |                     - |                     - |                     - |                     - |                     - |                     - |                     - |                     - |                     - |                     - |                     - |                     - |                     - |                     - |                     - |                     - |                     - |                     - |                     - |                     - |                     - |                     - |                     - |                     - |                     - |     - |     - |     - |     - |     - |     - |     - |     - |     - |      - |      - |      - |      - |      - |      - |      - |      - |      - |      - |      - |      - |      - |      - |      - |      - |      - |      - |      - |      - |      - |      - |      - |      - |      - |      - |      - |      0 |      1 |      1 |      1 |      1 |     52 |     78 |     48 |    35 |    55 |    47 |    46 |    36 |    24 |    25 |    25 |    20 |    16 |     15 |     15 |     12 |     12 |      9 |     10 |      9 |      9 |      8 |      8 |      8 |      8 |      7 |      5 |      3 |      4 |      4 |      4 |      4 |      4 |      2 |      1 |      0 |      0 |      0 |      0 |      0 |      1 |      1 |      1 |      1 |      5 |
| MST_38                  |                     - |                     - |                     - |                     - |                     - |                     - |                     - |                     - |                     - |                     - |                     - |                     - |                     - |                     - |                     - |                     - |                     - |                     - |                     - |                     - |                     - |                     - |                     - |                     - |                     - |                     - |                     - |                     - |                     - |                     - |                     - |                     - |                     - |                     - |                     - |                     - |                     - |                     - |                     - |                     - |                     - |     - |     - |     - |     - |     - |     - |     - |     - |     - |      - |      - |      - |      - |      - |      - |      - |      - |      - |      - |      - |      - |      - |      - |      - |      - |      - |      - |      - |      - |      - |      - |      - |      - |      - |      - |      - |      - |      0 |      0 |      0 |      0 |     53 |     78 |     49 |    34 |    54 |    47 |    47 |    36 |    23 |    25 |    25 |    20 |    17 |     15 |     15 |     13 |     12 |     10 |     11 |      9 |      9 |      8 |      8 |      8 |      8 |      7 |      5 |      4 |      4 |      3 |      3 |      3 |      3 |      3 |      2 |      1 |      1 |      1 |      1 |      1 |      0 |      0 |      0 |      0 |      6 |
| MST_39                  |                     - |                     - |                     - |                     - |                     - |                     - |                     - |                     - |                     - |                     - |                     - |                     - |                     - |                     - |                     - |                     - |                     - |                     - |                     - |                     - |                     - |                     - |                     - |                     - |                     - |                     - |                     - |                     - |                     - |                     - |                     - |                     - |                     - |                     - |                     - |                     - |                     - |                     - |                     - |                     - |                     - |     - |     - |     - |     - |     - |     - |     - |     - |     - |      - |      - |      - |      - |      - |      - |      - |      - |      - |      - |      - |      - |      - |      - |      - |      - |      - |      - |      - |      - |      - |      - |      - |      - |      - |      - |      - |      - |      - |      0 |      0 |      0 |     53 |     78 |     49 |    34 |    54 |    47 |    47 |    36 |    23 |    25 |    25 |    20 |    17 |     15 |     15 |     13 |     12 |     10 |     11 |      9 |      9 |      8 |      8 |      8 |      8 |      7 |      5 |      4 |      4 |      3 |      3 |      3 |      3 |      3 |      2 |      1 |      1 |      1 |      1 |      1 |      0 |      0 |      0 |      0 |      6 |
| MST_40                  |                     - |                     - |                     - |                     - |                     - |                     - |                     - |                     - |                     - |                     - |                     - |                     - |                     - |                     - |                     - |                     - |                     - |                     - |                     - |                     - |                     - |                     - |                     - |                     - |                     - |                     - |                     - |                     - |                     - |                     - |                     - |                     - |                     - |                     - |                     - |                     - |                     - |                     - |                     - |                     - |                     - |     - |     - |     - |     - |     - |     - |     - |     - |     - |      - |      - |      - |      - |      - |      - |      - |      - |      - |      - |      - |      - |      - |      - |      - |      - |      - |      - |      - |      - |      - |      - |      - |      - |      - |      - |      - |      - |      - |      - |      0 |      0 |     53 |     78 |     49 |    34 |    54 |    47 |    47 |    36 |    23 |    25 |    25 |    20 |    17 |     15 |     15 |     13 |     12 |     10 |     11 |      9 |      9 |      8 |      8 |      8 |      8 |      7 |      5 |      4 |      4 |      3 |      3 |      3 |      3 |      3 |      2 |      1 |      1 |      1 |      1 |      1 |      0 |      0 |      0 |      0 |      6 |
| MST_41                  |                     - |                     - |                     - |                     - |                     - |                     - |                     - |                     - |                     - |                     - |                     - |                     - |                     - |                     - |                     - |                     - |                     - |                     - |                     - |                     - |                     - |                     - |                     - |                     - |                     - |                     - |                     - |                     - |                     - |                     - |                     - |                     - |                     - |                     - |                     - |                     - |                     - |                     - |                     - |                     - |                     - |     - |     - |     - |     - |     - |     - |     - |     - |     - |      - |      - |      - |      - |      - |      - |      - |      - |      - |      - |      - |      - |      - |      - |      - |      - |      - |      - |      - |      - |      - |      - |      - |      - |      - |      - |      - |      - |      - |      - |      - |      0 |     53 |     78 |     49 |    34 |    54 |    47 |    47 |    36 |    23 |    25 |    25 |    20 |    17 |     15 |     15 |     13 |     12 |     10 |     11 |      9 |      9 |      8 |      8 |      8 |      8 |      7 |      5 |      4 |      4 |      3 |      3 |      3 |      3 |      3 |      2 |      1 |      1 |      1 |      1 |      1 |      0 |      0 |      0 |      0 |      6 |
| MST_42                  |                     - |                     - |                     - |                     - |                     - |                     - |                     - |                     - |                     - |                     - |                     - |                     - |                     - |                     - |                     - |                     - |                     - |                     - |                     - |                     - |                     - |                     - |                     - |                     - |                     - |                     - |                     - |                     - |                     - |                     - |                     - |                     - |                     - |                     - |                     - |                     - |                     - |                     - |                     - |                     - |                     - |     - |     - |     - |     - |     - |     - |     - |     - |     - |      - |      - |      - |      - |      - |      - |      - |      - |      - |      - |      - |      - |      - |      - |      - |      - |      - |      - |      - |      - |      - |      - |      - |      - |      - |      - |      - |      - |      - |      - |      - |      - |      0 |     35 |     38 |    30 |    42 |    49 |    42 |    48 |    49 |    51 |    49 |    49 |    50 |     50 |     51 |     49 |     51 |     51 |     51 |     52 |     52 |     52 |     52 |     52 |     51 |     52 |     51 |     52 |     52 |     53 |     53 |     53 |     53 |     52 |     52 |     52 |     52 |     52 |     52 |     52 |     53 |     53 |     53 |     53 |     16 |
| MST_43                  |                     - |                     - |                     - |                     - |                     - |                     - |                     - |                     - |                     - |                     - |                     - |                     - |                     - |                     - |                     - |                     - |                     - |                     - |                     - |                     - |                     - |                     - |                     - |                     - |                     - |                     - |                     - |                     - |                     - |                     - |                     - |                     - |                     - |                     - |                     - |                     - |                     - |                     - |                     - |                     - |                     - |     - |     - |     - |     - |     - |     - |     - |     - |     - |      - |      - |      - |      - |      - |      - |      - |      - |      - |      - |      - |      - |      - |      - |      - |      - |      - |      - |      - |      - |      - |      - |      - |      - |      - |      - |      - |      - |      - |      - |      - |      - |      - |      0 |     47 |    34 |    56 |    59 |    57 |    66 |    67 |    70 |    72 |    69 |    71 |     72 |     70 |     71 |     73 |     74 |     75 |     75 |     76 |     76 |     76 |     76 |     75 |     77 |     76 |     77 |     77 |     76 |     76 |     76 |     76 |     77 |     77 |     78 |     78 |     78 |     78 |     78 |     78 |     78 |     78 |     78 |     20 |
| MST_44                  |                     - |                     - |                     - |                     - |                     - |                     - |                     - |                     - |                     - |                     - |                     - |                     - |                     - |                     - |                     - |                     - |                     - |                     - |                     - |                     - |                     - |                     - |                     - |                     - |                     - |                     - |                     - |                     - |                     - |                     - |                     - |                     - |                     - |                     - |                     - |                     - |                     - |                     - |                     - |                     - |                     - |     - |     - |     - |     - |     - |     - |     - |     - |     - |      - |      - |      - |      - |      - |      - |      - |      - |      - |      - |      - |      - |      - |      - |      - |      - |      - |      - |      - |      - |      - |      - |      - |      - |      - |      - |      - |      - |      - |      - |      - |      - |      - |      - |      0 |    30 |    49 |    52 |    47 |    52 |    44 |    45 |    44 |    44 |    44 |     45 |     46 |     46 |     46 |     47 |     48 |     46 |     47 |     48 |     48 |     48 |     48 |     48 |     47 |     47 |     48 |     47 |     47 |     47 |     47 |     47 |     48 |     48 |     48 |     48 |     48 |     48 |     49 |     49 |     49 |     49 |     13 |
| SEQ_0                   |                     - |                     - |                     - |                     - |                     - |                     - |                     - |                     - |                     - |                     - |                     - |                     - |                     - |                     - |                     - |                     - |                     - |                     - |                     - |                     - |                     - |                     - |                     - |                     - |                     - |                     - |                     - |                     - |                     - |                     - |                     - |                     - |                     - |                     - |                     - |                     - |                     - |                     - |                     - |                     - |                     - |     - |     - |     - |     - |     - |     - |     - |     - |     - |      - |      - |      - |      - |      - |      - |      - |      - |      - |      - |      - |      - |      - |      - |      - |      - |      - |      - |      - |      - |      - |      - |      - |      - |      - |      - |      - |      - |      - |      - |      - |      - |      - |      - |      - |     0 |    32 |    34 |    33 |    34 |    29 |    31 |    31 |    32 |    33 |     33 |     33 |     34 |     33 |     35 |     35 |     34 |     34 |     34 |     34 |     34 |     35 |     34 |     35 |     35 |     34 |     34 |     34 |     34 |     34 |     35 |     35 |     35 |     35 |     35 |     35 |     35 |     34 |     34 |     34 |     34 |     18 |
| SEQ_1                   |                     - |                     - |                     - |                     - |                     - |                     - |                     - |                     - |                     - |                     - |                     - |                     - |                     - |                     - |                     - |                     - |                     - |                     - |                     - |                     - |                     - |                     - |                     - |                     - |                     - |                     - |                     - |                     - |                     - |                     - |                     - |                     - |                     - |                     - |                     - |                     - |                     - |                     - |                     - |                     - |                     - |     - |     - |     - |     - |     - |     - |     - |     - |     - |      - |      - |      - |      - |      - |      - |      - |      - |      - |      - |      - |      - |      - |      - |      - |      - |      - |      - |      - |      - |      - |      - |      - |      - |      - |      - |      - |      - |      - |      - |      - |      - |      - |      - |      - |     - |     0 |    33 |    40 |    42 |    43 |    44 |    46 |    49 |    47 |     46 |     47 |     48 |     49 |     51 |     51 |     49 |     49 |     50 |     49 |     50 |     50 |     51 |     51 |     52 |     52 |     52 |     52 |     52 |     52 |     53 |     54 |     55 |     55 |     55 |     55 |     55 |     54 |     54 |     54 |     54 |     27 |
| SEQ_2                   |                     - |                     - |                     - |                     - |                     - |                     - |                     - |                     - |                     - |                     - |                     - |                     - |                     - |                     - |                     - |                     - |                     - |                     - |                     - |                     - |                     - |                     - |                     - |                     - |                     - |                     - |                     - |                     - |                     - |                     - |                     - |                     - |                     - |                     - |                     - |                     - |                     - |                     - |                     - |                     - |                     - |     - |     - |     - |     - |     - |     - |     - |     - |     - |      - |      - |      - |      - |      - |      - |      - |      - |      - |      - |      - |      - |      - |      - |      - |      - |      - |      - |      - |      - |      - |      - |      - |      - |      - |      - |      - |      - |      - |      - |      - |      - |      - |      - |      - |     - |     - |     0 |    32 |    37 |    38 |    40 |    41 |    42 |    41 |     40 |     41 |     42 |     42 |     45 |     45 |     43 |     43 |     44 |     43 |     44 |     45 |     45 |     44 |     45 |     45 |     46 |     46 |     46 |     46 |     46 |     46 |     47 |     47 |     47 |     47 |     47 |     47 |     47 |     47 |     47 |     24 |
| SEQ_3                   |                     - |                     - |                     - |                     - |                     - |                     - |                     - |                     - |                     - |                     - |                     - |                     - |                     - |                     - |                     - |                     - |                     - |                     - |                     - |                     - |                     - |                     - |                     - |                     - |                     - |                     - |                     - |                     - |                     - |                     - |                     - |                     - |                     - |                     - |                     - |                     - |                     - |                     - |                     - |                     - |                     - |     - |     - |     - |     - |     - |     - |     - |     - |     - |      - |      - |      - |      - |      - |      - |      - |      - |      - |      - |      - |      - |      - |      - |      - |      - |      - |      - |      - |      - |      - |      - |      - |      - |      - |      - |      - |      - |      - |      - |      - |      - |      - |      - |      - |     - |     - |     - |     0 |    30 |    32 |    36 |    36 |    37 |    39 |     39 |     40 |     40 |     41 |     43 |     43 |     42 |     43 |     42 |     42 |     42 |     42 |     43 |     43 |     44 |     44 |     44 |     44 |     44 |     44 |     44 |     45 |     46 |     46 |     46 |     46 |     46 |     47 |     47 |     47 |     47 |     22 |
| SEQ_4                   |                     - |                     - |                     - |                     - |                     - |                     - |                     - |                     - |                     - |                     - |                     - |                     - |                     - |                     - |                     - |                     - |                     - |                     - |                     - |                     - |                     - |                     - |                     - |                     - |                     - |                     - |                     - |                     - |                     - |                     - |                     - |                     - |                     - |                     - |                     - |                     - |                     - |                     - |                     - |                     - |                     - |     - |     - |     - |     - |     - |     - |     - |     - |     - |      - |      - |      - |      - |      - |      - |      - |      - |      - |      - |      - |      - |      - |      - |      - |      - |      - |      - |      - |      - |      - |      - |      - |      - |      - |      - |      - |      - |      - |      - |      - |      - |      - |      - |      - |     - |     - |     - |     - |     0 |    21 |    26 |    25 |    28 |    29 |     29 |     29 |     30 |     30 |     32 |     33 |     32 |     34 |     34 |     33 |     34 |     35 |     35 |     35 |     35 |     35 |     35 |     35 |     35 |     35 |     35 |     35 |     36 |     36 |     36 |     36 |     36 |     36 |     36 |     36 |     36 |     22 |
| SEQ_5                   |                     - |                     - |                     - |                     - |                     - |                     - |                     - |                     - |                     - |                     - |                     - |                     - |                     - |                     - |                     - |                     - |                     - |                     - |                     - |                     - |                     - |                     - |                     - |                     - |                     - |                     - |                     - |                     - |                     - |                     - |                     - |                     - |                     - |                     - |                     - |                     - |                     - |                     - |                     - |                     - |                     - |     - |     - |     - |     - |     - |     - |     - |     - |     - |      - |      - |      - |      - |      - |      - |      - |      - |      - |      - |      - |      - |      - |      - |      - |      - |      - |      - |      - |      - |      - |      - |      - |      - |      - |      - |      - |      - |      - |      - |      - |      - |      - |      - |      - |     - |     - |     - |     - |     - |     0 |    11 |    12 |    16 |    19 |     19 |     19 |     20 |     19 |     21 |     22 |     22 |     23 |     23 |     22 |     23 |     24 |     23 |     23 |     22 |     23 |     22 |     22 |     22 |     22 |     23 |     23 |     24 |     24 |     24 |     24 |     24 |     23 |     23 |     23 |     23 |     15 |
| SEQ_6                   |                     - |                     - |                     - |                     - |                     - |                     - |                     - |                     - |                     - |                     - |                     - |                     - |                     - |                     - |                     - |                     - |                     - |                     - |                     - |                     - |                     - |                     - |                     - |                     - |                     - |                     - |                     - |                     - |                     - |                     - |                     - |                     - |                     - |                     - |                     - |                     - |                     - |                     - |                     - |                     - |                     - |     - |     - |     - |     - |     - |     - |     - |     - |     - |      - |      - |      - |      - |      - |      - |      - |      - |      - |      - |      - |      - |      - |      - |      - |      - |      - |      - |      - |      - |      - |      - |      - |      - |      - |      - |      - |      - |      - |      - |      - |      - |      - |      - |      - |     - |     - |     - |     - |     - |     - |     0 |    13 |    17 |    20 |     19 |     21 |     21 |     21 |     23 |     23 |     23 |     23 |     22 |     21 |     22 |     23 |     23 |     23 |     23 |     24 |     24 |     24 |     24 |     24 |     24 |     24 |     25 |     25 |     25 |     25 |     25 |     25 |     25 |     25 |     25 |     14 |
| SEQ_7                   |                     - |                     - |                     - |                     - |                     - |                     - |                     - |                     - |                     - |                     - |                     - |                     - |                     - |                     - |                     - |                     - |                     - |                     - |                     - |                     - |                     - |                     - |                     - |                     - |                     - |                     - |                     - |                     - |                     - |                     - |                     - |                     - |                     - |                     - |                     - |                     - |                     - |                     - |                     - |                     - |                     - |     - |     - |     - |     - |     - |     - |     - |     - |     - |      - |      - |      - |      - |      - |      - |      - |      - |      - |      - |      - |      - |      - |      - |      - |      - |      - |      - |      - |      - |      - |      - |      - |      - |      - |      - |      - |      - |      - |      - |      - |      - |      - |      - |      - |     - |     - |     - |     - |     - |     - |     - |     0 |    11 |    18 |     17 |     18 |     19 |     19 |     21 |     21 |     21 |     21 |     22 |     21 |     22 |     23 |     23 |     23 |     23 |     24 |     24 |     24 |     24 |     24 |     24 |     24 |     25 |     25 |     25 |     25 |     25 |     25 |     25 |     25 |     25 |     12 |
| SEQ_8                   |                     - |                     - |                     - |                     - |                     - |                     - |                     - |                     - |                     - |                     - |                     - |                     - |                     - |                     - |                     - |                     - |                     - |                     - |                     - |                     - |                     - |                     - |                     - |                     - |                     - |                     - |                     - |                     - |                     - |                     - |                     - |                     - |                     - |                     - |                     - |                     - |                     - |                     - |                     - |                     - |                     - |     - |     - |     - |     - |     - |     - |     - |     - |     - |      - |      - |      - |      - |      - |      - |      - |      - |      - |      - |      - |      - |      - |      - |      - |      - |      - |      - |      - |      - |      - |      - |      - |      - |      - |      - |      - |      - |      - |      - |      - |      - |      - |      - |      - |     - |     - |     - |     - |     - |     - |     - |     - |     0 |    13 |     14 |     14 |     13 |     12 |     15 |     17 |     15 |     17 |     17 |     17 |     17 |     17 |     18 |     18 |     18 |     19 |     19 |     19 |     19 |     19 |     19 |     19 |     20 |     20 |     20 |     20 |     20 |     20 |     20 |     20 |     20 |     11 |
| SEQ_9                   |                     - |                     - |                     - |                     - |                     - |                     - |                     - |                     - |                     - |                     - |                     - |                     - |                     - |                     - |                     - |                     - |                     - |                     - |                     - |                     - |                     - |                     - |                     - |                     - |                     - |                     - |                     - |                     - |                     - |                     - |                     - |                     - |                     - |                     - |                     - |                     - |                     - |                     - |                     - |                     - |                     - |     - |     - |     - |     - |     - |     - |     - |     - |     - |      - |      - |      - |      - |      - |      - |      - |      - |      - |      - |      - |      - |      - |      - |      - |      - |      - |      - |      - |      - |      - |      - |      - |      - |      - |      - |      - |      - |      - |      - |      - |      - |      - |      - |      - |     - |     - |     - |     - |     - |     - |     - |     - |     - |     0 |      4 |      8 |      5 |      8 |     11 |     12 |     11 |     13 |     13 |     13 |     14 |     13 |     14 |     14 |     14 |     15 |     15 |     15 |     15 |     15 |     14 |     15 |     16 |     16 |     16 |     16 |     16 |     17 |     17 |     17 |     17 |     11 |
| SEQ_10                  |                     - |                     - |                     - |                     - |                     - |                     - |                     - |                     - |                     - |                     - |                     - |                     - |                     - |                     - |                     - |                     - |                     - |                     - |                     - |                     - |                     - |                     - |                     - |                     - |                     - |                     - |                     - |                     - |                     - |                     - |                     - |                     - |                     - |                     - |                     - |                     - |                     - |                     - |                     - |                     - |                     - |     - |     - |     - |     - |     - |     - |     - |     - |     - |      - |      - |      - |      - |      - |      - |      - |      - |      - |      - |      - |      - |      - |      - |      - |      - |      - |      - |      - |      - |      - |      - |      - |      - |      - |      - |      - |      - |      - |      - |      - |      - |      - |      - |      - |     - |     - |     - |     - |     - |     - |     - |     - |     - |     - |      0 |      5 |      5 |      8 |     11 |     12 |     12 |     13 |     12 |     12 |     13 |     12 |     13 |     13 |     13 |     14 |     14 |     14 |     14 |     14 |     13 |     14 |     15 |     15 |     15 |     15 |     15 |     15 |     15 |     15 |     15 |     12 |
| SEQ_11                  |                     - |                     - |                     - |                     - |                     - |                     - |                     - |                     - |                     - |                     - |                     - |                     - |                     - |                     - |                     - |                     - |                     - |                     - |                     - |                     - |                     - |                     - |                     - |                     - |                     - |                     - |                     - |                     - |                     - |                     - |                     - |                     - |                     - |                     - |                     - |                     - |                     - |                     - |                     - |                     - |                     - |     - |     - |     - |     - |     - |     - |     - |     - |     - |      - |      - |      - |      - |      - |      - |      - |      - |      - |      - |      - |      - |      - |      - |      - |      - |      - |      - |      - |      - |      - |      - |      - |      - |      - |      - |      - |      - |      - |      - |      - |      - |      - |      - |      - |     - |     - |     - |     - |     - |     - |     - |     - |     - |     - |      - |      0 |      5 |      8 |     11 |     11 |     11 |     11 |     11 |     11 |     12 |     11 |     12 |     11 |     12 |     12 |     13 |     13 |     13 |     13 |     13 |     14 |     15 |     15 |     15 |     15 |     15 |     15 |     15 |     15 |     15 |     12 |
| SEQ_12                  |                     - |                     - |                     - |                     - |                     - |                     - |                     - |                     - |                     - |                     - |                     - |                     - |                     - |                     - |                     - |                     - |                     - |                     - |                     - |                     - |                     - |                     - |                     - |                     - |                     - |                     - |                     - |                     - |                     - |                     - |                     - |                     - |                     - |                     - |                     - |                     - |                     - |                     - |                     - |                     - |                     - |     - |     - |     - |     - |     - |     - |     - |     - |     - |      - |      - |      - |      - |      - |      - |      - |      - |      - |      - |      - |      - |      - |      - |      - |      - |      - |      - |      - |      - |      - |      - |      - |      - |      - |      - |      - |      - |      - |      - |      - |      - |      - |      - |      - |     - |     - |     - |     - |     - |     - |     - |     - |     - |     - |      - |      - |      0 |      4 |      7 |      9 |     10 |     11 |      9 |      9 |     10 |      9 |     10 |     10 |     10 |     11 |     11 |     11 |     11 |     11 |     10 |     11 |     12 |     12 |     12 |     12 |     12 |     13 |     13 |     13 |     13 |     10 |
| SEQ_13                  |                     - |                     - |                     - |                     - |                     - |                     - |                     - |                     - |                     - |                     - |                     - |                     - |                     - |                     - |                     - |                     - |                     - |                     - |                     - |                     - |                     - |                     - |                     - |                     - |                     - |                     - |                     - |                     - |                     - |                     - |                     - |                     - |                     - |                     - |                     - |                     - |                     - |                     - |                     - |                     - |                     - |     - |     - |     - |     - |     - |     - |     - |     - |     - |      - |      - |      - |      - |      - |      - |      - |      - |      - |      - |      - |      - |      - |      - |      - |      - |      - |      - |      - |      - |      - |      - |      - |      - |      - |      - |      - |      - |      - |      - |      - |      - |      - |      - |      - |     - |     - |     - |     - |     - |     - |     - |     - |     - |     - |      - |      - |      - |      0 |      3 |      5 |      7 |      8 |      8 |      8 |      9 |      8 |      9 |      9 |      9 |     10 |     10 |     10 |     10 |     10 |     10 |     11 |     12 |     12 |     12 |     12 |     12 |     12 |     12 |     12 |     12 |     10 |
| SEQ_14                  |                     - |                     - |                     - |                     - |                     - |                     - |                     - |                     - |                     - |                     - |                     - |                     - |                     - |                     - |                     - |                     - |                     - |                     - |                     - |                     - |                     - |                     - |                     - |                     - |                     - |                     - |                     - |                     - |                     - |                     - |                     - |                     - |                     - |                     - |                     - |                     - |                     - |                     - |                     - |                     - |                     - |     - |     - |     - |     - |     - |     - |     - |     - |     - |      - |      - |      - |      - |      - |      - |      - |      - |      - |      - |      - |      - |      - |      - |      - |      - |      - |      - |      - |      - |      - |      - |      - |      - |      - |      - |      - |      - |      - |      - |      - |      - |      - |      - |      - |     - |     - |     - |     - |     - |     - |     - |     - |     - |     - |      - |      - |      - |      - |      0 |      2 |      8 |      8 |      8 |      7 |      8 |      8 |      9 |      8 |      8 |      9 |      9 |      9 |      9 |      9 |      7 |      8 |      9 |      9 |      9 |      9 |      9 |     10 |     10 |     10 |     10 |      8 |
| SEQ_15                  |                     - |                     - |                     - |                     - |                     - |                     - |                     - |                     - |                     - |                     - |                     - |                     - |                     - |                     - |                     - |                     - |                     - |                     - |                     - |                     - |                     - |                     - |                     - |                     - |                     - |                     - |                     - |                     - |                     - |                     - |                     - |                     - |                     - |                     - |                     - |                     - |                     - |                     - |                     - |                     - |                     - |     - |     - |     - |     - |     - |     - |     - |     - |     - |      - |      - |      - |      - |      - |      - |      - |      - |      - |      - |      - |      - |      - |      - |      - |      - |      - |      - |      - |      - |      - |      - |      - |      - |      - |      - |      - |      - |      - |      - |      - |      - |      - |      - |      - |     - |     - |     - |     - |     - |     - |     - |     - |     - |     - |      - |      - |      - |      - |      - |      0 |      6 |      6 |      7 |      8 |      9 |      8 |      9 |      8 |      8 |      8 |      9 |      9 |      9 |      9 |      8 |      9 |     10 |     10 |     10 |     10 |     10 |     11 |     11 |     11 |     11 |      7 |
| SEQ_16                  |                     - |                     - |                     - |                     - |                     - |                     - |                     - |                     - |                     - |                     - |                     - |                     - |                     - |                     - |                     - |                     - |                     - |                     - |                     - |                     - |                     - |                     - |                     - |                     - |                     - |                     - |                     - |                     - |                     - |                     - |                     - |                     - |                     - |                     - |                     - |                     - |                     - |                     - |                     - |                     - |                     - |     - |     - |     - |     - |     - |     - |     - |     - |     - |      - |      - |      - |      - |      - |      - |      - |      - |      - |      - |      - |      - |      - |      - |      - |      - |      - |      - |      - |      - |      - |      - |      - |      - |      - |      - |      - |      - |      - |      - |      - |      - |      - |      - |      - |     - |     - |     - |     - |     - |     - |     - |     - |     - |     - |      - |      - |      - |      - |      - |      - |      0 |      2 |      2 |      4 |      4 |      5 |      5 |      7 |      7 |      6 |      7 |      7 |      7 |      7 |      8 |      8 |      9 |      9 |      9 |      9 |      9 |      9 |      9 |      9 |      9 |      8 |
| SEQ_17                  |                     - |                     - |                     - |                     - |                     - |                     - |                     - |                     - |                     - |                     - |                     - |                     - |                     - |                     - |                     - |                     - |                     - |                     - |                     - |                     - |                     - |                     - |                     - |                     - |                     - |                     - |                     - |                     - |                     - |                     - |                     - |                     - |                     - |                     - |                     - |                     - |                     - |                     - |                     - |                     - |                     - |     - |     - |     - |     - |     - |     - |     - |     - |     - |      - |      - |      - |      - |      - |      - |      - |      - |      - |      - |      - |      - |      - |      - |      - |      - |      - |      - |      - |      - |      - |      - |      - |      - |      - |      - |      - |      - |      - |      - |      - |      - |      - |      - |      - |     - |     - |     - |     - |     - |     - |     - |     - |     - |     - |      - |      - |      - |      - |      - |      - |      - |      0 |      3 |      4 |      5 |      6 |      6 |      8 |      8 |      7 |      8 |      8 |      8 |      8 |      9 |      8 |      9 |      9 |      9 |      9 |      9 |      9 |      9 |      9 |      9 |      8 |
| SEQ_18                  |                     - |                     - |                     - |                     - |                     - |                     - |                     - |                     - |                     - |                     - |                     - |                     - |                     - |                     - |                     - |                     - |                     - |                     - |                     - |                     - |                     - |                     - |                     - |                     - |                     - |                     - |                     - |                     - |                     - |                     - |                     - |                     - |                     - |                     - |                     - |                     - |                     - |                     - |                     - |                     - |                     - |     - |     - |     - |     - |     - |     - |     - |     - |     - |      - |      - |      - |      - |      - |      - |      - |      - |      - |      - |      - |      - |      - |      - |      - |      - |      - |      - |      - |      - |      - |      - |      - |      - |      - |      - |      - |      - |      - |      - |      - |      - |      - |      - |      - |     - |     - |     - |     - |     - |     - |     - |     - |     - |     - |      - |      - |      - |      - |      - |      - |      - |      - |      0 |      2 |      2 |      3 |      5 |      7 |      7 |      6 |      6 |      6 |      6 |      6 |      7 |      7 |      8 |      8 |      8 |      8 |      8 |      8 |      8 |      8 |      8 |      7 |
| SEQ_19                  |                     - |                     - |                     - |                     - |                     - |                     - |                     - |                     - |                     - |                     - |                     - |                     - |                     - |                     - |                     - |                     - |                     - |                     - |                     - |                     - |                     - |                     - |                     - |                     - |                     - |                     - |                     - |                     - |                     - |                     - |                     - |                     - |                     - |                     - |                     - |                     - |                     - |                     - |                     - |                     - |                     - |     - |     - |     - |     - |     - |     - |     - |     - |     - |      - |      - |      - |      - |      - |      - |      - |      - |      - |      - |      - |      - |      - |      - |      - |      - |      - |      - |      - |      - |      - |      - |      - |      - |      - |      - |      - |      - |      - |      - |      - |      - |      - |      - |      - |     - |     - |     - |     - |     - |     - |     - |     - |     - |     - |      - |      - |      - |      - |      - |      - |      - |      - |      - |      0 |      1 |      2 |      4 |      6 |      6 |      5 |      5 |      5 |      5 |      5 |      6 |      7 |      8 |      8 |      8 |      8 |      8 |      8 |      8 |      8 |      8 |      8 |
| SEQ_20                  |                     - |                     - |                     - |                     - |                     - |                     - |                     - |                     - |                     - |                     - |                     - |                     - |                     - |                     - |                     - |                     - |                     - |                     - |                     - |                     - |                     - |                     - |                     - |                     - |                     - |                     - |                     - |                     - |                     - |                     - |                     - |                     - |                     - |                     - |                     - |                     - |                     - |                     - |                     - |                     - |                     - |     - |     - |     - |     - |     - |     - |     - |     - |     - |      - |      - |      - |      - |      - |      - |      - |      - |      - |      - |      - |      - |      - |      - |      - |      - |      - |      - |      - |      - |      - |      - |      - |      - |      - |      - |      - |      - |      - |      - |      - |      - |      - |      - |      - |     - |     - |     - |     - |     - |     - |     - |     - |     - |     - |      - |      - |      - |      - |      - |      - |      - |      - |      - |      - |      0 |      2 |      3 |      6 |      6 |      5 |      5 |      5 |      5 |      5 |      6 |      7 |      8 |      8 |      8 |      8 |      8 |      8 |      8 |      8 |      8 |      7 |
| SEQ_21                  |                     - |                     - |                     - |                     - |                     - |                     - |                     - |                     - |                     - |                     - |                     - |                     - |                     - |                     - |                     - |                     - |                     - |                     - |                     - |                     - |                     - |                     - |                     - |                     - |                     - |                     - |                     - |                     - |                     - |                     - |                     - |                     - |                     - |                     - |                     - |                     - |                     - |                     - |                     - |                     - |                     - |     - |     - |     - |     - |     - |     - |     - |     - |     - |      - |      - |      - |      - |      - |      - |      - |      - |      - |      - |      - |      - |      - |      - |      - |      - |      - |      - |      - |      - |      - |      - |      - |      - |      - |      - |      - |      - |      - |      - |      - |      - |      - |      - |      - |     - |     - |     - |     - |     - |     - |     - |     - |     - |     - |      - |      - |      - |      - |      - |      - |      - |      - |      - |      - |      - |      0 |      4 |      5 |      6 |      5 |      5 |      5 |      5 |      5 |      6 |      7 |      8 |      8 |      8 |      8 |      8 |      8 |      8 |      8 |      8 |      7 |
| SEQ_22                  |                     - |                     - |                     - |                     - |                     - |                     - |                     - |                     - |                     - |                     - |                     - |                     - |                     - |                     - |                     - |                     - |                     - |                     - |                     - |                     - |                     - |                     - |                     - |                     - |                     - |                     - |                     - |                     - |                     - |                     - |                     - |                     - |                     - |                     - |                     - |                     - |                     - |                     - |                     - |                     - |                     - |     - |     - |     - |     - |     - |     - |     - |     - |     - |      - |      - |      - |      - |      - |      - |      - |      - |      - |      - |      - |      - |      - |      - |      - |      - |      - |      - |      - |      - |      - |      - |      - |      - |      - |      - |      - |      - |      - |      - |      - |      - |      - |      - |      - |     - |     - |     - |     - |     - |     - |     - |     - |     - |     - |      - |      - |      - |      - |      - |      - |      - |      - |      - |      - |      - |      - |      0 |      5 |      5 |      4 |      4 |      4 |      4 |      4 |      5 |      6 |      7 |      7 |      7 |      7 |      7 |      7 |      7 |      7 |      7 |      7 |
| SEQ_23                  |                     - |                     - |                     - |                     - |                     - |                     - |                     - |                     - |                     - |                     - |                     - |                     - |                     - |                     - |                     - |                     - |                     - |                     - |                     - |                     - |                     - |                     - |                     - |                     - |                     - |                     - |                     - |                     - |                     - |                     - |                     - |                     - |                     - |                     - |                     - |                     - |                     - |                     - |                     - |                     - |                     - |     - |     - |     - |     - |     - |     - |     - |     - |     - |      - |      - |      - |      - |      - |      - |      - |      - |      - |      - |      - |      - |      - |      - |      - |      - |      - |      - |      - |      - |      - |      - |      - |      - |      - |      - |      - |      - |      - |      - |      - |      - |      - |      - |      - |     - |     - |     - |     - |     - |     - |     - |     - |     - |     - |      - |      - |      - |      - |      - |      - |      - |      - |      - |      - |      - |      - |      - |      0 |      2 |      2 |      3 |      3 |      3 |      3 |      3 |      4 |      5 |      5 |      5 |      5 |      5 |      5 |      5 |      5 |      5 |      7 |
| SEQ_24                  |                     - |                     - |                     - |                     - |                     - |                     - |                     - |                     - |                     - |                     - |                     - |                     - |                     - |                     - |                     - |                     - |                     - |                     - |                     - |                     - |                     - |                     - |                     - |                     - |                     - |                     - |                     - |                     - |                     - |                     - |                     - |                     - |                     - |                     - |                     - |                     - |                     - |                     - |                     - |                     - |                     - |     - |     - |     - |     - |     - |     - |     - |     - |     - |      - |      - |      - |      - |      - |      - |      - |      - |      - |      - |      - |      - |      - |      - |      - |      - |      - |      - |      - |      - |      - |      - |      - |      - |      - |      - |      - |      - |      - |      - |      - |      - |      - |      - |      - |     - |     - |     - |     - |     - |     - |     - |     - |     - |     - |      - |      - |      - |      - |      - |      - |      - |      - |      - |      - |      - |      - |      - |      - |      0 |      1 |      2 |      2 |      2 |      2 |      1 |      2 |      3 |      3 |      3 |      3 |      3 |      4 |      4 |      4 |      4 |      6 |
| SEQ_25                  |                     - |                     - |                     - |                     - |                     - |                     - |                     - |                     - |                     - |                     - |                     - |                     - |                     - |                     - |                     - |                     - |                     - |                     - |                     - |                     - |                     - |                     - |                     - |                     - |                     - |                     - |                     - |                     - |                     - |                     - |                     - |                     - |                     - |                     - |                     - |                     - |                     - |                     - |                     - |                     - |                     - |     - |     - |     - |     - |     - |     - |     - |     - |     - |      - |      - |      - |      - |      - |      - |      - |      - |      - |      - |      - |      - |      - |      - |      - |      - |      - |      - |      - |      - |      - |      - |      - |      - |      - |      - |      - |      - |      - |      - |      - |      - |      - |      - |      - |     - |     - |     - |     - |     - |     - |     - |     - |     - |     - |      - |      - |      - |      - |      - |      - |      - |      - |      - |      - |      - |      - |      - |      - |      - |      0 |      1 |      1 |      1 |      1 |      2 |      3 |      4 |      4 |      4 |      4 |      4 |      4 |      4 |      4 |      4 |      6 |
| SEQ_26                  |                     - |                     - |                     - |                     - |                     - |                     - |                     - |                     - |                     - |                     - |                     - |                     - |                     - |                     - |                     - |                     - |                     - |                     - |                     - |                     - |                     - |                     - |                     - |                     - |                     - |                     - |                     - |                     - |                     - |                     - |                     - |                     - |                     - |                     - |                     - |                     - |                     - |                     - |                     - |                     - |                     - |     - |     - |     - |     - |     - |     - |     - |     - |     - |      - |      - |      - |      - |      - |      - |      - |      - |      - |      - |      - |      - |      - |      - |      - |      - |      - |      - |      - |      - |      - |      - |      - |      - |      - |      - |      - |      - |      - |      - |      - |      - |      - |      - |      - |     - |     - |     - |     - |     - |     - |     - |     - |     - |     - |      - |      - |      - |      - |      - |      - |      - |      - |      - |      - |      - |      - |      - |      - |      - |      - |      0 |      0 |      0 |      0 |      2 |      3 |      4 |      4 |      4 |      4 |      4 |      3 |      3 |      3 |      3 |      7 |
| SEQ_27                  |                     - |                     - |                     - |                     - |                     - |                     - |                     - |                     - |                     - |                     - |                     - |                     - |                     - |                     - |                     - |                     - |                     - |                     - |                     - |                     - |                     - |                     - |                     - |                     - |                     - |                     - |                     - |                     - |                     - |                     - |                     - |                     - |                     - |                     - |                     - |                     - |                     - |                     - |                     - |                     - |                     - |     - |     - |     - |     - |     - |     - |     - |     - |     - |      - |      - |      - |      - |      - |      - |      - |      - |      - |      - |      - |      - |      - |      - |      - |      - |      - |      - |      - |      - |      - |      - |      - |      - |      - |      - |      - |      - |      - |      - |      - |      - |      - |      - |      - |     - |     - |     - |     - |     - |     - |     - |     - |     - |     - |      - |      - |      - |      - |      - |      - |      - |      - |      - |      - |      - |      - |      - |      - |      - |      - |      - |      0 |      0 |      0 |      2 |      3 |      4 |      4 |      4 |      4 |      4 |      3 |      3 |      3 |      3 |      7 |
| SEQ_28                  |                     - |                     - |                     - |                     - |                     - |                     - |                     - |                     - |                     - |                     - |                     - |                     - |                     - |                     - |                     - |                     - |                     - |                     - |                     - |                     - |                     - |                     - |                     - |                     - |                     - |                     - |                     - |                     - |                     - |                     - |                     - |                     - |                     - |                     - |                     - |                     - |                     - |                     - |                     - |                     - |                     - |     - |     - |     - |     - |     - |     - |     - |     - |     - |      - |      - |      - |      - |      - |      - |      - |      - |      - |      - |      - |      - |      - |      - |      - |      - |      - |      - |      - |      - |      - |      - |      - |      - |      - |      - |      - |      - |      - |      - |      - |      - |      - |      - |      - |     - |     - |     - |     - |     - |     - |     - |     - |     - |     - |      - |      - |      - |      - |      - |      - |      - |      - |      - |      - |      - |      - |      - |      - |      - |      - |      - |      - |      0 |      0 |      2 |      3 |      4 |      4 |      4 |      4 |      4 |      3 |      3 |      3 |      3 |      7 |
| SEQ_29                  |                     - |                     - |                     - |                     - |                     - |                     - |                     - |                     - |                     - |                     - |                     - |                     - |                     - |                     - |                     - |                     - |                     - |                     - |                     - |                     - |                     - |                     - |                     - |                     - |                     - |                     - |                     - |                     - |                     - |                     - |                     - |                     - |                     - |                     - |                     - |                     - |                     - |                     - |                     - |                     - |                     - |     - |     - |     - |     - |     - |     - |     - |     - |     - |      - |      - |      - |      - |      - |      - |      - |      - |      - |      - |      - |      - |      - |      - |      - |      - |      - |      - |      - |      - |      - |      - |      - |      - |      - |      - |      - |      - |      - |      - |      - |      - |      - |      - |      - |     - |     - |     - |     - |     - |     - |     - |     - |     - |     - |      - |      - |      - |      - |      - |      - |      - |      - |      - |      - |      - |      - |      - |      - |      - |      - |      - |      - |      - |      0 |      2 |      3 |      4 |      4 |      4 |      4 |      4 |      3 |      3 |      3 |      3 |      7 |
| SEQ_30                  |                     - |                     - |                     - |                     - |                     - |                     - |                     - |                     - |                     - |                     - |                     - |                     - |                     - |                     - |                     - |                     - |                     - |                     - |                     - |                     - |                     - |                     - |                     - |                     - |                     - |                     - |                     - |                     - |                     - |                     - |                     - |                     - |                     - |                     - |                     - |                     - |                     - |                     - |                     - |                     - |                     - |     - |     - |     - |     - |     - |     - |     - |     - |     - |      - |      - |      - |      - |      - |      - |      - |      - |      - |      - |      - |      - |      - |      - |      - |      - |      - |      - |      - |      - |      - |      - |      - |      - |      - |      - |      - |      - |      - |      - |      - |      - |      - |      - |      - |     - |     - |     - |     - |     - |     - |     - |     - |     - |     - |      - |      - |      - |      - |      - |      - |      - |      - |      - |      - |      - |      - |      - |      - |      - |      - |      - |      - |      - |      - |      0 |      1 |      2 |      2 |      2 |      2 |      2 |      3 |      3 |      3 |      3 |      6 |
| SEQ_31                  |                     - |                     - |                     - |                     - |                     - |                     - |                     - |                     - |                     - |                     - |                     - |                     - |                     - |                     - |                     - |                     - |                     - |                     - |                     - |                     - |                     - |                     - |                     - |                     - |                     - |                     - |                     - |                     - |                     - |                     - |                     - |                     - |                     - |                     - |                     - |                     - |                     - |                     - |                     - |                     - |                     - |     - |     - |     - |     - |     - |     - |     - |     - |     - |      - |      - |      - |      - |      - |      - |      - |      - |      - |      - |      - |      - |      - |      - |      - |      - |      - |      - |      - |      - |      - |      - |      - |      - |      - |      - |      - |      - |      - |      - |      - |      - |      - |      - |      - |     - |     - |     - |     - |     - |     - |     - |     - |     - |     - |      - |      - |      - |      - |      - |      - |      - |      - |      - |      - |      - |      - |      - |      - |      - |      - |      - |      - |      - |      - |      - |      0 |      1 |      1 |      1 |      1 |      1 |      2 |      2 |      2 |      2 |      5 |
| SEQ_32                  |                     - |                     - |                     - |                     - |                     - |                     - |                     - |                     - |                     - |                     - |                     - |                     - |                     - |                     - |                     - |                     - |                     - |                     - |                     - |                     - |                     - |                     - |                     - |                     - |                     - |                     - |                     - |                     - |                     - |                     - |                     - |                     - |                     - |                     - |                     - |                     - |                     - |                     - |                     - |                     - |                     - |     - |     - |     - |     - |     - |     - |     - |     - |     - |      - |      - |      - |      - |      - |      - |      - |      - |      - |      - |      - |      - |      - |      - |      - |      - |      - |      - |      - |      - |      - |      - |      - |      - |      - |      - |      - |      - |      - |      - |      - |      - |      - |      - |      - |     - |     - |     - |     - |     - |     - |     - |     - |     - |     - |      - |      - |      - |      - |      - |      - |      - |      - |      - |      - |      - |      - |      - |      - |      - |      - |      - |      - |      - |      - |      - |      - |      0 |      0 |      0 |      0 |      0 |      1 |      1 |      1 |      1 |      5 |
| SEQ_33                  |                     - |                     - |                     - |                     - |                     - |                     - |                     - |                     - |                     - |                     - |                     - |                     - |                     - |                     - |                     - |                     - |                     - |                     - |                     - |                     - |                     - |                     - |                     - |                     - |                     - |                     - |                     - |                     - |                     - |                     - |                     - |                     - |                     - |                     - |                     - |                     - |                     - |                     - |                     - |                     - |                     - |     - |     - |     - |     - |     - |     - |     - |     - |     - |      - |      - |      - |      - |      - |      - |      - |      - |      - |      - |      - |      - |      - |      - |      - |      - |      - |      - |      - |      - |      - |      - |      - |      - |      - |      - |      - |      - |      - |      - |      - |      - |      - |      - |      - |     - |     - |     - |     - |     - |     - |     - |     - |     - |     - |      - |      - |      - |      - |      - |      - |      - |      - |      - |      - |      - |      - |      - |      - |      - |      - |      - |      - |      - |      - |      - |      - |      - |      0 |      0 |      0 |      0 |      1 |      1 |      1 |      1 |      5 |
| SEQ_34                  |                     - |                     - |                     - |                     - |                     - |                     - |                     - |                     - |                     - |                     - |                     - |                     - |                     - |                     - |                     - |                     - |                     - |                     - |                     - |                     - |                     - |                     - |                     - |                     - |                     - |                     - |                     - |                     - |                     - |                     - |                     - |                     - |                     - |                     - |                     - |                     - |                     - |                     - |                     - |                     - |                     - |     - |     - |     - |     - |     - |     - |     - |     - |     - |      - |      - |      - |      - |      - |      - |      - |      - |      - |      - |      - |      - |      - |      - |      - |      - |      - |      - |      - |      - |      - |      - |      - |      - |      - |      - |      - |      - |      - |      - |      - |      - |      - |      - |      - |     - |     - |     - |     - |     - |     - |     - |     - |     - |     - |      - |      - |      - |      - |      - |      - |      - |      - |      - |      - |      - |      - |      - |      - |      - |      - |      - |      - |      - |      - |      - |      - |      - |      - |      0 |      0 |      0 |      1 |      1 |      1 |      1 |      5 |
| SEQ_35                  |                     - |                     - |                     - |                     - |                     - |                     - |                     - |                     - |                     - |                     - |                     - |                     - |                     - |                     - |                     - |                     - |                     - |                     - |                     - |                     - |                     - |                     - |                     - |                     - |                     - |                     - |                     - |                     - |                     - |                     - |                     - |                     - |                     - |                     - |                     - |                     - |                     - |                     - |                     - |                     - |                     - |     - |     - |     - |     - |     - |     - |     - |     - |     - |      - |      - |      - |      - |      - |      - |      - |      - |      - |      - |      - |      - |      - |      - |      - |      - |      - |      - |      - |      - |      - |      - |      - |      - |      - |      - |      - |      - |      - |      - |      - |      - |      - |      - |      - |     - |     - |     - |     - |     - |     - |     - |     - |     - |     - |      - |      - |      - |      - |      - |      - |      - |      - |      - |      - |      - |      - |      - |      - |      - |      - |      - |      - |      - |      - |      - |      - |      - |      - |      - |      0 |      0 |      1 |      1 |      1 |      1 |      5 |
| SEQ_36                  |                     - |                     - |                     - |                     - |                     - |                     - |                     - |                     - |                     - |                     - |                     - |                     - |                     - |                     - |                     - |                     - |                     - |                     - |                     - |                     - |                     - |                     - |                     - |                     - |                     - |                     - |                     - |                     - |                     - |                     - |                     - |                     - |                     - |                     - |                     - |                     - |                     - |                     - |                     - |                     - |                     - |     - |     - |     - |     - |     - |     - |     - |     - |     - |      - |      - |      - |      - |      - |      - |      - |      - |      - |      - |      - |      - |      - |      - |      - |      - |      - |      - |      - |      - |      - |      - |      - |      - |      - |      - |      - |      - |      - |      - |      - |      - |      - |      - |      - |     - |     - |     - |     - |     - |     - |     - |     - |     - |     - |      - |      - |      - |      - |      - |      - |      - |      - |      - |      - |      - |      - |      - |      - |      - |      - |      - |      - |      - |      - |      - |      - |      - |      - |      - |      - |      0 |      1 |      1 |      1 |      1 |      5 |
| SEQ_37                  |                     - |                     - |                     - |                     - |                     - |                     - |                     - |                     - |                     - |                     - |                     - |                     - |                     - |                     - |                     - |                     - |                     - |                     - |                     - |                     - |                     - |                     - |                     - |                     - |                     - |                     - |                     - |                     - |                     - |                     - |                     - |                     - |                     - |                     - |                     - |                     - |                     - |                     - |                     - |                     - |                     - |     - |     - |     - |     - |     - |     - |     - |     - |     - |      - |      - |      - |      - |      - |      - |      - |      - |      - |      - |      - |      - |      - |      - |      - |      - |      - |      - |      - |      - |      - |      - |      - |      - |      - |      - |      - |      - |      - |      - |      - |      - |      - |      - |      - |     - |     - |     - |     - |     - |     - |     - |     - |     - |     - |      - |      - |      - |      - |      - |      - |      - |      - |      - |      - |      - |      - |      - |      - |      - |      - |      - |      - |      - |      - |      - |      - |      - |      - |      - |      - |      - |      0 |      0 |      0 |      0 |      6 |
| SEQ_38                  |                     - |                     - |                     - |                     - |                     - |                     - |                     - |                     - |                     - |                     - |                     - |                     - |                     - |                     - |                     - |                     - |                     - |                     - |                     - |                     - |                     - |                     - |                     - |                     - |                     - |                     - |                     - |                     - |                     - |                     - |                     - |                     - |                     - |                     - |                     - |                     - |                     - |                     - |                     - |                     - |                     - |     - |     - |     - |     - |     - |     - |     - |     - |     - |      - |      - |      - |      - |      - |      - |      - |      - |      - |      - |      - |      - |      - |      - |      - |      - |      - |      - |      - |      - |      - |      - |      - |      - |      - |      - |      - |      - |      - |      - |      - |      - |      - |      - |      - |     - |     - |     - |     - |     - |     - |     - |     - |     - |     - |      - |      - |      - |      - |      - |      - |      - |      - |      - |      - |      - |      - |      - |      - |      - |      - |      - |      - |      - |      - |      - |      - |      - |      - |      - |      - |      - |      - |      0 |      0 |      0 |      6 |
| SEQ_39                  |                     - |                     - |                     - |                     - |                     - |                     - |                     - |                     - |                     - |                     - |                     - |                     - |                     - |                     - |                     - |                     - |                     - |                     - |                     - |                     - |                     - |                     - |                     - |                     - |                     - |                     - |                     - |                     - |                     - |                     - |                     - |                     - |                     - |                     - |                     - |                     - |                     - |                     - |                     - |                     - |                     - |     - |     - |     - |     - |     - |     - |     - |     - |     - |      - |      - |      - |      - |      - |      - |      - |      - |      - |      - |      - |      - |      - |      - |      - |      - |      - |      - |      - |      - |      - |      - |      - |      - |      - |      - |      - |      - |      - |      - |      - |      - |      - |      - |      - |     - |     - |     - |     - |     - |     - |     - |     - |     - |     - |      - |      - |      - |      - |      - |      - |      - |      - |      - |      - |      - |      - |      - |      - |      - |      - |      - |      - |      - |      - |      - |      - |      - |      - |      - |      - |      - |      - |      - |      0 |      0 |      6 |
| SEQ_40                  |                     - |                     - |                     - |                     - |                     - |                     - |                     - |                     - |                     - |                     - |                     - |                     - |                     - |                     - |                     - |                     - |                     - |                     - |                     - |                     - |                     - |                     - |                     - |                     - |                     - |                     - |                     - |                     - |                     - |                     - |                     - |                     - |                     - |                     - |                     - |                     - |                     - |                     - |                     - |                     - |                     - |     - |     - |     - |     - |     - |     - |     - |     - |     - |      - |      - |      - |      - |      - |      - |      - |      - |      - |      - |      - |      - |      - |      - |      - |      - |      - |      - |      - |      - |      - |      - |      - |      - |      - |      - |      - |      - |      - |      - |      - |      - |      - |      - |      - |     - |     - |     - |     - |     - |     - |     - |     - |     - |     - |      - |      - |      - |      - |      - |      - |      - |      - |      - |      - |      - |      - |      - |      - |      - |      - |      - |      - |      - |      - |      - |      - |      - |      - |      - |      - |      - |      - |      - |      - |      0 |      6 |
| SEQ_41                  |                     - |                     - |                     - |                     - |                     - |                     - |                     - |                     - |                     - |                     - |                     - |                     - |                     - |                     - |                     - |                     - |                     - |                     - |                     - |                     - |                     - |                     - |                     - |                     - |                     - |                     - |                     - |                     - |                     - |                     - |                     - |                     - |                     - |                     - |                     - |                     - |                     - |                     - |                     - |                     - |                     - |     - |     - |     - |     - |     - |     - |     - |     - |     - |      - |      - |      - |      - |      - |      - |      - |      - |      - |      - |      - |      - |      - |      - |      - |      - |      - |      - |      - |      - |      - |      - |      - |      - |      - |      - |      - |      - |      - |      - |      - |      - |      - |      - |      - |     - |     - |     - |     - |     - |     - |     - |     - |     - |     - |      - |      - |      - |      - |      - |      - |      - |      - |      - |      - |      - |      - |      - |      - |      - |      - |      - |      - |      - |      - |      - |      - |      - |      - |      - |      - |      - |      - |      - |      - |      - |      0 |


DCJ-indel distance comparisons as PHYLIP matrix:

127
simulated_
simulated_34 
simulated_15 35 
simulated_14 34 15 
simulated_16 32 15 12 
simulated_31 25 30 31 29 
simulated_17 35 20 21 21 32 
simulated_20 28 21 22 18 23 23 
simulated_19 27 18 21 19 24 22 9 
simulated_10 36 15 18 18 31 17 22 19 
simulated_22 28 21 24 21 27 25 10 9 20 
simulated_18 40 23 22 24 37 17 26 25 20 26 
simulated_18 38 21 22 22 35 17 24 23 18 26 4 
simulated_13 33 18 21 21 32 16 23 22 15 25 17 15 
simulated_18 30 21 24 20 27 23 10 13 22 14 28 26 25 
simulated_22 30 21 24 20 25 25 10 9 16 10 28 26 25 14 
simulated_13 39 19 21 21 36 22 25 24 15 27 23 21 16 27 27 
simulated_13 39 20 21 21 34 22 25 24 15 27 21 21 18 27 27 10 
simulated_9 35 14 17 17 32 16 19 16 9 19 15 15 14 19 19 14 12 
simulated_26 22 25 25 24 19 29 22 21 28 22 34 32 29 24 24 31 29 27 
simulated_21 29 21 23 21 24 26 15 14 23 17 29 27 22 17 17 26 26 20 21 
simulated_24 28 22 26 22 23 27 16 15 26 18 30 28 23 18 18 29 29 21 24 5 
simulated_10 34 15 18 18 31 17 22 19 8 22 18 16 11 22 22 13 15 7 28 23 26 
simulated_13 33 20 20 21 34 18 23 22 15 25 17 15 8 25 25 18 18 14 29 24 27 11 
simulated_9 33 12 15 15 30 14 19 16 7 19 15 15 12 19 19 12 12 4 25 20 23 5 14 
simulated_27 23 26 27 27 16 28 23 24 29 23 35 33 30 25 25 32 30 28 11 22 25 29 30 26 
simulated_26 22 25 26 26 17 27 22 21 28 20 34 32 29 24 24 31 29 27 8 21 22 28 29 25 5 
simulated_15 35 20 21 21 33 14 23 22 15 25 13 13 14 24 25 18 18 12 29 24 27 15 14 12 30 29 
simulated_12 34 17 20 20 33 13 22 19 14 22 12 12 11 22 22 15 17 11 28 23 26 12 11 11 29 28 3 
simulated_24 22 23 24 23 17 25 20 19 26 22 32 30 27 22 22 29 28 25 14 21 20 26 27 23 13 10 27 26 
simulated_25 21 24 25 22 14 26 17 18 27 21 33 31 28 21 19 30 30 26 15 20 21 27 28 24 14 13 28 27 3 
simulated_7 33 12 15 15 30 14 19 16 7 19 15 15 12 19 19 12 12 4 25 20 23 5 12 2 26 25 12 9 23 24 
simulated_8 32 11 14 14 29 13 18 15 6 18 16 14 13 18 18 13 13 5 24 19 22 6 13 1 25 24 13 10 22 23 1 
simulated_8 34 13 16 16 29 15 20 17 6 20 16 16 13 20 20 13 13 5 26 21 24 6 13 3 27 26 11 10 24 25 3 2 
simulated_7 33 12 15 15 30 14 19 16 5 19 15 15 12 19 19 12 12 4 25 20 23 5 12 2 26 25 10 9 23 24 4 3 1 
simulated_12 32 17 20 14 31 19 20 19 12 22 20 20 17 20 20 17 17 11 26 23 24 12 17 9 27 28 15 14 26 25 11 10 8 7 
simulated_11 33 17 19 13 30 20 19 20 13 23 21 19 16 21 21 16 16 12 25 22 23 11 16 10 26 27 16 13 25 24 10 11 9 8 1 
simulated_11 33 16 19 19 32 14 21 18 13 21 13 13 4 21 21 16 16 10 27 22 25 9 6 10 28 27 10 7 25 26 8 9 11 10 15 14 
simulated_11 33 16 19 19 32 14 21 18 13 21 13 13 4 21 21 16 16 10 27 22 25 9 6 10 28 27 10 7 25 26 8 9 11 10 15 14 0 
simulated_13 37 17 19 19 34 20 23 22 13 25 21 19 14 25 25 10 12 12 29 24 27 11 18 10 30 29 16 15 27 28 10 11 9 8 13 14 14 14 
simulated_13 37 17 19 19 34 20 23 22 13 25 21 19 14 25 25 10 12 12 29 24 27 11 18 10 30 29 16 15 27 28 10 11 9 8 13 14 14 14 0 
MST_1     40 47 40 41 40 41 40 40 42 42 41 43 42 41 42 42 39 40 42 43 43 43 41 40 42 41 42 41 41 41 40 41 42 42 42 42 42 41 41 40 40 
MST_2     48 47 48 47 47 44 47 48 47 48 45 44 45 46 46 46 45 44 47 44 47 47 46 46 47 44 45 47 47 45 45 45 46 48 48 48 48 45 45 45 45 17 
MST_3     14 26 14 16 16 21 18 16 16 14 16 18 18 16 18 16 19 17 14 22 18 19 15 17 13 22 21 17 15 16 17 12 12 13 12 17 17 14 14 17 17 28 33 
MST_4     43 40 40 40 42 36 40 40 40 41 37 41 42 41 39 37 44 43 42 36 40 40 42 41 42 34 36 39 40 37 37 42 42 42 42 40 41 43 43 39 39 37 28 37 
MST_5     40 39 38 40 38 35 36 36 36 37 33 38 38 36 34 33 39 38 37 36 37 37 37 36 37 34 34 36 35 32 31 36 36 36 37 39 38 38 38 34 34 41 33 34 14 
MST_6     35 35 34 37 33 29 32 30 30 32 27 34 32 31 29 28 38 34 31 29 34 34 32 35 31 27 27 30 29 28 28 30 30 30 31 33 33 32 32 34 34 43 35 28 22 16 
MST_7     28 28 25 28 24 24 27 21 22 27 22 28 26 25 23 22 33 32 23 23 24 24 25 27 23 24 22 25 25 20 21 22 22 23 24 26 26 24 24 31 31 39 39 20 31 24 16 
MST_8     26 27 27 27 27 23 26 20 22 24 22 28 27 23 22 23 30 28 20 20 24 23 22 24 21 20 21 23 21 18 20 21 21 21 21 24 25 21 21 28 28 38 39 20 31 27 20 9 
MST_9     25 26 25 27 24 26 24 21 18 23 20 27 26 22 23 22 29 28 19 22 24 24 21 23 19 21 20 22 20 21 22 19 19 20 20 22 22 19 19 27 27 40 42 20 32 27 21 10 7 
MST_10    22 29 23 24 23 28 22 19 18 23 20 23 22 19 21 20 26 25 19 23 23 23 22 21 20 24 21 20 18 22 22 20 20 20 19 21 21 16 16 24 24 41 45 15 37 33 26 17 15 10 
MST_11    16 28 19 21 21 25 19 14 14 17 17 19 18 16 17 16 21 18 14 22 20 18 18 16 16 23 21 17 16 20 19 15 15 15 14 16 17 14 14 19 19 41 44 13 36 32 24 19 16 15 10 
MST_12    17 30 19 24 21 25 18 14 15 18 18 19 18 16 18 17 21 21 15 24 19 20 18 17 16 25 23 16 16 22 20 16 16 16 15 17 17 15 15 20 20 42 45 12 37 33 26 18 17 15 11 6 
MST_13    16 28 19 24 21 23 18 12 13 16 16 20 19 17 17 15 20 20 14 22 17 18 17 18 15 23 21 16 17 20 18 15 14 14 13 15 16 16 16 18 18 41 46 12 37 32 26 20 18 16 12 7 3 
MST_14    14 28 16 22 19 23 18 14 15 15 17 19 19 14 17 17 18 18 14 22 19 20 15 16 13 23 21 17 15 20 18 13 13 13 12 13 14 14 14 17 17 40 45 10 38 35 28 21 19 17 13 7 6 5 
MST_15    13 28 14 20 17 25 17 15 16 14 18 16 16 13 18 18 17 17 11 23 19 20 13 15 11 22 21 14 12 19 20 10 11 11 10 12 12 11 11 15 15 40 44 9 38 34 28 20 19 16 12 9 9 8 4 
MST_16    12 29 13 18 15 26 15 15 17 12 19 15 15 12 19 19 16 16 10 23 19 21 12 14 10 23 22 13 11 20 22 9 10 10 9 11 11 10 10 13 13 41 45 11 40 36 29 21 20 17 14 11 11 10 6 2 
MST_17    12 29 13 18 15 26 15 15 16 13 18 16 16 13 18 18 16 16 10 23 19 20 12 14 10 22 21 13 11 19 20 9 10 10 9 12 12 10 10 14 14 41 45 10 40 36 29 21 21 18 14 12 11 10 8 4 2 
MST_18    11 31 12 18 17 28 16 18 18 12 20 15 15 13 20 20 15 14 8 25 21 22 11 14 8 24 23 12 11 21 22 8 9 8 7 12 12 10 10 13 13 41 45 8 40 36 29 22 23 20 15 11 12 11 9 5 5 3 
MST_19    10 30 13 18 16 27 16 17 18 12 19 17 15 12 19 19 14 15 10 24 21 20 9 13 8 23 22 14 11 20 21 8 9 8 7 10 9 10 10 12 12 40 46 9 41 38 31 23 23 21 17 13 12 11 9 7 7 5 4 
MST_20    8 30 13 16 16 27 15 18 17 10 20 16 14 11 20 20 13 13 9 24 19 21 8 12 7 23 22 12 9 20 21 7 8 6 5 10 9 9 9 11 11 41 48 8 42 38 32 25 23 22 16 13 12 11 10 8 7 6 5 3 
MST_21    7 30 13 15 15 27 14 17 16 9 19 15 13 10 19 19 12 12 8 23 18 21 7 10 6 24 23 10 7 21 22 6 7 5 4 9 8 8 8 10 10 42 48 9 42 38 31 24 22 21 16 13 12 11 10 8 7 7 7 5 2 
MST_22    7 30 13 15 15 27 14 17 16 9 19 15 13 10 19 19 12 12 8 23 18 21 7 10 6 24 23 10 7 21 22 6 7 5 4 9 8 8 8 10 10 42 48 9 42 38 31 24 22 21 16 13 12 11 10 8 7 7 7 5 2 0 
MST_23    7 30 13 15 15 27 15 17 16 9 19 16 14 11 19 19 12 12 8 23 18 21 7 11 6 24 23 11 8 21 22 6 7 5 4 9 8 9 9 10 10 42 48 9 42 38 32 25 23 22 17 14 13 12 11 9 8 8 7 5 2 1 1 
MST_24    8 30 12 15 15 27 14 18 15 10 18 15 15 12 18 18 13 13 7 23 18 21 8 12 7 24 23 12 9 21 22 5 6 8 7 12 11 8 8 11 11 40 45 9 42 38 32 24 23 22 18 14 14 13 11 8 7 7 6 6 6 5 5 4 
MST_25    6 31 11 14 14 28 13 18 15 8 18 14 14 11 18 18 11 11 5 24 19 22 6 11 5 25 24 11 8 22 23 3 4 6 5 10 9 7 7 9 9 40 45 9 42 38 31 23 23 22 18 14 14 13 11 8 7 6 5 5 5 4 4 4 2 
MST_26    7 30 11 13 13 27 13 17 15 8 18 16 14 12 18 18 12 12 7 23 18 21 8 12 5 24 23 12 10 21 22 5 4 6 5 10 10 9 9 10 10 41 47 8 42 38 31 23 23 21 17 13 13 12 10 8 8 8 6 6 5 4 4 4 4 2 
MST_27    8 29 10 12 12 26 14 16 14 9 17 17 15 13 17 17 13 13 8 22 17 20 9 13 6 23 22 13 11 20 21 6 5 7 6 11 11 10 10 11 11 41 48 8 42 38 31 23 23 22 18 14 14 13 11 9 9 9 7 7 6 5 5 5 5 3 1 
MST_28    8 29 9 12 12 26 13 16 13 8 16 16 14 13 16 16 13 13 7 22 17 20 8 13 5 23 22 13 10 20 21 5 4 6 5 10 11 9 9 11 11 41 47 9 42 38 31 23 23 23 19 15 15 14 12 10 9 8 7 7 7 6 6 6 4 2 2 1 
MST_29    7 29 8 11 11 26 12 15 12 7 15 15 13 12 15 15 12 12 6 21 16 19 7 12 4 22 21 12 9 19 20 4 3 5 4 9 10 8 8 10 10 42 47 10 43 38 32 24 23 22 19 14 15 13 12 10 9 9 8 8 7 6 6 6 4 3 3 2 1 
MST_30    7 29 8 11 11 26 12 15 12 7 15 15 13 12 15 15 12 12 6 21 16 19 7 12 4 22 21 12 9 19 20 4 3 5 4 9 10 8 8 10 10 42 47 10 43 38 32 24 23 22 19 14 15 13 12 10 9 9 8 8 7 6 6 6 4 3 3 2 1 0 
MST_31    7 29 8 11 11 26 12 15 12 7 15 15 13 12 15 15 12 12 6 21 16 19 7 12 4 22 21 12 9 19 20 4 3 5 4 9 10 8 8 10 10 42 47 10 43 38 32 24 23 22 19 14 15 13 12 10 9 9 8 8 7 6 6 6 4 3 3 2 1 0 0 
MST_32    7 29 8 11 11 26 12 15 12 7 15 15 13 12 15 15 12 12 6 21 16 19 7 12 4 22 21 12 9 19 20 4 3 5 4 9 10 8 8 10 10 42 47 10 43 38 32 24 23 22 19 14 15 13 12 10 9 9 8 8 7 6 6 6 4 3 3 2 1 0 0 0 
MST_33    8 28 9 10 10 25 15 14 13 10 16 18 16 13 16 16 13 13 9 20 15 18 10 13 7 21 20 13 12 18 19 7 6 8 7 12 11 11 11 11 11 42 48 8 43 40 33 24 23 23 19 16 15 14 13 11 9 9 9 9 6 5 5 5 6 5 3 2 3 3 3 3 3 
MST_34    8 28 9 10 10 25 15 14 13 10 16 18 16 13 16 16 13 13 9 20 15 18 10 13 7 21 20 13 12 18 19 7 6 8 7 12 11 11 11 11 11 42 48 8 43 40 33 24 23 23 19 16 15 14 13 11 9 9 9 9 6 5 5 5 6 5 3 2 3 3 3 3 3 0 
MST_35    9 27 10 11 11 24 16 15 14 11 17 19 17 14 17 17 14 14 10 19 14 17 11 14 8 20 19 14 13 17 18 8 7 9 8 13 12 12 12 12 12 42 48 8 44 41 34 25 24 24 20 17 16 15 14 12 10 10 10 10 7 6 6 6 7 6 4 3 4 4 4 4 4 1 1 
MST_36    9 27 10 11 11 24 16 15 14 11 17 19 17 14 17 17 14 14 10 19 14 17 11 14 8 20 19 14 13 17 18 8 7 9 8 13 12 12 12 12 12 42 48 8 44 41 34 25 24 24 20 17 16 15 14 12 10 10 10 10 7 6 6 6 7 6 4 3 4 4 4 4 4 1 1 0 
MST_37    9 27 10 11 11 24 16 15 14 11 17 19 17 14 17 17 14 14 10 19 14 17 11 14 8 20 19 14 13 17 18 8 7 9 8 13 12 12 12 12 12 42 48 8 44 41 34 25 24 24 20 17 16 15 14 12 10 10 10 10 7 6 6 6 7 6 4 3 4 4 4 4 4 1 1 0 0 
MST_38    8 26 9 10 10 23 15 14 13 10 16 18 16 13 16 16 13 13 9 18 13 16 10 13 7 19 18 13 12 16 17 7 6 8 7 12 11 11 11 11 11 41 48 9 44 40 34 25 23 23 21 16 17 16 14 12 10 10 10 10 8 7 7 7 7 6 5 4 4 3 3 3 3 2 2 1 1 1 
MST_39    8 26 9 10 10 23 15 14 13 10 16 18 16 13 16 16 13 13 9 18 13 16 10 13 7 19 18 13 12 16 17 7 6 8 7 12 11 11 11 11 11 41 48 9 44 40 34 25 23 23 21 16 17 16 14 12 10 10 10 10 8 7 7 7 7 6 5 4 4 3 3 3 3 2 2 1 1 1 0 
MST_40    8 26 9 10 10 23 15 14 13 10 16 18 16 13 16 16 13 13 9 18 13 16 10 13 7 19 18 13 12 16 17 7 6 8 7 12 11 11 11 11 11 41 48 9 44 40 34 25 23 23 21 16 17 16 14 12 10 10 10 10 8 7 7 7 7 6 5 4 4 3 3 3 3 2 2 1 1 1 0 0 
MST_41    8 26 9 10 10 23 15 14 13 10 16 18 16 13 16 16 13 13 9 18 13 16 10 13 7 19 18 13 12 16 17 7 6 8 7 12 11 11 11 11 11 41 48 9 44 40 34 25 23 23 21 16 17 16 14 12 10 10 10 10 8 7 7 7 7 6 5 4 4 3 3 3 3 2 2 1 1 1 0 0 0 
MST_42    51 54 52 49 50 48 49 52 50 53 52 50 49 52 50 52 48 49 52 48 50 47 52 52 53 46 46 50 50 47 48 53 53 53 53 50 50 52 52 52 52 32 40 49 45 44 48 47 48 50 49 49 50 51 51 51 51 51 52 52 51 52 52 52 52 52 52 52 52 53 53 53 53 52 52 52 52 52 53 53 53 53 
MST_43    74 63 72 71 71 67 73 72 71 75 69 70 72 76 71 68 72 72 76 70 72 72 77 75 75 66 69 73 75 70 71 76 76 76 76 73 73 76 76 75 75 44 53 68 55 60 63 67 68 68 68 70 72 71 72 72 74 74 74 76 75 76 76 76 77 77 77 77 77 76 76 76 76 77 77 78 78 78 78 78 78 78 35 
MST_44    48 50 46 48 48 50 47 48 46 48 49 47 47 46 47 49 49 45 46 45 43 47 44 43 47 48 48 45 46 48 48 48 48 48 47 46 45 46 46 48 48 34 39 44 47 47 48 44 44 45 44 44 44 45 46 45 46 47 47 47 47 47 47 47 48 48 47 47 48 47 47 47 47 48 48 48 48 48 49 49 49 49 38 47 
SEQ_0     34 32 32 33 33 31 31 33 32 33 33 32 32 33 33 32 30 27 34 31 33 33 34 31 34 32 31 32 33 32 32 34 34 34 34 34 34 33 33 32 32 21 27 30 33 33 34 30 30 31 33 31 33 33 33 33 34 34 34 34 35 35 35 35 34 34 35 35 34 34 34 34 34 35 35 35 35 35 34 34 34 34 30 34 30 
SEQ_1     49 49 50 50 51 47 46 50 49 49 47 43 44 47 48 48 47 47 50 44 53 52 48 47 49 44 46 46 46 46 45 48 49 49 49 48 48 47 47 44 44 41 29 49 26 31 40 43 42 42 47 46 47 46 48 49 50 50 50 50 49 49 49 50 51 50 51 52 52 52 52 52 52 54 54 55 55 55 54 54 54 54 42 56 49 32 
SEQ_2     45 49 43 44 44 41 41 43 43 42 41 43 44 45 41 40 46 45 43 42 43 43 45 46 44 42 41 42 43 41 44 44 44 43 43 41 42 46 46 40 40 43 36 41 11 23 32 37 36 38 41 39 40 40 42 42 43 43 44 44 44 44 44 45 45 44 44 45 45 46 46 46 46 46 46 47 47 47 47 47 47 47 49 59 52 34 33 
SEQ_3     46 44 44 44 44 38 40 42 42 42 39 42 43 41 39 39 44 46 43 41 42 42 44 45 42 37 39 39 38 40 40 42 41 41 42 43 42 42 42 41 41 45 39 40 25 19 24 28 33 34 37 38 38 38 40 40 41 40 42 43 42 42 42 42 43 44 43 44 44 44 44 44 44 45 45 46 46 46 47 47 47 47 42 57 47 33 40 32 
SEQ_4     37 37 36 39 35 30 35 32 32 37 28 36 34 34 32 33 41 38 33 31 35 35 35 37 34 28 28 31 29 30 30 33 33 32 33 35 35 33 33 36 36 46 41 32 28 23 11 19 24 24 27 28 29 29 30 30 31 32 32 33 34 33 33 34 35 35 35 35 35 35 35 35 35 35 35 36 36 36 36 36 36 36 48 66 52 34 42 37 30 
SEQ_5     25 27 24 26 24 23 25 19 19 24 21 29 27 23 21 21 30 29 21 22 22 23 23 25 21 23 20 24 22 19 19 20 20 20 21 23 23 23 23 29 29 39 40 21 32 26 20 6 9 9 17 17 17 17 19 19 20 20 22 23 23 22 22 23 23 23 22 22 23 22 22 22 22 23 23 24 24 24 23 23 23 23 49 67 44 29 43 38 32 21 
SEQ_6     26 30 28 30 27 28 26 22 22 24 22 29 28 23 24 25 30 28 19 23 25 26 23 24 20 25 24 24 22 23 24 21 21 21 22 25 25 21 21 29 29 40 44 21 34 30 24 12 9 10 17 18 18 18 20 20 21 22 24 23 23 22 22 23 23 23 22 23 24 24 24 24 24 24 24 25 25 25 25 25 25 25 51 70 45 31 44 40 36 26 11 
SEQ_7     26 28 27 28 25 29 24 24 23 24 25 27 26 21 26 26 30 29 22 23 26 26 22 23 21 24 22 22 21 23 23 21 21 21 22 24 24 19 19 29 29 40 42 21 33 29 22 13 10 8 12 15 15 16 17 18 19 19 21 22 22 22 22 23 23 23 22 23 24 24 24 24 24 24 24 25 25 25 25 25 25 25 49 72 44 31 46 41 36 25 12 13 
SEQ_8     22 27 22 23 22 27 22 18 18 23 20 24 23 19 20 20 26 25 20 21 22 22 23 21 21 23 20 21 19 21 21 21 21 21 20 22 22 17 17 25 25 40 45 16 39 34 27 17 13 12 4 10 12 12 13 13 14 14 16 17 18 18 18 18 18 19 18 18 19 19 19 19 19 19 19 20 20 20 20 20 20 20 49 69 44 32 49 42 37 28 16 17 11 
SEQ_9     18 30 19 24 21 26 18 14 14 19 17 19 18 17 17 16 22 22 15 24 20 20 17 18 15 25 23 16 16 22 21 16 16 15 14 16 16 15 15 19 19 41 45 12 38 34 27 19 18 15 9 6 5 7 8 8 10 11 11 12 11 11 11 12 14 14 13 14 15 15 15 15 15 15 15 16 16 16 17 17 17 17 50 71 44 33 47 41 39 29 19 20 18 13 
SEQ_10    16 30 18 21 18 25 18 13 14 18 17 17 16 16 18 16 21 20 14 24 18 19 16 16 14 25 23 15 14 22 20 15 15 14 13 15 14 14 14 18 18 42 46 11 37 32 26 19 17 15 11 6 3 4 7 9 11 12 12 11 10 10 10 11 13 13 12 13 14 14 14 14 14 14 14 15 15 15 15 15 15 15 50 72 45 33 46 40 39 29 19 19 17 14 4 
SEQ_11    16 28 19 23 21 23 17 13 14 16 16 19 18 16 17 16 20 20 13 22 16 17 15 18 13 23 22 15 16 20 19 14 14 12 11 14 15 14 14 16 16 40 47 12 38 33 27 20 19 17 13 9 7 4 6 9 11 11 11 10 10 10 10 11 12 11 11 12 12 13 13 13 13 14 14 15 15 15 15 15 15 15 51 70 46 33 47 41 40 29 19 21 18 14 8 5 
SEQ_12    14 29 17 21 19 24 18 13 15 15 18 18 17 15 18 17 18 18 13 22 18 20 13 15 11 23 22 16 14 20 19 12 12 11 10 13 13 13 13 15 15 39 46 9 39 35 28 21 20 18 12 8 7 6 4 5 7 9 9 9 7 7 7 8 10 10 9 10 11 11 11 11 11 11 11 12 12 12 13 13 13 13 49 71 46 34 48 42 40 30 20 21 19 13 5 5 5 
SEQ_13    13 28 14 20 16 25 17 14 16 14 18 17 16 14 17 17 17 17 12 22 19 19 12 14 10 23 22 15 13 20 20 11 11 10 9 10 10 12 12 14 14 40 46 9 39 34 28 20 20 17 12 9 10 9 6 2 4 6 6 6 7 7 7 8 9 9 8 9 10 10 10 10 10 11 11 12 12 12 12 12 12 12 51 73 46 33 49 42 41 30 19 21 19 12 8 8 8 4 
SEQ_14    12 30 14 18 15 27 15 15 18 13 19 16 15 13 19 19 16 15 11 23 20 21 11 13 9 25 24 14 12 22 22 10 10 9 8 10 10 11 11 12 12 42 48 10 42 37 30 22 22 19 15 12 13 12 9 5 3 5 7 6 6 5 5 6 9 8 7 8 9 9 9 9 9 8 8 9 9 9 10 10 10 10 51 74 47 35 51 45 43 32 21 23 21 15 11 11 11 7 3 
SEQ_15    13 30 14 19 16 27 16 16 18 14 19 18 17 14 19 19 17 17 12 24 21 21 12 15 10 24 23 15 13 21 21 11 11 10 9 11 11 12 12 14 14 42 48 9 42 37 30 22 23 20 16 13 13 12 10 7 5 3 5 4 5 6 6 7 9 8 7 8 8 9 9 9 9 9 9 10 10 10 11 11 11 11 51 75 48 35 51 45 43 33 22 23 21 17 12 12 11 9 5 2 
SEQ_16    10 30 12 17 16 27 16 17 16 12 19 16 16 12 19 19 14 15 9 24 20 22 10 13 9 24 23 13 10 21 21 7 8 9 8 12 11 9 9 13 13 40 44 9 40 37 30 23 23 20 15 12 11 10 9 5 5 3 2 3 4 6 6 6 5 4 6 7 6 7 7 7 7 8 8 9 9 9 9 9 9 9 52 75 46 34 49 43 42 32 22 23 21 15 11 12 11 10 7 8 6 
SEQ_17    11 31 14 17 17 28 16 17 16 13 17 16 16 12 19 19 15 16 10 25 20 21 11 12 10 22 21 13 10 19 22 8 9 10 9 12 11 8 8 14 14 40 45 10 41 38 30 23 23 20 17 13 12 11 10 6 5 3 4 3 5 6 6 7 6 5 7 8 7 8 8 8 8 8 8 9 9 9 9 9 9 9 52 76 47 34 49 43 43 34 23 23 21 17 13 13 11 11 8 8 6 2 
SEQ_18    9 30 13 16 16 27 15 17 15 11 18 15 15 11 18 18 12 14 8 24 19 21 9 12 8 23 22 11 8 20 21 6 7 7 6 11 10 8 8 12 12 41 46 9 41 38 32 24 22 21 17 13 12 11 9 6 6 5 4 3 2 4 4 4 5 4 6 7 6 6 6 6 6 7 7 8 8 8 8 8 8 8 52 76 48 34 50 44 42 34 23 22 22 17 13 12 11 9 8 8 7 2 3 
SEQ_19    8 30 13 16 16 27 13 18 15 10 18 14 14 9 18 18 11 13 7 24 19 22 8 11 7 25 24 9 6 22 23 5 6 6 5 10 9 7 7 11 11 41 46 9 41 38 31 23 21 20 17 13 12 11 9 6 5 5 6 5 4 2 2 3 4 3 5 6 5 5 5 5 5 7 7 8 8 8 8 8 8 8 52 76 48 34 49 43 42 33 22 21 21 17 13 12 11 9 8 7 8 4 4 2 
SEQ_20    8 30 13 16 16 27 14 18 15 10 18 15 15 10 18 18 11 13 7 24 19 22 8 12 7 25 24 10 7 22 23 5 6 6 5 10 9 8 8 11 11 41 46 9 41 38 32 24 22 21 18 14 13 12 10 7 6 6 6 5 4 3 3 2 3 3 5 6 5 5 5 5 5 7 7 8 8 8 8 8 8 8 52 76 48 34 50 44 42 34 23 22 22 17 14 13 12 10 9 8 9 4 5 2 1 
SEQ_21    9 31 13 16 16 28 14 18 15 11 18 15 15 10 18 18 12 14 8 24 19 22 9 12 8 25 24 10 7 22 23 6 7 7 6 11 10 8 8 12 12 41 46 9 42 38 32 25 23 22 17 14 13 12 10 7 7 7 6 7 3 3 3 2 4 4 5 6 5 5 5 5 5 7 7 8 8 8 8 8 8 8 51 75 48 35 50 45 42 35 24 23 23 17 13 12 11 9 8 8 8 5 6 3 2 2 
SEQ_22    8 30 12 15 15 27 14 18 15 10 18 15 15 12 18 18 13 13 7 23 18 21 8 12 7 24 23 12 9 21 22 5 6 8 7 12 11 8 8 11 11 40 45 9 42 38 32 24 23 22 18 14 14 13 11 8 7 7 6 6 6 5 5 4 0 2 4 5 4 4 4 4 4 6 6 7 7 7 7 7 7 7 52 77 48 34 51 45 43 35 23 23 23 18 14 13 12 10 9 9 9 5 6 5 4 3 4 
SEQ_23    8 30 11 13 13 27 14 17 15 9 18 17 15 13 18 18 13 13 8 23 18 21 9 13 6 24 23 13 11 21 22 6 5 7 6 11 11 10 10 11 11 41 48 8 42 38 31 23 23 22 18 14 14 13 11 9 8 8 7 7 6 5 5 5 5 3 1 2 2 3 3 3 3 4 4 5 5 5 5 5 5 5 51 76 47 35 51 44 43 35 23 23 23 18 14 13 11 10 9 8 8 7 8 7 6 6 5 5 
SEQ_24    8 29 10 12 12 26 14 16 14 9 17 17 15 13 17 17 13 13 8 22 17 20 9 13 6 23 22 13 11 20 21 6 5 7 6 11 11 10 10 11 11 41 48 8 42 38 31 23 23 22 18 14 14 13 11 9 9 9 7 7 6 5 5 5 5 3 1 0 1 2 2 2 2 2 2 3 3 3 4 4 4 4 52 77 47 35 52 45 44 35 22 23 23 18 14 13 12 10 9 8 8 7 8 7 6 6 6 5 2 
SEQ_25    8 29 9 12 12 26 13 16 13 8 16 16 14 13 16 16 13 13 7 22 17 20 8 13 5 23 22 13 10 20 21 5 4 6 5 10 11 9 9 11 11 41 47 9 42 38 31 23 23 23 19 15 15 14 12 10 9 8 7 7 7 6 6 6 4 2 2 1 0 1 1 1 1 3 3 4 4 4 4 4 4 4 52 77 48 34 52 45 44 35 23 24 24 19 15 14 12 11 10 9 8 6 7 6 5 5 5 4 2 1 
SEQ_26    7 29 8 11 11 26 12 15 12 7 15 15 13 12 15 15 12 12 6 21 16 19 7 12 4 22 21 12 9 19 20 4 3 5 4 9 10 8 8 10 10 42 47 10 43 38 32 24 23 22 19 14 15 13 12 10 9 9 8 8 7 6 6 6 4 3 3 2 1 0 0 0 0 3 3 4 4 4 3 3 3 3 53 76 47 34 52 46 44 35 22 24 24 19 15 14 13 11 10 9 9 7 8 6 5 5 5 4 3 2 1 
SEQ_27    7 29 8 11 11 26 12 15 12 7 15 15 13 12 15 15 12 12 6 21 16 19 7 12 4 22 21 12 9 19 20 4 3 5 4 9 10 8 8 10 10 42 47 10 43 38 32 24 23 22 19 14 15 13 12 10 9 9 8 8 7 6 6 6 4 3 3 2 1 0 0 0 0 3 3 4 4 4 3 3 3 3 53 76 47 34 52 46 44 35 22 24 24 19 15 14 13 11 10 9 9 7 8 6 5 5 5 4 3 2 1 0 
SEQ_28    7 29 8 11 11 26 12 15 12 7 15 15 13 12 15 15 12 12 6 21 16 19 7 12 4 22 21 12 9 19 20 4 3 5 4 9 10 8 8 10 10 42 47 10 43 38 32 24 23 22 19 14 15 13 12 10 9 9 8 8 7 6 6 6 4 3 3 2 1 0 0 0 0 3 3 4 4 4 3 3 3 3 53 76 47 34 52 46 44 35 22 24 24 19 15 14 13 11 10 9 9 7 8 6 5 5 5 4 3 2 1 0 0 
SEQ_29    7 29 8 11 11 26 12 15 12 7 15 15 13 12 15 15 12 12 6 21 16 19 7 12 4 22 21 12 9 19 20 4 3 5 4 9 10 8 8 10 10 42 47 10 43 38 32 24 23 22 19 14 15 13 12 10 9 9 8 8 7 6 6 6 4 3 3 2 1 0 0 0 0 3 3 4 4 4 3 3 3 3 53 76 47 34 52 46 44 35 22 24 24 19 15 14 13 11 10 9 9 7 8 6 5 5 5 4 3 2 1 0 0 0 
SEQ_30    7 28 10 11 11 25 14 15 14 9 17 17 15 12 17 17 12 12 8 21 16 19 9 12 6 22 21 12 11 19 20 6 5 7 6 11 10 10 10 10 10 42 48 9 43 39 32 24 23 23 18 15 14 13 12 10 8 9 8 8 5 4 4 4 5 4 2 1 2 2 2 2 2 1 1 2 2 2 3 3 3 3 52 77 47 35 53 46 44 35 23 24 24 19 14 13 13 10 10 7 8 8 9 7 6 6 6 5 3 1 2 2 2 2 2 
SEQ_31    8 28 9 10 10 25 15 14 13 10 16 18 16 13 16 16 13 13 9 20 15 18 10 13 7 21 20 13 12 18 19 7 6 8 7 12 11 11 11 11 11 42 48 8 43 40 33 24 23 23 19 16 15 14 13 11 9 9 9 9 6 5 5 5 6 5 3 2 3 3 3 3 3 0 0 1 1 1 2 2 2 2 52 77 48 35 54 46 45 35 23 24 24 19 15 14 14 11 11 8 9 8 8 7 7 7 7 6 4 2 3 3 3 3 3 1 
SEQ_32    9 27 10 11 11 24 16 15 14 11 17 19 17 14 17 17 14 14 10 19 14 17 11 14 8 20 19 14 13 17 18 8 7 9 8 13 12 12 12 12 12 42 48 8 44 41 34 25 24 24 20 17 16 15 14 12 10 10 10 10 7 6 6 6 7 6 4 3 4 4 4 4 4 1 1 0 0 0 1 1 1 1 52 78 48 35 55 47 46 36 24 25 25 20 16 15 15 12 12 9 10 9 9 8 8 8 8 7 5 3 4 4 4 4 4 2 1 
SEQ_33    9 27 10 11 11 24 16 15 14 11 17 19 17 14 17 17 14 14 10 19 14 17 11 14 8 20 19 14 13 17 18 8 7 9 8 13 12 12 12 12 12 42 48 8 44 41 34 25 24 24 20 17 16 15 14 12 10 10 10 10 7 6 6 6 7 6 4 3 4 4 4 4 4 1 1 0 0 0 1 1 1 1 52 78 48 35 55 47 46 36 24 25 25 20 16 15 15 12 12 9 10 9 9 8 8 8 8 7 5 3 4 4 4 4 4 2 1 0 
SEQ_34    9 27 10 11 11 24 16 15 14 11 17 19 17 14 17 17 14 14 10 19 14 17 11 14 8 20 19 14 13 17 18 8 7 9 8 13 12 12 12 12 12 42 48 8 44 41 34 25 24 24 20 17 16 15 14 12 10 10 10 10 7 6 6 6 7 6 4 3 4 4 4 4 4 1 1 0 0 0 1 1 1 1 52 78 48 35 55 47 46 36 24 25 25 20 16 15 15 12 12 9 10 9 9 8 8 8 8 7 5 3 4 4 4 4 4 2 1 0 0 
SEQ_35    9 27 10 11 11 24 16 15 14 11 17 19 17 14 17 17 14 14 10 19 14 17 11 14 8 20 19 14 13 17 18 8 7 9 8 13 12 12 12 12 12 42 48 8 44 41 34 25 24 24 20 17 16 15 14 12 10 10 10 10 7 6 6 6 7 6 4 3 4 4 4 4 4 1 1 0 0 0 1 1 1 1 52 78 48 35 55 47 46 36 24 25 25 20 16 15 15 12 12 9 10 9 9 8 8 8 8 7 5 3 4 4 4 4 4 2 1 0 0 0 
SEQ_36    9 27 10 11 11 24 16 15 14 11 17 19 17 14 17 17 14 14 10 19 14 17 11 14 8 20 19 14 13 17 18 8 7 9 8 13 12 12 12 12 12 42 48 8 44 41 34 25 24 24 20 17 16 15 14 12 10 10 10 10 7 6 6 6 7 6 4 3 4 4 4 4 4 1 1 0 0 0 1 1 1 1 52 78 48 35 55 47 46 36 24 25 25 20 16 15 15 12 12 9 10 9 9 8 8 8 8 7 5 3 4 4 4 4 4 2 1 0 0 0 0 
SEQ_37    8 26 9 10 10 23 15 14 13 10 16 18 16 13 16 16 13 13 9 18 13 16 10 13 7 19 18 13 12 16 17 7 6 8 7 12 11 11 11 11 11 41 48 9 44 40 34 25 23 23 21 16 17 16 14 12 10 10 10 10 8 7 7 7 7 6 5 4 4 3 3 3 3 2 2 1 1 1 0 0 0 0 53 78 49 34 54 47 47 36 23 25 25 20 17 15 15 13 12 10 11 9 9 8 8 8 8 7 5 4 4 3 3 3 3 3 2 1 1 1 1 1 
SEQ_38    8 26 9 10 10 23 15 14 13 10 16 18 16 13 16 16 13 13 9 18 13 16 10 13 7 19 18 13 12 16 17 7 6 8 7 12 11 11 11 11 11 41 48 9 44 40 34 25 23 23 21 16 17 16 14 12 10 10 10 10 8 7 7 7 7 6 5 4 4 3 3 3 3 2 2 1 1 1 0 0 0 0 53 78 49 34 54 47 47 36 23 25 25 20 17 15 15 13 12 10 11 9 9 8 8 8 8 7 5 4 4 3 3 3 3 3 2 1 1 1 1 1 0 
SEQ_39    8 26 9 10 10 23 15 14 13 10 16 18 16 13 16 16 13 13 9 18 13 16 10 13 7 19 18 13 12 16 17 7 6 8 7 12 11 11 11 11 11 41 48 9 44 40 34 25 23 23 21 16 17 16 14 12 10 10 10 10 8 7 7 7 7 6 5 4 4 3 3 3 3 2 2 1 1 1 0 0 0 0 53 78 49 34 54 47 47 36 23 25 25 20 17 15 15 13 12 10 11 9 9 8 8 8 8 7 5 4 4 3 3 3 3 3 2 1 1 1 1 1 0 0 
SEQ_40    8 26 9 10 10 23 15 14 13 10 16 18 16 13 16 16 13 13 9 18 13 16 10 13 7 19 18 13 12 16 17 7 6 8 7 12 11 11 11 11 11 41 48 9 44 40 34 25 23 23 21 16 17 16 14 12 10 10 10 10 8 7 7 7 7 6 5 4 4 3 3 3 3 2 2 1 1 1 0 0 0 0 53 78 49 34 54 47 47 36 23 25 25 20 17 15 15 13 12 10 11 9 9 8 8 8 8 7 5 4 4 3 3 3 3 3 2 1 1 1 1 1 0 0 0 
SEQ_41    10 20 11 11 12 18 14 14 13 11 14 14 14 13 14 14 12 14 10 16 13 13 10 13 9 16 15 13 12 14 14 9 9 9 9 10 9 11 11 11 11 10 18 8 25 25 22 15 16 16 12 14 11 12 10 10 9 8 8 7 7 8 8 7 7 7 7 6 6 7 7 7 7 5 5 5 5 5 6 6 6 6 16 20 13 18 27 24 22 22 15 14 12 11 11 12 12 10 10 8 7 8 8 7 8 7 7 7 7 6 6 7 7 7 7 6 5 5 5 5 5 5 6 6 6 6 


Adjacencies of each genome comparison after each step:

