Data generated by UniMoG (http://http://bibiserv.cebitec.uni-bielefeld.de/dcj?id=dcj_unimog)

Input:

>simulated_k8_l200_7
 0 1 2 3 4 5 | 63 64 65 66 67 68 69 70 71 72 73 | 35 123 124 125 126 127 | 60 83 84 85 86 87 88 89 90 91 92 93 94 95 96 97 98 99 100 101 102 103 104 105 106 107 108 109 110 111 112 113 114 | 74 75 76 77 78 79 80 81 | 122 36 37 | 40 41 | 8 61 62 | 51 52 53 54 55 56 | 27 28 29 30 31 32 33 34 | 186 129 130 131 132 133 134 135 136 137 138 139 140 141 | 47 48 49 50 | 142 143 144 145 146 147 148 149 150 151 152 | 162 163 164 165 166 167 168 169 170 171 172 173 174 | 38 39 | 159 160 161 | 194 195 196 197 198 199 | 21 22 23 24 25 26 | 119 120 121 | 6 7 | 115 116 117 118 | 82 9 10 11 12 13 14 15 16 17 18 19 20 | 180 181 182 183 184 185 | 42 43 44 | 128 187 188 189 190 191 192 193 | 45 46 | 175 176 177 178 179 | 153 154 155 156 157 158 | 57 58 59 |
>simulated_k8_l200_8
 0 1 2 3 4 5 | 63 64 | 35 123 124 125 126 127 | 60 83 84 85 86 87 88 89 90 91 92 93 94 95 96 97 98 99 100 101 102 103 104 105 106 107 108 109 110 111 112 113 114 | 74 75 76 77 78 79 80 81 | 122 36 37 | 40 41 | 8 61 62 | 51 52 53 54 55 56 57 58 59 | 27 28 29 30 31 32 33 34 | 186 129 | 47 48 49 50 | 142 143 144 145 146 147 148 149 150 151 152 | 162 163 164 165 166 167 168 169 170 171 172 173 174 | 38 39 | 159 160 161 | 194 195 196 197 198 199 | 21 22 23 24 25 26 | 119 120 121 | 6 7 | 115 116 117 118 | 82 9 10 11 12 13 14 15 16 17 18 19 20 | 180 181 182 183 184 185 | 42 43 44 | 128 187 188 189 190 191 192 193 | 45 46 | 175 176 177 178 179 | 153 154 155 156 157 158 | 130 131 132 133 134 135 136 137 138 139 140 141 | 65 66 67 68 69 70 71 72 73 |
>simulated_k8_l200_9
 0 1 2 3 4 5 6 | 162 163 164 165 166 167 168 | 134 135 136 | 131 170 171 172 | 160 10 11 12 13 14 15 16 17 18 19 20 21 22 | 98 99 100 | 104 191 192 193 194 195 196 197 198 199 | 74 75 76 | 190 105 106 107 108 109 110 111 112 113 114 115 116 | 137 132 133 | 148 149 | 42 43 44 45 46 47 48 49 | 169 142 143 144 145 146 147 | 173 174 175 176 177 178 179 | 117 118 119 120 121 122 123 124 125 126 127 128 129 130 | 152 153 154 155 156 157 158 159 | 180 181 182 183 184 185 | 141 138 139 140 | 101 102 103 | 150 151 | 186 187 188 189 | 77 78 79 80 | 23 24 25 26 27 28 29 30 31 32 33 34 35 36 37 38 39 40 41 | 50 51 52 | 53 54 55 56 57 58 59 60 61 | 62 63 64 65 66 67 68 69 70 71 72 73 | 7 8 | 9 161 | 81 82 83 84 85 86 87 88 89 90 91 92 93 94 95 96 97 |
>simulated_k8_l200_10
 0 1 2 3 4 5 6 | 162 163 164 165 166 167 168 | 134 135 136 | 131 170 171 172 | 160 10 11 12 13 14 15 16 17 18 19 20 21 22 | 98 99 100 | 104 191 192 193 194 195 196 197 198 199 | 74 75 76 | 190 105 106 107 108 109 110 111 112 113 114 115 116 | 137 132 133 | 148 149 | 42 43 44 45 46 47 48 49 | 169 142 143 144 145 146 147 | 173 174 175 176 177 178 179 | 117 118 119 120 121 122 123 124 125 126 127 128 129 130 | 152 153 154 155 156 157 158 159 | 180 181 182 183 184 185 | 141 138 139 140 | 101 102 103 | 150 151 | 186 187 188 189 | 77 78 79 80 81 82 83 84 85 86 87 88 89 90 91 92 93 94 95 96 97 | 23 24 25 26 27 28 29 30 31 32 33 34 35 36 37 38 39 40 41 | 50 51 52 | 53 54 55 56 57 58 59 60 61 | 62 63 64 65 66 67 68 69 70 71 72 73 | 7 8 | 9 161 |
>simulated_k8_l200_11
 0 1 2 3 4 5 | 63 64 65 66 67 68 69 70 71 72 73 | 35 123 124 125 126 127 | 60 83 84 85 86 87 88 89 90 | 74 75 76 77 78 79 80 81 | 122 36 37 | 40 41 | 8 61 62 | 51 52 53 54 55 56 57 58 59 | 27 28 29 | 186 129 130 131 132 133 134 135 136 137 138 139 140 141 | 47 48 49 50 | 142 143 144 145 146 147 148 149 150 151 152 | 162 163 164 165 166 167 168 169 170 171 172 173 174 | 38 39 | 159 160 161 | 194 195 196 197 198 199 | 21 22 23 24 25 26 | 119 120 121 | 6 7 | 115 116 117 118 | 82 9 10 11 12 13 14 15 16 17 18 19 20 | 180 181 182 183 184 185 | 42 43 44 | 128 187 188 189 190 191 192 193 | 45 46 | 175 176 | 153 154 155 156 157 158 | 30 31 32 33 34 | 177 178 179 | 91 92 93 94 95 96 97 98 99 100 101 102 103 104 105 106 107 108 109 110 111 112 113 114 |
>simulated_k8_l200_12
 0 1 2 3 4 5 | 63 64 65 66 67 68 69 70 71 72 73 | 35 123 124 125 126 127 | 60 83 84 85 86 87 88 89 90 | 74 75 76 77 78 79 80 81 | 122 36 37 | 40 41 | 8 61 62 | 51 52 53 54 55 56 57 58 59 | 27 28 29 | 186 129 130 131 132 133 134 135 136 137 138 139 140 141 | 47 48 49 50 | 142 143 144 145 146 147 148 149 150 151 152 | 162 163 164 165 166 167 168 169 170 171 172 173 174 | 38 39 | 159 160 161 | 194 195 196 197 198 199 | 21 22 23 24 25 26 | 119 120 121 | 6 7 | 115 116 117 118 | 82 9 10 11 12 13 14 15 16 17 18 19 20 | 180 181 182 183 184 185 | 42 43 44 | 128 187 188 189 190 191 192 193 | 45 46 | 175 176 | 153 154 155 156 157 158 | 30 31 32 33 34 | 177 178 179 | 91 92 93 94 95 96 97 98 99 100 101 102 103 104 105 106 107 108 109 110 111 112 113 114 |
>simulated_k8_l200_13
 0 9 10 11 12 | 162 163 164 165 166 167 168 | 134 135 136 | 131 170 171 172 | 160 22 23 24 25 | 98 99 100 | 104 105 106 107 108 109 110 111 112 113 114 115 116 | 74 75 | 190 191 192 193 194 195 196 197 198 199 | 137 132 133 | 148 31 32 33 34 35 | 42 43 44 45 46 47 48 49 50 51 52 53 54 55 56 57 58 59 60 61 62 63 64 65 66 67 68 69 70 71 72 73 | 169 142 143 144 145 146 147 | 173 174 175 176 177 178 179 | 117 118 119 120 121 122 123 124 125 126 127 128 129 130 | 152 153 154 155 156 157 158 159 | 180 181 182 183 184 185 186 187 | 141 138 139 140 | 30 149 | 21 161 | 101 102 103 | 81 189 | 150 151 | 26 27 28 29 | 188 82 83 84 85 86 87 88 89 90 91 92 93 94 95 96 97 | 13 14 15 16 17 18 19 20 | 76 77 78 79 80 | 36 37 38 39 40 41 | 8 1 2 3 4 5 6 7 |
>simulated_k8_l200_14
 0 9 10 11 12 | 162 163 164 165 166 167 168 | 134 135 136 | 131 170 171 172 | 160 22 23 24 25 | 98 99 100 | 104 105 106 107 108 109 110 111 112 113 114 115 116 | 74 75 | 190 191 192 193 194 195 196 197 198 199 | 137 132 133 | 148 31 32 33 34 35 | 42 43 44 45 46 47 48 49 50 51 52 53 54 55 56 57 58 59 60 61 62 63 64 65 66 67 68 69 70 71 72 73 | 169 142 143 144 145 146 147 | 173 174 175 176 177 178 179 | 117 118 119 120 121 122 123 124 125 126 127 128 129 130 | 152 153 154 155 156 157 158 159 | 180 181 182 183 184 185 186 187 | 141 138 139 140 | 30 149 | 21 161 | 101 102 103 | 81 189 | 150 151 | 26 27 28 29 | 188 82 83 84 85 86 87 88 89 90 91 92 93 94 95 96 97 | 13 14 15 16 17 18 19 20 | 76 77 78 79 80 | 36 37 38 39 40 41 | 8 1 2 3 4 5 6 7 |
>MST_1
 7 6 5 4 3 2 1 8 61 62 63 64 65 66 67 68 69 70 71 72 |
>MST_2
 0 1 8 61 62 63 64 65 66 67 68 69 70 71 72 |
>MST_3
 42 43 44 45 46 47 48 49 50 51 52 53 54 55 56 57 58 59 60 61 62 63 64 65 66 67 68 69 70 71 72 |
>MST_4
 41 40 39 38 37 36 122 121 120 119 118 117 116 115 114 113 112 111 110 109 108 107 106 105 104 103 102 101 100 99 98 97 96 95 94 93 92 91 90 89 88 87 86 85 84 83 60 61 62 63 64 65 66 67 68 69 70 71 72 |
>MST_5
 136 135 134 133 132 131 130 129 128 127 126 125 124 123 122 121 120 119 118 117 116 115 114 113 112 111 110 109 108 107 106 105 104 103 102 101 100 99 98 97 96 95 94 93 92 91 90 89 88 87 86 85 84 83 60 61 62 |
>MST_6
 140 139 138 137 132 131 130 129 128 127 126 125 124 123 122 121 120 119 118 117 116 115 114 113 112 111 110 109 108 107 106 105 104 103 102 101 100 99 98 97 96 95 94 93 92 91 90 89 88 87 86 85 84 83 60 61 62 |
>MST_7
 141 138 137 132 131 130 129 128 127 126 125 124 123 122 121 120 119 118 117 116 115 114 113 112 111 110 109 108 107 106 105 104 103 102 101 100 99 98 97 96 95 94 93 92 91 90 89 88 87 86 85 84 83 60 | 170 171 |
>MST_8
 179 178 177 176 175 174 173 172 171 170 131 130 129 128 127 126 125 124 123 122 | 10 160 22 | 31 148 |
>MST_9
 161 160 159 158 157 156 155 154 153 152 151 150 149 148 147 146 145 144 143 142 169 170 131 | 72 73 | 74 75 | 162 163 164 165 166 167 168 | 77 78 79 80 | 13 14 15 16 17 18 19 20 | 23 24 25 | 31 32 33 34 | 27 28 29 | 180 181 182 183 184 185 | 10 11 12 | 194 195 196 197 198 199 | 128 187 | 104 191 192 193 | 0 9 | 82 188 |
>MST_10
 162 163 164 165 166 167 168 169 170 131 | 72 73 | 40 41 | 132 133 | 74 75 | 47 48 49 | 42 43 44 | 134 135 136 | 38 39 | 177 178 179 | 173 174 | 77 78 79 80 | 13 14 15 16 17 18 19 20 | 45 46 | 51 52 | 142 143 144 145 146 147 | 23 24 25 | 138 139 140 | 175 176 | 171 172 | 57 58 59 | 53 54 55 56 | 27 28 29 | 1 2 3 4 5 | 180 181 182 183 184 185 | 153 154 155 156 157 158 | 150 151 | 36 37 | 194 195 196 197 198 199 | 128 187 | 104 191 192 193 | 0 9 | 22 160 10 11 12 | 82 188 | 148 31 32 33 34 |
>MST_11
 180 181 182 183 184 185 186 129 | 72 73 | 40 41 | 132 133 | 170 171 172 | 74 75 76 77 78 79 80 | 47 48 49 | 42 43 44 | 162 163 164 165 166 167 168 | 134 135 136 | 38 39 | 177 178 179 | 173 174 | 45 46 | 51 52 | 142 143 144 145 146 147 | 138 139 140 | 175 176 | 53 54 55 56 57 58 59 | 27 28 29 | 1 2 3 4 5 | 153 154 155 156 157 158 | 150 151 | 194 195 196 197 198 199 | 21 22 23 24 25 26 | 128 187 188 189 81 | 105 190 191 192 193 | 35 36 37 | 161 9 10 11 12 13 14 15 16 17 18 19 20 | 149 30 31 32 33 34 |
>MST_12
 199 198 197 196 195 194 193 192 191 190 189 188 187 128 | 72 73 | 40 41 | 132 133 | 74 75 76 77 78 79 80 81 | 47 48 49 50 | 42 43 44 | 162 163 164 165 166 167 168 | 134 135 136 | 38 39 | 173 174 | 45 46 | 51 52 53 54 55 56 57 58 59 | 142 143 144 145 146 147 | 138 139 140 | 175 176 177 178 179 | 27 28 29 | 180 181 182 183 184 185 | 153 154 155 156 157 158 | 150 151 | 21 22 23 24 25 26 | 148 149 30 31 32 33 34 | 0 1 2 3 4 5 | 6 7 | 82 9 10 11 12 13 14 15 16 17 18 19 20 | 169 170 171 172 | 35 36 37 |
>MST_13
 40 41 | 74 75 76 77 78 79 80 81 | 47 48 49 50 | 42 43 44 | 162 163 164 165 166 167 168 | 134 135 136 137 132 133 | 38 39 | 173 174 | 45 46 | 51 52 53 54 55 56 57 58 59 | 142 143 144 145 146 147 | 138 139 140 141 | 175 176 177 178 179 | 180 181 182 183 184 185 | 153 154 155 156 157 158 | 150 151 | 36 37 | 194 195 196 197 198 199 | 148 149 | 0 1 2 3 4 5 | 6 7 | 190 191 192 193 | 105 106 107 108 109 110 111 112 113 114 | 83 84 85 86 87 88 89 90 | 115 116 | 119 120 121 | 117 118 | 91 92 93 94 95 96 97 | 63 64 | 101 102 103 | 65 66 67 68 69 70 71 72 73 | 98 99 100 | 186 187 188 189 | 82 9 10 11 12 13 14 15 16 17 18 19 20 | 169 170 171 172 | 161 21 22 23 24 25 26 27 28 29 30 31 32 33 34 35 123 124 125 126 127 |
>MST_14
 20 19 18 17 16 15 14 13 12 11 10 9 82 83 84 85 86 87 88 89 90 | 132 133 134 135 136 137 | 170 171 172 173 174 175 176 177 178 179 | 74 75 76 77 78 79 80 81 | 42 43 44 45 46 47 48 49 50 51 52 53 54 55 56 57 58 59 60 | 162 163 164 165 166 167 168 169 142 143 144 145 146 147 148 149 150 151 152 153 154 155 156 157 158 159 160 161 21 22 23 24 25 26 27 28 29 30 31 32 33 34 35 123 124 125 126 127 | 138 139 140 141 | 180 181 182 183 184 185 | 0 1 2 3 4 5 6 7 | 105 106 107 108 109 110 111 112 113 114 | 115 116 | 119 120 121 | 117 118 | 91 92 93 94 95 96 97 | 63 64 65 66 67 68 69 70 71 72 73 | 101 102 103 | 98 99 100 | 186 187 188 189 190 191 192 193 194 195 196 197 198 199 | 129 130 | 122 36 37 38 39 40 41 |
>MST_15
 74 75 76 77 78 79 80 81 82 83 84 85 86 87 88 89 90 91 92 93 94 95 96 97 | 132 133 134 135 136 137 138 139 140 141 | 170 171 172 173 174 175 176 177 178 179 | 42 43 44 45 46 47 48 49 50 51 52 53 54 55 56 57 58 59 60 | 162 163 164 165 166 167 168 169 142 143 144 145 146 147 148 149 150 151 152 153 154 155 156 157 158 159 160 161 9 10 11 12 13 14 15 16 17 18 19 20 21 22 23 24 25 26 27 28 29 30 31 32 33 34 35 123 124 125 126 127 | 180 181 182 183 184 185 | 0 1 2 3 4 5 6 7 8 61 | 115 116 | 119 120 121 | 117 118 | 63 64 65 66 67 68 69 70 71 72 73 | 101 102 103 | 98 99 100 | 186 187 188 189 190 191 192 193 194 195 196 197 198 199 | 129 130 | 122 36 37 38 39 40 41 | 104 105 106 107 108 109 110 111 112 113 114 |
>MST_16
 73 72 71 | 170 171 172 173 174 175 176 177 178 179 | 74 75 76 77 78 79 80 81 82 9 10 11 12 13 14 15 16 17 18 19 20 21 22 23 24 25 26 27 28 29 30 31 32 33 34 35 123 124 125 126 127 | 42 43 44 45 46 47 48 49 50 51 52 53 54 55 56 57 58 59 60 | 162 163 164 165 166 167 168 169 142 143 144 145 146 147 148 149 150 151 152 153 154 155 156 157 158 159 160 161 | 180 181 182 183 184 185 186 187 188 189 190 191 192 193 194 195 196 197 198 199 | 0 1 2 3 4 5 6 7 8 61 | 83 84 85 86 87 88 89 90 91 92 93 94 95 96 97 | 115 116 | 119 120 121 | 117 118 | 63 64 65 66 67 68 69 70 | 101 102 103 | 98 99 100 | 129 130 | 122 36 37 38 39 40 41 | 104 105 106 107 108 109 110 111 112 113 114 | 131 132 133 134 135 136 137 138 139 140 141 |
>SEQ_0
 40 41 | 74 75 | 47 48 49 | 42 43 44 | 162 163 164 165 166 167 168 | 134 135 136 | 38 39 | 177 178 179 | 173 174 | 77 78 79 80 | 13 14 15 16 17 18 19 20 | 45 46 | 51 52 | 23 24 25 | 115 116 | 175 176 | 57 58 59 | 53 54 55 56 | 27 28 29 | 119 120 121 | 180 181 182 183 184 185 | 153 154 155 156 157 158 | 117 118 | 150 151 | 91 92 93 94 95 96 97 | 36 37 | 63 64 | 101 102 103 | 65 66 67 68 69 70 71 72 73 | 194 195 196 197 198 199 | 98 99 100 | 137 132 133 | 131 170 171 172 | 141 138 139 140 | 60 61 | 186 187 | 122 123 124 125 126 127 | 128 129 | 169 142 143 144 145 146 147 | 104 191 192 193 | 190 105 106 107 108 109 110 111 112 113 114 | 8 1 2 3 4 5 | 0 9 | 22 160 10 11 12 | 188 82 83 84 85 86 87 88 89 90 | 148 31 32 33 34 |
>SEQ_1
 40 41 | 74 75 | 47 48 49 | 42 43 44 | 162 163 164 165 166 167 168 | 134 135 136 | 38 39 | 177 178 179 | 173 174 | 77 78 79 80 | 13 14 15 16 17 18 19 20 | 45 46 | 51 52 | 23 24 25 | 115 116 | 175 176 | 53 54 55 56 57 58 59 | 27 28 29 | 119 120 121 | 180 181 182 183 184 185 | 153 154 155 156 157 158 | 117 118 | 150 151 | 91 92 93 94 95 96 97 | 36 37 | 63 64 65 66 67 68 69 70 71 72 73 | 101 102 103 | 194 195 196 197 198 199 | 98 99 100 | 137 132 133 | 131 170 171 172 | 141 138 139 140 | 60 61 | 186 187 | 122 123 124 125 126 127 | 128 129 130 | 169 142 143 144 145 146 147 | 104 191 192 193 | 190 105 106 107 108 109 110 111 112 113 114 | 8 1 2 3 4 5 | 0 9 | 22 160 10 11 12 | 188 82 83 84 85 86 87 88 89 90 | 148 31 32 33 34 |
>SEQ_2
 40 41 | 74 75 76 77 78 79 80 | 47 48 49 50 | 42 43 44 | 162 163 164 165 166 167 168 | 134 135 136 | 38 39 | 173 174 | 45 46 | 51 52 53 54 55 56 57 58 59 | 115 116 | 175 176 177 178 179 | 27 28 29 | 119 120 121 | 180 181 182 183 184 185 | 153 154 155 156 157 158 | 117 118 | 150 151 | 63 64 65 66 67 68 69 70 71 72 73 | 101 102 103 | 194 195 196 197 198 199 | 98 99 100 | 104 105 106 107 108 109 110 111 112 113 114 | 21 22 23 24 25 26 | 148 149 30 31 32 33 34 | 0 1 2 3 4 5 | 6 7 | 190 191 192 193 | 137 132 133 | 82 83 84 85 86 87 88 89 90 91 92 93 94 95 96 97 | 131 170 171 172 | 141 138 139 140 | 60 61 62 | 186 187 188 189 81 | 122 123 124 125 126 127 | 128 129 130 | 169 142 143 144 145 146 147 | 35 36 37 | 161 9 10 11 12 13 14 15 16 17 18 19 20 |
>SEQ_3
 40 41 | 74 75 76 77 78 79 80 81 | 47 48 49 50 | 42 43 44 | 162 163 164 165 166 167 168 | 134 135 136 | 38 39 | 173 174 | 45 46 | 51 52 53 54 55 56 57 58 59 | 115 116 | 175 176 177 178 179 | 27 28 29 | 119 120 121 | 180 181 182 183 184 185 | 153 154 155 156 157 158 | 117 118 | 150 151 | 63 64 65 66 67 68 69 70 71 72 73 | 101 102 103 | 194 195 196 197 198 199 | 98 99 100 | 104 105 106 107 108 109 110 111 112 113 114 | 21 22 23 24 25 26 | 148 149 30 31 32 33 34 | 0 1 2 3 4 5 | 6 7 | 190 191 192 193 | 137 132 133 | 82 83 84 85 86 87 88 89 90 91 92 93 94 95 96 97 | 131 170 171 172 | 141 138 139 140 | 60 61 62 | 186 187 188 189 | 122 123 124 125 126 127 | 128 129 130 | 169 142 143 144 145 146 147 | 35 36 37 | 161 9 10 11 12 13 14 15 16 17 18 19 20 |
>SEQ_4
 74 75 76 77 78 79 80 81 | 42 43 44 45 46 47 48 49 50 51 52 53 54 55 56 57 58 59 60 83 84 85 86 87 88 89 90 91 92 93 94 95 96 97 98 99 100 101 102 103 104 105 106 107 108 109 110 111 112 113 114 115 116 117 118 119 120 121 122 36 37 38 39 40 41 | 162 163 164 165 166 167 168 169 170 171 172 173 174 175 176 177 178 179 | 142 143 144 145 146 147 148 149 150 151 152 153 154 155 156 157 158 159 160 161 21 22 23 24 25 26 27 28 29 30 31 32 33 34 35 123 124 125 126 127 128 187 188 189 190 191 192 193 194 195 196 197 198 199 | 180 181 182 183 184 185 | 0 1 2 3 4 5 6 7 | 8 61 62 63 64 65 66 67 68 69 70 71 72 73 | 186 129 130 131 132 133 134 135 136 137 138 139 140 141 | 82 9 10 11 12 13 14 15 16 17 18 19 20 |
>SEQ_5
 74 75 76 77 78 79 80 81 | 42 43 44 45 46 47 48 49 50 51 52 53 54 55 56 57 58 59 60 83 84 85 86 87 88 89 90 91 92 93 94 95 96 97 98 99 100 101 102 103 104 105 106 107 108 109 110 111 112 113 114 115 116 117 118 119 120 121 122 36 37 38 39 40 41 | 162 163 164 165 166 167 168 169 170 171 172 173 174 175 176 177 178 179 | 142 143 144 145 146 147 148 149 150 151 152 153 154 155 156 157 158 159 160 161 21 22 23 24 25 26 27 28 29 30 31 32 33 34 35 123 124 125 126 127 128 187 188 189 190 191 192 193 194 195 196 197 198 199 | 180 181 182 183 184 185 | 0 1 2 3 4 5 6 7 | 8 61 62 63 64 65 66 67 68 69 70 71 72 73 | 186 129 130 131 132 133 134 135 136 137 138 139 140 141 | 82 9 10 11 12 13 14 15 16 17 18 19 20 |
>SEQ_6
 74 75 76 77 78 79 80 81 82 9 10 11 12 13 14 15 16 17 18 19 20 21 22 23 24 25 26 27 28 29 30 31 32 33 34 35 123 124 125 126 127 128 187 188 189 190 191 192 193 194 195 196 197 198 199 | 42 43 44 45 46 47 48 49 50 51 52 53 54 55 56 57 58 59 60 83 84 85 86 87 88 89 90 91 92 93 94 95 96 97 98 99 100 101 102 103 104 105 106 107 108 109 110 111 112 113 114 115 116 117 118 119 120 121 122 36 37 38 39 40 41 | 162 163 164 165 166 167 168 169 170 171 172 173 174 175 176 177 178 179 | 142 143 144 145 146 147 148 149 150 151 152 153 154 155 156 157 158 159 160 161 | 180 181 182 183 184 185 186 129 130 131 132 133 134 135 136 137 138 139 140 141 | 0 1 2 3 4 5 6 7 8 61 62 63 64 65 66 67 68 69 70 71 72 73 |
>SEQ_7
 74 75 76 77 78 79 80 81 82 9 10 11 12 13 14 15 16 17 18 19 20 21 22 23 24 25 26 27 28 29 30 31 32 33 34 35 123 124 125 126 127 128 187 188 189 190 191 192 193 194 195 196 197 198 199 | 42 43 44 45 46 47 48 49 50 51 52 53 54 55 56 57 58 59 60 83 84 85 86 87 88 89 90 91 92 93 94 95 96 97 98 99 100 101 102 103 104 105 106 107 108 109 110 111 112 113 114 115 116 117 118 119 120 121 122 36 37 38 39 40 41 | 162 163 164 165 166 167 168 169 170 171 172 173 174 175 176 177 178 179 | 142 143 144 145 146 147 148 149 150 151 152 153 154 155 156 157 158 159 160 161 | 180 181 182 183 184 185 186 129 130 131 132 133 134 135 136 137 138 139 140 141 | 0 1 2 3 4 5 6 7 8 61 62 63 64 65 66 67 68 69 70 71 72 73 |

Output:

- Genomes "simulated_k8_l200_7" & "MST_1": The following singleton genes were ignored: 110, 111, 112, 113, 114, 115, 116, 117, 118, 119, 10, 11, 12, 13, 14, 15, 16, 17, 18, 19, 120, 0, 121, 122, 123, 124, 125, 126, 127, 128, 129, 9, 20, 21, 22, 23, 24, 25, 26, 27, 28, 29, 130, 131, 132, 133, 134, 135, 136, 137, 138, 139, 30, 31, 32, 33, 34, 35, 36, 37, 38, 39, 140, 141, 142, 143, 144, 145, 146, 147, 148, 149, 40, 41, 42, 43, 44, 45, 46, 47, 48, 49, 150, 151, 152, 153, 154, 155, 156, 157, 158, 159, 50, 51, 52, 53, 54, 55, 56, 57, 58, 59, 160, 161, 162, 163, 164, 165, 166, 167, 168, 169, 60, 170, 171, 172, 173, 174, 175, 176, 177, 178, 179, 73, 74, 75, 76, 77, 78, 79, 180, 181, 182, 183, 184, 185, 186, 187, 188, 189, 80, 81, 82, 83, 84, 85, 86, 87, 88, 89, 190, 191, 192, 193, 194, 195, 196, 197, 198, 199, 90, 91, 92, 93, 94, 95, 96, 97, 98, 99, 100, 101, 102, 103, 104, 105, 106, 107, 108, 109.
- Genomes "simulated_k8_l200_7" & "MST_2": The following singleton genes were ignored: 110, 111, 112, 113, 114, 115, 116, 117, 118, 119, 10, 11, 12, 13, 14, 15, 16, 17, 18, 19, 120, 121, 122, 2, 123, 3, 124, 4, 125, 5, 126, 127, 6, 7, 128, 129, 9, 20, 21, 22, 23, 24, 25, 26, 27, 28, 29, 130, 131, 132, 133, 134, 135, 136, 137, 138, 139, 30, 31, 32, 33, 34, 35, 36, 37, 38, 39, 140, 141, 142, 143, 144, 145, 146, 147, 148, 149, 40, 41, 42, 43, 44, 45, 46, 47, 48, 49, 150, 151, 152, 153, 154, 155, 156, 157, 158, 159, 50, 51, 52, 53, 54, 55, 56, 57, 58, 59, 160, 161, 162, 163, 164, 165, 166, 167, 168, 169, 60, 170, 171, 172, 173, 174, 175, 176, 177, 178, 179, 73, 74, 75, 76, 77, 78, 79, 180, 181, 182, 183, 184, 185, 186, 187, 188, 189, 80, 81, 82, 83, 84, 85, 86, 87, 88, 89, 190, 191, 192, 193, 194, 195, 196, 197, 198, 199, 90, 91, 92, 93, 94, 95, 96, 97, 98, 99, 100, 101, 102, 103, 104, 105, 106, 107, 108, 109.
- Genomes "simulated_k8_l200_7" & "MST_3": The following singleton genes were ignored: 110, 111, 112, 113, 114, 115, 116, 117, 118, 119, 10, 11, 12, 13, 14, 15, 16, 17, 18, 19, 120, 0, 121, 1, 122, 2, 123, 3, 124, 4, 125, 5, 126, 127, 6, 7, 128, 8, 129, 9, 20, 21, 22, 23, 24, 25, 26, 27, 28, 29, 130, 131, 132, 133, 134, 135, 136, 137, 138, 139, 30, 31, 32, 33, 34, 35, 36, 37, 38, 39, 140, 141, 142, 143, 144, 145, 146, 147, 148, 149, 40, 41, 150, 151, 152, 153, 154, 155, 156, 157, 158, 159, 160, 161, 162, 163, 164, 165, 166, 167, 168, 169, 170, 171, 172, 173, 174, 175, 176, 177, 178, 179, 73, 74, 75, 76, 77, 78, 79, 180, 181, 182, 183, 184, 185, 186, 187, 188, 189, 80, 81, 82, 83, 84, 85, 86, 87, 88, 89, 190, 191, 192, 193, 194, 195, 196, 197, 198, 199, 90, 91, 92, 93, 94, 95, 96, 97, 98, 99, 100, 101, 102, 103, 104, 105, 106, 107, 108, 109.
- Genomes "simulated_k8_l200_7" & "MST_4": The following singleton genes were ignored: 10, 11, 12, 13, 14, 15, 16, 17, 18, 19, 0, 1, 2, 123, 3, 124, 4, 125, 5, 126, 127, 6, 7, 128, 8, 129, 9, 20, 21, 22, 23, 24, 25, 26, 27, 28, 29, 130, 131, 132, 133, 134, 135, 136, 137, 138, 139, 30, 31, 32, 33, 34, 35, 140, 141, 142, 143, 144, 145, 146, 147, 148, 149, 42, 43, 44, 45, 46, 47, 48, 49, 150, 151, 152, 153, 154, 155, 156, 157, 158, 159, 50, 51, 52, 53, 54, 55, 56, 57, 58, 59, 160, 161, 162, 163, 164, 165, 166, 167, 168, 169, 170, 171, 172, 173, 174, 175, 176, 177, 178, 179, 73, 74, 75, 76, 77, 78, 79, 180, 181, 182, 183, 184, 185, 186, 187, 188, 189, 80, 81, 82, 190, 191, 192, 193, 194, 195, 196, 197, 198, 199.
- Genomes "simulated_k8_l200_7" & "MST_5": The following singleton genes were ignored: 10, 11, 12, 13, 14, 15, 16, 17, 18, 19, 0, 1, 2, 3, 4, 5, 6, 7, 8, 9, 20, 21, 22, 23, 24, 25, 26, 27, 28, 29, 137, 138, 139, 30, 31, 32, 33, 34, 35, 36, 37, 38, 39, 140, 141, 142, 143, 144, 145, 146, 147, 148, 149, 40, 41, 42, 43, 44, 45, 46, 47, 48, 49, 150, 151, 152, 153, 154, 155, 156, 157, 158, 159, 50, 51, 52, 53, 54, 55, 56, 57, 58, 59, 160, 161, 162, 163, 164, 165, 166, 167, 168, 169, 63, 64, 65, 66, 67, 68, 69, 170, 171, 172, 173, 174, 175, 176, 177, 178, 179, 70, 71, 72, 73, 74, 75, 76, 77, 78, 79, 180, 181, 182, 183, 184, 185, 186, 187, 188, 189, 80, 81, 82, 190, 191, 192, 193, 194, 195, 196, 197, 198, 199.
- Genomes "simulated_k8_l200_7" & "MST_6": The following singleton genes were ignored: 10, 11, 12, 13, 14, 15, 16, 17, 18, 19, 0, 1, 2, 3, 4, 5, 6, 7, 8, 9, 20, 21, 22, 23, 24, 25, 26, 27, 28, 29, 133, 134, 135, 136, 30, 31, 32, 33, 34, 35, 36, 37, 38, 39, 141, 142, 143, 144, 145, 146, 147, 148, 149, 40, 41, 42, 43, 44, 45, 46, 47, 48, 49, 150, 151, 152, 153, 154, 155, 156, 157, 158, 159, 50, 51, 52, 53, 54, 55, 56, 57, 58, 59, 160, 161, 162, 163, 164, 165, 166, 167, 168, 169, 63, 64, 65, 66, 67, 68, 69, 170, 171, 172, 173, 174, 175, 176, 177, 178, 179, 70, 71, 72, 73, 74, 75, 76, 77, 78, 79, 180, 181, 182, 183, 184, 185, 186, 187, 188, 189, 80, 81, 82, 190, 191, 192, 193, 194, 195, 196, 197, 198, 199.
- Genomes "simulated_k8_l200_7" & "MST_7": The following singleton genes were ignored: 10, 11, 12, 13, 14, 15, 16, 17, 18, 19, 0, 1, 2, 3, 4, 5, 6, 7, 8, 9, 20, 21, 22, 23, 24, 25, 26, 27, 28, 29, 133, 134, 135, 136, 139, 30, 31, 32, 33, 34, 35, 36, 37, 38, 39, 140, 142, 143, 144, 145, 146, 147, 148, 149, 40, 41, 42, 43, 44, 45, 46, 47, 48, 49, 150, 151, 152, 153, 154, 155, 156, 157, 158, 159, 50, 51, 52, 53, 54, 55, 56, 57, 58, 59, 160, 161, 162, 163, 164, 165, 166, 167, 168, 169, 61, 62, 63, 64, 65, 66, 67, 68, 69, 172, 173, 174, 175, 176, 177, 178, 179, 70, 71, 72, 73, 74, 75, 76, 77, 78, 79, 180, 181, 182, 183, 184, 185, 186, 187, 188, 189, 80, 81, 82, 190, 191, 192, 193, 194, 195, 196, 197, 198, 199.
- Genomes "simulated_k8_l200_7" & "MST_8": The following singleton genes were ignored: 110, 111, 112, 113, 114, 115, 116, 117, 118, 119, 11, 12, 13, 14, 15, 16, 17, 18, 19, 120, 0, 121, 1, 2, 3, 4, 5, 6, 7, 8, 9, 20, 21, 23, 24, 25, 26, 27, 28, 29, 132, 133, 134, 135, 136, 137, 138, 139, 30, 32, 33, 34, 35, 36, 37, 38, 39, 140, 141, 142, 143, 144, 145, 146, 147, 149, 40, 41, 42, 43, 44, 45, 46, 47, 48, 49, 150, 151, 152, 153, 154, 155, 156, 157, 158, 159, 50, 51, 52, 53, 54, 55, 56, 57, 58, 59, 161, 162, 163, 164, 165, 166, 167, 168, 169, 60, 61, 62, 63, 64, 65, 66, 67, 68, 69, 70, 71, 72, 73, 74, 75, 76, 77, 78, 79, 180, 181, 182, 183, 184, 185, 186, 187, 188, 189, 80, 81, 82, 83, 84, 85, 86, 87, 88, 89, 190, 191, 192, 193, 194, 195, 196, 197, 198, 199, 90, 91, 92, 93, 94, 95, 96, 97, 98, 99, 100, 101, 102, 103, 104, 105, 106, 107, 108, 109.
- Genomes "simulated_k8_l200_7" & "MST_9": The following singleton genes were ignored: 110, 111, 112, 113, 114, 115, 116, 117, 118, 119, 120, 121, 1, 122, 2, 123, 3, 124, 4, 125, 5, 126, 127, 6, 7, 8, 129, 21, 22, 26, 130, 132, 133, 134, 135, 136, 137, 138, 139, 30, 35, 36, 37, 38, 39, 140, 141, 40, 41, 42, 43, 44, 45, 46, 47, 48, 49, 50, 51, 52, 53, 54, 55, 56, 57, 58, 59, 60, 61, 62, 63, 64, 65, 66, 67, 68, 69, 171, 172, 173, 174, 175, 176, 177, 178, 179, 70, 71, 76, 186, 189, 81, 83, 84, 85, 86, 87, 88, 89, 190, 90, 91, 92, 93, 94, 95, 96, 97, 98, 99, 100, 101, 102, 103, 105, 106, 107, 108, 109.
- Genomes "simulated_k8_l200_7" & "MST_10": The following singleton genes were ignored: 110, 111, 112, 113, 114, 115, 116, 117, 118, 119, 120, 121, 122, 123, 124, 125, 126, 127, 6, 7, 8, 129, 21, 26, 130, 137, 30, 35, 141, 149, 152, 159, 50, 161, 60, 61, 62, 63, 64, 65, 66, 67, 68, 69, 70, 71, 76, 186, 189, 81, 83, 84, 85, 86, 87, 88, 89, 190, 90, 91, 92, 93, 94, 95, 96, 97, 98, 99, 100, 101, 102, 103, 105, 106, 107, 108, 109.
- Genomes "simulated_k8_l200_7" & "MST_11": The following singleton genes were ignored: 110, 111, 112, 113, 114, 115, 116, 117, 118, 119, 120, 0, 121, 122, 123, 124, 125, 126, 127, 6, 7, 8, 130, 131, 137, 141, 148, 152, 159, 50, 160, 169, 60, 61, 62, 63, 64, 65, 66, 67, 68, 69, 70, 71, 82, 83, 84, 85, 86, 87, 88, 89, 90, 91, 92, 93, 94, 95, 96, 97, 98, 99, 100, 101, 102, 103, 104, 106, 107, 108, 109.
- Genomes "simulated_k8_l200_7" & "MST_12": The following singleton genes were ignored: 110, 111, 112, 113, 114, 115, 116, 117, 118, 119, 120, 121, 122, 123, 124, 125, 126, 127, 8, 129, 130, 131, 137, 141, 152, 159, 160, 161, 60, 61, 62, 63, 64, 65, 66, 67, 68, 69, 70, 71, 186, 83, 84, 85, 86, 87, 88, 89, 90, 91, 92, 93, 94, 95, 96, 97, 98, 99, 100, 101, 102, 103, 104, 105, 106, 107, 108, 109.
- Genomes "simulated_k8_l200_7" & "MST_13": The following singleton genes were ignored: 122, 128, 8, 129, 130, 131, 152, 159, 160, 60, 61, 62, 104.
- Genomes "simulated_k8_l200_7" & "MST_14": The following singleton genes were ignored: 128, 8, 131, 61, 62, 104.
- Genomes "simulated_k8_l200_7" & "MST_15": The following singleton genes were ignored: 128, 131, 62.
- Genomes "simulated_k8_l200_7" & "MST_16": The following singleton genes were ignored: 128, 62.
- Genomes "simulated_k8_l200_7" & "SEQ_0": The following singleton genes were ignored: 6, 7, 21, 26, 130, 30, 35, 149, 152, 159, 50, 161, 62, 76, 189, 81.
- Genomes "simulated_k8_l200_7" & "SEQ_1": The following singleton genes were ignored: 6, 7, 21, 26, 30, 35, 149, 152, 159, 50, 161, 62, 76, 189, 81.
- Genomes "simulated_k8_l200_7" & "SEQ_2": The following singleton genes were ignored: 8, 152, 159, 160.
- Genomes "simulated_k8_l200_7" & "SEQ_3": The following singleton genes were ignored: 8, 152, 159, 160.
- Genomes "simulated_k8_l200_8" & "MST_1": The following singleton genes were ignored: 110, 111, 112, 113, 114, 115, 116, 117, 118, 119, 10, 11, 12, 13, 14, 15, 16, 17, 18, 19, 120, 0, 121, 122, 123, 124, 125, 126, 127, 128, 129, 9, 20, 21, 22, 23, 24, 25, 26, 27, 28, 29, 130, 131, 132, 133, 134, 135, 136, 137, 138, 139, 30, 31, 32, 33, 34, 35, 36, 37, 38, 39, 140, 141, 142, 143, 144, 145, 146, 147, 148, 149, 40, 41, 42, 43, 44, 45, 46, 47, 48, 49, 150, 151, 152, 153, 154, 155, 156, 157, 158, 159, 50, 51, 52, 53, 54, 55, 56, 57, 58, 59, 160, 161, 162, 163, 164, 165, 166, 167, 168, 169, 60, 170, 171, 172, 173, 174, 175, 176, 177, 178, 179, 73, 74, 75, 76, 77, 78, 79, 180, 181, 182, 183, 184, 185, 186, 187, 188, 189, 80, 81, 82, 83, 84, 85, 86, 87, 88, 89, 190, 191, 192, 193, 194, 195, 196, 197, 198, 199, 90, 91, 92, 93, 94, 95, 96, 97, 98, 99, 100, 101, 102, 103, 104, 105, 106, 107, 108, 109.
- Genomes "simulated_k8_l200_8" & "MST_2": The following singleton genes were ignored: 110, 111, 112, 113, 114, 115, 116, 117, 118, 119, 10, 11, 12, 13, 14, 15, 16, 17, 18, 19, 120, 121, 122, 2, 123, 3, 124, 4, 125, 5, 126, 127, 6, 7, 128, 129, 9, 20, 21, 22, 23, 24, 25, 26, 27, 28, 29, 130, 131, 132, 133, 134, 135, 136, 137, 138, 139, 30, 31, 32, 33, 34, 35, 36, 37, 38, 39, 140, 141, 142, 143, 144, 145, 146, 147, 148, 149, 40, 41, 42, 43, 44, 45, 46, 47, 48, 49, 150, 151, 152, 153, 154, 155, 156, 157, 158, 159, 50, 51, 52, 53, 54, 55, 56, 57, 58, 59, 160, 161, 162, 163, 164, 165, 166, 167, 168, 169, 60, 170, 171, 172, 173, 174, 175, 176, 177, 178, 179, 73, 74, 75, 76, 77, 78, 79, 180, 181, 182, 183, 184, 185, 186, 187, 188, 189, 80, 81, 82, 83, 84, 85, 86, 87, 88, 89, 190, 191, 192, 193, 194, 195, 196, 197, 198, 199, 90, 91, 92, 93, 94, 95, 96, 97, 98, 99, 100, 101, 102, 103, 104, 105, 106, 107, 108, 109.
- Genomes "simulated_k8_l200_8" & "MST_3": The following singleton genes were ignored: 110, 111, 112, 113, 114, 115, 116, 117, 118, 119, 10, 11, 12, 13, 14, 15, 16, 17, 18, 19, 120, 0, 121, 1, 122, 2, 123, 3, 124, 4, 125, 5, 126, 127, 6, 7, 128, 8, 129, 9, 20, 21, 22, 23, 24, 25, 26, 27, 28, 29, 130, 131, 132, 133, 134, 135, 136, 137, 138, 139, 30, 31, 32, 33, 34, 35, 36, 37, 38, 39, 140, 141, 142, 143, 144, 145, 146, 147, 148, 149, 40, 41, 150, 151, 152, 153, 154, 155, 156, 157, 158, 159, 160, 161, 162, 163, 164, 165, 166, 167, 168, 169, 170, 171, 172, 173, 174, 175, 176, 177, 178, 179, 73, 74, 75, 76, 77, 78, 79, 180, 181, 182, 183, 184, 185, 186, 187, 188, 189, 80, 81, 82, 83, 84, 85, 86, 87, 88, 89, 190, 191, 192, 193, 194, 195, 196, 197, 198, 199, 90, 91, 92, 93, 94, 95, 96, 97, 98, 99, 100, 101, 102, 103, 104, 105, 106, 107, 108, 109.
- Genomes "simulated_k8_l200_8" & "MST_4": The following singleton genes were ignored: 10, 11, 12, 13, 14, 15, 16, 17, 18, 19, 0, 1, 2, 123, 3, 124, 4, 125, 5, 126, 127, 6, 7, 128, 8, 129, 9, 20, 21, 22, 23, 24, 25, 26, 27, 28, 29, 130, 131, 132, 133, 134, 135, 136, 137, 138, 139, 30, 31, 32, 33, 34, 35, 140, 141, 142, 143, 144, 145, 146, 147, 148, 149, 42, 43, 44, 45, 46, 47, 48, 49, 150, 151, 152, 153, 154, 155, 156, 157, 158, 159, 50, 51, 52, 53, 54, 55, 56, 57, 58, 59, 160, 161, 162, 163, 164, 165, 166, 167, 168, 169, 170, 171, 172, 173, 174, 175, 176, 177, 178, 179, 73, 74, 75, 76, 77, 78, 79, 180, 181, 182, 183, 184, 185, 186, 187, 188, 189, 80, 81, 82, 190, 191, 192, 193, 194, 195, 196, 197, 198, 199.
- Genomes "simulated_k8_l200_8" & "MST_5": The following singleton genes were ignored: 10, 11, 12, 13, 14, 15, 16, 17, 18, 19, 0, 1, 2, 3, 4, 5, 6, 7, 8, 9, 20, 21, 22, 23, 24, 25, 26, 27, 28, 29, 137, 138, 139, 30, 31, 32, 33, 34, 35, 36, 37, 38, 39, 140, 141, 142, 143, 144, 145, 146, 147, 148, 149, 40, 41, 42, 43, 44, 45, 46, 47, 48, 49, 150, 151, 152, 153, 154, 155, 156, 157, 158, 159, 50, 51, 52, 53, 54, 55, 56, 57, 58, 59, 160, 161, 162, 163, 164, 165, 166, 167, 168, 169, 63, 64, 65, 66, 67, 68, 69, 170, 171, 172, 173, 174, 175, 176, 177, 178, 179, 70, 71, 72, 73, 74, 75, 76, 77, 78, 79, 180, 181, 182, 183, 184, 185, 186, 187, 188, 189, 80, 81, 82, 190, 191, 192, 193, 194, 195, 196, 197, 198, 199.
- Genomes "simulated_k8_l200_8" & "MST_6": The following singleton genes were ignored: 10, 11, 12, 13, 14, 15, 16, 17, 18, 19, 0, 1, 2, 3, 4, 5, 6, 7, 8, 9, 20, 21, 22, 23, 24, 25, 26, 27, 28, 29, 133, 134, 135, 136, 30, 31, 32, 33, 34, 35, 36, 37, 38, 39, 141, 142, 143, 144, 145, 146, 147, 148, 149, 40, 41, 42, 43, 44, 45, 46, 47, 48, 49, 150, 151, 152, 153, 154, 155, 156, 157, 158, 159, 50, 51, 52, 53, 54, 55, 56, 57, 58, 59, 160, 161, 162, 163, 164, 165, 166, 167, 168, 169, 63, 64, 65, 66, 67, 68, 69, 170, 171, 172, 173, 174, 175, 176, 177, 178, 179, 70, 71, 72, 73, 74, 75, 76, 77, 78, 79, 180, 181, 182, 183, 184, 185, 186, 187, 188, 189, 80, 81, 82, 190, 191, 192, 193, 194, 195, 196, 197, 198, 199.
- Genomes "simulated_k8_l200_8" & "MST_7": The following singleton genes were ignored: 10, 11, 12, 13, 14, 15, 16, 17, 18, 19, 0, 1, 2, 3, 4, 5, 6, 7, 8, 9, 20, 21, 22, 23, 24, 25, 26, 27, 28, 29, 133, 134, 135, 136, 139, 30, 31, 32, 33, 34, 35, 36, 37, 38, 39, 140, 142, 143, 144, 145, 146, 147, 148, 149, 40, 41, 42, 43, 44, 45, 46, 47, 48, 49, 150, 151, 152, 153, 154, 155, 156, 157, 158, 159, 50, 51, 52, 53, 54, 55, 56, 57, 58, 59, 160, 161, 162, 163, 164, 165, 166, 167, 168, 169, 61, 62, 63, 64, 65, 66, 67, 68, 69, 172, 173, 174, 175, 176, 177, 178, 179, 70, 71, 72, 73, 74, 75, 76, 77, 78, 79, 180, 181, 182, 183, 184, 185, 186, 187, 188, 189, 80, 81, 82, 190, 191, 192, 193, 194, 195, 196, 197, 198, 199.
- Genomes "simulated_k8_l200_8" & "MST_8": The following singleton genes were ignored: 110, 111, 112, 113, 114, 115, 116, 117, 118, 119, 11, 12, 13, 14, 15, 16, 17, 18, 19, 120, 0, 121, 1, 2, 3, 4, 5, 6, 7, 8, 9, 20, 21, 23, 24, 25, 26, 27, 28, 29, 132, 133, 134, 135, 136, 137, 138, 139, 30, 32, 33, 34, 35, 36, 37, 38, 39, 140, 141, 142, 143, 144, 145, 146, 147, 149, 40, 41, 42, 43, 44, 45, 46, 47, 48, 49, 150, 151, 152, 153, 154, 155, 156, 157, 158, 159, 50, 51, 52, 53, 54, 55, 56, 57, 58, 59, 161, 162, 163, 164, 165, 166, 167, 168, 169, 60, 61, 62, 63, 64, 65, 66, 67, 68, 69, 70, 71, 72, 73, 74, 75, 76, 77, 78, 79, 180, 181, 182, 183, 184, 185, 186, 187, 188, 189, 80, 81, 82, 83, 84, 85, 86, 87, 88, 89, 190, 191, 192, 193, 194, 195, 196, 197, 198, 199, 90, 91, 92, 93, 94, 95, 96, 97, 98, 99, 100, 101, 102, 103, 104, 105, 106, 107, 108, 109.
- Genomes "simulated_k8_l200_8" & "MST_9": The following singleton genes were ignored: 110, 111, 112, 113, 114, 115, 116, 117, 118, 119, 120, 121, 1, 122, 2, 123, 3, 124, 4, 125, 5, 126, 127, 6, 7, 8, 129, 21, 22, 26, 130, 132, 133, 134, 135, 136, 137, 138, 139, 30, 35, 36, 37, 38, 39, 140, 141, 40, 41, 42, 43, 44, 45, 46, 47, 48, 49, 50, 51, 52, 53, 54, 55, 56, 57, 58, 59, 60, 61, 62, 63, 64, 65, 66, 67, 68, 69, 171, 172, 173, 174, 175, 176, 177, 178, 179, 70, 71, 76, 186, 189, 81, 83, 84, 85, 86, 87, 88, 89, 190, 90, 91, 92, 93, 94, 95, 96, 97, 98, 99, 100, 101, 102, 103, 105, 106, 107, 108, 109.
- Genomes "simulated_k8_l200_8" & "MST_10": The following singleton genes were ignored: 110, 111, 112, 113, 114, 115, 116, 117, 118, 119, 120, 121, 122, 123, 124, 125, 126, 127, 6, 7, 8, 129, 21, 26, 130, 137, 30, 35, 141, 149, 152, 159, 50, 161, 60, 61, 62, 63, 64, 65, 66, 67, 68, 69, 70, 71, 76, 186, 189, 81, 83, 84, 85, 86, 87, 88, 89, 190, 90, 91, 92, 93, 94, 95, 96, 97, 98, 99, 100, 101, 102, 103, 105, 106, 107, 108, 109.
- Genomes "simulated_k8_l200_8" & "MST_11": The following singleton genes were ignored: 110, 111, 112, 113, 114, 115, 116, 117, 118, 119, 120, 0, 121, 122, 123, 124, 125, 126, 127, 6, 7, 8, 130, 131, 137, 141, 148, 152, 159, 50, 160, 169, 60, 61, 62, 63, 64, 65, 66, 67, 68, 69, 70, 71, 82, 83, 84, 85, 86, 87, 88, 89, 90, 91, 92, 93, 94, 95, 96, 97, 98, 99, 100, 101, 102, 103, 104, 106, 107, 108, 109.
- Genomes "simulated_k8_l200_8" & "MST_12": The following singleton genes were ignored: 110, 111, 112, 113, 114, 115, 116, 117, 118, 119, 120, 121, 122, 123, 124, 125, 126, 127, 8, 129, 130, 131, 137, 141, 152, 159, 160, 161, 60, 61, 62, 63, 64, 65, 66, 67, 68, 69, 70, 71, 186, 83, 84, 85, 86, 87, 88, 89, 90, 91, 92, 93, 94, 95, 96, 97, 98, 99, 100, 101, 102, 103, 104, 105, 106, 107, 108, 109.
- Genomes "simulated_k8_l200_8" & "MST_13": The following singleton genes were ignored: 122, 128, 8, 129, 130, 131, 152, 159, 160, 60, 61, 62, 104.
- Genomes "simulated_k8_l200_8" & "MST_14": The following singleton genes were ignored: 128, 8, 131, 61, 62, 104.
- Genomes "simulated_k8_l200_8" & "MST_15": The following singleton genes were ignored: 128, 131, 62.
- Genomes "simulated_k8_l200_8" & "MST_16": The following singleton genes were ignored: 128, 62.
- Genomes "simulated_k8_l200_8" & "SEQ_0": The following singleton genes were ignored: 6, 7, 21, 26, 130, 30, 35, 149, 152, 159, 50, 161, 62, 76, 189, 81.
- Genomes "simulated_k8_l200_8" & "SEQ_1": The following singleton genes were ignored: 6, 7, 21, 26, 30, 35, 149, 152, 159, 50, 161, 62, 76, 189, 81.
- Genomes "simulated_k8_l200_8" & "SEQ_2": The following singleton genes were ignored: 8, 152, 159, 160.
- Genomes "simulated_k8_l200_8" & "SEQ_3": The following singleton genes were ignored: 8, 152, 159, 160.
- Genomes "simulated_k8_l200_9" & "MST_1": The following singleton genes were ignored: 110, 111, 112, 113, 114, 115, 116, 117, 118, 119, 10, 11, 12, 13, 14, 15, 16, 17, 18, 19, 120, 0, 121, 122, 123, 124, 125, 126, 127, 128, 129, 9, 20, 21, 22, 23, 24, 25, 26, 27, 28, 29, 130, 131, 132, 133, 134, 135, 136, 137, 138, 139, 30, 31, 32, 33, 34, 35, 36, 37, 38, 39, 140, 141, 142, 143, 144, 145, 146, 147, 148, 149, 40, 41, 42, 43, 44, 45, 46, 47, 48, 49, 150, 151, 152, 153, 154, 155, 156, 157, 158, 159, 50, 51, 52, 53, 54, 55, 56, 57, 58, 59, 160, 161, 162, 163, 164, 165, 166, 167, 168, 169, 60, 170, 171, 172, 173, 174, 175, 176, 177, 178, 179, 73, 74, 75, 76, 77, 78, 79, 180, 181, 182, 183, 184, 185, 186, 187, 188, 189, 80, 81, 82, 83, 84, 85, 86, 87, 88, 89, 190, 191, 192, 193, 194, 195, 196, 197, 198, 199, 90, 91, 92, 93, 94, 95, 96, 97, 98, 99, 100, 101, 102, 103, 104, 105, 106, 107, 108, 109.
- Genomes "simulated_k8_l200_9" & "MST_2": The following singleton genes were ignored: 110, 111, 112, 113, 114, 115, 116, 117, 118, 119, 10, 11, 12, 13, 14, 15, 16, 17, 18, 19, 120, 121, 122, 2, 123, 3, 124, 4, 125, 5, 126, 6, 127, 128, 7, 129, 9, 20, 21, 22, 23, 24, 25, 26, 27, 28, 29, 130, 131, 132, 133, 134, 135, 136, 137, 138, 139, 30, 31, 32, 33, 34, 35, 36, 37, 38, 39, 140, 141, 142, 143, 144, 145, 146, 147, 148, 149, 40, 41, 42, 43, 44, 45, 46, 47, 48, 49, 150, 151, 152, 153, 154, 155, 156, 157, 158, 159, 50, 51, 52, 53, 54, 55, 56, 57, 58, 59, 160, 161, 162, 163, 164, 165, 166, 167, 168, 169, 60, 170, 171, 172, 173, 174, 175, 176, 177, 178, 179, 73, 74, 75, 76, 77, 78, 79, 180, 181, 182, 183, 184, 185, 186, 187, 188, 189, 80, 81, 82, 83, 84, 85, 86, 87, 88, 89, 190, 191, 192, 193, 194, 195, 196, 197, 198, 199, 90, 91, 92, 93, 94, 95, 96, 97, 98, 99, 100, 101, 102, 103, 104, 105, 106, 107, 108, 109.
- Genomes "simulated_k8_l200_9" & "MST_3": The following singleton genes were ignored: 110, 111, 112, 113, 114, 115, 116, 117, 118, 119, 10, 11, 12, 13, 14, 15, 16, 17, 18, 19, 120, 0, 121, 1, 122, 2, 123, 3, 124, 4, 125, 5, 126, 6, 127, 128, 7, 129, 8, 9, 20, 21, 22, 23, 24, 25, 26, 27, 28, 29, 130, 131, 132, 133, 134, 135, 136, 137, 138, 139, 30, 31, 32, 33, 34, 35, 36, 37, 38, 39, 140, 141, 142, 143, 144, 145, 146, 147, 148, 149, 40, 41, 150, 151, 152, 153, 154, 155, 156, 157, 158, 159, 160, 161, 162, 163, 164, 165, 166, 167, 168, 169, 170, 171, 172, 173, 174, 175, 176, 177, 178, 179, 73, 74, 75, 76, 77, 78, 79, 180, 181, 182, 183, 184, 185, 186, 187, 188, 189, 80, 81, 82, 83, 84, 85, 86, 87, 88, 89, 190, 191, 192, 193, 194, 195, 196, 197, 198, 199, 90, 91, 92, 93, 94, 95, 96, 97, 98, 99, 100, 101, 102, 103, 104, 105, 106, 107, 108, 109.
- Genomes "simulated_k8_l200_9" & "MST_4": The following singleton genes were ignored: 10, 11, 12, 13, 14, 15, 16, 17, 18, 19, 0, 1, 2, 123, 3, 124, 4, 125, 5, 126, 6, 127, 128, 7, 129, 8, 9, 20, 21, 22, 23, 24, 25, 26, 27, 28, 29, 130, 131, 132, 133, 134, 135, 136, 137, 138, 139, 30, 31, 32, 33, 34, 35, 140, 141, 142, 143, 144, 145, 146, 147, 148, 149, 42, 43, 44, 45, 46, 47, 48, 49, 150, 151, 152, 153, 154, 155, 156, 157, 158, 159, 50, 51, 52, 53, 54, 55, 56, 57, 58, 59, 160, 161, 162, 163, 164, 165, 166, 167, 168, 169, 170, 171, 172, 173, 174, 175, 176, 177, 178, 179, 73, 74, 75, 76, 77, 78, 79, 180, 181, 182, 183, 184, 185, 186, 187, 188, 189, 80, 81, 82, 190, 191, 192, 193, 194, 195, 196, 197, 198, 199.
- Genomes "simulated_k8_l200_9" & "MST_5": The following singleton genes were ignored: 10, 11, 12, 13, 14, 15, 16, 17, 18, 19, 0, 1, 2, 3, 4, 5, 6, 7, 8, 9, 20, 21, 22, 23, 24, 25, 26, 27, 28, 29, 137, 138, 139, 30, 31, 32, 33, 34, 35, 36, 37, 38, 39, 140, 141, 142, 143, 144, 145, 146, 147, 148, 149, 40, 41, 42, 43, 44, 45, 46, 47, 48, 49, 150, 151, 152, 153, 154, 155, 156, 157, 158, 159, 50, 51, 52, 53, 54, 55, 56, 57, 58, 59, 160, 161, 162, 163, 164, 165, 166, 167, 168, 169, 63, 64, 65, 66, 67, 68, 69, 170, 171, 172, 173, 174, 175, 176, 177, 178, 179, 70, 71, 72, 73, 74, 75, 76, 77, 78, 79, 180, 181, 182, 183, 184, 185, 186, 187, 188, 189, 80, 81, 82, 190, 191, 192, 193, 194, 195, 196, 197, 198, 199.
- Genomes "simulated_k8_l200_9" & "MST_6": The following singleton genes were ignored: 10, 11, 12, 13, 14, 15, 16, 17, 18, 19, 0, 1, 2, 3, 4, 5, 6, 7, 8, 9, 20, 21, 22, 23, 24, 25, 26, 27, 28, 29, 133, 134, 135, 136, 30, 31, 32, 33, 34, 35, 36, 37, 38, 39, 141, 142, 143, 144, 145, 146, 147, 148, 149, 40, 41, 42, 43, 44, 45, 46, 47, 48, 49, 150, 151, 152, 153, 154, 155, 156, 157, 158, 159, 50, 51, 52, 53, 54, 55, 56, 57, 58, 59, 160, 161, 162, 163, 164, 165, 166, 167, 168, 169, 63, 64, 65, 66, 67, 68, 69, 170, 171, 172, 173, 174, 175, 176, 177, 178, 179, 70, 71, 72, 73, 74, 75, 76, 77, 78, 79, 180, 181, 182, 183, 184, 185, 186, 187, 188, 189, 80, 81, 82, 190, 191, 192, 193, 194, 195, 196, 197, 198, 199.
- Genomes "simulated_k8_l200_9" & "MST_7": The following singleton genes were ignored: 10, 11, 12, 13, 14, 15, 16, 17, 18, 19, 0, 1, 2, 3, 4, 5, 6, 7, 8, 9, 20, 21, 22, 23, 24, 25, 26, 27, 28, 29, 133, 134, 135, 136, 139, 30, 31, 32, 33, 34, 35, 36, 37, 38, 39, 140, 142, 143, 144, 145, 146, 147, 148, 149, 40, 41, 42, 43, 44, 45, 46, 47, 48, 49, 150, 151, 152, 153, 154, 155, 156, 157, 158, 159, 50, 51, 52, 53, 54, 55, 56, 57, 58, 59, 160, 161, 162, 163, 164, 165, 166, 167, 168, 169, 61, 62, 63, 64, 65, 66, 67, 68, 69, 172, 173, 174, 175, 176, 177, 178, 179, 70, 71, 72, 73, 74, 75, 76, 77, 78, 79, 180, 181, 182, 183, 184, 185, 186, 187, 188, 189, 80, 81, 82, 190, 191, 192, 193, 194, 195, 196, 197, 198, 199.
- Genomes "simulated_k8_l200_9" & "MST_8": The following singleton genes were ignored: 110, 111, 112, 113, 114, 115, 116, 117, 118, 119, 11, 12, 13, 14, 15, 16, 17, 18, 19, 120, 0, 121, 1, 2, 3, 4, 5, 6, 7, 8, 9, 20, 21, 23, 24, 25, 26, 27, 28, 29, 132, 133, 134, 135, 136, 137, 138, 139, 30, 32, 33, 34, 35, 36, 37, 38, 39, 140, 141, 142, 143, 144, 145, 146, 147, 149, 40, 41, 42, 43, 44, 45, 46, 47, 48, 49, 150, 151, 152, 153, 154, 155, 156, 157, 158, 159, 50, 51, 52, 53, 54, 55, 56, 57, 58, 59, 161, 162, 163, 164, 165, 166, 167, 168, 169, 60, 61, 62, 63, 64, 65, 66, 67, 68, 69, 70, 71, 72, 73, 74, 75, 76, 77, 78, 79, 180, 181, 182, 183, 184, 185, 186, 187, 188, 189, 80, 81, 82, 83, 84, 85, 86, 87, 88, 89, 190, 191, 192, 193, 194, 195, 196, 197, 198, 199, 90, 91, 92, 93, 94, 95, 96, 97, 98, 99, 100, 101, 102, 103, 104, 105, 106, 107, 108, 109.
- Genomes "simulated_k8_l200_9" & "MST_9": The following singleton genes were ignored: 110, 111, 112, 113, 114, 115, 116, 117, 118, 119, 120, 121, 1, 122, 2, 123, 3, 124, 4, 125, 5, 126, 6, 127, 7, 129, 8, 21, 22, 26, 130, 132, 133, 134, 135, 136, 137, 138, 139, 30, 35, 36, 37, 38, 39, 140, 141, 40, 41, 42, 43, 44, 45, 46, 47, 48, 49, 50, 51, 52, 53, 54, 55, 56, 57, 58, 59, 60, 61, 62, 63, 64, 65, 66, 67, 68, 69, 171, 172, 173, 174, 175, 176, 177, 178, 179, 70, 71, 76, 186, 189, 81, 83, 84, 85, 86, 87, 88, 89, 190, 90, 91, 92, 93, 94, 95, 96, 97, 98, 99, 100, 101, 102, 103, 105, 106, 107, 108, 109.
- Genomes "simulated_k8_l200_9" & "MST_10": The following singleton genes were ignored: 110, 111, 112, 113, 114, 115, 116, 117, 118, 119, 120, 121, 122, 123, 124, 125, 126, 6, 127, 7, 129, 8, 21, 26, 130, 137, 30, 35, 141, 149, 152, 159, 50, 161, 60, 61, 62, 63, 64, 65, 66, 67, 68, 69, 70, 71, 76, 186, 189, 81, 83, 84, 85, 86, 87, 88, 89, 190, 90, 91, 92, 93, 94, 95, 96, 97, 98, 99, 100, 101, 102, 103, 105, 106, 107, 108, 109.
- Genomes "simulated_k8_l200_9" & "MST_11": The following singleton genes were ignored: 110, 111, 112, 113, 114, 115, 116, 117, 118, 119, 120, 0, 121, 122, 123, 124, 125, 126, 6, 127, 7, 8, 130, 131, 137, 141, 148, 152, 159, 50, 160, 169, 60, 61, 62, 63, 64, 65, 66, 67, 68, 69, 70, 71, 82, 83, 84, 85, 86, 87, 88, 89, 90, 91, 92, 93, 94, 95, 96, 97, 98, 99, 100, 101, 102, 103, 104, 106, 107, 108, 109.
- Genomes "simulated_k8_l200_9" & "MST_12": The following singleton genes were ignored: 110, 111, 112, 113, 114, 115, 116, 117, 118, 119, 120, 121, 122, 123, 124, 125, 126, 127, 129, 8, 130, 131, 137, 141, 152, 159, 160, 161, 60, 61, 62, 63, 64, 65, 66, 67, 68, 69, 70, 71, 186, 83, 84, 85, 86, 87, 88, 89, 90, 91, 92, 93, 94, 95, 96, 97, 98, 99, 100, 101, 102, 103, 104, 105, 106, 107, 108, 109.
- Genomes "simulated_k8_l200_9" & "MST_13": The following singleton genes were ignored: 122, 128, 129, 8, 130, 131, 152, 159, 160, 60, 61, 62, 104.
- Genomes "simulated_k8_l200_9" & "MST_14": The following singleton genes were ignored: 128, 8, 131, 61, 62, 104.
- Genomes "simulated_k8_l200_9" & "MST_15": The following singleton genes were ignored: 128, 131, 62.
- Genomes "simulated_k8_l200_9" & "MST_16": The following singleton genes were ignored: 128, 62.
- Genomes "simulated_k8_l200_9" & "SEQ_0": The following singleton genes were ignored: 6, 7, 21, 26, 130, 30, 35, 149, 152, 159, 50, 161, 62, 76, 189, 81.
- Genomes "simulated_k8_l200_9" & "SEQ_1": The following singleton genes were ignored: 6, 7, 21, 26, 30, 35, 149, 152, 159, 50, 161, 62, 76, 189, 81.
- Genomes "simulated_k8_l200_9" & "SEQ_2": The following singleton genes were ignored: 8, 152, 159, 160.
- Genomes "simulated_k8_l200_9" & "SEQ_3": The following singleton genes were ignored: 8, 152, 159, 160.
- Genomes "simulated_k8_l200_10" & "MST_1": The following singleton genes were ignored: 110, 111, 112, 113, 114, 115, 116, 117, 118, 119, 10, 11, 12, 13, 14, 15, 16, 17, 18, 19, 120, 0, 121, 122, 123, 124, 125, 126, 127, 128, 129, 9, 20, 21, 22, 23, 24, 25, 26, 27, 28, 29, 130, 131, 132, 133, 134, 135, 136, 137, 138, 139, 30, 31, 32, 33, 34, 35, 36, 37, 38, 39, 140, 141, 142, 143, 144, 145, 146, 147, 148, 149, 40, 41, 42, 43, 44, 45, 46, 47, 48, 49, 150, 151, 152, 153, 154, 155, 156, 157, 158, 159, 50, 51, 52, 53, 54, 55, 56, 57, 58, 59, 160, 161, 162, 163, 164, 165, 166, 167, 168, 169, 60, 170, 171, 172, 173, 174, 175, 176, 177, 178, 179, 73, 74, 75, 76, 77, 78, 79, 180, 181, 182, 183, 184, 185, 186, 187, 188, 189, 80, 81, 82, 83, 84, 85, 86, 87, 88, 89, 190, 191, 192, 193, 194, 195, 196, 197, 198, 199, 90, 91, 92, 93, 94, 95, 96, 97, 98, 99, 100, 101, 102, 103, 104, 105, 106, 107, 108, 109.
- Genomes "simulated_k8_l200_10" & "MST_2": The following singleton genes were ignored: 110, 111, 112, 113, 114, 115, 116, 117, 118, 119, 10, 11, 12, 13, 14, 15, 16, 17, 18, 19, 120, 121, 122, 2, 123, 3, 124, 4, 125, 5, 126, 6, 127, 128, 7, 129, 9, 20, 21, 22, 23, 24, 25, 26, 27, 28, 29, 130, 131, 132, 133, 134, 135, 136, 137, 138, 139, 30, 31, 32, 33, 34, 35, 36, 37, 38, 39, 140, 141, 142, 143, 144, 145, 146, 147, 148, 149, 40, 41, 42, 43, 44, 45, 46, 47, 48, 49, 150, 151, 152, 153, 154, 155, 156, 157, 158, 159, 50, 51, 52, 53, 54, 55, 56, 57, 58, 59, 160, 161, 162, 163, 164, 165, 166, 167, 168, 169, 60, 170, 171, 172, 173, 174, 175, 176, 177, 178, 179, 73, 74, 75, 76, 77, 78, 79, 180, 181, 182, 183, 184, 185, 186, 187, 188, 189, 80, 81, 82, 83, 84, 85, 86, 87, 88, 89, 190, 191, 192, 193, 194, 195, 196, 197, 198, 199, 90, 91, 92, 93, 94, 95, 96, 97, 98, 99, 100, 101, 102, 103, 104, 105, 106, 107, 108, 109.
- Genomes "simulated_k8_l200_10" & "MST_3": The following singleton genes were ignored: 110, 111, 112, 113, 114, 115, 116, 117, 118, 119, 10, 11, 12, 13, 14, 15, 16, 17, 18, 19, 120, 0, 121, 1, 122, 2, 123, 3, 124, 4, 125, 5, 126, 6, 127, 128, 7, 129, 8, 9, 20, 21, 22, 23, 24, 25, 26, 27, 28, 29, 130, 131, 132, 133, 134, 135, 136, 137, 138, 139, 30, 31, 32, 33, 34, 35, 36, 37, 38, 39, 140, 141, 142, 143, 144, 145, 146, 147, 148, 149, 40, 41, 150, 151, 152, 153, 154, 155, 156, 157, 158, 159, 160, 161, 162, 163, 164, 165, 166, 167, 168, 169, 170, 171, 172, 173, 174, 175, 176, 177, 178, 179, 73, 74, 75, 76, 77, 78, 79, 180, 181, 182, 183, 184, 185, 186, 187, 188, 189, 80, 81, 82, 83, 84, 85, 86, 87, 88, 89, 190, 191, 192, 193, 194, 195, 196, 197, 198, 199, 90, 91, 92, 93, 94, 95, 96, 97, 98, 99, 100, 101, 102, 103, 104, 105, 106, 107, 108, 109.
- Genomes "simulated_k8_l200_10" & "MST_4": The following singleton genes were ignored: 10, 11, 12, 13, 14, 15, 16, 17, 18, 19, 0, 1, 2, 123, 3, 124, 4, 125, 5, 126, 6, 127, 128, 7, 129, 8, 9, 20, 21, 22, 23, 24, 25, 26, 27, 28, 29, 130, 131, 132, 133, 134, 135, 136, 137, 138, 139, 30, 31, 32, 33, 34, 35, 140, 141, 142, 143, 144, 145, 146, 147, 148, 149, 42, 43, 44, 45, 46, 47, 48, 49, 150, 151, 152, 153, 154, 155, 156, 157, 158, 159, 50, 51, 52, 53, 54, 55, 56, 57, 58, 59, 160, 161, 162, 163, 164, 165, 166, 167, 168, 169, 170, 171, 172, 173, 174, 175, 176, 177, 178, 179, 73, 74, 75, 76, 77, 78, 79, 180, 181, 182, 183, 184, 185, 186, 187, 188, 189, 80, 81, 82, 190, 191, 192, 193, 194, 195, 196, 197, 198, 199.
- Genomes "simulated_k8_l200_10" & "MST_5": The following singleton genes were ignored: 10, 11, 12, 13, 14, 15, 16, 17, 18, 19, 0, 1, 2, 3, 4, 5, 6, 7, 8, 9, 20, 21, 22, 23, 24, 25, 26, 27, 28, 29, 137, 138, 139, 30, 31, 32, 33, 34, 35, 36, 37, 38, 39, 140, 141, 142, 143, 144, 145, 146, 147, 148, 149, 40, 41, 42, 43, 44, 45, 46, 47, 48, 49, 150, 151, 152, 153, 154, 155, 156, 157, 158, 159, 50, 51, 52, 53, 54, 55, 56, 57, 58, 59, 160, 161, 162, 163, 164, 165, 166, 167, 168, 169, 63, 64, 65, 66, 67, 68, 69, 170, 171, 172, 173, 174, 175, 176, 177, 178, 179, 70, 71, 72, 73, 74, 75, 76, 77, 78, 79, 180, 181, 182, 183, 184, 185, 186, 187, 188, 189, 80, 81, 82, 190, 191, 192, 193, 194, 195, 196, 197, 198, 199.
- Genomes "simulated_k8_l200_10" & "MST_6": The following singleton genes were ignored: 10, 11, 12, 13, 14, 15, 16, 17, 18, 19, 0, 1, 2, 3, 4, 5, 6, 7, 8, 9, 20, 21, 22, 23, 24, 25, 26, 27, 28, 29, 133, 134, 135, 136, 30, 31, 32, 33, 34, 35, 36, 37, 38, 39, 141, 142, 143, 144, 145, 146, 147, 148, 149, 40, 41, 42, 43, 44, 45, 46, 47, 48, 49, 150, 151, 152, 153, 154, 155, 156, 157, 158, 159, 50, 51, 52, 53, 54, 55, 56, 57, 58, 59, 160, 161, 162, 163, 164, 165, 166, 167, 168, 169, 63, 64, 65, 66, 67, 68, 69, 170, 171, 172, 173, 174, 175, 176, 177, 178, 179, 70, 71, 72, 73, 74, 75, 76, 77, 78, 79, 180, 181, 182, 183, 184, 185, 186, 187, 188, 189, 80, 81, 82, 190, 191, 192, 193, 194, 195, 196, 197, 198, 199.
- Genomes "simulated_k8_l200_10" & "MST_7": The following singleton genes were ignored: 10, 11, 12, 13, 14, 15, 16, 17, 18, 19, 0, 1, 2, 3, 4, 5, 6, 7, 8, 9, 20, 21, 22, 23, 24, 25, 26, 27, 28, 29, 133, 134, 135, 136, 139, 30, 31, 32, 33, 34, 35, 36, 37, 38, 39, 140, 142, 143, 144, 145, 146, 147, 148, 149, 40, 41, 42, 43, 44, 45, 46, 47, 48, 49, 150, 151, 152, 153, 154, 155, 156, 157, 158, 159, 50, 51, 52, 53, 54, 55, 56, 57, 58, 59, 160, 161, 162, 163, 164, 165, 166, 167, 168, 169, 61, 62, 63, 64, 65, 66, 67, 68, 69, 172, 173, 174, 175, 176, 177, 178, 179, 70, 71, 72, 73, 74, 75, 76, 77, 78, 79, 180, 181, 182, 183, 184, 185, 186, 187, 188, 189, 80, 81, 82, 190, 191, 192, 193, 194, 195, 196, 197, 198, 199.
- Genomes "simulated_k8_l200_10" & "MST_8": The following singleton genes were ignored: 110, 111, 112, 113, 114, 115, 116, 117, 118, 119, 11, 12, 13, 14, 15, 16, 17, 18, 19, 120, 0, 121, 1, 2, 3, 4, 5, 6, 7, 8, 9, 20, 21, 23, 24, 25, 26, 27, 28, 29, 132, 133, 134, 135, 136, 137, 138, 139, 30, 32, 33, 34, 35, 36, 37, 38, 39, 140, 141, 142, 143, 144, 145, 146, 147, 149, 40, 41, 42, 43, 44, 45, 46, 47, 48, 49, 150, 151, 152, 153, 154, 155, 156, 157, 158, 159, 50, 51, 52, 53, 54, 55, 56, 57, 58, 59, 161, 162, 163, 164, 165, 166, 167, 168, 169, 60, 61, 62, 63, 64, 65, 66, 67, 68, 69, 70, 71, 72, 73, 74, 75, 76, 77, 78, 79, 180, 181, 182, 183, 184, 185, 186, 187, 188, 189, 80, 81, 82, 83, 84, 85, 86, 87, 88, 89, 190, 191, 192, 193, 194, 195, 196, 197, 198, 199, 90, 91, 92, 93, 94, 95, 96, 97, 98, 99, 100, 101, 102, 103, 104, 105, 106, 107, 108, 109.
- Genomes "simulated_k8_l200_10" & "MST_9": The following singleton genes were ignored: 110, 111, 112, 113, 114, 115, 116, 117, 118, 119, 120, 121, 1, 122, 2, 123, 3, 124, 4, 125, 5, 126, 6, 127, 7, 129, 8, 21, 22, 26, 130, 132, 133, 134, 135, 136, 137, 138, 139, 30, 35, 36, 37, 38, 39, 140, 141, 40, 41, 42, 43, 44, 45, 46, 47, 48, 49, 50, 51, 52, 53, 54, 55, 56, 57, 58, 59, 60, 61, 62, 63, 64, 65, 66, 67, 68, 69, 171, 172, 173, 174, 175, 176, 177, 178, 179, 70, 71, 76, 186, 189, 81, 83, 84, 85, 86, 87, 88, 89, 190, 90, 91, 92, 93, 94, 95, 96, 97, 98, 99, 100, 101, 102, 103, 105, 106, 107, 108, 109.
- Genomes "simulated_k8_l200_10" & "MST_10": The following singleton genes were ignored: 110, 111, 112, 113, 114, 115, 116, 117, 118, 119, 120, 121, 122, 123, 124, 125, 126, 6, 127, 7, 129, 8, 21, 26, 130, 137, 30, 35, 141, 149, 152, 159, 50, 161, 60, 61, 62, 63, 64, 65, 66, 67, 68, 69, 70, 71, 76, 186, 189, 81, 83, 84, 85, 86, 87, 88, 89, 190, 90, 91, 92, 93, 94, 95, 96, 97, 98, 99, 100, 101, 102, 103, 105, 106, 107, 108, 109.
- Genomes "simulated_k8_l200_10" & "MST_11": The following singleton genes were ignored: 110, 111, 112, 113, 114, 115, 116, 117, 118, 119, 120, 0, 121, 122, 123, 124, 125, 126, 6, 127, 7, 8, 130, 131, 137, 141, 148, 152, 159, 50, 160, 169, 60, 61, 62, 63, 64, 65, 66, 67, 68, 69, 70, 71, 82, 83, 84, 85, 86, 87, 88, 89, 90, 91, 92, 93, 94, 95, 96, 97, 98, 99, 100, 101, 102, 103, 104, 106, 107, 108, 109.
- Genomes "simulated_k8_l200_10" & "MST_12": The following singleton genes were ignored: 110, 111, 112, 113, 114, 115, 116, 117, 118, 119, 120, 121, 122, 123, 124, 125, 126, 127, 129, 8, 130, 131, 137, 141, 152, 159, 160, 161, 60, 61, 62, 63, 64, 65, 66, 67, 68, 69, 70, 71, 186, 83, 84, 85, 86, 87, 88, 89, 90, 91, 92, 93, 94, 95, 96, 97, 98, 99, 100, 101, 102, 103, 104, 105, 106, 107, 108, 109.
- Genomes "simulated_k8_l200_10" & "MST_13": The following singleton genes were ignored: 122, 128, 129, 8, 130, 131, 152, 159, 160, 60, 61, 62, 104.
- Genomes "simulated_k8_l200_10" & "MST_14": The following singleton genes were ignored: 128, 8, 131, 61, 62, 104.
- Genomes "simulated_k8_l200_10" & "MST_15": The following singleton genes were ignored: 128, 131, 62.
- Genomes "simulated_k8_l200_10" & "MST_16": The following singleton genes were ignored: 128, 62.
- Genomes "simulated_k8_l200_10" & "SEQ_0": The following singleton genes were ignored: 6, 7, 21, 26, 130, 30, 35, 149, 152, 159, 50, 161, 62, 76, 189, 81.
- Genomes "simulated_k8_l200_10" & "SEQ_1": The following singleton genes were ignored: 6, 7, 21, 26, 30, 35, 149, 152, 159, 50, 161, 62, 76, 189, 81.
- Genomes "simulated_k8_l200_10" & "SEQ_2": The following singleton genes were ignored: 8, 152, 159, 160.
- Genomes "simulated_k8_l200_10" & "SEQ_3": The following singleton genes were ignored: 8, 152, 159, 160.
- Genomes "simulated_k8_l200_11" & "MST_1": The following singleton genes were ignored: 110, 111, 112, 113, 114, 115, 116, 117, 118, 119, 10, 11, 12, 13, 14, 15, 16, 17, 18, 19, 120, 0, 121, 122, 123, 124, 125, 126, 127, 128, 129, 9, 20, 21, 22, 23, 24, 25, 26, 27, 28, 29, 130, 131, 132, 133, 134, 135, 136, 137, 138, 139, 30, 31, 32, 33, 34, 35, 36, 37, 38, 39, 140, 141, 142, 143, 144, 145, 146, 147, 148, 149, 40, 41, 42, 43, 44, 45, 46, 47, 48, 49, 150, 151, 152, 153, 154, 155, 156, 157, 158, 159, 50, 51, 52, 53, 54, 55, 56, 57, 58, 59, 160, 161, 162, 163, 164, 165, 166, 167, 168, 169, 60, 170, 171, 172, 173, 174, 175, 176, 177, 178, 179, 73, 74, 75, 76, 77, 78, 79, 180, 181, 182, 183, 184, 185, 186, 187, 188, 189, 80, 81, 82, 83, 84, 85, 86, 87, 88, 89, 190, 191, 192, 193, 194, 195, 196, 197, 198, 199, 90, 91, 92, 93, 94, 95, 96, 97, 98, 99, 100, 101, 102, 103, 104, 105, 106, 107, 108, 109.
- Genomes "simulated_k8_l200_11" & "MST_2": The following singleton genes were ignored: 110, 111, 112, 113, 114, 115, 116, 117, 118, 119, 10, 11, 12, 13, 14, 15, 16, 17, 18, 19, 120, 121, 122, 2, 123, 3, 124, 4, 125, 5, 126, 127, 6, 7, 128, 129, 9, 20, 21, 22, 23, 24, 25, 26, 27, 28, 29, 130, 131, 132, 133, 134, 135, 136, 137, 138, 139, 30, 31, 32, 33, 34, 35, 36, 37, 38, 39, 140, 141, 142, 143, 144, 145, 146, 147, 148, 149, 40, 41, 42, 43, 44, 45, 46, 47, 48, 49, 150, 151, 152, 153, 154, 155, 156, 157, 158, 159, 50, 51, 52, 53, 54, 55, 56, 57, 58, 59, 160, 161, 162, 163, 164, 165, 166, 167, 168, 169, 60, 170, 171, 172, 173, 174, 175, 176, 177, 178, 179, 73, 74, 75, 76, 77, 78, 79, 180, 181, 182, 183, 184, 185, 186, 187, 188, 189, 80, 81, 82, 83, 84, 85, 86, 87, 88, 89, 190, 191, 192, 193, 194, 195, 196, 197, 198, 199, 90, 91, 92, 93, 94, 95, 96, 97, 98, 99, 100, 101, 102, 103, 104, 105, 106, 107, 108, 109.
- Genomes "simulated_k8_l200_11" & "MST_3": The following singleton genes were ignored: 110, 111, 112, 113, 114, 115, 116, 117, 118, 119, 10, 11, 12, 13, 14, 15, 16, 17, 18, 19, 120, 0, 121, 1, 122, 2, 123, 3, 124, 4, 125, 5, 126, 127, 6, 7, 128, 8, 129, 9, 20, 21, 22, 23, 24, 25, 26, 27, 28, 29, 130, 131, 132, 133, 134, 135, 136, 137, 138, 139, 30, 31, 32, 33, 34, 35, 36, 37, 38, 39, 140, 141, 142, 143, 144, 145, 146, 147, 148, 149, 40, 41, 150, 151, 152, 153, 154, 155, 156, 157, 158, 159, 160, 161, 162, 163, 164, 165, 166, 167, 168, 169, 170, 171, 172, 173, 174, 175, 176, 177, 178, 179, 73, 74, 75, 76, 77, 78, 79, 180, 181, 182, 183, 184, 185, 186, 187, 188, 189, 80, 81, 82, 83, 84, 85, 86, 87, 88, 89, 190, 191, 192, 193, 194, 195, 196, 197, 198, 199, 90, 91, 92, 93, 94, 95, 96, 97, 98, 99, 100, 101, 102, 103, 104, 105, 106, 107, 108, 109.
- Genomes "simulated_k8_l200_11" & "MST_4": The following singleton genes were ignored: 10, 11, 12, 13, 14, 15, 16, 17, 18, 19, 0, 1, 2, 123, 3, 124, 4, 125, 5, 126, 127, 6, 7, 128, 8, 129, 9, 20, 21, 22, 23, 24, 25, 26, 27, 28, 29, 130, 131, 132, 133, 134, 135, 136, 137, 138, 139, 30, 31, 32, 33, 34, 35, 140, 141, 142, 143, 144, 145, 146, 147, 148, 149, 42, 43, 44, 45, 46, 47, 48, 49, 150, 151, 152, 153, 154, 155, 156, 157, 158, 159, 50, 51, 52, 53, 54, 55, 56, 57, 58, 59, 160, 161, 162, 163, 164, 165, 166, 167, 168, 169, 170, 171, 172, 173, 174, 175, 176, 177, 178, 179, 73, 74, 75, 76, 77, 78, 79, 180, 181, 182, 183, 184, 185, 186, 187, 188, 189, 80, 81, 82, 190, 191, 192, 193, 194, 195, 196, 197, 198, 199.
- Genomes "simulated_k8_l200_11" & "MST_5": The following singleton genes were ignored: 10, 11, 12, 13, 14, 15, 16, 17, 18, 19, 0, 1, 2, 3, 4, 5, 6, 7, 8, 9, 20, 21, 22, 23, 24, 25, 26, 27, 28, 29, 137, 138, 139, 30, 31, 32, 33, 34, 35, 36, 37, 38, 39, 140, 141, 142, 143, 144, 145, 146, 147, 148, 149, 40, 41, 42, 43, 44, 45, 46, 47, 48, 49, 150, 151, 152, 153, 154, 155, 156, 157, 158, 159, 50, 51, 52, 53, 54, 55, 56, 57, 58, 59, 160, 161, 162, 163, 164, 165, 166, 167, 168, 169, 63, 64, 65, 66, 67, 68, 69, 170, 171, 172, 173, 174, 175, 176, 177, 178, 179, 70, 71, 72, 73, 74, 75, 76, 77, 78, 79, 180, 181, 182, 183, 184, 185, 186, 187, 188, 189, 80, 81, 82, 190, 191, 192, 193, 194, 195, 196, 197, 198, 199.
- Genomes "simulated_k8_l200_11" & "MST_6": The following singleton genes were ignored: 10, 11, 12, 13, 14, 15, 16, 17, 18, 19, 0, 1, 2, 3, 4, 5, 6, 7, 8, 9, 20, 21, 22, 23, 24, 25, 26, 27, 28, 29, 133, 134, 135, 136, 30, 31, 32, 33, 34, 35, 36, 37, 38, 39, 141, 142, 143, 144, 145, 146, 147, 148, 149, 40, 41, 42, 43, 44, 45, 46, 47, 48, 49, 150, 151, 152, 153, 154, 155, 156, 157, 158, 159, 50, 51, 52, 53, 54, 55, 56, 57, 58, 59, 160, 161, 162, 163, 164, 165, 166, 167, 168, 169, 63, 64, 65, 66, 67, 68, 69, 170, 171, 172, 173, 174, 175, 176, 177, 178, 179, 70, 71, 72, 73, 74, 75, 76, 77, 78, 79, 180, 181, 182, 183, 184, 185, 186, 187, 188, 189, 80, 81, 82, 190, 191, 192, 193, 194, 195, 196, 197, 198, 199.
- Genomes "simulated_k8_l200_11" & "MST_7": The following singleton genes were ignored: 10, 11, 12, 13, 14, 15, 16, 17, 18, 19, 0, 1, 2, 3, 4, 5, 6, 7, 8, 9, 20, 21, 22, 23, 24, 25, 26, 27, 28, 29, 133, 134, 135, 136, 139, 30, 31, 32, 33, 34, 35, 36, 37, 38, 39, 140, 142, 143, 144, 145, 146, 147, 148, 149, 40, 41, 42, 43, 44, 45, 46, 47, 48, 49, 150, 151, 152, 153, 154, 155, 156, 157, 158, 159, 50, 51, 52, 53, 54, 55, 56, 57, 58, 59, 160, 161, 162, 163, 164, 165, 166, 167, 168, 169, 61, 62, 63, 64, 65, 66, 67, 68, 69, 172, 173, 174, 175, 176, 177, 178, 179, 70, 71, 72, 73, 74, 75, 76, 77, 78, 79, 180, 181, 182, 183, 184, 185, 186, 187, 188, 189, 80, 81, 82, 190, 191, 192, 193, 194, 195, 196, 197, 198, 199.
- Genomes "simulated_k8_l200_11" & "MST_8": The following singleton genes were ignored: 110, 111, 112, 113, 114, 115, 116, 117, 118, 119, 11, 12, 13, 14, 15, 16, 17, 18, 19, 120, 0, 121, 1, 2, 3, 4, 5, 6, 7, 8, 9, 20, 21, 23, 24, 25, 26, 27, 28, 29, 132, 133, 134, 135, 136, 137, 138, 139, 30, 32, 33, 34, 35, 36, 37, 38, 39, 140, 141, 142, 143, 144, 145, 146, 147, 149, 40, 41, 42, 43, 44, 45, 46, 47, 48, 49, 150, 151, 152, 153, 154, 155, 156, 157, 158, 159, 50, 51, 52, 53, 54, 55, 56, 57, 58, 59, 161, 162, 163, 164, 165, 166, 167, 168, 169, 60, 61, 62, 63, 64, 65, 66, 67, 68, 69, 70, 71, 72, 73, 74, 75, 76, 77, 78, 79, 180, 181, 182, 183, 184, 185, 186, 187, 188, 189, 80, 81, 82, 83, 84, 85, 86, 87, 88, 89, 190, 191, 192, 193, 194, 195, 196, 197, 198, 199, 90, 91, 92, 93, 94, 95, 96, 97, 98, 99, 100, 101, 102, 103, 104, 105, 106, 107, 108, 109.
- Genomes "simulated_k8_l200_11" & "MST_9": The following singleton genes were ignored: 110, 111, 112, 113, 114, 115, 116, 117, 118, 119, 120, 121, 1, 122, 2, 123, 3, 124, 4, 125, 5, 126, 127, 6, 7, 8, 129, 21, 22, 26, 130, 132, 133, 134, 135, 136, 137, 138, 139, 30, 35, 36, 37, 38, 39, 140, 141, 40, 41, 42, 43, 44, 45, 46, 47, 48, 49, 50, 51, 52, 53, 54, 55, 56, 57, 58, 59, 60, 61, 62, 63, 64, 65, 66, 67, 68, 69, 171, 172, 173, 174, 175, 176, 177, 178, 179, 70, 71, 76, 186, 189, 81, 83, 84, 85, 86, 87, 88, 89, 190, 90, 91, 92, 93, 94, 95, 96, 97, 98, 99, 100, 101, 102, 103, 105, 106, 107, 108, 109.
- Genomes "simulated_k8_l200_11" & "MST_10": The following singleton genes were ignored: 110, 111, 112, 113, 114, 115, 116, 117, 118, 119, 120, 121, 122, 123, 124, 125, 126, 127, 6, 7, 8, 129, 21, 26, 130, 137, 30, 35, 141, 149, 152, 159, 50, 161, 60, 61, 62, 63, 64, 65, 66, 67, 68, 69, 70, 71, 76, 186, 189, 81, 83, 84, 85, 86, 87, 88, 89, 190, 90, 91, 92, 93, 94, 95, 96, 97, 98, 99, 100, 101, 102, 103, 105, 106, 107, 108, 109.
- Genomes "simulated_k8_l200_11" & "MST_11": The following singleton genes were ignored: 110, 111, 112, 113, 114, 115, 116, 117, 118, 119, 120, 0, 121, 122, 123, 124, 125, 126, 127, 6, 7, 8, 130, 131, 137, 141, 148, 152, 159, 50, 160, 169, 60, 61, 62, 63, 64, 65, 66, 67, 68, 69, 70, 71, 82, 83, 84, 85, 86, 87, 88, 89, 90, 91, 92, 93, 94, 95, 96, 97, 98, 99, 100, 101, 102, 103, 104, 106, 107, 108, 109.
- Genomes "simulated_k8_l200_11" & "MST_12": The following singleton genes were ignored: 110, 111, 112, 113, 114, 115, 116, 117, 118, 119, 120, 121, 122, 123, 124, 125, 126, 127, 8, 129, 130, 131, 137, 141, 152, 159, 160, 161, 60, 61, 62, 63, 64, 65, 66, 67, 68, 69, 70, 71, 186, 83, 84, 85, 86, 87, 88, 89, 90, 91, 92, 93, 94, 95, 96, 97, 98, 99, 100, 101, 102, 103, 104, 105, 106, 107, 108, 109.
- Genomes "simulated_k8_l200_11" & "MST_13": The following singleton genes were ignored: 122, 128, 8, 129, 130, 131, 152, 159, 160, 60, 61, 62, 104.
- Genomes "simulated_k8_l200_11" & "MST_14": The following singleton genes were ignored: 128, 8, 131, 61, 62, 104.
- Genomes "simulated_k8_l200_11" & "MST_15": The following singleton genes were ignored: 128, 131, 62.
- Genomes "simulated_k8_l200_11" & "MST_16": The following singleton genes were ignored: 128, 62.
- Genomes "simulated_k8_l200_11" & "SEQ_0": The following singleton genes were ignored: 6, 7, 21, 26, 130, 30, 35, 149, 152, 159, 50, 161, 62, 76, 189, 81.
- Genomes "simulated_k8_l200_11" & "SEQ_1": The following singleton genes were ignored: 6, 7, 21, 26, 30, 35, 149, 152, 159, 50, 161, 62, 76, 189, 81.
- Genomes "simulated_k8_l200_11" & "SEQ_2": The following singleton genes were ignored: 8, 152, 159, 160.
- Genomes "simulated_k8_l200_11" & "SEQ_3": The following singleton genes were ignored: 8, 152, 159, 160.
- Genomes "simulated_k8_l200_12" & "MST_1": The following singleton genes were ignored: 110, 111, 112, 113, 114, 115, 116, 117, 118, 119, 10, 11, 12, 13, 14, 15, 16, 17, 18, 19, 120, 0, 121, 122, 123, 124, 125, 126, 127, 128, 129, 9, 20, 21, 22, 23, 24, 25, 26, 27, 28, 29, 130, 131, 132, 133, 134, 135, 136, 137, 138, 139, 30, 31, 32, 33, 34, 35, 36, 37, 38, 39, 140, 141, 142, 143, 144, 145, 146, 147, 148, 149, 40, 41, 42, 43, 44, 45, 46, 47, 48, 49, 150, 151, 152, 153, 154, 155, 156, 157, 158, 159, 50, 51, 52, 53, 54, 55, 56, 57, 58, 59, 160, 161, 162, 163, 164, 165, 166, 167, 168, 169, 60, 170, 171, 172, 173, 174, 175, 176, 177, 178, 179, 73, 74, 75, 76, 77, 78, 79, 180, 181, 182, 183, 184, 185, 186, 187, 188, 189, 80, 81, 82, 83, 84, 85, 86, 87, 88, 89, 190, 191, 192, 193, 194, 195, 196, 197, 198, 199, 90, 91, 92, 93, 94, 95, 96, 97, 98, 99, 100, 101, 102, 103, 104, 105, 106, 107, 108, 109.
- Genomes "simulated_k8_l200_12" & "MST_2": The following singleton genes were ignored: 110, 111, 112, 113, 114, 115, 116, 117, 118, 119, 10, 11, 12, 13, 14, 15, 16, 17, 18, 19, 120, 121, 122, 2, 123, 3, 124, 4, 125, 5, 126, 127, 6, 7, 128, 129, 9, 20, 21, 22, 23, 24, 25, 26, 27, 28, 29, 130, 131, 132, 133, 134, 135, 136, 137, 138, 139, 30, 31, 32, 33, 34, 35, 36, 37, 38, 39, 140, 141, 142, 143, 144, 145, 146, 147, 148, 149, 40, 41, 42, 43, 44, 45, 46, 47, 48, 49, 150, 151, 152, 153, 154, 155, 156, 157, 158, 159, 50, 51, 52, 53, 54, 55, 56, 57, 58, 59, 160, 161, 162, 163, 164, 165, 166, 167, 168, 169, 60, 170, 171, 172, 173, 174, 175, 176, 177, 178, 179, 73, 74, 75, 76, 77, 78, 79, 180, 181, 182, 183, 184, 185, 186, 187, 188, 189, 80, 81, 82, 83, 84, 85, 86, 87, 88, 89, 190, 191, 192, 193, 194, 195, 196, 197, 198, 199, 90, 91, 92, 93, 94, 95, 96, 97, 98, 99, 100, 101, 102, 103, 104, 105, 106, 107, 108, 109.
- Genomes "simulated_k8_l200_12" & "MST_3": The following singleton genes were ignored: 110, 111, 112, 113, 114, 115, 116, 117, 118, 119, 10, 11, 12, 13, 14, 15, 16, 17, 18, 19, 120, 0, 121, 1, 122, 2, 123, 3, 124, 4, 125, 5, 126, 127, 6, 7, 128, 8, 129, 9, 20, 21, 22, 23, 24, 25, 26, 27, 28, 29, 130, 131, 132, 133, 134, 135, 136, 137, 138, 139, 30, 31, 32, 33, 34, 35, 36, 37, 38, 39, 140, 141, 142, 143, 144, 145, 146, 147, 148, 149, 40, 41, 150, 151, 152, 153, 154, 155, 156, 157, 158, 159, 160, 161, 162, 163, 164, 165, 166, 167, 168, 169, 170, 171, 172, 173, 174, 175, 176, 177, 178, 179, 73, 74, 75, 76, 77, 78, 79, 180, 181, 182, 183, 184, 185, 186, 187, 188, 189, 80, 81, 82, 83, 84, 85, 86, 87, 88, 89, 190, 191, 192, 193, 194, 195, 196, 197, 198, 199, 90, 91, 92, 93, 94, 95, 96, 97, 98, 99, 100, 101, 102, 103, 104, 105, 106, 107, 108, 109.
- Genomes "simulated_k8_l200_12" & "MST_4": The following singleton genes were ignored: 10, 11, 12, 13, 14, 15, 16, 17, 18, 19, 0, 1, 2, 123, 3, 124, 4, 125, 5, 126, 127, 6, 7, 128, 8, 129, 9, 20, 21, 22, 23, 24, 25, 26, 27, 28, 29, 130, 131, 132, 133, 134, 135, 136, 137, 138, 139, 30, 31, 32, 33, 34, 35, 140, 141, 142, 143, 144, 145, 146, 147, 148, 149, 42, 43, 44, 45, 46, 47, 48, 49, 150, 151, 152, 153, 154, 155, 156, 157, 158, 159, 50, 51, 52, 53, 54, 55, 56, 57, 58, 59, 160, 161, 162, 163, 164, 165, 166, 167, 168, 169, 170, 171, 172, 173, 174, 175, 176, 177, 178, 179, 73, 74, 75, 76, 77, 78, 79, 180, 181, 182, 183, 184, 185, 186, 187, 188, 189, 80, 81, 82, 190, 191, 192, 193, 194, 195, 196, 197, 198, 199.
- Genomes "simulated_k8_l200_12" & "MST_5": The following singleton genes were ignored: 10, 11, 12, 13, 14, 15, 16, 17, 18, 19, 0, 1, 2, 3, 4, 5, 6, 7, 8, 9, 20, 21, 22, 23, 24, 25, 26, 27, 28, 29, 137, 138, 139, 30, 31, 32, 33, 34, 35, 36, 37, 38, 39, 140, 141, 142, 143, 144, 145, 146, 147, 148, 149, 40, 41, 42, 43, 44, 45, 46, 47, 48, 49, 150, 151, 152, 153, 154, 155, 156, 157, 158, 159, 50, 51, 52, 53, 54, 55, 56, 57, 58, 59, 160, 161, 162, 163, 164, 165, 166, 167, 168, 169, 63, 64, 65, 66, 67, 68, 69, 170, 171, 172, 173, 174, 175, 176, 177, 178, 179, 70, 71, 72, 73, 74, 75, 76, 77, 78, 79, 180, 181, 182, 183, 184, 185, 186, 187, 188, 189, 80, 81, 82, 190, 191, 192, 193, 194, 195, 196, 197, 198, 199.
- Genomes "simulated_k8_l200_12" & "MST_6": The following singleton genes were ignored: 10, 11, 12, 13, 14, 15, 16, 17, 18, 19, 0, 1, 2, 3, 4, 5, 6, 7, 8, 9, 20, 21, 22, 23, 24, 25, 26, 27, 28, 29, 133, 134, 135, 136, 30, 31, 32, 33, 34, 35, 36, 37, 38, 39, 141, 142, 143, 144, 145, 146, 147, 148, 149, 40, 41, 42, 43, 44, 45, 46, 47, 48, 49, 150, 151, 152, 153, 154, 155, 156, 157, 158, 159, 50, 51, 52, 53, 54, 55, 56, 57, 58, 59, 160, 161, 162, 163, 164, 165, 166, 167, 168, 169, 63, 64, 65, 66, 67, 68, 69, 170, 171, 172, 173, 174, 175, 176, 177, 178, 179, 70, 71, 72, 73, 74, 75, 76, 77, 78, 79, 180, 181, 182, 183, 184, 185, 186, 187, 188, 189, 80, 81, 82, 190, 191, 192, 193, 194, 195, 196, 197, 198, 199.
- Genomes "simulated_k8_l200_12" & "MST_7": The following singleton genes were ignored: 10, 11, 12, 13, 14, 15, 16, 17, 18, 19, 0, 1, 2, 3, 4, 5, 6, 7, 8, 9, 20, 21, 22, 23, 24, 25, 26, 27, 28, 29, 133, 134, 135, 136, 139, 30, 31, 32, 33, 34, 35, 36, 37, 38, 39, 140, 142, 143, 144, 145, 146, 147, 148, 149, 40, 41, 42, 43, 44, 45, 46, 47, 48, 49, 150, 151, 152, 153, 154, 155, 156, 157, 158, 159, 50, 51, 52, 53, 54, 55, 56, 57, 58, 59, 160, 161, 162, 163, 164, 165, 166, 167, 168, 169, 61, 62, 63, 64, 65, 66, 67, 68, 69, 172, 173, 174, 175, 176, 177, 178, 179, 70, 71, 72, 73, 74, 75, 76, 77, 78, 79, 180, 181, 182, 183, 184, 185, 186, 187, 188, 189, 80, 81, 82, 190, 191, 192, 193, 194, 195, 196, 197, 198, 199.
- Genomes "simulated_k8_l200_12" & "MST_8": The following singleton genes were ignored: 110, 111, 112, 113, 114, 115, 116, 117, 118, 119, 11, 12, 13, 14, 15, 16, 17, 18, 19, 120, 0, 121, 1, 2, 3, 4, 5, 6, 7, 8, 9, 20, 21, 23, 24, 25, 26, 27, 28, 29, 132, 133, 134, 135, 136, 137, 138, 139, 30, 32, 33, 34, 35, 36, 37, 38, 39, 140, 141, 142, 143, 144, 145, 146, 147, 149, 40, 41, 42, 43, 44, 45, 46, 47, 48, 49, 150, 151, 152, 153, 154, 155, 156, 157, 158, 159, 50, 51, 52, 53, 54, 55, 56, 57, 58, 59, 161, 162, 163, 164, 165, 166, 167, 168, 169, 60, 61, 62, 63, 64, 65, 66, 67, 68, 69, 70, 71, 72, 73, 74, 75, 76, 77, 78, 79, 180, 181, 182, 183, 184, 185, 186, 187, 188, 189, 80, 81, 82, 83, 84, 85, 86, 87, 88, 89, 190, 191, 192, 193, 194, 195, 196, 197, 198, 199, 90, 91, 92, 93, 94, 95, 96, 97, 98, 99, 100, 101, 102, 103, 104, 105, 106, 107, 108, 109.
- Genomes "simulated_k8_l200_12" & "MST_9": The following singleton genes were ignored: 110, 111, 112, 113, 114, 115, 116, 117, 118, 119, 120, 121, 1, 122, 2, 123, 3, 124, 4, 125, 5, 126, 127, 6, 7, 8, 129, 21, 22, 26, 130, 132, 133, 134, 135, 136, 137, 138, 139, 30, 35, 36, 37, 38, 39, 140, 141, 40, 41, 42, 43, 44, 45, 46, 47, 48, 49, 50, 51, 52, 53, 54, 55, 56, 57, 58, 59, 60, 61, 62, 63, 64, 65, 66, 67, 68, 69, 171, 172, 173, 174, 175, 176, 177, 178, 179, 70, 71, 76, 186, 189, 81, 83, 84, 85, 86, 87, 88, 89, 190, 90, 91, 92, 93, 94, 95, 96, 97, 98, 99, 100, 101, 102, 103, 105, 106, 107, 108, 109.
- Genomes "simulated_k8_l200_12" & "MST_10": The following singleton genes were ignored: 110, 111, 112, 113, 114, 115, 116, 117, 118, 119, 120, 121, 122, 123, 124, 125, 126, 127, 6, 7, 8, 129, 21, 26, 130, 137, 30, 35, 141, 149, 152, 159, 50, 161, 60, 61, 62, 63, 64, 65, 66, 67, 68, 69, 70, 71, 76, 186, 189, 81, 83, 84, 85, 86, 87, 88, 89, 190, 90, 91, 92, 93, 94, 95, 96, 97, 98, 99, 100, 101, 102, 103, 105, 106, 107, 108, 109.
- Genomes "simulated_k8_l200_12" & "MST_11": The following singleton genes were ignored: 110, 111, 112, 113, 114, 115, 116, 117, 118, 119, 120, 0, 121, 122, 123, 124, 125, 126, 127, 6, 7, 8, 130, 131, 137, 141, 148, 152, 159, 50, 160, 169, 60, 61, 62, 63, 64, 65, 66, 67, 68, 69, 70, 71, 82, 83, 84, 85, 86, 87, 88, 89, 90, 91, 92, 93, 94, 95, 96, 97, 98, 99, 100, 101, 102, 103, 104, 106, 107, 108, 109.
- Genomes "simulated_k8_l200_12" & "MST_12": The following singleton genes were ignored: 110, 111, 112, 113, 114, 115, 116, 117, 118, 119, 120, 121, 122, 123, 124, 125, 126, 127, 8, 129, 130, 131, 137, 141, 152, 159, 160, 161, 60, 61, 62, 63, 64, 65, 66, 67, 68, 69, 70, 71, 186, 83, 84, 85, 86, 87, 88, 89, 90, 91, 92, 93, 94, 95, 96, 97, 98, 99, 100, 101, 102, 103, 104, 105, 106, 107, 108, 109.
- Genomes "simulated_k8_l200_12" & "MST_13": The following singleton genes were ignored: 122, 128, 8, 129, 130, 131, 152, 159, 160, 60, 61, 62, 104.
- Genomes "simulated_k8_l200_12" & "MST_14": The following singleton genes were ignored: 128, 8, 131, 61, 62, 104.
- Genomes "simulated_k8_l200_12" & "MST_15": The following singleton genes were ignored: 128, 131, 62.
- Genomes "simulated_k8_l200_12" & "MST_16": The following singleton genes were ignored: 128, 62.
- Genomes "simulated_k8_l200_12" & "SEQ_0": The following singleton genes were ignored: 6, 7, 21, 26, 130, 30, 35, 149, 152, 159, 50, 161, 62, 76, 189, 81.
- Genomes "simulated_k8_l200_12" & "SEQ_1": The following singleton genes were ignored: 6, 7, 21, 26, 30, 35, 149, 152, 159, 50, 161, 62, 76, 189, 81.
- Genomes "simulated_k8_l200_12" & "SEQ_2": The following singleton genes were ignored: 8, 152, 159, 160.
- Genomes "simulated_k8_l200_12" & "SEQ_3": The following singleton genes were ignored: 8, 152, 159, 160.
- Genomes "simulated_k8_l200_13" & "MST_1": The following singleton genes were ignored: 110, 111, 112, 113, 114, 115, 116, 117, 118, 119, 10, 11, 12, 13, 14, 15, 16, 17, 18, 19, 120, 0, 121, 122, 123, 124, 125, 126, 127, 128, 129, 9, 20, 21, 22, 23, 24, 25, 26, 27, 28, 29, 130, 131, 132, 133, 134, 135, 136, 137, 138, 139, 30, 31, 32, 33, 34, 35, 36, 37, 38, 39, 140, 141, 142, 143, 144, 145, 146, 147, 148, 149, 40, 41, 42, 43, 44, 45, 46, 47, 48, 49, 150, 151, 152, 153, 154, 155, 156, 157, 158, 159, 50, 51, 52, 53, 54, 55, 56, 57, 58, 59, 160, 161, 162, 163, 164, 165, 166, 167, 168, 169, 60, 170, 171, 172, 173, 174, 175, 176, 177, 178, 179, 73, 74, 75, 76, 77, 78, 79, 180, 181, 182, 183, 184, 185, 186, 187, 188, 189, 80, 81, 82, 83, 84, 85, 86, 87, 88, 89, 190, 191, 192, 193, 194, 195, 196, 197, 198, 199, 90, 91, 92, 93, 94, 95, 96, 97, 98, 99, 100, 101, 102, 103, 104, 105, 106, 107, 108, 109.
- Genomes "simulated_k8_l200_13" & "MST_2": The following singleton genes were ignored: 110, 111, 112, 113, 114, 115, 116, 117, 118, 119, 10, 11, 12, 13, 14, 15, 16, 17, 18, 19, 120, 121, 122, 123, 2, 124, 3, 125, 4, 126, 5, 127, 6, 128, 7, 129, 9, 20, 21, 22, 23, 24, 25, 26, 27, 28, 29, 130, 131, 132, 133, 134, 135, 136, 137, 138, 139, 30, 31, 32, 33, 34, 35, 36, 37, 38, 39, 140, 141, 142, 143, 144, 145, 146, 147, 148, 149, 40, 41, 42, 43, 44, 45, 46, 47, 48, 49, 150, 151, 152, 153, 154, 155, 156, 157, 158, 159, 50, 51, 52, 53, 54, 55, 56, 57, 58, 59, 160, 161, 162, 163, 164, 165, 166, 167, 168, 169, 60, 170, 171, 172, 173, 174, 175, 176, 177, 178, 179, 73, 74, 75, 76, 77, 78, 79, 180, 181, 182, 183, 184, 185, 186, 187, 188, 189, 80, 81, 82, 83, 84, 85, 86, 87, 88, 89, 190, 191, 192, 193, 194, 195, 196, 197, 198, 199, 90, 91, 92, 93, 94, 95, 96, 97, 98, 99, 100, 101, 102, 103, 104, 105, 106, 107, 108, 109.
- Genomes "simulated_k8_l200_13" & "MST_3": The following singleton genes were ignored: 110, 111, 112, 113, 114, 115, 116, 117, 118, 119, 10, 11, 12, 13, 14, 15, 16, 17, 18, 19, 120, 0, 121, 122, 1, 123, 2, 124, 3, 125, 4, 126, 5, 127, 6, 128, 7, 129, 8, 9, 20, 21, 22, 23, 24, 25, 26, 27, 28, 29, 130, 131, 132, 133, 134, 135, 136, 137, 138, 139, 30, 31, 32, 33, 34, 35, 36, 37, 38, 39, 140, 141, 142, 143, 144, 145, 146, 147, 148, 149, 40, 41, 150, 151, 152, 153, 154, 155, 156, 157, 158, 159, 160, 161, 162, 163, 164, 165, 166, 167, 168, 169, 170, 171, 172, 173, 174, 175, 176, 177, 178, 179, 73, 74, 75, 76, 77, 78, 79, 180, 181, 182, 183, 184, 185, 186, 187, 188, 189, 80, 81, 82, 83, 84, 85, 86, 87, 88, 89, 190, 191, 192, 193, 194, 195, 196, 197, 198, 199, 90, 91, 92, 93, 94, 95, 96, 97, 98, 99, 100, 101, 102, 103, 104, 105, 106, 107, 108, 109.
- Genomes "simulated_k8_l200_13" & "MST_4": The following singleton genes were ignored: 10, 11, 12, 13, 14, 15, 16, 17, 18, 19, 0, 1, 123, 2, 124, 3, 125, 4, 126, 5, 127, 6, 128, 7, 129, 8, 9, 20, 21, 22, 23, 24, 25, 26, 27, 28, 29, 130, 131, 132, 133, 134, 135, 136, 137, 138, 139, 30, 31, 32, 33, 34, 35, 140, 141, 142, 143, 144, 145, 146, 147, 148, 149, 42, 43, 44, 45, 46, 47, 48, 49, 150, 151, 152, 153, 154, 155, 156, 157, 158, 159, 50, 51, 52, 53, 54, 55, 56, 57, 58, 59, 160, 161, 162, 163, 164, 165, 166, 167, 168, 169, 170, 171, 172, 173, 174, 175, 176, 177, 178, 179, 73, 74, 75, 76, 77, 78, 79, 180, 181, 182, 183, 184, 185, 186, 187, 188, 189, 80, 81, 82, 190, 191, 192, 193, 194, 195, 196, 197, 198, 199.
- Genomes "simulated_k8_l200_13" & "MST_5": The following singleton genes were ignored: 10, 11, 12, 13, 14, 15, 16, 17, 18, 19, 0, 1, 2, 3, 4, 5, 6, 7, 8, 9, 20, 21, 22, 23, 24, 25, 26, 27, 28, 29, 137, 138, 139, 30, 31, 32, 33, 34, 35, 36, 37, 38, 39, 140, 141, 142, 143, 144, 145, 146, 147, 148, 149, 40, 41, 42, 43, 44, 45, 46, 47, 48, 49, 150, 151, 152, 153, 154, 155, 156, 157, 158, 159, 50, 51, 52, 53, 54, 55, 56, 57, 58, 59, 160, 161, 162, 163, 164, 165, 166, 167, 168, 169, 63, 64, 65, 66, 67, 68, 69, 170, 171, 172, 173, 174, 175, 176, 177, 178, 179, 70, 71, 72, 73, 74, 75, 76, 77, 78, 79, 180, 181, 182, 183, 184, 185, 186, 187, 188, 189, 80, 81, 82, 190, 191, 192, 193, 194, 195, 196, 197, 198, 199.
- Genomes "simulated_k8_l200_13" & "MST_6": The following singleton genes were ignored: 10, 11, 12, 13, 14, 15, 16, 17, 18, 19, 0, 1, 2, 3, 4, 5, 6, 7, 8, 9, 20, 21, 22, 23, 24, 25, 26, 27, 28, 29, 133, 134, 135, 136, 30, 31, 32, 33, 34, 35, 36, 37, 38, 39, 141, 142, 143, 144, 145, 146, 147, 148, 149, 40, 41, 42, 43, 44, 45, 46, 47, 48, 49, 150, 151, 152, 153, 154, 155, 156, 157, 158, 159, 50, 51, 52, 53, 54, 55, 56, 57, 58, 59, 160, 161, 162, 163, 164, 165, 166, 167, 168, 169, 63, 64, 65, 66, 67, 68, 69, 170, 171, 172, 173, 174, 175, 176, 177, 178, 179, 70, 71, 72, 73, 74, 75, 76, 77, 78, 79, 180, 181, 182, 183, 184, 185, 186, 187, 188, 189, 80, 81, 82, 190, 191, 192, 193, 194, 195, 196, 197, 198, 199.
- Genomes "simulated_k8_l200_13" & "MST_7": The following singleton genes were ignored: 10, 11, 12, 13, 14, 15, 16, 17, 18, 19, 0, 1, 2, 3, 4, 5, 6, 7, 8, 9, 20, 21, 22, 23, 24, 25, 26, 27, 28, 29, 133, 134, 135, 136, 139, 30, 31, 32, 33, 34, 35, 36, 37, 38, 39, 140, 142, 143, 144, 145, 146, 147, 148, 149, 40, 41, 42, 43, 44, 45, 46, 47, 48, 49, 150, 151, 152, 153, 154, 155, 156, 157, 158, 159, 50, 51, 52, 53, 54, 55, 56, 57, 58, 59, 160, 161, 162, 163, 164, 165, 166, 167, 168, 169, 61, 62, 63, 64, 65, 66, 67, 68, 69, 172, 173, 174, 175, 176, 177, 178, 179, 70, 71, 72, 73, 74, 75, 76, 77, 78, 79, 180, 181, 182, 183, 184, 185, 186, 187, 188, 189, 80, 81, 82, 190, 191, 192, 193, 194, 195, 196, 197, 198, 199.
- Genomes "simulated_k8_l200_13" & "MST_8": The following singleton genes were ignored: 110, 111, 112, 113, 114, 115, 116, 117, 118, 119, 11, 12, 13, 14, 15, 16, 17, 18, 19, 120, 0, 121, 1, 2, 3, 4, 5, 6, 7, 8, 9, 20, 21, 23, 24, 25, 26, 27, 28, 29, 132, 133, 134, 135, 136, 137, 138, 139, 30, 32, 33, 34, 35, 36, 37, 38, 39, 140, 141, 142, 143, 144, 145, 146, 147, 149, 40, 41, 42, 43, 44, 45, 46, 47, 48, 49, 150, 151, 152, 153, 154, 155, 156, 157, 158, 159, 50, 51, 52, 53, 54, 55, 56, 57, 58, 59, 161, 162, 163, 164, 165, 166, 167, 168, 169, 60, 61, 62, 63, 64, 65, 66, 67, 68, 69, 70, 71, 72, 73, 74, 75, 76, 77, 78, 79, 180, 181, 182, 183, 184, 185, 186, 187, 188, 189, 80, 81, 82, 83, 84, 85, 86, 87, 88, 89, 190, 191, 192, 193, 194, 195, 196, 197, 198, 199, 90, 91, 92, 93, 94, 95, 96, 97, 98, 99, 100, 101, 102, 103, 104, 105, 106, 107, 108, 109.
- Genomes "simulated_k8_l200_13" & "MST_9": The following singleton genes were ignored: 110, 111, 112, 113, 114, 115, 116, 117, 118, 119, 120, 121, 122, 1, 123, 2, 124, 3, 125, 4, 126, 5, 127, 6, 7, 129, 8, 21, 22, 26, 130, 132, 133, 134, 135, 136, 137, 138, 139, 30, 35, 36, 37, 38, 39, 140, 141, 40, 41, 42, 43, 44, 45, 46, 47, 48, 49, 50, 51, 52, 53, 54, 55, 56, 57, 58, 59, 60, 61, 62, 63, 64, 65, 66, 67, 68, 69, 171, 172, 173, 174, 175, 176, 177, 178, 179, 70, 71, 76, 186, 189, 81, 83, 84, 85, 86, 87, 88, 89, 190, 90, 91, 92, 93, 94, 95, 96, 97, 98, 99, 100, 101, 102, 103, 105, 106, 107, 108, 109.
- Genomes "simulated_k8_l200_13" & "MST_10": The following singleton genes were ignored: 110, 111, 112, 113, 114, 115, 116, 117, 118, 119, 120, 121, 122, 123, 124, 125, 126, 127, 6, 7, 129, 8, 21, 26, 130, 137, 30, 35, 141, 149, 152, 159, 50, 161, 60, 61, 62, 63, 64, 65, 66, 67, 68, 69, 70, 71, 76, 186, 189, 81, 83, 84, 85, 86, 87, 88, 89, 190, 90, 91, 92, 93, 94, 95, 96, 97, 98, 99, 100, 101, 102, 103, 105, 106, 107, 108, 109.
- Genomes "simulated_k8_l200_13" & "MST_11": The following singleton genes were ignored: 110, 111, 112, 113, 114, 115, 116, 117, 118, 119, 120, 0, 121, 122, 123, 124, 125, 126, 127, 6, 7, 8, 130, 131, 137, 141, 148, 152, 159, 50, 160, 169, 60, 61, 62, 63, 64, 65, 66, 67, 68, 69, 70, 71, 82, 83, 84, 85, 86, 87, 88, 89, 90, 91, 92, 93, 94, 95, 96, 97, 98, 99, 100, 101, 102, 103, 104, 106, 107, 108, 109.
- Genomes "simulated_k8_l200_13" & "MST_12": The following singleton genes were ignored: 110, 111, 112, 113, 114, 115, 116, 117, 118, 119, 120, 121, 122, 123, 124, 125, 126, 127, 129, 8, 130, 131, 137, 141, 152, 159, 160, 161, 60, 61, 62, 63, 64, 65, 66, 67, 68, 69, 70, 71, 186, 83, 84, 85, 86, 87, 88, 89, 90, 91, 92, 93, 94, 95, 96, 97, 98, 99, 100, 101, 102, 103, 104, 105, 106, 107, 108, 109.
- Genomes "simulated_k8_l200_13" & "MST_13": The following singleton genes were ignored: 122, 128, 129, 8, 130, 131, 152, 159, 160, 60, 61, 62, 104.
- Genomes "simulated_k8_l200_13" & "MST_14": The following singleton genes were ignored: 128, 8, 131, 61, 62, 104.
- Genomes "simulated_k8_l200_13" & "MST_15": The following singleton genes were ignored: 128, 131, 62.
- Genomes "simulated_k8_l200_13" & "MST_16": The following singleton genes were ignored: 128, 62.
- Genomes "simulated_k8_l200_13" & "SEQ_0": The following singleton genes were ignored: 6, 7, 21, 26, 130, 30, 35, 149, 152, 159, 50, 161, 62, 76, 189, 81.
- Genomes "simulated_k8_l200_13" & "SEQ_1": The following singleton genes were ignored: 6, 7, 21, 26, 30, 35, 149, 152, 159, 50, 161, 62, 76, 189, 81.
- Genomes "simulated_k8_l200_13" & "SEQ_2": The following singleton genes were ignored: 8, 152, 159, 160.
- Genomes "simulated_k8_l200_13" & "SEQ_3": The following singleton genes were ignored: 8, 152, 159, 160.
- Genomes "simulated_k8_l200_14" & "MST_1": The following singleton genes were ignored: 110, 111, 112, 113, 114, 115, 116, 117, 118, 119, 10, 11, 12, 13, 14, 15, 16, 17, 18, 19, 120, 0, 121, 122, 123, 124, 125, 126, 127, 128, 129, 9, 20, 21, 22, 23, 24, 25, 26, 27, 28, 29, 130, 131, 132, 133, 134, 135, 136, 137, 138, 139, 30, 31, 32, 33, 34, 35, 36, 37, 38, 39, 140, 141, 142, 143, 144, 145, 146, 147, 148, 149, 40, 41, 42, 43, 44, 45, 46, 47, 48, 49, 150, 151, 152, 153, 154, 155, 156, 157, 158, 159, 50, 51, 52, 53, 54, 55, 56, 57, 58, 59, 160, 161, 162, 163, 164, 165, 166, 167, 168, 169, 60, 170, 171, 172, 173, 174, 175, 176, 177, 178, 179, 73, 74, 75, 76, 77, 78, 79, 180, 181, 182, 183, 184, 185, 186, 187, 188, 189, 80, 81, 82, 83, 84, 85, 86, 87, 88, 89, 190, 191, 192, 193, 194, 195, 196, 197, 198, 199, 90, 91, 92, 93, 94, 95, 96, 97, 98, 99, 100, 101, 102, 103, 104, 105, 106, 107, 108, 109.
- Genomes "simulated_k8_l200_14" & "MST_2": The following singleton genes were ignored: 110, 111, 112, 113, 114, 115, 116, 117, 118, 119, 10, 11, 12, 13, 14, 15, 16, 17, 18, 19, 120, 121, 122, 123, 2, 124, 3, 125, 4, 126, 5, 127, 6, 128, 7, 129, 9, 20, 21, 22, 23, 24, 25, 26, 27, 28, 29, 130, 131, 132, 133, 134, 135, 136, 137, 138, 139, 30, 31, 32, 33, 34, 35, 36, 37, 38, 39, 140, 141, 142, 143, 144, 145, 146, 147, 148, 149, 40, 41, 42, 43, 44, 45, 46, 47, 48, 49, 150, 151, 152, 153, 154, 155, 156, 157, 158, 159, 50, 51, 52, 53, 54, 55, 56, 57, 58, 59, 160, 161, 162, 163, 164, 165, 166, 167, 168, 169, 60, 170, 171, 172, 173, 174, 175, 176, 177, 178, 179, 73, 74, 75, 76, 77, 78, 79, 180, 181, 182, 183, 184, 185, 186, 187, 188, 189, 80, 81, 82, 83, 84, 85, 86, 87, 88, 89, 190, 191, 192, 193, 194, 195, 196, 197, 198, 199, 90, 91, 92, 93, 94, 95, 96, 97, 98, 99, 100, 101, 102, 103, 104, 105, 106, 107, 108, 109.
- Genomes "simulated_k8_l200_14" & "MST_3": The following singleton genes were ignored: 110, 111, 112, 113, 114, 115, 116, 117, 118, 119, 10, 11, 12, 13, 14, 15, 16, 17, 18, 19, 120, 0, 121, 122, 1, 123, 2, 124, 3, 125, 4, 126, 5, 127, 6, 128, 7, 129, 8, 9, 20, 21, 22, 23, 24, 25, 26, 27, 28, 29, 130, 131, 132, 133, 134, 135, 136, 137, 138, 139, 30, 31, 32, 33, 34, 35, 36, 37, 38, 39, 140, 141, 142, 143, 144, 145, 146, 147, 148, 149, 40, 41, 150, 151, 152, 153, 154, 155, 156, 157, 158, 159, 160, 161, 162, 163, 164, 165, 166, 167, 168, 169, 170, 171, 172, 173, 174, 175, 176, 177, 178, 179, 73, 74, 75, 76, 77, 78, 79, 180, 181, 182, 183, 184, 185, 186, 187, 188, 189, 80, 81, 82, 83, 84, 85, 86, 87, 88, 89, 190, 191, 192, 193, 194, 195, 196, 197, 198, 199, 90, 91, 92, 93, 94, 95, 96, 97, 98, 99, 100, 101, 102, 103, 104, 105, 106, 107, 108, 109.
- Genomes "simulated_k8_l200_14" & "MST_4": The following singleton genes were ignored: 10, 11, 12, 13, 14, 15, 16, 17, 18, 19, 0, 1, 123, 2, 124, 3, 125, 4, 126, 5, 127, 6, 128, 7, 129, 8, 9, 20, 21, 22, 23, 24, 25, 26, 27, 28, 29, 130, 131, 132, 133, 134, 135, 136, 137, 138, 139, 30, 31, 32, 33, 34, 35, 140, 141, 142, 143, 144, 145, 146, 147, 148, 149, 42, 43, 44, 45, 46, 47, 48, 49, 150, 151, 152, 153, 154, 155, 156, 157, 158, 159, 50, 51, 52, 53, 54, 55, 56, 57, 58, 59, 160, 161, 162, 163, 164, 165, 166, 167, 168, 169, 170, 171, 172, 173, 174, 175, 176, 177, 178, 179, 73, 74, 75, 76, 77, 78, 79, 180, 181, 182, 183, 184, 185, 186, 187, 188, 189, 80, 81, 82, 190, 191, 192, 193, 194, 195, 196, 197, 198, 199.
- Genomes "simulated_k8_l200_14" & "MST_5": The following singleton genes were ignored: 10, 11, 12, 13, 14, 15, 16, 17, 18, 19, 0, 1, 2, 3, 4, 5, 6, 7, 8, 9, 20, 21, 22, 23, 24, 25, 26, 27, 28, 29, 137, 138, 139, 30, 31, 32, 33, 34, 35, 36, 37, 38, 39, 140, 141, 142, 143, 144, 145, 146, 147, 148, 149, 40, 41, 42, 43, 44, 45, 46, 47, 48, 49, 150, 151, 152, 153, 154, 155, 156, 157, 158, 159, 50, 51, 52, 53, 54, 55, 56, 57, 58, 59, 160, 161, 162, 163, 164, 165, 166, 167, 168, 169, 63, 64, 65, 66, 67, 68, 69, 170, 171, 172, 173, 174, 175, 176, 177, 178, 179, 70, 71, 72, 73, 74, 75, 76, 77, 78, 79, 180, 181, 182, 183, 184, 185, 186, 187, 188, 189, 80, 81, 82, 190, 191, 192, 193, 194, 195, 196, 197, 198, 199.
- Genomes "simulated_k8_l200_14" & "MST_6": The following singleton genes were ignored: 10, 11, 12, 13, 14, 15, 16, 17, 18, 19, 0, 1, 2, 3, 4, 5, 6, 7, 8, 9, 20, 21, 22, 23, 24, 25, 26, 27, 28, 29, 133, 134, 135, 136, 30, 31, 32, 33, 34, 35, 36, 37, 38, 39, 141, 142, 143, 144, 145, 146, 147, 148, 149, 40, 41, 42, 43, 44, 45, 46, 47, 48, 49, 150, 151, 152, 153, 154, 155, 156, 157, 158, 159, 50, 51, 52, 53, 54, 55, 56, 57, 58, 59, 160, 161, 162, 163, 164, 165, 166, 167, 168, 169, 63, 64, 65, 66, 67, 68, 69, 170, 171, 172, 173, 174, 175, 176, 177, 178, 179, 70, 71, 72, 73, 74, 75, 76, 77, 78, 79, 180, 181, 182, 183, 184, 185, 186, 187, 188, 189, 80, 81, 82, 190, 191, 192, 193, 194, 195, 196, 197, 198, 199.
- Genomes "simulated_k8_l200_14" & "MST_7": The following singleton genes were ignored: 10, 11, 12, 13, 14, 15, 16, 17, 18, 19, 0, 1, 2, 3, 4, 5, 6, 7, 8, 9, 20, 21, 22, 23, 24, 25, 26, 27, 28, 29, 133, 134, 135, 136, 139, 30, 31, 32, 33, 34, 35, 36, 37, 38, 39, 140, 142, 143, 144, 145, 146, 147, 148, 149, 40, 41, 42, 43, 44, 45, 46, 47, 48, 49, 150, 151, 152, 153, 154, 155, 156, 157, 158, 159, 50, 51, 52, 53, 54, 55, 56, 57, 58, 59, 160, 161, 162, 163, 164, 165, 166, 167, 168, 169, 61, 62, 63, 64, 65, 66, 67, 68, 69, 172, 173, 174, 175, 176, 177, 178, 179, 70, 71, 72, 73, 74, 75, 76, 77, 78, 79, 180, 181, 182, 183, 184, 185, 186, 187, 188, 189, 80, 81, 82, 190, 191, 192, 193, 194, 195, 196, 197, 198, 199.
- Genomes "simulated_k8_l200_14" & "MST_8": The following singleton genes were ignored: 110, 111, 112, 113, 114, 115, 116, 117, 118, 119, 11, 12, 13, 14, 15, 16, 17, 18, 19, 120, 0, 121, 1, 2, 3, 4, 5, 6, 7, 8, 9, 20, 21, 23, 24, 25, 26, 27, 28, 29, 132, 133, 134, 135, 136, 137, 138, 139, 30, 32, 33, 34, 35, 36, 37, 38, 39, 140, 141, 142, 143, 144, 145, 146, 147, 149, 40, 41, 42, 43, 44, 45, 46, 47, 48, 49, 150, 151, 152, 153, 154, 155, 156, 157, 158, 159, 50, 51, 52, 53, 54, 55, 56, 57, 58, 59, 161, 162, 163, 164, 165, 166, 167, 168, 169, 60, 61, 62, 63, 64, 65, 66, 67, 68, 69, 70, 71, 72, 73, 74, 75, 76, 77, 78, 79, 180, 181, 182, 183, 184, 185, 186, 187, 188, 189, 80, 81, 82, 83, 84, 85, 86, 87, 88, 89, 190, 191, 192, 193, 194, 195, 196, 197, 198, 199, 90, 91, 92, 93, 94, 95, 96, 97, 98, 99, 100, 101, 102, 103, 104, 105, 106, 107, 108, 109.
- Genomes "simulated_k8_l200_14" & "MST_9": The following singleton genes were ignored: 110, 111, 112, 113, 114, 115, 116, 117, 118, 119, 120, 121, 122, 1, 123, 2, 124, 3, 125, 4, 126, 5, 127, 6, 7, 129, 8, 21, 22, 26, 130, 132, 133, 134, 135, 136, 137, 138, 139, 30, 35, 36, 37, 38, 39, 140, 141, 40, 41, 42, 43, 44, 45, 46, 47, 48, 49, 50, 51, 52, 53, 54, 55, 56, 57, 58, 59, 60, 61, 62, 63, 64, 65, 66, 67, 68, 69, 171, 172, 173, 174, 175, 176, 177, 178, 179, 70, 71, 76, 186, 189, 81, 83, 84, 85, 86, 87, 88, 89, 190, 90, 91, 92, 93, 94, 95, 96, 97, 98, 99, 100, 101, 102, 103, 105, 106, 107, 108, 109.
- Genomes "simulated_k8_l200_14" & "MST_10": The following singleton genes were ignored: 110, 111, 112, 113, 114, 115, 116, 117, 118, 119, 120, 121, 122, 123, 124, 125, 126, 127, 6, 7, 129, 8, 21, 26, 130, 137, 30, 35, 141, 149, 152, 159, 50, 161, 60, 61, 62, 63, 64, 65, 66, 67, 68, 69, 70, 71, 76, 186, 189, 81, 83, 84, 85, 86, 87, 88, 89, 190, 90, 91, 92, 93, 94, 95, 96, 97, 98, 99, 100, 101, 102, 103, 105, 106, 107, 108, 109.
- Genomes "simulated_k8_l200_14" & "MST_11": The following singleton genes were ignored: 110, 111, 112, 113, 114, 115, 116, 117, 118, 119, 120, 0, 121, 122, 123, 124, 125, 126, 127, 6, 7, 8, 130, 131, 137, 141, 148, 152, 159, 50, 160, 169, 60, 61, 62, 63, 64, 65, 66, 67, 68, 69, 70, 71, 82, 83, 84, 85, 86, 87, 88, 89, 90, 91, 92, 93, 94, 95, 96, 97, 98, 99, 100, 101, 102, 103, 104, 106, 107, 108, 109.
- Genomes "simulated_k8_l200_14" & "MST_12": The following singleton genes were ignored: 110, 111, 112, 113, 114, 115, 116, 117, 118, 119, 120, 121, 122, 123, 124, 125, 126, 127, 129, 8, 130, 131, 137, 141, 152, 159, 160, 161, 60, 61, 62, 63, 64, 65, 66, 67, 68, 69, 70, 71, 186, 83, 84, 85, 86, 87, 88, 89, 90, 91, 92, 93, 94, 95, 96, 97, 98, 99, 100, 101, 102, 103, 104, 105, 106, 107, 108, 109.
- Genomes "simulated_k8_l200_14" & "MST_13": The following singleton genes were ignored: 122, 128, 129, 8, 130, 131, 152, 159, 160, 60, 61, 62, 104.
- Genomes "simulated_k8_l200_14" & "MST_14": The following singleton genes were ignored: 128, 8, 131, 61, 62, 104.
- Genomes "simulated_k8_l200_14" & "MST_15": The following singleton genes were ignored: 128, 131, 62.
- Genomes "simulated_k8_l200_14" & "MST_16": The following singleton genes were ignored: 128, 62.
- Genomes "simulated_k8_l200_14" & "SEQ_0": The following singleton genes were ignored: 6, 7, 21, 26, 130, 30, 35, 149, 152, 159, 50, 161, 62, 76, 189, 81.
- Genomes "simulated_k8_l200_14" & "SEQ_1": The following singleton genes were ignored: 6, 7, 21, 26, 30, 35, 149, 152, 159, 50, 161, 62, 76, 189, 81.
- Genomes "simulated_k8_l200_14" & "SEQ_2": The following singleton genes were ignored: 8, 152, 159, 160.
- Genomes "simulated_k8_l200_14" & "SEQ_3": The following singleton genes were ignored: 8, 152, 159, 160.
- Genomes "MST_1" & "MST_2": The following singleton genes were ignored: 0, 2, 3, 4, 5, 6, 7.
- Genomes "MST_1" & "MST_3": The following singleton genes were ignored: 42, 43, 44, 45, 46, 47, 48, 49, 50, 51, 52, 53, 54, 55, 56, 57, 58, 59, 60, 1, 2, 3, 4, 5, 6, 7, 8.
- Genomes "MST_1" & "MST_4": The following singleton genes were ignored: 41, 40, 39, 38, 37, 36, 122, 121, 120, 119, 118, 117, 116, 115, 114, 113, 112, 111, 110, 109, 108, 107, 106, 105, 104, 103, 102, 101, 100, 99, 98, 97, 96, 95, 94, 93, 92, 91, 90, 89, 88, 87, 86, 85, 84, 83, 60, 1, 2, 3, 4, 5, 6, 7, 8.
- Genomes "MST_1" & "MST_5": The following singleton genes were ignored: 136, 135, 134, 133, 132, 131, 130, 129, 128, 127, 126, 125, 124, 123, 122, 121, 120, 119, 118, 117, 116, 115, 114, 113, 112, 111, 110, 109, 108, 107, 106, 105, 104, 103, 102, 101, 100, 99, 98, 97, 96, 95, 94, 93, 92, 91, 90, 89, 88, 87, 86, 85, 84, 83, 60, 66, 67, 68, 69, 1, 2, 3, 4, 5, 6, 7, 8, 70, 71, 72, 63, 64, 65.
- Genomes "MST_1" & "MST_6": The following singleton genes were ignored: 140, 139, 138, 137, 132, 131, 130, 129, 128, 127, 126, 125, 124, 123, 122, 121, 120, 119, 118, 117, 116, 115, 114, 113, 112, 111, 110, 109, 108, 107, 106, 105, 104, 103, 102, 101, 100, 99, 98, 97, 96, 95, 94, 93, 92, 91, 90, 89, 88, 87, 86, 85, 84, 83, 60, 66, 67, 68, 69, 1, 2, 3, 4, 5, 6, 7, 8, 70, 71, 72, 63, 64, 65.
- Genomes "MST_1" & "MST_7": Comparison not possible, since no gene is contained in both genomes. PHYLIP distance set to 10000.
- Genomes "MST_1" & "MST_8": Comparison not possible, since no gene is contained in both genomes. PHYLIP distance set to 10000.
- Genomes "MST_1" & "MST_9": The following singleton genes were ignored: 161, 160, 159, 158, 157, 156, 155, 154, 153, 152, 151, 150, 149, 148, 147, 146, 145, 144, 143, 142, 169, 170, 131, 73, 74, 75, 162, 163, 164, 165, 166, 167, 168, 77, 78, 79, 80, 13, 14, 15, 16, 17, 18, 19, 20, 23, 24, 25, 31, 32, 33, 34, 27, 28, 29, 180, 181, 182, 183, 184, 185, 10, 11, 12, 194, 195, 196, 197, 198, 199, 128, 187, 104, 191, 192, 193, 0, 9, 82, 188, 66, 67, 68, 69, 1, 2, 3, 4, 5, 6, 7, 8, 70, 71, 61, 62, 63, 64, 65.
- Genomes "MST_1" & "MST_10": The following singleton genes were ignored: 162, 163, 164, 165, 166, 167, 168, 169, 170, 131, 73, 40, 41, 132, 133, 74, 75, 47, 48, 49, 42, 43, 44, 134, 135, 136, 38, 39, 177, 178, 179, 173, 174, 77, 78, 79, 80, 13, 14, 15, 16, 17, 18, 19, 20, 45, 46, 51, 52, 142, 143, 144, 145, 146, 147, 23, 24, 25, 138, 139, 140, 175, 176, 171, 172, 57, 58, 59, 53, 54, 55, 56, 27, 28, 29, 180, 181, 182, 183, 184, 185, 153, 154, 155, 156, 157, 158, 150, 151, 36, 37, 194, 195, 196, 197, 198, 199, 128, 187, 104, 191, 192, 193, 0, 9, 22, 160, 10, 11, 12, 82, 188, 148, 31, 32, 33, 34, 66, 67, 68, 69, 6, 7, 8, 70, 71, 61, 62, 63, 64, 65.
- Genomes "MST_1" & "MST_11": The following singleton genes were ignored: 180, 181, 182, 183, 184, 185, 186, 129, 73, 40, 41, 132, 133, 170, 171, 172, 74, 75, 76, 77, 78, 79, 80, 47, 48, 49, 42, 43, 44, 162, 163, 164, 165, 166, 167, 168, 134, 135, 136, 38, 39, 177, 178, 179, 173, 174, 45, 46, 51, 52, 142, 143, 144, 145, 146, 147, 138, 139, 140, 175, 176, 53, 54, 55, 56, 57, 58, 59, 27, 28, 29, 153, 154, 155, 156, 157, 158, 150, 151, 194, 195, 196, 197, 198, 199, 21, 22, 23, 24, 25, 26, 128, 187, 188, 189, 81, 105, 190, 191, 192, 193, 35, 36, 37, 161, 9, 10, 11, 12, 13, 14, 15, 16, 17, 18, 19, 20, 149, 30, 31, 32, 33, 34, 66, 67, 68, 69, 6, 7, 8, 70, 71, 61, 62, 63, 64, 65.
- Genomes "MST_1" & "MST_12": The following singleton genes were ignored: 199, 198, 197, 196, 195, 194, 193, 192, 191, 190, 189, 188, 187, 128, 73, 40, 41, 132, 133, 74, 75, 76, 77, 78, 79, 80, 81, 47, 48, 49, 50, 42, 43, 44, 162, 163, 164, 165, 166, 167, 168, 134, 135, 136, 38, 39, 173, 174, 45, 46, 51, 52, 53, 54, 55, 56, 57, 58, 59, 142, 143, 144, 145, 146, 147, 138, 139, 140, 175, 176, 177, 178, 179, 27, 28, 29, 180, 181, 182, 183, 184, 185, 153, 154, 155, 156, 157, 158, 150, 151, 21, 22, 23, 24, 25, 26, 148, 149, 30, 31, 32, 33, 34, 0, 82, 9, 10, 11, 12, 13, 14, 15, 16, 17, 18, 19, 20, 169, 170, 171, 172, 35, 36, 37, 66, 67, 68, 69, 8, 70, 71, 61, 62, 63, 64, 65.
- Genomes "MST_1" & "MST_13": The following singleton genes were ignored: 40, 41, 74, 75, 76, 77, 78, 79, 80, 81, 47, 48, 49, 50, 42, 43, 44, 162, 163, 164, 165, 166, 167, 168, 134, 135, 136, 137, 132, 133, 38, 39, 173, 174, 45, 46, 51, 52, 53, 54, 55, 56, 57, 58, 59, 142, 143, 144, 145, 146, 147, 138, 139, 140, 141, 175, 176, 177, 178, 179, 180, 181, 182, 183, 184, 185, 153, 154, 155, 156, 157, 158, 150, 151, 36, 37, 194, 195, 196, 197, 198, 199, 148, 149, 0, 190, 191, 192, 193, 105, 106, 107, 108, 109, 110, 111, 112, 113, 114, 83, 84, 85, 86, 87, 88, 89, 90, 115, 116, 119, 120, 121, 117, 118, 91, 92, 93, 94, 95, 96, 97, 101, 102, 103, 73, 98, 99, 100, 186, 187, 188, 189, 82, 9, 10, 11, 12, 13, 14, 15, 16, 17, 18, 19, 20, 169, 170, 171, 172, 161, 21, 22, 23, 24, 25, 26, 27, 28, 29, 30, 31, 32, 33, 34, 35, 123, 124, 125, 126, 127, 8, 61, 62.
- Genomes "MST_1" & "MST_14": The following singleton genes were ignored: 20, 19, 18, 17, 16, 15, 14, 13, 12, 11, 10, 9, 82, 83, 84, 85, 86, 87, 88, 89, 90, 132, 133, 134, 135, 136, 137, 170, 171, 172, 173, 174, 175, 176, 177, 178, 179, 74, 75, 76, 77, 78, 79, 80, 81, 42, 43, 44, 45, 46, 47, 48, 49, 50, 51, 52, 53, 54, 55, 56, 57, 58, 59, 60, 162, 163, 164, 165, 166, 167, 168, 169, 142, 143, 144, 145, 146, 147, 148, 149, 150, 151, 152, 153, 154, 155, 156, 157, 158, 159, 160, 161, 21, 22, 23, 24, 25, 26, 27, 28, 29, 30, 31, 32, 33, 34, 35, 123, 124, 125, 126, 127, 138, 139, 140, 141, 180, 181, 182, 183, 184, 185, 0, 105, 106, 107, 108, 109, 110, 111, 112, 113, 114, 115, 116, 119, 120, 121, 117, 118, 91, 92, 93, 94, 95, 96, 97, 73, 101, 102, 103, 98, 99, 100, 186, 187, 188, 189, 190, 191, 192, 193, 194, 195, 196, 197, 198, 199, 129, 130, 122, 36, 37, 38, 39, 40, 41, 8, 61, 62.
- Genomes "MST_1" & "MST_15": The following singleton genes were ignored: 74, 75, 76, 77, 78, 79, 80, 81, 82, 83, 84, 85, 86, 87, 88, 89, 90, 91, 92, 93, 94, 95, 96, 97, 132, 133, 134, 135, 136, 137, 138, 139, 140, 141, 170, 171, 172, 173, 174, 175, 176, 177, 178, 179, 42, 43, 44, 45, 46, 47, 48, 49, 50, 51, 52, 53, 54, 55, 56, 57, 58, 59, 60, 162, 163, 164, 165, 166, 167, 168, 169, 142, 143, 144, 145, 146, 147, 148, 149, 150, 151, 152, 153, 154, 155, 156, 157, 158, 159, 160, 161, 9, 10, 11, 12, 13, 14, 15, 16, 17, 18, 19, 20, 21, 22, 23, 24, 25, 26, 27, 28, 29, 30, 31, 32, 33, 34, 35, 123, 124, 125, 126, 127, 180, 181, 182, 183, 184, 185, 0, 115, 116, 119, 120, 121, 117, 118, 73, 101, 102, 103, 98, 99, 100, 186, 187, 188, 189, 190, 191, 192, 193, 194, 195, 196, 197, 198, 199, 129, 130, 122, 36, 37, 38, 39, 40, 41, 104, 105, 106, 107, 108, 109, 110, 111, 112, 113, 114, 62.
- Genomes "MST_1" & "MST_16": The following singleton genes were ignored: 73, 170, 171, 172, 173, 174, 175, 176, 177, 178, 179, 74, 75, 76, 77, 78, 79, 80, 81, 82, 9, 10, 11, 12, 13, 14, 15, 16, 17, 18, 19, 20, 21, 22, 23, 24, 25, 26, 27, 28, 29, 30, 31, 32, 33, 34, 35, 123, 124, 125, 126, 127, 42, 43, 44, 45, 46, 47, 48, 49, 50, 51, 52, 53, 54, 55, 56, 57, 58, 59, 60, 162, 163, 164, 165, 166, 167, 168, 169, 142, 143, 144, 145, 146, 147, 148, 149, 150, 151, 152, 153, 154, 155, 156, 157, 158, 159, 160, 161, 180, 181, 182, 183, 184, 185, 186, 187, 188, 189, 190, 191, 192, 193, 194, 195, 196, 197, 198, 199, 0, 83, 84, 85, 86, 87, 88, 89, 90, 91, 92, 93, 94, 95, 96, 97, 115, 116, 119, 120, 121, 117, 118, 101, 102, 103, 98, 99, 100, 129, 130, 122, 36, 37, 38, 39, 40, 41, 104, 105, 106, 107, 108, 109, 110, 111, 112, 113, 114, 131, 132, 133, 134, 135, 136, 137, 138, 139, 140, 141, 62.
- Genomes "MST_1" & "SEQ_0": The following singleton genes were ignored: 40, 41, 74, 75, 47, 48, 49, 42, 43, 44, 162, 163, 164, 165, 166, 167, 168, 134, 135, 136, 38, 39, 177, 178, 179, 173, 174, 77, 78, 79, 80, 13, 14, 15, 16, 17, 18, 19, 20, 45, 46, 51, 52, 23, 24, 25, 115, 116, 175, 176, 57, 58, 59, 53, 54, 55, 56, 27, 28, 29, 119, 120, 121, 180, 181, 182, 183, 184, 185, 153, 154, 155, 156, 157, 158, 117, 118, 150, 151, 91, 92, 93, 94, 95, 96, 97, 36, 37, 101, 102, 103, 73, 194, 195, 196, 197, 198, 199, 98, 99, 100, 137, 132, 133, 131, 170, 171, 172, 141, 138, 139, 140, 60, 186, 187, 122, 123, 124, 125, 126, 127, 128, 129, 169, 142, 143, 144, 145, 146, 147, 104, 191, 192, 193, 190, 105, 106, 107, 108, 109, 110, 111, 112, 113, 114, 0, 9, 22, 160, 10, 11, 12, 188, 82, 83, 84, 85, 86, 87, 88, 89, 90, 148, 31, 32, 33, 34, 6, 7, 62.
- Genomes "MST_1" & "SEQ_1": The following singleton genes were ignored: 40, 41, 74, 75, 47, 48, 49, 42, 43, 44, 162, 163, 164, 165, 166, 167, 168, 134, 135, 136, 38, 39, 177, 178, 179, 173, 174, 77, 78, 79, 80, 13, 14, 15, 16, 17, 18, 19, 20, 45, 46, 51, 52, 23, 24, 25, 115, 116, 175, 176, 53, 54, 55, 56, 57, 58, 59, 27, 28, 29, 119, 120, 121, 180, 181, 182, 183, 184, 185, 153, 154, 155, 156, 157, 158, 117, 118, 150, 151, 91, 92, 93, 94, 95, 96, 97, 36, 37, 73, 101, 102, 103, 194, 195, 196, 197, 198, 199, 98, 99, 100, 137, 132, 133, 131, 170, 171, 172, 141, 138, 139, 140, 60, 186, 187, 122, 123, 124, 125, 126, 127, 128, 129, 130, 169, 142, 143, 144, 145, 146, 147, 104, 191, 192, 193, 190, 105, 106, 107, 108, 109, 110, 111, 112, 113, 114, 0, 9, 22, 160, 10, 11, 12, 188, 82, 83, 84, 85, 86, 87, 88, 89, 90, 148, 31, 32, 33, 34, 6, 7, 62.
- Genomes "MST_1" & "SEQ_2": The following singleton genes were ignored: 40, 41, 74, 75, 76, 77, 78, 79, 80, 47, 48, 49, 50, 42, 43, 44, 162, 163, 164, 165, 166, 167, 168, 134, 135, 136, 38, 39, 173, 174, 45, 46, 51, 52, 53, 54, 55, 56, 57, 58, 59, 115, 116, 175, 176, 177, 178, 179, 27, 28, 29, 119, 120, 121, 180, 181, 182, 183, 184, 185, 153, 154, 155, 156, 157, 158, 117, 118, 150, 151, 73, 101, 102, 103, 194, 195, 196, 197, 198, 199, 98, 99, 100, 104, 105, 106, 107, 108, 109, 110, 111, 112, 113, 114, 21, 22, 23, 24, 25, 26, 148, 149, 30, 31, 32, 33, 34, 0, 190, 191, 192, 193, 137, 132, 133, 82, 83, 84, 85, 86, 87, 88, 89, 90, 91, 92, 93, 94, 95, 96, 97, 131, 170, 171, 172, 141, 138, 139, 140, 60, 186, 187, 188, 189, 81, 122, 123, 124, 125, 126, 127, 128, 129, 130, 169, 142, 143, 144, 145, 146, 147, 35, 36, 37, 161, 9, 10, 11, 12, 13, 14, 15, 16, 17, 18, 19, 20, 8.
- Genomes "MST_1" & "SEQ_3": The following singleton genes were ignored: 40, 41, 74, 75, 76, 77, 78, 79, 80, 81, 47, 48, 49, 50, 42, 43, 44, 162, 163, 164, 165, 166, 167, 168, 134, 135, 136, 38, 39, 173, 174, 45, 46, 51, 52, 53, 54, 55, 56, 57, 58, 59, 115, 116, 175, 176, 177, 178, 179, 27, 28, 29, 119, 120, 121, 180, 181, 182, 183, 184, 185, 153, 154, 155, 156, 157, 158, 117, 118, 150, 151, 73, 101, 102, 103, 194, 195, 196, 197, 198, 199, 98, 99, 100, 104, 105, 106, 107, 108, 109, 110, 111, 112, 113, 114, 21, 22, 23, 24, 25, 26, 148, 149, 30, 31, 32, 33, 34, 0, 190, 191, 192, 193, 137, 132, 133, 82, 83, 84, 85, 86, 87, 88, 89, 90, 91, 92, 93, 94, 95, 96, 97, 131, 170, 171, 172, 141, 138, 139, 140, 60, 186, 187, 188, 189, 122, 123, 124, 125, 126, 127, 128, 129, 130, 169, 142, 143, 144, 145, 146, 147, 35, 36, 37, 161, 9, 10, 11, 12, 13, 14, 15, 16, 17, 18, 19, 20, 8.
- Genomes "MST_1" & "SEQ_4": The following singleton genes were ignored: 74, 75, 76, 77, 78, 79, 80, 81, 42, 43, 44, 45, 46, 47, 48, 49, 50, 51, 52, 53, 54, 55, 56, 57, 58, 59, 60, 83, 84, 85, 86, 87, 88, 89, 90, 91, 92, 93, 94, 95, 96, 97, 98, 99, 100, 101, 102, 103, 104, 105, 106, 107, 108, 109, 110, 111, 112, 113, 114, 115, 116, 117, 118, 119, 120, 121, 122, 36, 37, 38, 39, 40, 41, 162, 163, 164, 165, 166, 167, 168, 169, 170, 171, 172, 173, 174, 175, 176, 177, 178, 179, 142, 143, 144, 145, 146, 147, 148, 149, 150, 151, 152, 153, 154, 155, 156, 157, 158, 159, 160, 161, 21, 22, 23, 24, 25, 26, 27, 28, 29, 30, 31, 32, 33, 34, 35, 123, 124, 125, 126, 127, 128, 187, 188, 189, 190, 191, 192, 193, 194, 195, 196, 197, 198, 199, 180, 181, 182, 183, 184, 185, 0, 73, 186, 129, 130, 131, 132, 133, 134, 135, 136, 137, 138, 139, 140, 141, 82, 9, 10, 11, 12, 13, 14, 15, 16, 17, 18, 19, 20.
- Genomes "MST_1" & "SEQ_5": The following singleton genes were ignored: 74, 75, 76, 77, 78, 79, 80, 81, 42, 43, 44, 45, 46, 47, 48, 49, 50, 51, 52, 53, 54, 55, 56, 57, 58, 59, 60, 83, 84, 85, 86, 87, 88, 89, 90, 91, 92, 93, 94, 95, 96, 97, 98, 99, 100, 101, 102, 103, 104, 105, 106, 107, 108, 109, 110, 111, 112, 113, 114, 115, 116, 117, 118, 119, 120, 121, 122, 36, 37, 38, 39, 40, 41, 162, 163, 164, 165, 166, 167, 168, 169, 170, 171, 172, 173, 174, 175, 176, 177, 178, 179, 142, 143, 144, 145, 146, 147, 148, 149, 150, 151, 152, 153, 154, 155, 156, 157, 158, 159, 160, 161, 21, 22, 23, 24, 25, 26, 27, 28, 29, 30, 31, 32, 33, 34, 35, 123, 124, 125, 126, 127, 128, 187, 188, 189, 190, 191, 192, 193, 194, 195, 196, 197, 198, 199, 180, 181, 182, 183, 184, 185, 0, 73, 186, 129, 130, 131, 132, 133, 134, 135, 136, 137, 138, 139, 140, 141, 82, 9, 10, 11, 12, 13, 14, 15, 16, 17, 18, 19, 20.
- Genomes "MST_1" & "SEQ_6": The following singleton genes were ignored: 74, 75, 76, 77, 78, 79, 80, 81, 82, 9, 10, 11, 12, 13, 14, 15, 16, 17, 18, 19, 20, 21, 22, 23, 24, 25, 26, 27, 28, 29, 30, 31, 32, 33, 34, 35, 123, 124, 125, 126, 127, 128, 187, 188, 189, 190, 191, 192, 193, 194, 195, 196, 197, 198, 199, 42, 43, 44, 45, 46, 47, 48, 49, 50, 51, 52, 53, 54, 55, 56, 57, 58, 59, 60, 83, 84, 85, 86, 87, 88, 89, 90, 91, 92, 93, 94, 95, 96, 97, 98, 99, 100, 101, 102, 103, 104, 105, 106, 107, 108, 109, 110, 111, 112, 113, 114, 115, 116, 117, 118, 119, 120, 121, 122, 36, 37, 38, 39, 40, 41, 162, 163, 164, 165, 166, 167, 168, 169, 170, 171, 172, 173, 174, 175, 176, 177, 178, 179, 142, 143, 144, 145, 146, 147, 148, 149, 150, 151, 152, 153, 154, 155, 156, 157, 158, 159, 160, 161, 180, 181, 182, 183, 184, 185, 186, 129, 130, 131, 132, 133, 134, 135, 136, 137, 138, 139, 140, 141, 0, 73.
- Genomes "MST_1" & "SEQ_7": The following singleton genes were ignored: 74, 75, 76, 77, 78, 79, 80, 81, 82, 9, 10, 11, 12, 13, 14, 15, 16, 17, 18, 19, 20, 21, 22, 23, 24, 25, 26, 27, 28, 29, 30, 31, 32, 33, 34, 35, 123, 124, 125, 126, 127, 128, 187, 188, 189, 190, 191, 192, 193, 194, 195, 196, 197, 198, 199, 42, 43, 44, 45, 46, 47, 48, 49, 50, 51, 52, 53, 54, 55, 56, 57, 58, 59, 60, 83, 84, 85, 86, 87, 88, 89, 90, 91, 92, 93, 94, 95, 96, 97, 98, 99, 100, 101, 102, 103, 104, 105, 106, 107, 108, 109, 110, 111, 112, 113, 114, 115, 116, 117, 118, 119, 120, 121, 122, 36, 37, 38, 39, 40, 41, 162, 163, 164, 165, 166, 167, 168, 169, 170, 171, 172, 173, 174, 175, 176, 177, 178, 179, 142, 143, 144, 145, 146, 147, 148, 149, 150, 151, 152, 153, 154, 155, 156, 157, 158, 159, 160, 161, 180, 181, 182, 183, 184, 185, 186, 129, 130, 131, 132, 133, 134, 135, 136, 137, 138, 139, 140, 141, 0, 73.
- Genomes "MST_2" & "MST_3": The following singleton genes were ignored: 42, 43, 44, 45, 46, 47, 48, 49, 50, 51, 52, 53, 54, 55, 56, 57, 58, 59, 60, 0, 1, 8.
- Genomes "MST_2" & "MST_4": The following singleton genes were ignored: 41, 40, 39, 38, 37, 36, 122, 121, 120, 119, 118, 117, 116, 115, 114, 113, 112, 111, 110, 109, 108, 107, 106, 105, 104, 103, 102, 101, 100, 99, 98, 97, 96, 95, 94, 93, 92, 91, 90, 89, 88, 87, 86, 85, 84, 83, 60, 0, 1, 8.
- Genomes "MST_2" & "MST_5": The following singleton genes were ignored: 136, 135, 134, 133, 132, 131, 130, 129, 128, 127, 126, 125, 124, 123, 122, 121, 120, 119, 118, 117, 116, 115, 114, 113, 112, 111, 110, 109, 108, 107, 106, 105, 104, 103, 102, 101, 100, 99, 98, 97, 96, 95, 94, 93, 92, 91, 90, 89, 88, 87, 86, 85, 84, 83, 60, 66, 67, 68, 69, 0, 1, 8, 70, 71, 72, 63, 64, 65.
- Genomes "MST_2" & "MST_6": The following singleton genes were ignored: 140, 139, 138, 137, 132, 131, 130, 129, 128, 127, 126, 125, 124, 123, 122, 121, 120, 119, 118, 117, 116, 115, 114, 113, 112, 111, 110, 109, 108, 107, 106, 105, 104, 103, 102, 101, 100, 99, 98, 97, 96, 95, 94, 93, 92, 91, 90, 89, 88, 87, 86, 85, 84, 83, 60, 66, 67, 68, 69, 0, 1, 8, 70, 71, 72, 63, 64, 65.
- Genomes "MST_2" & "MST_7": Comparison not possible, since no gene is contained in both genomes. PHYLIP distance set to 10000.
- Genomes "MST_2" & "MST_8": Comparison not possible, since no gene is contained in both genomes. PHYLIP distance set to 10000.
- Genomes "MST_2" & "MST_9": The following singleton genes were ignored: 161, 160, 159, 158, 157, 156, 155, 154, 153, 152, 151, 150, 149, 148, 147, 146, 145, 144, 143, 142, 169, 170, 131, 73, 74, 75, 162, 163, 164, 165, 166, 167, 168, 77, 78, 79, 80, 13, 14, 15, 16, 17, 18, 19, 20, 23, 24, 25, 31, 32, 33, 34, 27, 28, 29, 180, 181, 182, 183, 184, 185, 10, 11, 12, 194, 195, 196, 197, 198, 199, 128, 187, 104, 191, 192, 193, 9, 82, 188, 66, 67, 68, 69, 1, 8, 70, 71, 61, 62, 63, 64, 65.
- Genomes "MST_2" & "MST_10": The following singleton genes were ignored: 162, 163, 164, 165, 166, 167, 168, 169, 170, 131, 73, 40, 41, 132, 133, 74, 75, 47, 48, 49, 42, 43, 44, 134, 135, 136, 38, 39, 177, 178, 179, 173, 174, 77, 78, 79, 80, 13, 14, 15, 16, 17, 18, 19, 20, 45, 46, 51, 52, 142, 143, 144, 145, 146, 147, 23, 24, 25, 138, 139, 140, 175, 176, 171, 172, 57, 58, 59, 53, 54, 55, 56, 27, 28, 29, 2, 3, 4, 5, 180, 181, 182, 183, 184, 185, 153, 154, 155, 156, 157, 158, 150, 151, 36, 37, 194, 195, 196, 197, 198, 199, 128, 187, 104, 191, 192, 193, 9, 22, 160, 10, 11, 12, 82, 188, 148, 31, 32, 33, 34, 66, 67, 68, 69, 8, 70, 71, 61, 62, 63, 64, 65.
- Genomes "MST_2" & "MST_11": The following singleton genes were ignored: 180, 181, 182, 183, 184, 185, 186, 129, 73, 40, 41, 132, 133, 170, 171, 172, 74, 75, 76, 77, 78, 79, 80, 47, 48, 49, 42, 43, 44, 162, 163, 164, 165, 166, 167, 168, 134, 135, 136, 38, 39, 177, 178, 179, 173, 174, 45, 46, 51, 52, 142, 143, 144, 145, 146, 147, 138, 139, 140, 175, 176, 53, 54, 55, 56, 57, 58, 59, 27, 28, 29, 2, 3, 4, 5, 153, 154, 155, 156, 157, 158, 150, 151, 194, 195, 196, 197, 198, 199, 21, 22, 23, 24, 25, 26, 128, 187, 188, 189, 81, 105, 190, 191, 192, 193, 35, 36, 37, 161, 9, 10, 11, 12, 13, 14, 15, 16, 17, 18, 19, 20, 149, 30, 31, 32, 33, 34, 66, 67, 68, 69, 0, 8, 70, 71, 61, 62, 63, 64, 65.
- Genomes "MST_2" & "MST_12": The following singleton genes were ignored: 199, 198, 197, 196, 195, 194, 193, 192, 191, 190, 189, 188, 187, 128, 73, 40, 41, 132, 133, 74, 75, 76, 77, 78, 79, 80, 81, 47, 48, 49, 50, 42, 43, 44, 162, 163, 164, 165, 166, 167, 168, 134, 135, 136, 38, 39, 173, 174, 45, 46, 51, 52, 53, 54, 55, 56, 57, 58, 59, 142, 143, 144, 145, 146, 147, 138, 139, 140, 175, 176, 177, 178, 179, 27, 28, 29, 180, 181, 182, 183, 184, 185, 153, 154, 155, 156, 157, 158, 150, 151, 21, 22, 23, 24, 25, 26, 148, 149, 30, 31, 32, 33, 34, 2, 3, 4, 5, 6, 7, 82, 9, 10, 11, 12, 13, 14, 15, 16, 17, 18, 19, 20, 169, 170, 171, 172, 35, 36, 37, 66, 67, 68, 69, 8, 70, 71, 61, 62, 63, 64, 65.
- Genomes "MST_2" & "MST_13": The following singleton genes were ignored: 40, 41, 74, 75, 76, 77, 78, 79, 80, 81, 47, 48, 49, 50, 42, 43, 44, 162, 163, 164, 165, 166, 167, 168, 134, 135, 136, 137, 132, 133, 38, 39, 173, 174, 45, 46, 51, 52, 53, 54, 55, 56, 57, 58, 59, 142, 143, 144, 145, 146, 147, 138, 139, 140, 141, 175, 176, 177, 178, 179, 180, 181, 182, 183, 184, 185, 153, 154, 155, 156, 157, 158, 150, 151, 36, 37, 194, 195, 196, 197, 198, 199, 148, 149, 2, 3, 4, 5, 6, 7, 190, 191, 192, 193, 105, 106, 107, 108, 109, 110, 111, 112, 113, 114, 83, 84, 85, 86, 87, 88, 89, 90, 115, 116, 119, 120, 121, 117, 118, 91, 92, 93, 94, 95, 96, 97, 101, 102, 103, 73, 98, 99, 100, 186, 187, 188, 189, 82, 9, 10, 11, 12, 13, 14, 15, 16, 17, 18, 19, 20, 169, 170, 171, 172, 161, 21, 22, 23, 24, 25, 26, 27, 28, 29, 30, 31, 32, 33, 34, 35, 123, 124, 125, 126, 127, 8, 61, 62.
- Genomes "MST_2" & "MST_14": The following singleton genes were ignored: 20, 19, 18, 17, 16, 15, 14, 13, 12, 11, 10, 9, 82, 83, 84, 85, 86, 87, 88, 89, 90, 132, 133, 134, 135, 136, 137, 170, 171, 172, 173, 174, 175, 176, 177, 178, 179, 74, 75, 76, 77, 78, 79, 80, 81, 42, 43, 44, 45, 46, 47, 48, 49, 50, 51, 52, 53, 54, 55, 56, 57, 58, 59, 60, 162, 163, 164, 165, 166, 167, 168, 169, 142, 143, 144, 145, 146, 147, 148, 149, 150, 151, 152, 153, 154, 155, 156, 157, 158, 159, 160, 161, 21, 22, 23, 24, 25, 26, 27, 28, 29, 30, 31, 32, 33, 34, 35, 123, 124, 125, 126, 127, 138, 139, 140, 141, 180, 181, 182, 183, 184, 185, 2, 3, 4, 5, 6, 7, 105, 106, 107, 108, 109, 110, 111, 112, 113, 114, 115, 116, 119, 120, 121, 117, 118, 91, 92, 93, 94, 95, 96, 97, 73, 101, 102, 103, 98, 99, 100, 186, 187, 188, 189, 190, 191, 192, 193, 194, 195, 196, 197, 198, 199, 129, 130, 122, 36, 37, 38, 39, 40, 41, 8, 61, 62.
- Genomes "MST_2" & "MST_15": The following singleton genes were ignored: 74, 75, 76, 77, 78, 79, 80, 81, 82, 83, 84, 85, 86, 87, 88, 89, 90, 91, 92, 93, 94, 95, 96, 97, 132, 133, 134, 135, 136, 137, 138, 139, 140, 141, 170, 171, 172, 173, 174, 175, 176, 177, 178, 179, 42, 43, 44, 45, 46, 47, 48, 49, 50, 51, 52, 53, 54, 55, 56, 57, 58, 59, 60, 162, 163, 164, 165, 166, 167, 168, 169, 142, 143, 144, 145, 146, 147, 148, 149, 150, 151, 152, 153, 154, 155, 156, 157, 158, 159, 160, 161, 9, 10, 11, 12, 13, 14, 15, 16, 17, 18, 19, 20, 21, 22, 23, 24, 25, 26, 27, 28, 29, 30, 31, 32, 33, 34, 35, 123, 124, 125, 126, 127, 180, 181, 182, 183, 184, 185, 2, 3, 4, 5, 6, 7, 115, 116, 119, 120, 121, 117, 118, 73, 101, 102, 103, 98, 99, 100, 186, 187, 188, 189, 190, 191, 192, 193, 194, 195, 196, 197, 198, 199, 129, 130, 122, 36, 37, 38, 39, 40, 41, 104, 105, 106, 107, 108, 109, 110, 111, 112, 113, 114, 62.
- Genomes "MST_2" & "MST_16": The following singleton genes were ignored: 73, 170, 171, 172, 173, 174, 175, 176, 177, 178, 179, 74, 75, 76, 77, 78, 79, 80, 81, 82, 9, 10, 11, 12, 13, 14, 15, 16, 17, 18, 19, 20, 21, 22, 23, 24, 25, 26, 27, 28, 29, 30, 31, 32, 33, 34, 35, 123, 124, 125, 126, 127, 42, 43, 44, 45, 46, 47, 48, 49, 50, 51, 52, 53, 54, 55, 56, 57, 58, 59, 60, 162, 163, 164, 165, 166, 167, 168, 169, 142, 143, 144, 145, 146, 147, 148, 149, 150, 151, 152, 153, 154, 155, 156, 157, 158, 159, 160, 161, 180, 181, 182, 183, 184, 185, 186, 187, 188, 189, 190, 191, 192, 193, 194, 195, 196, 197, 198, 199, 2, 3, 4, 5, 6, 7, 83, 84, 85, 86, 87, 88, 89, 90, 91, 92, 93, 94, 95, 96, 97, 115, 116, 119, 120, 121, 117, 118, 101, 102, 103, 98, 99, 100, 129, 130, 122, 36, 37, 38, 39, 40, 41, 104, 105, 106, 107, 108, 109, 110, 111, 112, 113, 114, 131, 132, 133, 134, 135, 136, 137, 138, 139, 140, 141, 62.
- Genomes "MST_2" & "SEQ_0": The following singleton genes were ignored: 40, 41, 74, 75, 47, 48, 49, 42, 43, 44, 162, 163, 164, 165, 166, 167, 168, 134, 135, 136, 38, 39, 177, 178, 179, 173, 174, 77, 78, 79, 80, 13, 14, 15, 16, 17, 18, 19, 20, 45, 46, 51, 52, 23, 24, 25, 115, 116, 175, 176, 57, 58, 59, 53, 54, 55, 56, 27, 28, 29, 119, 120, 121, 180, 181, 182, 183, 184, 185, 153, 154, 155, 156, 157, 158, 117, 118, 150, 151, 91, 92, 93, 94, 95, 96, 97, 36, 37, 101, 102, 103, 73, 194, 195, 196, 197, 198, 199, 98, 99, 100, 137, 132, 133, 131, 170, 171, 172, 141, 138, 139, 140, 60, 186, 187, 122, 123, 124, 125, 126, 127, 128, 129, 169, 142, 143, 144, 145, 146, 147, 104, 191, 192, 193, 190, 105, 106, 107, 108, 109, 110, 111, 112, 113, 114, 2, 3, 4, 5, 9, 22, 160, 10, 11, 12, 188, 82, 83, 84, 85, 86, 87, 88, 89, 90, 148, 31, 32, 33, 34, 62.
- Genomes "MST_2" & "SEQ_1": The following singleton genes were ignored: 40, 41, 74, 75, 47, 48, 49, 42, 43, 44, 162, 163, 164, 165, 166, 167, 168, 134, 135, 136, 38, 39, 177, 178, 179, 173, 174, 77, 78, 79, 80, 13, 14, 15, 16, 17, 18, 19, 20, 45, 46, 51, 52, 23, 24, 25, 115, 116, 175, 176, 53, 54, 55, 56, 57, 58, 59, 27, 28, 29, 119, 120, 121, 180, 181, 182, 183, 184, 185, 153, 154, 155, 156, 157, 158, 117, 118, 150, 151, 91, 92, 93, 94, 95, 96, 97, 36, 37, 73, 101, 102, 103, 194, 195, 196, 197, 198, 199, 98, 99, 100, 137, 132, 133, 131, 170, 171, 172, 141, 138, 139, 140, 60, 186, 187, 122, 123, 124, 125, 126, 127, 128, 129, 130, 169, 142, 143, 144, 145, 146, 147, 104, 191, 192, 193, 190, 105, 106, 107, 108, 109, 110, 111, 112, 113, 114, 2, 3, 4, 5, 9, 22, 160, 10, 11, 12, 188, 82, 83, 84, 85, 86, 87, 88, 89, 90, 148, 31, 32, 33, 34, 62.
- Genomes "MST_2" & "SEQ_2": The following singleton genes were ignored: 40, 41, 74, 75, 76, 77, 78, 79, 80, 47, 48, 49, 50, 42, 43, 44, 162, 163, 164, 165, 166, 167, 168, 134, 135, 136, 38, 39, 173, 174, 45, 46, 51, 52, 53, 54, 55, 56, 57, 58, 59, 115, 116, 175, 176, 177, 178, 179, 27, 28, 29, 119, 120, 121, 180, 181, 182, 183, 184, 185, 153, 154, 155, 156, 157, 158, 117, 118, 150, 151, 73, 101, 102, 103, 194, 195, 196, 197, 198, 199, 98, 99, 100, 104, 105, 106, 107, 108, 109, 110, 111, 112, 113, 114, 21, 22, 23, 24, 25, 26, 148, 149, 30, 31, 32, 33, 34, 2, 3, 4, 5, 6, 7, 190, 191, 192, 193, 137, 132, 133, 82, 83, 84, 85, 86, 87, 88, 89, 90, 91, 92, 93, 94, 95, 96, 97, 131, 170, 171, 172, 141, 138, 139, 140, 60, 186, 187, 188, 189, 81, 122, 123, 124, 125, 126, 127, 128, 129, 130, 169, 142, 143, 144, 145, 146, 147, 35, 36, 37, 161, 9, 10, 11, 12, 13, 14, 15, 16, 17, 18, 19, 20, 8.
- Genomes "MST_2" & "SEQ_3": The following singleton genes were ignored: 40, 41, 74, 75, 76, 77, 78, 79, 80, 81, 47, 48, 49, 50, 42, 43, 44, 162, 163, 164, 165, 166, 167, 168, 134, 135, 136, 38, 39, 173, 174, 45, 46, 51, 52, 53, 54, 55, 56, 57, 58, 59, 115, 116, 175, 176, 177, 178, 179, 27, 28, 29, 119, 120, 121, 180, 181, 182, 183, 184, 185, 153, 154, 155, 156, 157, 158, 117, 118, 150, 151, 73, 101, 102, 103, 194, 195, 196, 197, 198, 199, 98, 99, 100, 104, 105, 106, 107, 108, 109, 110, 111, 112, 113, 114, 21, 22, 23, 24, 25, 26, 148, 149, 30, 31, 32, 33, 34, 2, 3, 4, 5, 6, 7, 190, 191, 192, 193, 137, 132, 133, 82, 83, 84, 85, 86, 87, 88, 89, 90, 91, 92, 93, 94, 95, 96, 97, 131, 170, 171, 172, 141, 138, 139, 140, 60, 186, 187, 188, 189, 122, 123, 124, 125, 126, 127, 128, 129, 130, 169, 142, 143, 144, 145, 146, 147, 35, 36, 37, 161, 9, 10, 11, 12, 13, 14, 15, 16, 17, 18, 19, 20, 8.
- Genomes "MST_2" & "SEQ_4": The following singleton genes were ignored: 74, 75, 76, 77, 78, 79, 80, 81, 42, 43, 44, 45, 46, 47, 48, 49, 50, 51, 52, 53, 54, 55, 56, 57, 58, 59, 60, 83, 84, 85, 86, 87, 88, 89, 90, 91, 92, 93, 94, 95, 96, 97, 98, 99, 100, 101, 102, 103, 104, 105, 106, 107, 108, 109, 110, 111, 112, 113, 114, 115, 116, 117, 118, 119, 120, 121, 122, 36, 37, 38, 39, 40, 41, 162, 163, 164, 165, 166, 167, 168, 169, 170, 171, 172, 173, 174, 175, 176, 177, 178, 179, 142, 143, 144, 145, 146, 147, 148, 149, 150, 151, 152, 153, 154, 155, 156, 157, 158, 159, 160, 161, 21, 22, 23, 24, 25, 26, 27, 28, 29, 30, 31, 32, 33, 34, 35, 123, 124, 125, 126, 127, 128, 187, 188, 189, 190, 191, 192, 193, 194, 195, 196, 197, 198, 199, 180, 181, 182, 183, 184, 185, 2, 3, 4, 5, 6, 7, 73, 186, 129, 130, 131, 132, 133, 134, 135, 136, 137, 138, 139, 140, 141, 82, 9, 10, 11, 12, 13, 14, 15, 16, 17, 18, 19, 20.
- Genomes "MST_2" & "SEQ_5": The following singleton genes were ignored: 74, 75, 76, 77, 78, 79, 80, 81, 42, 43, 44, 45, 46, 47, 48, 49, 50, 51, 52, 53, 54, 55, 56, 57, 58, 59, 60, 83, 84, 85, 86, 87, 88, 89, 90, 91, 92, 93, 94, 95, 96, 97, 98, 99, 100, 101, 102, 103, 104, 105, 106, 107, 108, 109, 110, 111, 112, 113, 114, 115, 116, 117, 118, 119, 120, 121, 122, 36, 37, 38, 39, 40, 41, 162, 163, 164, 165, 166, 167, 168, 169, 170, 171, 172, 173, 174, 175, 176, 177, 178, 179, 142, 143, 144, 145, 146, 147, 148, 149, 150, 151, 152, 153, 154, 155, 156, 157, 158, 159, 160, 161, 21, 22, 23, 24, 25, 26, 27, 28, 29, 30, 31, 32, 33, 34, 35, 123, 124, 125, 126, 127, 128, 187, 188, 189, 190, 191, 192, 193, 194, 195, 196, 197, 198, 199, 180, 181, 182, 183, 184, 185, 2, 3, 4, 5, 6, 7, 73, 186, 129, 130, 131, 132, 133, 134, 135, 136, 137, 138, 139, 140, 141, 82, 9, 10, 11, 12, 13, 14, 15, 16, 17, 18, 19, 20.
- Genomes "MST_2" & "SEQ_6": The following singleton genes were ignored: 74, 75, 76, 77, 78, 79, 80, 81, 82, 9, 10, 11, 12, 13, 14, 15, 16, 17, 18, 19, 20, 21, 22, 23, 24, 25, 26, 27, 28, 29, 30, 31, 32, 33, 34, 35, 123, 124, 125, 126, 127, 128, 187, 188, 189, 190, 191, 192, 193, 194, 195, 196, 197, 198, 199, 42, 43, 44, 45, 46, 47, 48, 49, 50, 51, 52, 53, 54, 55, 56, 57, 58, 59, 60, 83, 84, 85, 86, 87, 88, 89, 90, 91, 92, 93, 94, 95, 96, 97, 98, 99, 100, 101, 102, 103, 104, 105, 106, 107, 108, 109, 110, 111, 112, 113, 114, 115, 116, 117, 118, 119, 120, 121, 122, 36, 37, 38, 39, 40, 41, 162, 163, 164, 165, 166, 167, 168, 169, 170, 171, 172, 173, 174, 175, 176, 177, 178, 179, 142, 143, 144, 145, 146, 147, 148, 149, 150, 151, 152, 153, 154, 155, 156, 157, 158, 159, 160, 161, 180, 181, 182, 183, 184, 185, 186, 129, 130, 131, 132, 133, 134, 135, 136, 137, 138, 139, 140, 141, 2, 3, 4, 5, 6, 7, 73.
- Genomes "MST_2" & "SEQ_7": The following singleton genes were ignored: 74, 75, 76, 77, 78, 79, 80, 81, 82, 9, 10, 11, 12, 13, 14, 15, 16, 17, 18, 19, 20, 21, 22, 23, 24, 25, 26, 27, 28, 29, 30, 31, 32, 33, 34, 35, 123, 124, 125, 126, 127, 128, 187, 188, 189, 190, 191, 192, 193, 194, 195, 196, 197, 198, 199, 42, 43, 44, 45, 46, 47, 48, 49, 50, 51, 52, 53, 54, 55, 56, 57, 58, 59, 60, 83, 84, 85, 86, 87, 88, 89, 90, 91, 92, 93, 94, 95, 96, 97, 98, 99, 100, 101, 102, 103, 104, 105, 106, 107, 108, 109, 110, 111, 112, 113, 114, 115, 116, 117, 118, 119, 120, 121, 122, 36, 37, 38, 39, 40, 41, 162, 163, 164, 165, 166, 167, 168, 169, 170, 171, 172, 173, 174, 175, 176, 177, 178, 179, 142, 143, 144, 145, 146, 147, 148, 149, 150, 151, 152, 153, 154, 155, 156, 157, 158, 159, 160, 161, 180, 181, 182, 183, 184, 185, 186, 129, 130, 131, 132, 133, 134, 135, 136, 137, 138, 139, 140, 141, 2, 3, 4, 5, 6, 7, 73.
- Genomes "MST_3" & "MST_4": The following singleton genes were ignored: 41, 40, 39, 38, 37, 36, 122, 121, 120, 119, 118, 117, 116, 115, 114, 113, 112, 111, 110, 109, 108, 107, 106, 105, 104, 103, 102, 101, 100, 99, 98, 97, 96, 95, 94, 93, 92, 91, 90, 89, 88, 87, 86, 85, 84, 83, 44, 45, 46, 47, 48, 49, 50, 51, 52, 53, 54, 55, 56, 57, 58, 59, 42, 43.
- Genomes "MST_3" & "MST_5": The following singleton genes were ignored: 136, 135, 134, 133, 132, 131, 130, 129, 128, 127, 126, 125, 124, 123, 122, 121, 120, 119, 118, 117, 116, 115, 114, 113, 112, 111, 110, 109, 108, 107, 106, 105, 104, 103, 102, 101, 100, 99, 98, 97, 96, 95, 94, 93, 92, 91, 90, 89, 88, 87, 86, 85, 84, 83, 44, 66, 45, 67, 46, 68, 47, 69, 48, 49, 70, 71, 50, 72, 51, 52, 53, 54, 55, 56, 57, 58, 59, 63, 42, 64, 43, 65.
- Genomes "MST_3" & "MST_6": The following singleton genes were ignored: 140, 139, 138, 137, 132, 131, 130, 129, 128, 127, 126, 125, 124, 123, 122, 121, 120, 119, 118, 117, 116, 115, 114, 113, 112, 111, 110, 109, 108, 107, 106, 105, 104, 103, 102, 101, 100, 99, 98, 97, 96, 95, 94, 93, 92, 91, 90, 89, 88, 87, 86, 85, 84, 83, 44, 66, 45, 67, 46, 68, 47, 69, 48, 49, 70, 71, 50, 72, 51, 52, 53, 54, 55, 56, 57, 58, 59, 63, 42, 64, 43, 65.
- Genomes "MST_3" & "MST_7": The following singleton genes were ignored: 141, 138, 137, 132, 131, 130, 129, 128, 127, 126, 125, 124, 123, 122, 121, 120, 119, 118, 117, 116, 115, 114, 113, 112, 111, 110, 109, 108, 107, 106, 105, 104, 103, 102, 101, 100, 99, 98, 97, 96, 95, 94, 93, 92, 91, 90, 89, 88, 87, 86, 85, 84, 83, 170, 171, 44, 66, 45, 67, 46, 68, 47, 69, 48, 49, 70, 71, 50, 72, 51, 52, 53, 54, 55, 56, 57, 58, 59, 61, 62, 63, 42, 64, 43, 65.
- Genomes "MST_3" & "MST_8": Comparison not possible, since no gene is contained in both genomes. PHYLIP distance set to 10000.
- Genomes "MST_3" & "MST_9": The following singleton genes were ignored: 161, 160, 159, 158, 157, 156, 155, 154, 153, 152, 151, 150, 149, 148, 147, 146, 145, 144, 143, 142, 169, 170, 131, 73, 74, 75, 162, 163, 164, 165, 166, 167, 168, 77, 78, 79, 80, 13, 14, 15, 16, 17, 18, 19, 20, 23, 24, 25, 31, 32, 33, 34, 27, 28, 29, 180, 181, 182, 183, 184, 185, 10, 11, 12, 194, 195, 196, 197, 198, 199, 128, 187, 104, 191, 192, 193, 0, 9, 82, 188, 44, 66, 45, 67, 46, 68, 47, 69, 48, 49, 70, 71, 50, 51, 52, 53, 54, 55, 56, 57, 58, 59, 60, 61, 62, 63, 42, 64, 43, 65.
- Genomes "MST_3" & "MST_10": The following singleton genes were ignored: 162, 163, 164, 165, 166, 167, 168, 169, 170, 131, 73, 40, 41, 132, 133, 74, 75, 134, 135, 136, 38, 39, 177, 178, 179, 173, 174, 77, 78, 79, 80, 13, 14, 15, 16, 17, 18, 19, 20, 142, 143, 144, 145, 146, 147, 23, 24, 25, 138, 139, 140, 175, 176, 171, 172, 27, 28, 29, 1, 2, 3, 4, 5, 180, 181, 182, 183, 184, 185, 153, 154, 155, 156, 157, 158, 150, 151, 36, 37, 194, 195, 196, 197, 198, 199, 128, 187, 104, 191, 192, 193, 0, 9, 22, 160, 10, 11, 12, 82, 188, 148, 31, 32, 33, 34, 66, 67, 68, 69, 70, 71, 50, 60, 61, 62, 63, 64, 65.
- Genomes "MST_3" & "MST_11": The following singleton genes were ignored: 180, 181, 182, 183, 184, 185, 186, 129, 73, 40, 41, 132, 133, 170, 171, 172, 74, 75, 76, 77, 78, 79, 80, 162, 163, 164, 165, 166, 167, 168, 134, 135, 136, 38, 39, 177, 178, 179, 173, 174, 142, 143, 144, 145, 146, 147, 138, 139, 140, 175, 176, 27, 28, 29, 1, 2, 3, 4, 5, 153, 154, 155, 156, 157, 158, 150, 151, 194, 195, 196, 197, 198, 199, 21, 22, 23, 24, 25, 26, 128, 187, 188, 189, 81, 105, 190, 191, 192, 193, 35, 36, 37, 161, 9, 10, 11, 12, 13, 14, 15, 16, 17, 18, 19, 20, 149, 30, 31, 32, 33, 34, 66, 67, 68, 69, 70, 71, 50, 60, 61, 62, 63, 64, 65.
- Genomes "MST_3" & "MST_12": The following singleton genes were ignored: 199, 198, 197, 196, 195, 194, 193, 192, 191, 190, 189, 188, 187, 128, 73, 40, 41, 132, 133, 74, 75, 76, 77, 78, 79, 80, 81, 162, 163, 164, 165, 166, 167, 168, 134, 135, 136, 38, 39, 173, 174, 142, 143, 144, 145, 146, 147, 138, 139, 140, 175, 176, 177, 178, 179, 27, 28, 29, 180, 181, 182, 183, 184, 185, 153, 154, 155, 156, 157, 158, 150, 151, 21, 22, 23, 24, 25, 26, 148, 149, 30, 31, 32, 33, 34, 0, 1, 2, 3, 4, 5, 6, 7, 82, 9, 10, 11, 12, 13, 14, 15, 16, 17, 18, 19, 20, 169, 170, 171, 172, 35, 36, 37, 66, 67, 68, 69, 70, 71, 60, 61, 62, 63, 64, 65.
- Genomes "MST_3" & "MST_13": The following singleton genes were ignored: 40, 41, 74, 75, 76, 77, 78, 79, 80, 81, 162, 163, 164, 165, 166, 167, 168, 134, 135, 136, 137, 132, 133, 38, 39, 173, 174, 142, 143, 144, 145, 146, 147, 138, 139, 140, 141, 175, 176, 177, 178, 179, 180, 181, 182, 183, 184, 185, 153, 154, 155, 156, 157, 158, 150, 151, 36, 37, 194, 195, 196, 197, 198, 199, 148, 149, 0, 1, 2, 3, 4, 5, 6, 7, 190, 191, 192, 193, 105, 106, 107, 108, 109, 110, 111, 112, 113, 114, 83, 84, 85, 86, 87, 88, 89, 90, 115, 116, 119, 120, 121, 117, 118, 91, 92, 93, 94, 95, 96, 97, 101, 102, 103, 73, 98, 99, 100, 186, 187, 188, 189, 82, 9, 10, 11, 12, 13, 14, 15, 16, 17, 18, 19, 20, 169, 170, 171, 172, 161, 21, 22, 23, 24, 25, 26, 27, 28, 29, 30, 31, 32, 33, 34, 35, 123, 124, 125, 126, 127, 60, 61, 62.
- Genomes "MST_3" & "MST_14": The following singleton genes were ignored: 20, 19, 18, 17, 16, 15, 14, 13, 12, 11, 10, 9, 82, 83, 84, 85, 86, 87, 88, 89, 90, 132, 133, 134, 135, 136, 137, 170, 171, 172, 173, 174, 175, 176, 177, 178, 179, 74, 75, 76, 77, 78, 79, 80, 81, 162, 163, 164, 165, 166, 167, 168, 169, 142, 143, 144, 145, 146, 147, 148, 149, 150, 151, 152, 153, 154, 155, 156, 157, 158, 159, 160, 161, 21, 22, 23, 24, 25, 26, 27, 28, 29, 30, 31, 32, 33, 34, 35, 123, 124, 125, 126, 127, 138, 139, 140, 141, 180, 181, 182, 183, 184, 185, 0, 1, 2, 3, 4, 5, 6, 7, 105, 106, 107, 108, 109, 110, 111, 112, 113, 114, 115, 116, 119, 120, 121, 117, 118, 91, 92, 93, 94, 95, 96, 97, 73, 101, 102, 103, 98, 99, 100, 186, 187, 188, 189, 190, 191, 192, 193, 194, 195, 196, 197, 198, 199, 129, 130, 122, 36, 37, 38, 39, 40, 41, 61, 62.
- Genomes "MST_3" & "MST_15": The following singleton genes were ignored: 74, 75, 76, 77, 78, 79, 80, 81, 82, 83, 84, 85, 86, 87, 88, 89, 90, 91, 92, 93, 94, 95, 96, 97, 132, 133, 134, 135, 136, 137, 138, 139, 140, 141, 170, 171, 172, 173, 174, 175, 176, 177, 178, 179, 162, 163, 164, 165, 166, 167, 168, 169, 142, 143, 144, 145, 146, 147, 148, 149, 150, 151, 152, 153, 154, 155, 156, 157, 158, 159, 160, 161, 9, 10, 11, 12, 13, 14, 15, 16, 17, 18, 19, 20, 21, 22, 23, 24, 25, 26, 27, 28, 29, 30, 31, 32, 33, 34, 35, 123, 124, 125, 126, 127, 180, 181, 182, 183, 184, 185, 0, 1, 2, 3, 4, 5, 6, 7, 8, 115, 116, 119, 120, 121, 117, 118, 73, 101, 102, 103, 98, 99, 100, 186, 187, 188, 189, 190, 191, 192, 193, 194, 195, 196, 197, 198, 199, 129, 130, 122, 36, 37, 38, 39, 40, 41, 104, 105, 106, 107, 108, 109, 110, 111, 112, 113, 114, 62.
- Genomes "MST_3" & "MST_16": The following singleton genes were ignored: 73, 170, 171, 172, 173, 174, 175, 176, 177, 178, 179, 74, 75, 76, 77, 78, 79, 80, 81, 82, 9, 10, 11, 12, 13, 14, 15, 16, 17, 18, 19, 20, 21, 22, 23, 24, 25, 26, 27, 28, 29, 30, 31, 32, 33, 34, 35, 123, 124, 125, 126, 127, 162, 163, 164, 165, 166, 167, 168, 169, 142, 143, 144, 145, 146, 147, 148, 149, 150, 151, 152, 153, 154, 155, 156, 157, 158, 159, 160, 161, 180, 181, 182, 183, 184, 185, 186, 187, 188, 189, 190, 191, 192, 193, 194, 195, 196, 197, 198, 199, 0, 1, 2, 3, 4, 5, 6, 7, 8, 83, 84, 85, 86, 87, 88, 89, 90, 91, 92, 93, 94, 95, 96, 97, 115, 116, 119, 120, 121, 117, 118, 101, 102, 103, 98, 99, 100, 129, 130, 122, 36, 37, 38, 39, 40, 41, 104, 105, 106, 107, 108, 109, 110, 111, 112, 113, 114, 131, 132, 133, 134, 135, 136, 137, 138, 139, 140, 141, 62.
- Genomes "MST_3" & "SEQ_0": The following singleton genes were ignored: 40, 41, 74, 75, 162, 163, 164, 165, 166, 167, 168, 134, 135, 136, 38, 39, 177, 178, 179, 173, 174, 77, 78, 79, 80, 13, 14, 15, 16, 17, 18, 19, 20, 23, 24, 25, 115, 116, 175, 176, 27, 28, 29, 119, 120, 121, 180, 181, 182, 183, 184, 185, 153, 154, 155, 156, 157, 158, 117, 118, 150, 151, 91, 92, 93, 94, 95, 96, 97, 36, 37, 101, 102, 103, 73, 194, 195, 196, 197, 198, 199, 98, 99, 100, 137, 132, 133, 131, 170, 171, 172, 141, 138, 139, 140, 186, 187, 122, 123, 124, 125, 126, 127, 128, 129, 169, 142, 143, 144, 145, 146, 147, 104, 191, 192, 193, 190, 105, 106, 107, 108, 109, 110, 111, 112, 113, 114, 8, 1, 2, 3, 4, 5, 0, 9, 22, 160, 10, 11, 12, 188, 82, 83, 84, 85, 86, 87, 88, 89, 90, 148, 31, 32, 33, 34, 50, 62.
- Genomes "MST_3" & "SEQ_1": The following singleton genes were ignored: 40, 41, 74, 75, 162, 163, 164, 165, 166, 167, 168, 134, 135, 136, 38, 39, 177, 178, 179, 173, 174, 77, 78, 79, 80, 13, 14, 15, 16, 17, 18, 19, 20, 23, 24, 25, 115, 116, 175, 176, 27, 28, 29, 119, 120, 121, 180, 181, 182, 183, 184, 185, 153, 154, 155, 156, 157, 158, 117, 118, 150, 151, 91, 92, 93, 94, 95, 96, 97, 36, 37, 73, 101, 102, 103, 194, 195, 196, 197, 198, 199, 98, 99, 100, 137, 132, 133, 131, 170, 171, 172, 141, 138, 139, 140, 186, 187, 122, 123, 124, 125, 126, 127, 128, 129, 130, 169, 142, 143, 144, 145, 146, 147, 104, 191, 192, 193, 190, 105, 106, 107, 108, 109, 110, 111, 112, 113, 114, 8, 1, 2, 3, 4, 5, 0, 9, 22, 160, 10, 11, 12, 188, 82, 83, 84, 85, 86, 87, 88, 89, 90, 148, 31, 32, 33, 34, 50, 62.
- Genomes "MST_3" & "SEQ_2": The following singleton genes were ignored: 40, 41, 74, 75, 76, 77, 78, 79, 80, 162, 163, 164, 165, 166, 167, 168, 134, 135, 136, 38, 39, 173, 174, 115, 116, 175, 176, 177, 178, 179, 27, 28, 29, 119, 120, 121, 180, 181, 182, 183, 184, 185, 153, 154, 155, 156, 157, 158, 117, 118, 150, 151, 73, 101, 102, 103, 194, 195, 196, 197, 198, 199, 98, 99, 100, 104, 105, 106, 107, 108, 109, 110, 111, 112, 113, 114, 21, 22, 23, 24, 25, 26, 148, 149, 30, 31, 32, 33, 34, 0, 1, 2, 3, 4, 5, 6, 7, 190, 191, 192, 193, 137, 132, 133, 82, 83, 84, 85, 86, 87, 88, 89, 90, 91, 92, 93, 94, 95, 96, 97, 131, 170, 171, 172, 141, 138, 139, 140, 186, 187, 188, 189, 81, 122, 123, 124, 125, 126, 127, 128, 129, 130, 169, 142, 143, 144, 145, 146, 147, 35, 36, 37, 161, 9, 10, 11, 12, 13, 14, 15, 16, 17, 18, 19, 20.
- Genomes "MST_3" & "SEQ_3": The following singleton genes were ignored: 40, 41, 74, 75, 76, 77, 78, 79, 80, 81, 162, 163, 164, 165, 166, 167, 168, 134, 135, 136, 38, 39, 173, 174, 115, 116, 175, 176, 177, 178, 179, 27, 28, 29, 119, 120, 121, 180, 181, 182, 183, 184, 185, 153, 154, 155, 156, 157, 158, 117, 118, 150, 151, 73, 101, 102, 103, 194, 195, 196, 197, 198, 199, 98, 99, 100, 104, 105, 106, 107, 108, 109, 110, 111, 112, 113, 114, 21, 22, 23, 24, 25, 26, 148, 149, 30, 31, 32, 33, 34, 0, 1, 2, 3, 4, 5, 6, 7, 190, 191, 192, 193, 137, 132, 133, 82, 83, 84, 85, 86, 87, 88, 89, 90, 91, 92, 93, 94, 95, 96, 97, 131, 170, 171, 172, 141, 138, 139, 140, 186, 187, 188, 189, 122, 123, 124, 125, 126, 127, 128, 129, 130, 169, 142, 143, 144, 145, 146, 147, 35, 36, 37, 161, 9, 10, 11, 12, 13, 14, 15, 16, 17, 18, 19, 20.
- Genomes "MST_3" & "SEQ_4": The following singleton genes were ignored: 74, 75, 76, 77, 78, 79, 80, 81, 83, 84, 85, 86, 87, 88, 89, 90, 91, 92, 93, 94, 95, 96, 97, 98, 99, 100, 101, 102, 103, 104, 105, 106, 107, 108, 109, 110, 111, 112, 113, 114, 115, 116, 117, 118, 119, 120, 121, 122, 36, 37, 38, 39, 40, 41, 162, 163, 164, 165, 166, 167, 168, 169, 170, 171, 172, 173, 174, 175, 176, 177, 178, 179, 142, 143, 144, 145, 146, 147, 148, 149, 150, 151, 152, 153, 154, 155, 156, 157, 158, 159, 160, 161, 21, 22, 23, 24, 25, 26, 27, 28, 29, 30, 31, 32, 33, 34, 35, 123, 124, 125, 126, 127, 128, 187, 188, 189, 190, 191, 192, 193, 194, 195, 196, 197, 198, 199, 180, 181, 182, 183, 184, 185, 0, 1, 2, 3, 4, 5, 6, 7, 8, 73, 186, 129, 130, 131, 132, 133, 134, 135, 136, 137, 138, 139, 140, 141, 82, 9, 10, 11, 12, 13, 14, 15, 16, 17, 18, 19, 20.
- Genomes "MST_3" & "SEQ_5": The following singleton genes were ignored: 74, 75, 76, 77, 78, 79, 80, 81, 83, 84, 85, 86, 87, 88, 89, 90, 91, 92, 93, 94, 95, 96, 97, 98, 99, 100, 101, 102, 103, 104, 105, 106, 107, 108, 109, 110, 111, 112, 113, 114, 115, 116, 117, 118, 119, 120, 121, 122, 36, 37, 38, 39, 40, 41, 162, 163, 164, 165, 166, 167, 168, 169, 170, 171, 172, 173, 174, 175, 176, 177, 178, 179, 142, 143, 144, 145, 146, 147, 148, 149, 150, 151, 152, 153, 154, 155, 156, 157, 158, 159, 160, 161, 21, 22, 23, 24, 25, 26, 27, 28, 29, 30, 31, 32, 33, 34, 35, 123, 124, 125, 126, 127, 128, 187, 188, 189, 190, 191, 192, 193, 194, 195, 196, 197, 198, 199, 180, 181, 182, 183, 184, 185, 0, 1, 2, 3, 4, 5, 6, 7, 8, 73, 186, 129, 130, 131, 132, 133, 134, 135, 136, 137, 138, 139, 140, 141, 82, 9, 10, 11, 12, 13, 14, 15, 16, 17, 18, 19, 20.
- Genomes "MST_3" & "SEQ_6": The following singleton genes were ignored: 74, 75, 76, 77, 78, 79, 80, 81, 82, 9, 10, 11, 12, 13, 14, 15, 16, 17, 18, 19, 20, 21, 22, 23, 24, 25, 26, 27, 28, 29, 30, 31, 32, 33, 34, 35, 123, 124, 125, 126, 127, 128, 187, 188, 189, 190, 191, 192, 193, 194, 195, 196, 197, 198, 199, 83, 84, 85, 86, 87, 88, 89, 90, 91, 92, 93, 94, 95, 96, 97, 98, 99, 100, 101, 102, 103, 104, 105, 106, 107, 108, 109, 110, 111, 112, 113, 114, 115, 116, 117, 118, 119, 120, 121, 122, 36, 37, 38, 39, 40, 41, 162, 163, 164, 165, 166, 167, 168, 169, 170, 171, 172, 173, 174, 175, 176, 177, 178, 179, 142, 143, 144, 145, 146, 147, 148, 149, 150, 151, 152, 153, 154, 155, 156, 157, 158, 159, 160, 161, 180, 181, 182, 183, 184, 185, 186, 129, 130, 131, 132, 133, 134, 135, 136, 137, 138, 139, 140, 141, 0, 1, 2, 3, 4, 5, 6, 7, 8, 73.
- Genomes "MST_3" & "SEQ_7": The following singleton genes were ignored: 74, 75, 76, 77, 78, 79, 80, 81, 82, 9, 10, 11, 12, 13, 14, 15, 16, 17, 18, 19, 20, 21, 22, 23, 24, 25, 26, 27, 28, 29, 30, 31, 32, 33, 34, 35, 123, 124, 125, 126, 127, 128, 187, 188, 189, 190, 191, 192, 193, 194, 195, 196, 197, 198, 199, 83, 84, 85, 86, 87, 88, 89, 90, 91, 92, 93, 94, 95, 96, 97, 98, 99, 100, 101, 102, 103, 104, 105, 106, 107, 108, 109, 110, 111, 112, 113, 114, 115, 116, 117, 118, 119, 120, 121, 122, 36, 37, 38, 39, 40, 41, 162, 163, 164, 165, 166, 167, 168, 169, 170, 171, 172, 173, 174, 175, 176, 177, 178, 179, 142, 143, 144, 145, 146, 147, 148, 149, 150, 151, 152, 153, 154, 155, 156, 157, 158, 159, 160, 161, 180, 181, 182, 183, 184, 185, 186, 129, 130, 131, 132, 133, 134, 135, 136, 137, 138, 139, 140, 141, 0, 1, 2, 3, 4, 5, 6, 7, 8, 73.
- Genomes "MST_4" & "MST_5": The following singleton genes were ignored: 136, 135, 134, 133, 132, 131, 130, 129, 128, 127, 126, 125, 124, 123, 63, 64, 65, 66, 67, 68, 69, 70, 71, 72, 36, 37, 38, 39, 40, 41.
- Genomes "MST_4" & "MST_6": The following singleton genes were ignored: 140, 139, 138, 137, 132, 131, 130, 129, 128, 127, 126, 125, 124, 123, 63, 64, 65, 66, 67, 68, 69, 70, 71, 72, 36, 37, 38, 39, 40, 41.
- Genomes "MST_4" & "MST_7": The following singleton genes were ignored: 141, 138, 137, 132, 131, 130, 129, 128, 127, 126, 125, 124, 123, 170, 171, 61, 62, 63, 64, 65, 66, 67, 68, 69, 70, 71, 72, 36, 37, 38, 39, 40, 41.
- Genomes "MST_4" & "MST_8": The following singleton genes were ignored: 179, 178, 177, 176, 175, 174, 173, 172, 171, 170, 131, 130, 129, 128, 127, 126, 125, 124, 123, 10, 160, 22, 31, 148, 88, 89, 110, 111, 112, 113, 114, 115, 116, 117, 90, 118, 91, 119, 92, 93, 94, 95, 96, 97, 98, 99, 120, 121, 60, 61, 62, 63, 64, 65, 66, 67, 68, 69, 70, 71, 72, 36, 37, 38, 39, 100, 101, 102, 103, 104, 105, 106, 107, 108, 109, 83, 40, 84, 41, 85, 86, 87.
- Genomes "MST_4" & "MST_9": The following singleton genes were ignored: 161, 160, 159, 158, 157, 156, 155, 154, 153, 152, 151, 150, 149, 148, 147, 146, 145, 144, 143, 142, 169, 170, 131, 73, 74, 75, 162, 163, 164, 165, 166, 167, 168, 77, 78, 79, 80, 13, 14, 15, 16, 17, 18, 19, 20, 23, 24, 25, 31, 32, 33, 34, 27, 28, 29, 180, 181, 182, 183, 184, 185, 10, 11, 12, 194, 195, 196, 197, 198, 199, 128, 187, 191, 192, 193, 0, 9, 82, 188, 88, 89, 110, 111, 112, 113, 114, 115, 116, 117, 90, 118, 91, 119, 92, 93, 94, 95, 96, 97, 98, 99, 120, 121, 122, 60, 61, 62, 63, 64, 65, 66, 67, 68, 69, 70, 71, 36, 37, 38, 39, 100, 101, 102, 103, 105, 106, 107, 108, 109, 83, 40, 84, 41, 85, 86, 87.
- Genomes "MST_4" & "MST_10": The following singleton genes were ignored: 162, 163, 164, 165, 166, 167, 168, 169, 170, 131, 73, 132, 133, 74, 75, 47, 48, 49, 42, 43, 44, 134, 135, 136, 177, 178, 179, 173, 174, 77, 78, 79, 80, 13, 14, 15, 16, 17, 18, 19, 20, 45, 46, 51, 52, 142, 143, 144, 145, 146, 147, 23, 24, 25, 138, 139, 140, 175, 176, 171, 172, 57, 58, 59, 53, 54, 55, 56, 27, 28, 29, 1, 2, 3, 4, 5, 180, 181, 182, 183, 184, 185, 153, 154, 155, 156, 157, 158, 150, 151, 194, 195, 196, 197, 198, 199, 128, 187, 191, 192, 193, 0, 9, 22, 160, 10, 11, 12, 82, 188, 148, 31, 32, 33, 34, 88, 89, 110, 111, 112, 113, 114, 115, 116, 117, 90, 118, 91, 119, 92, 93, 94, 95, 96, 97, 98, 99, 120, 121, 122, 60, 61, 62, 63, 64, 65, 66, 67, 68, 69, 70, 71, 100, 101, 102, 103, 105, 106, 107, 108, 109, 83, 84, 85, 86, 87.
- Genomes "MST_4" & "MST_11": The following singleton genes were ignored: 180, 181, 182, 183, 184, 185, 186, 129, 73, 132, 133, 170, 171, 172, 74, 75, 76, 77, 78, 79, 80, 47, 48, 49, 42, 43, 44, 162, 163, 164, 165, 166, 167, 168, 134, 135, 136, 177, 178, 179, 173, 174, 45, 46, 51, 52, 142, 143, 144, 145, 146, 147, 138, 139, 140, 175, 176, 53, 54, 55, 56, 57, 58, 59, 27, 28, 29, 1, 2, 3, 4, 5, 153, 154, 155, 156, 157, 158, 150, 151, 194, 195, 196, 197, 198, 199, 21, 22, 23, 24, 25, 26, 128, 187, 188, 189, 81, 190, 191, 192, 193, 35, 161, 9, 10, 11, 12, 13, 14, 15, 16, 17, 18, 19, 20, 149, 30, 31, 32, 33, 34, 88, 89, 110, 111, 112, 113, 114, 115, 116, 117, 90, 118, 91, 119, 92, 93, 94, 95, 96, 97, 98, 99, 120, 121, 122, 60, 61, 62, 63, 64, 65, 66, 67, 68, 69, 70, 71, 100, 101, 102, 103, 104, 106, 107, 108, 109, 83, 84, 85, 86, 87.
- Genomes "MST_4" & "MST_12": The following singleton genes were ignored: 199, 198, 197, 196, 195, 194, 193, 192, 191, 190, 189, 188, 187, 128, 73, 132, 133, 74, 75, 76, 77, 78, 79, 80, 81, 47, 48, 49, 50, 42, 43, 44, 162, 163, 164, 165, 166, 167, 168, 134, 135, 136, 173, 174, 45, 46, 51, 52, 53, 54, 55, 56, 57, 58, 59, 142, 143, 144, 145, 146, 147, 138, 139, 140, 175, 176, 177, 178, 179, 27, 28, 29, 180, 181, 182, 183, 184, 185, 153, 154, 155, 156, 157, 158, 150, 151, 21, 22, 23, 24, 25, 26, 148, 149, 30, 31, 32, 33, 34, 0, 1, 2, 3, 4, 5, 6, 7, 82, 9, 10, 11, 12, 13, 14, 15, 16, 17, 18, 19, 20, 169, 170, 171, 172, 35, 88, 89, 110, 111, 112, 113, 114, 115, 116, 117, 90, 118, 91, 119, 92, 93, 94, 95, 96, 97, 98, 99, 120, 121, 122, 60, 61, 62, 63, 64, 65, 66, 67, 68, 69, 70, 71, 100, 101, 102, 103, 104, 105, 106, 107, 108, 109, 83, 84, 85, 86, 87.
- Genomes "MST_4" & "MST_13": The following singleton genes were ignored: 74, 75, 76, 77, 78, 79, 80, 81, 47, 48, 49, 50, 42, 43, 44, 162, 163, 164, 165, 166, 167, 168, 134, 135, 136, 137, 132, 133, 173, 174, 45, 46, 51, 52, 53, 54, 55, 56, 57, 58, 59, 142, 143, 144, 145, 146, 147, 138, 139, 140, 141, 175, 176, 177, 178, 179, 180, 181, 182, 183, 184, 185, 153, 154, 155, 156, 157, 158, 150, 151, 194, 195, 196, 197, 198, 199, 148, 149, 0, 1, 2, 3, 4, 5, 6, 7, 190, 191, 192, 193, 73, 186, 187, 188, 189, 82, 9, 10, 11, 12, 13, 14, 15, 16, 17, 18, 19, 20, 169, 170, 171, 172, 161, 21, 22, 23, 24, 25, 26, 27, 28, 29, 30, 31, 32, 33, 34, 35, 123, 124, 125, 126, 127, 122, 60, 61, 62, 104.
- Genomes "MST_4" & "MST_14": The following singleton genes were ignored: 20, 19, 18, 17, 16, 15, 14, 13, 12, 11, 10, 9, 82, 132, 133, 134, 135, 136, 137, 170, 171, 172, 173, 174, 175, 176, 177, 178, 179, 74, 75, 76, 77, 78, 79, 80, 81, 42, 43, 44, 45, 46, 47, 48, 49, 50, 51, 52, 53, 54, 55, 56, 57, 58, 59, 162, 163, 164, 165, 166, 167, 168, 169, 142, 143, 144, 145, 146, 147, 148, 149, 150, 151, 152, 153, 154, 155, 156, 157, 158, 159, 160, 161, 21, 22, 23, 24, 25, 26, 27, 28, 29, 30, 31, 32, 33, 34, 35, 123, 124, 125, 126, 127, 138, 139, 140, 141, 180, 181, 182, 183, 184, 185, 0, 1, 2, 3, 4, 5, 6, 7, 73, 186, 187, 188, 189, 190, 191, 192, 193, 194, 195, 196, 197, 198, 199, 129, 130, 61, 62, 104.
- Genomes "MST_4" & "MST_15": The following singleton genes were ignored: 74, 75, 76, 77, 78, 79, 80, 81, 82, 132, 133, 134, 135, 136, 137, 138, 139, 140, 141, 170, 171, 172, 173, 174, 175, 176, 177, 178, 179, 42, 43, 44, 45, 46, 47, 48, 49, 50, 51, 52, 53, 54, 55, 56, 57, 58, 59, 162, 163, 164, 165, 166, 167, 168, 169, 142, 143, 144, 145, 146, 147, 148, 149, 150, 151, 152, 153, 154, 155, 156, 157, 158, 159, 160, 161, 9, 10, 11, 12, 13, 14, 15, 16, 17, 18, 19, 20, 21, 22, 23, 24, 25, 26, 27, 28, 29, 30, 31, 32, 33, 34, 35, 123, 124, 125, 126, 127, 180, 181, 182, 183, 184, 185, 0, 1, 2, 3, 4, 5, 6, 7, 8, 73, 186, 187, 188, 189, 190, 191, 192, 193, 194, 195, 196, 197, 198, 199, 129, 130, 62.
- Genomes "MST_4" & "MST_16": The following singleton genes were ignored: 73, 170, 171, 172, 173, 174, 175, 176, 177, 178, 179, 74, 75, 76, 77, 78, 79, 80, 81, 82, 9, 10, 11, 12, 13, 14, 15, 16, 17, 18, 19, 20, 21, 22, 23, 24, 25, 26, 27, 28, 29, 30, 31, 32, 33, 34, 35, 123, 124, 125, 126, 127, 42, 43, 44, 45, 46, 47, 48, 49, 50, 51, 52, 53, 54, 55, 56, 57, 58, 59, 162, 163, 164, 165, 166, 167, 168, 169, 142, 143, 144, 145, 146, 147, 148, 149, 150, 151, 152, 153, 154, 155, 156, 157, 158, 159, 160, 161, 180, 181, 182, 183, 184, 185, 186, 187, 188, 189, 190, 191, 192, 193, 194, 195, 196, 197, 198, 199, 0, 1, 2, 3, 4, 5, 6, 7, 8, 129, 130, 131, 132, 133, 134, 135, 136, 137, 138, 139, 140, 141, 62.
- Genomes "MST_4" & "SEQ_0": The following singleton genes were ignored: 74, 75, 47, 48, 49, 42, 43, 44, 162, 163, 164, 165, 166, 167, 168, 134, 135, 136, 177, 178, 179, 173, 174, 77, 78, 79, 80, 13, 14, 15, 16, 17, 18, 19, 20, 45, 46, 51, 52, 23, 24, 25, 175, 176, 57, 58, 59, 53, 54, 55, 56, 27, 28, 29, 180, 181, 182, 183, 184, 185, 153, 154, 155, 156, 157, 158, 150, 151, 73, 194, 195, 196, 197, 198, 199, 137, 132, 133, 131, 170, 171, 172, 141, 138, 139, 140, 186, 187, 123, 124, 125, 126, 127, 128, 129, 169, 142, 143, 144, 145, 146, 147, 191, 192, 193, 190, 8, 1, 2, 3, 4, 5, 0, 9, 22, 160, 10, 11, 12, 188, 82, 148, 31, 32, 33, 34, 62.
- Genomes "MST_4" & "SEQ_1": The following singleton genes were ignored: 74, 75, 47, 48, 49, 42, 43, 44, 162, 163, 164, 165, 166, 167, 168, 134, 135, 136, 177, 178, 179, 173, 174, 77, 78, 79, 80, 13, 14, 15, 16, 17, 18, 19, 20, 45, 46, 51, 52, 23, 24, 25, 175, 176, 53, 54, 55, 56, 57, 58, 59, 27, 28, 29, 180, 181, 182, 183, 184, 185, 153, 154, 155, 156, 157, 158, 150, 151, 73, 194, 195, 196, 197, 198, 199, 137, 132, 133, 131, 170, 171, 172, 141, 138, 139, 140, 186, 187, 123, 124, 125, 126, 127, 128, 129, 130, 169, 142, 143, 144, 145, 146, 147, 191, 192, 193, 190, 8, 1, 2, 3, 4, 5, 0, 9, 22, 160, 10, 11, 12, 188, 82, 148, 31, 32, 33, 34, 62.
- Genomes "MST_4" & "SEQ_2": The following singleton genes were ignored: 74, 75, 76, 77, 78, 79, 80, 47, 48, 49, 50, 42, 43, 44, 162, 163, 164, 165, 166, 167, 168, 134, 135, 136, 173, 174, 45, 46, 51, 52, 53, 54, 55, 56, 57, 58, 59, 175, 176, 177, 178, 179, 27, 28, 29, 180, 181, 182, 183, 184, 185, 153, 154, 155, 156, 157, 158, 150, 151, 73, 194, 195, 196, 197, 198, 199, 21, 22, 23, 24, 25, 26, 148, 149, 30, 31, 32, 33, 34, 0, 1, 2, 3, 4, 5, 6, 7, 190, 191, 192, 193, 137, 132, 133, 82, 131, 170, 171, 172, 141, 138, 139, 140, 186, 187, 188, 189, 81, 123, 124, 125, 126, 127, 128, 129, 130, 169, 142, 143, 144, 145, 146, 147, 35, 161, 9, 10, 11, 12, 13, 14, 15, 16, 17, 18, 19, 20.
- Genomes "MST_4" & "SEQ_3": The following singleton genes were ignored: 74, 75, 76, 77, 78, 79, 80, 81, 47, 48, 49, 50, 42, 43, 44, 162, 163, 164, 165, 166, 167, 168, 134, 135, 136, 173, 174, 45, 46, 51, 52, 53, 54, 55, 56, 57, 58, 59, 175, 176, 177, 178, 179, 27, 28, 29, 180, 181, 182, 183, 184, 185, 153, 154, 155, 156, 157, 158, 150, 151, 73, 194, 195, 196, 197, 198, 199, 21, 22, 23, 24, 25, 26, 148, 149, 30, 31, 32, 33, 34, 0, 1, 2, 3, 4, 5, 6, 7, 190, 191, 192, 193, 137, 132, 133, 82, 131, 170, 171, 172, 141, 138, 139, 140, 186, 187, 188, 189, 123, 124, 125, 126, 127, 128, 129, 130, 169, 142, 143, 144, 145, 146, 147, 35, 161, 9, 10, 11, 12, 13, 14, 15, 16, 17, 18, 19, 20.
- Genomes "MST_4" & "SEQ_4": The following singleton genes were ignored: 74, 75, 76, 77, 78, 79, 80, 81, 42, 43, 44, 45, 46, 47, 48, 49, 50, 51, 52, 53, 54, 55, 56, 57, 58, 59, 162, 163, 164, 165, 166, 167, 168, 169, 170, 171, 172, 173, 174, 175, 176, 177, 178, 179, 142, 143, 144, 145, 146, 147, 148, 149, 150, 151, 152, 153, 154, 155, 156, 157, 158, 159, 160, 161, 21, 22, 23, 24, 25, 26, 27, 28, 29, 30, 31, 32, 33, 34, 35, 123, 124, 125, 126, 127, 128, 187, 188, 189, 190, 191, 192, 193, 194, 195, 196, 197, 198, 199, 180, 181, 182, 183, 184, 185, 0, 1, 2, 3, 4, 5, 6, 7, 8, 73, 186, 129, 130, 131, 132, 133, 134, 135, 136, 137, 138, 139, 140, 141, 82, 9, 10, 11, 12, 13, 14, 15, 16, 17, 18, 19, 20.
- Genomes "MST_4" & "SEQ_5": The following singleton genes were ignored: 74, 75, 76, 77, 78, 79, 80, 81, 42, 43, 44, 45, 46, 47, 48, 49, 50, 51, 52, 53, 54, 55, 56, 57, 58, 59, 162, 163, 164, 165, 166, 167, 168, 169, 170, 171, 172, 173, 174, 175, 176, 177, 178, 179, 142, 143, 144, 145, 146, 147, 148, 149, 150, 151, 152, 153, 154, 155, 156, 157, 158, 159, 160, 161, 21, 22, 23, 24, 25, 26, 27, 28, 29, 30, 31, 32, 33, 34, 35, 123, 124, 125, 126, 127, 128, 187, 188, 189, 190, 191, 192, 193, 194, 195, 196, 197, 198, 199, 180, 181, 182, 183, 184, 185, 0, 1, 2, 3, 4, 5, 6, 7, 8, 73, 186, 129, 130, 131, 132, 133, 134, 135, 136, 137, 138, 139, 140, 141, 82, 9, 10, 11, 12, 13, 14, 15, 16, 17, 18, 19, 20.
- Genomes "MST_4" & "SEQ_6": The following singleton genes were ignored: 74, 75, 76, 77, 78, 79, 80, 81, 82, 9, 10, 11, 12, 13, 14, 15, 16, 17, 18, 19, 20, 21, 22, 23, 24, 25, 26, 27, 28, 29, 30, 31, 32, 33, 34, 35, 123, 124, 125, 126, 127, 128, 187, 188, 189, 190, 191, 192, 193, 194, 195, 196, 197, 198, 199, 42, 43, 44, 45, 46, 47, 48, 49, 50, 51, 52, 53, 54, 55, 56, 57, 58, 59, 162, 163, 164, 165, 166, 167, 168, 169, 170, 171, 172, 173, 174, 175, 176, 177, 178, 179, 142, 143, 144, 145, 146, 147, 148, 149, 150, 151, 152, 153, 154, 155, 156, 157, 158, 159, 160, 161, 180, 181, 182, 183, 184, 185, 186, 129, 130, 131, 132, 133, 134, 135, 136, 137, 138, 139, 140, 141, 0, 1, 2, 3, 4, 5, 6, 7, 8, 73.
- Genomes "MST_4" & "SEQ_7": The following singleton genes were ignored: 74, 75, 76, 77, 78, 79, 80, 81, 82, 9, 10, 11, 12, 13, 14, 15, 16, 17, 18, 19, 20, 21, 22, 23, 24, 25, 26, 27, 28, 29, 30, 31, 32, 33, 34, 35, 123, 124, 125, 126, 127, 128, 187, 188, 189, 190, 191, 192, 193, 194, 195, 196, 197, 198, 199, 42, 43, 44, 45, 46, 47, 48, 49, 50, 51, 52, 53, 54, 55, 56, 57, 58, 59, 162, 163, 164, 165, 166, 167, 168, 169, 170, 171, 172, 173, 174, 175, 176, 177, 178, 179, 142, 143, 144, 145, 146, 147, 148, 149, 150, 151, 152, 153, 154, 155, 156, 157, 158, 159, 160, 161, 180, 181, 182, 183, 184, 185, 186, 129, 130, 131, 132, 133, 134, 135, 136, 137, 138, 139, 140, 141, 0, 1, 2, 3, 4, 5, 6, 7, 8, 73.
- Genomes "MST_5" & "MST_6": The following singleton genes were ignored: 140, 139, 138, 137, 133, 134, 135, 136.
- Genomes "MST_5" & "MST_7": The following singleton genes were ignored: 141, 138, 137, 170, 171, 61, 62, 133, 134, 135, 136.
- Genomes "MST_5" & "MST_8": The following singleton genes were ignored: 179, 178, 177, 176, 175, 174, 173, 172, 171, 170, 10, 160, 22, 31, 148, 88, 89, 110, 111, 112, 113, 114, 115, 116, 117, 90, 118, 91, 119, 92, 93, 94, 95, 96, 97, 98, 99, 120, 121, 60, 61, 62, 132, 133, 134, 135, 136, 100, 101, 102, 103, 104, 105, 106, 107, 108, 109, 83, 84, 85, 86, 87.
- Genomes "MST_5" & "MST_9": The following singleton genes were ignored: 161, 160, 159, 158, 157, 156, 155, 154, 153, 152, 151, 150, 149, 148, 147, 146, 145, 144, 143, 142, 169, 170, 72, 73, 74, 75, 162, 163, 164, 165, 166, 167, 168, 77, 78, 79, 80, 13, 14, 15, 16, 17, 18, 19, 20, 23, 24, 25, 31, 32, 33, 34, 27, 28, 29, 180, 181, 182, 183, 184, 185, 10, 11, 12, 194, 195, 196, 197, 198, 199, 187, 191, 192, 193, 0, 9, 82, 188, 88, 89, 110, 111, 112, 113, 114, 115, 116, 117, 90, 118, 91, 119, 92, 93, 94, 95, 96, 97, 98, 99, 120, 121, 122, 123, 124, 125, 126, 127, 129, 60, 61, 62, 130, 132, 133, 134, 135, 136, 100, 101, 102, 103, 105, 106, 107, 108, 109, 83, 84, 85, 86, 87.
- Genomes "MST_5" & "MST_10": The following singleton genes were ignored: 162, 163, 164, 165, 166, 167, 168, 169, 170, 72, 73, 40, 41, 74, 75, 47, 48, 49, 42, 43, 44, 38, 39, 177, 178, 179, 173, 174, 77, 78, 79, 80, 13, 14, 15, 16, 17, 18, 19, 20, 45, 46, 51, 52, 142, 143, 144, 145, 146, 147, 23, 24, 25, 138, 139, 140, 175, 176, 171, 172, 57, 58, 59, 53, 54, 55, 56, 27, 28, 29, 1, 2, 3, 4, 5, 180, 181, 182, 183, 184, 185, 153, 154, 155, 156, 157, 158, 150, 151, 36, 37, 194, 195, 196, 197, 198, 199, 187, 191, 192, 193, 0, 9, 22, 160, 10, 11, 12, 82, 188, 148, 31, 32, 33, 34, 88, 89, 110, 111, 112, 113, 114, 115, 116, 117, 90, 118, 91, 119, 92, 93, 94, 95, 96, 97, 98, 99, 120, 121, 122, 123, 124, 125, 126, 127, 129, 60, 61, 62, 130, 100, 101, 102, 103, 105, 106, 107, 108, 109, 83, 84, 85, 86, 87.
- Genomes "MST_5" & "MST_11": The following singleton genes were ignored: 180, 181, 182, 183, 184, 185, 186, 72, 73, 40, 41, 170, 171, 172, 74, 75, 76, 77, 78, 79, 80, 47, 48, 49, 42, 43, 44, 162, 163, 164, 165, 166, 167, 168, 38, 39, 177, 178, 179, 173, 174, 45, 46, 51, 52, 142, 143, 144, 145, 146, 147, 138, 139, 140, 175, 176, 53, 54, 55, 56, 57, 58, 59, 27, 28, 29, 1, 2, 3, 4, 5, 153, 154, 155, 156, 157, 158, 150, 151, 194, 195, 196, 197, 198, 199, 21, 22, 23, 24, 25, 26, 187, 188, 189, 81, 190, 191, 192, 193, 35, 36, 37, 161, 9, 10, 11, 12, 13, 14, 15, 16, 17, 18, 19, 20, 149, 30, 31, 32, 33, 34, 88, 89, 110, 111, 112, 113, 114, 115, 116, 117, 90, 118, 91, 119, 92, 93, 94, 95, 96, 97, 98, 99, 120, 121, 122, 123, 124, 125, 126, 127, 60, 61, 62, 130, 131, 100, 101, 102, 103, 104, 106, 107, 108, 109, 83, 84, 85, 86, 87.
- Genomes "MST_5" & "MST_12": The following singleton genes were ignored: 199, 198, 197, 196, 195, 194, 193, 192, 191, 190, 189, 188, 187, 72, 73, 40, 41, 74, 75, 76, 77, 78, 79, 80, 81, 47, 48, 49, 50, 42, 43, 44, 162, 163, 164, 165, 166, 167, 168, 38, 39, 173, 174, 45, 46, 51, 52, 53, 54, 55, 56, 57, 58, 59, 142, 143, 144, 145, 146, 147, 138, 139, 140, 175, 176, 177, 178, 179, 27, 28, 29, 180, 181, 182, 183, 184, 185, 153, 154, 155, 156, 157, 158, 150, 151, 21, 22, 23, 24, 25, 26, 148, 149, 30, 31, 32, 33, 34, 0, 1, 2, 3, 4, 5, 6, 7, 82, 9, 10, 11, 12, 13, 14, 15, 16, 17, 18, 19, 20, 169, 170, 171, 172, 35, 36, 37, 88, 89, 110, 111, 112, 113, 114, 115, 116, 117, 90, 118, 91, 119, 92, 93, 94, 95, 96, 97, 98, 99, 120, 121, 122, 123, 124, 125, 126, 127, 129, 60, 61, 62, 130, 131, 100, 101, 102, 103, 104, 105, 106, 107, 108, 109, 83, 84, 85, 86, 87.
- Genomes "MST_5" & "MST_13": The following singleton genes were ignored: 40, 41, 74, 75, 76, 77, 78, 79, 80, 81, 47, 48, 49, 50, 42, 43, 44, 162, 163, 164, 165, 166, 167, 168, 137, 38, 39, 173, 174, 45, 46, 51, 52, 53, 54, 55, 56, 57, 58, 59, 142, 143, 144, 145, 146, 147, 138, 139, 140, 141, 175, 176, 177, 178, 179, 180, 181, 182, 183, 184, 185, 153, 154, 155, 156, 157, 158, 150, 151, 36, 37, 194, 195, 196, 197, 198, 199, 148, 149, 0, 1, 2, 3, 4, 5, 6, 7, 190, 191, 192, 193, 63, 64, 65, 66, 67, 68, 69, 70, 71, 72, 73, 186, 187, 188, 189, 82, 9, 10, 11, 12, 13, 14, 15, 16, 17, 18, 19, 20, 169, 170, 171, 172, 161, 21, 22, 23, 24, 25, 26, 27, 28, 29, 30, 31, 32, 33, 34, 35, 122, 128, 129, 60, 61, 62, 130, 131, 104.
- Genomes "MST_5" & "MST_14": The following singleton genes were ignored: 20, 19, 18, 17, 16, 15, 14, 13, 12, 11, 10, 9, 82, 137, 170, 171, 172, 173, 174, 175, 176, 177, 178, 179, 74, 75, 76, 77, 78, 79, 80, 81, 42, 43, 44, 45, 46, 47, 48, 49, 50, 51, 52, 53, 54, 55, 56, 57, 58, 59, 162, 163, 164, 165, 166, 167, 168, 169, 142, 143, 144, 145, 146, 147, 148, 149, 150, 151, 152, 153, 154, 155, 156, 157, 158, 159, 160, 161, 21, 22, 23, 24, 25, 26, 27, 28, 29, 30, 31, 32, 33, 34, 35, 138, 139, 140, 141, 180, 181, 182, 183, 184, 185, 0, 1, 2, 3, 4, 5, 6, 7, 63, 64, 65, 66, 67, 68, 69, 70, 71, 72, 73, 186, 187, 188, 189, 190, 191, 192, 193, 194, 195, 196, 197, 198, 199, 36, 37, 38, 39, 40, 41, 128, 61, 62, 131, 104.
- Genomes "MST_5" & "MST_15": The following singleton genes were ignored: 74, 75, 76, 77, 78, 79, 80, 81, 82, 137, 138, 139, 140, 141, 170, 171, 172, 173, 174, 175, 176, 177, 178, 179, 42, 43, 44, 45, 46, 47, 48, 49, 50, 51, 52, 53, 54, 55, 56, 57, 58, 59, 162, 163, 164, 165, 166, 167, 168, 169, 142, 143, 144, 145, 146, 147, 148, 149, 150, 151, 152, 153, 154, 155, 156, 157, 158, 159, 160, 161, 9, 10, 11, 12, 13, 14, 15, 16, 17, 18, 19, 20, 21, 22, 23, 24, 25, 26, 27, 28, 29, 30, 31, 32, 33, 34, 35, 180, 181, 182, 183, 184, 185, 0, 1, 2, 3, 4, 5, 6, 7, 8, 63, 64, 65, 66, 67, 68, 69, 70, 71, 72, 73, 186, 187, 188, 189, 190, 191, 192, 193, 194, 195, 196, 197, 198, 199, 36, 37, 38, 39, 40, 41, 128, 62, 131.
- Genomes "MST_5" & "MST_16": The following singleton genes were ignored: 73, 72, 71, 170, 171, 172, 173, 174, 175, 176, 177, 178, 179, 74, 75, 76, 77, 78, 79, 80, 81, 82, 9, 10, 11, 12, 13, 14, 15, 16, 17, 18, 19, 20, 21, 22, 23, 24, 25, 26, 27, 28, 29, 30, 31, 32, 33, 34, 35, 42, 43, 44, 45, 46, 47, 48, 49, 50, 51, 52, 53, 54, 55, 56, 57, 58, 59, 162, 163, 164, 165, 166, 167, 168, 169, 142, 143, 144, 145, 146, 147, 148, 149, 150, 151, 152, 153, 154, 155, 156, 157, 158, 159, 160, 161, 180, 181, 182, 183, 184, 185, 186, 187, 188, 189, 190, 191, 192, 193, 194, 195, 196, 197, 198, 199, 0, 1, 2, 3, 4, 5, 6, 7, 8, 63, 64, 65, 66, 67, 68, 69, 70, 36, 37, 38, 39, 40, 41, 137, 138, 139, 140, 141, 128, 62.
- Genomes "MST_5" & "SEQ_0": The following singleton genes were ignored: 40, 41, 74, 75, 47, 48, 49, 42, 43, 44, 162, 163, 164, 165, 166, 167, 168, 38, 39, 177, 178, 179, 173, 174, 77, 78, 79, 80, 13, 14, 15, 16, 17, 18, 19, 20, 45, 46, 51, 52, 23, 24, 25, 175, 176, 57, 58, 59, 53, 54, 55, 56, 27, 28, 29, 180, 181, 182, 183, 184, 185, 153, 154, 155, 156, 157, 158, 150, 151, 36, 37, 63, 64, 65, 66, 67, 68, 69, 70, 71, 72, 73, 194, 195, 196, 197, 198, 199, 137, 170, 171, 172, 141, 138, 139, 140, 186, 187, 169, 142, 143, 144, 145, 146, 147, 191, 192, 193, 190, 8, 1, 2, 3, 4, 5, 0, 9, 22, 160, 10, 11, 12, 188, 82, 148, 31, 32, 33, 34, 62, 130.
- Genomes "MST_5" & "SEQ_1": The following singleton genes were ignored: 40, 41, 74, 75, 47, 48, 49, 42, 43, 44, 162, 163, 164, 165, 166, 167, 168, 38, 39, 177, 178, 179, 173, 174, 77, 78, 79, 80, 13, 14, 15, 16, 17, 18, 19, 20, 45, 46, 51, 52, 23, 24, 25, 175, 176, 53, 54, 55, 56, 57, 58, 59, 27, 28, 29, 180, 181, 182, 183, 184, 185, 153, 154, 155, 156, 157, 158, 150, 151, 36, 37, 63, 64, 65, 66, 67, 68, 69, 70, 71, 72, 73, 194, 195, 196, 197, 198, 199, 137, 170, 171, 172, 141, 138, 139, 140, 186, 187, 169, 142, 143, 144, 145, 146, 147, 191, 192, 193, 190, 8, 1, 2, 3, 4, 5, 0, 9, 22, 160, 10, 11, 12, 188, 82, 148, 31, 32, 33, 34, 62.
- Genomes "MST_5" & "SEQ_2": The following singleton genes were ignored: 40, 41, 74, 75, 76, 77, 78, 79, 80, 47, 48, 49, 50, 42, 43, 44, 162, 163, 164, 165, 166, 167, 168, 38, 39, 173, 174, 45, 46, 51, 52, 53, 54, 55, 56, 57, 58, 59, 175, 176, 177, 178, 179, 27, 28, 29, 180, 181, 182, 183, 184, 185, 153, 154, 155, 156, 157, 158, 150, 151, 63, 64, 65, 66, 67, 68, 69, 70, 71, 72, 73, 194, 195, 196, 197, 198, 199, 21, 22, 23, 24, 25, 26, 148, 149, 30, 31, 32, 33, 34, 0, 1, 2, 3, 4, 5, 6, 7, 190, 191, 192, 193, 137, 82, 170, 171, 172, 141, 138, 139, 140, 186, 187, 188, 189, 81, 169, 142, 143, 144, 145, 146, 147, 35, 36, 37, 161, 9, 10, 11, 12, 13, 14, 15, 16, 17, 18, 19, 20.
- Genomes "MST_5" & "SEQ_3": The following singleton genes were ignored: 40, 41, 74, 75, 76, 77, 78, 79, 80, 81, 47, 48, 49, 50, 42, 43, 44, 162, 163, 164, 165, 166, 167, 168, 38, 39, 173, 174, 45, 46, 51, 52, 53, 54, 55, 56, 57, 58, 59, 175, 176, 177, 178, 179, 27, 28, 29, 180, 181, 182, 183, 184, 185, 153, 154, 155, 156, 157, 158, 150, 151, 63, 64, 65, 66, 67, 68, 69, 70, 71, 72, 73, 194, 195, 196, 197, 198, 199, 21, 22, 23, 24, 25, 26, 148, 149, 30, 31, 32, 33, 34, 0, 1, 2, 3, 4, 5, 6, 7, 190, 191, 192, 193, 137, 82, 170, 171, 172, 141, 138, 139, 140, 186, 187, 188, 189, 169, 142, 143, 144, 145, 146, 147, 35, 36, 37, 161, 9, 10, 11, 12, 13, 14, 15, 16, 17, 18, 19, 20.
- Genomes "MST_5" & "SEQ_4": The following singleton genes were ignored: 74, 75, 76, 77, 78, 79, 80, 81, 42, 43, 44, 45, 46, 47, 48, 49, 50, 51, 52, 53, 54, 55, 56, 57, 58, 59, 36, 37, 38, 39, 40, 41, 162, 163, 164, 165, 166, 167, 168, 169, 170, 171, 172, 173, 174, 175, 176, 177, 178, 179, 142, 143, 144, 145, 146, 147, 148, 149, 150, 151, 152, 153, 154, 155, 156, 157, 158, 159, 160, 161, 21, 22, 23, 24, 25, 26, 27, 28, 29, 30, 31, 32, 33, 34, 35, 187, 188, 189, 190, 191, 192, 193, 194, 195, 196, 197, 198, 199, 180, 181, 182, 183, 184, 185, 0, 1, 2, 3, 4, 5, 6, 7, 8, 63, 64, 65, 66, 67, 68, 69, 70, 71, 72, 73, 186, 137, 138, 139, 140, 141, 82, 9, 10, 11, 12, 13, 14, 15, 16, 17, 18, 19, 20.
- Genomes "MST_5" & "SEQ_5": The following singleton genes were ignored: 74, 75, 76, 77, 78, 79, 80, 81, 42, 43, 44, 45, 46, 47, 48, 49, 50, 51, 52, 53, 54, 55, 56, 57, 58, 59, 36, 37, 38, 39, 40, 41, 162, 163, 164, 165, 166, 167, 168, 169, 170, 171, 172, 173, 174, 175, 176, 177, 178, 179, 142, 143, 144, 145, 146, 147, 148, 149, 150, 151, 152, 153, 154, 155, 156, 157, 158, 159, 160, 161, 21, 22, 23, 24, 25, 26, 27, 28, 29, 30, 31, 32, 33, 34, 35, 187, 188, 189, 190, 191, 192, 193, 194, 195, 196, 197, 198, 199, 180, 181, 182, 183, 184, 185, 0, 1, 2, 3, 4, 5, 6, 7, 8, 63, 64, 65, 66, 67, 68, 69, 70, 71, 72, 73, 186, 137, 138, 139, 140, 141, 82, 9, 10, 11, 12, 13, 14, 15, 16, 17, 18, 19, 20.
- Genomes "MST_5" & "SEQ_6": The following singleton genes were ignored: 74, 75, 76, 77, 78, 79, 80, 81, 82, 9, 10, 11, 12, 13, 14, 15, 16, 17, 18, 19, 20, 21, 22, 23, 24, 25, 26, 27, 28, 29, 30, 31, 32, 33, 34, 35, 187, 188, 189, 190, 191, 192, 193, 194, 195, 196, 197, 198, 199, 42, 43, 44, 45, 46, 47, 48, 49, 50, 51, 52, 53, 54, 55, 56, 57, 58, 59, 36, 37, 38, 39, 40, 41, 162, 163, 164, 165, 166, 167, 168, 169, 170, 171, 172, 173, 174, 175, 176, 177, 178, 179, 142, 143, 144, 145, 146, 147, 148, 149, 150, 151, 152, 153, 154, 155, 156, 157, 158, 159, 160, 161, 180, 181, 182, 183, 184, 185, 186, 137, 138, 139, 140, 141, 0, 1, 2, 3, 4, 5, 6, 7, 8, 63, 64, 65, 66, 67, 68, 69, 70, 71, 72, 73.
- Genomes "MST_5" & "SEQ_7": The following singleton genes were ignored: 74, 75, 76, 77, 78, 79, 80, 81, 82, 9, 10, 11, 12, 13, 14, 15, 16, 17, 18, 19, 20, 21, 22, 23, 24, 25, 26, 27, 28, 29, 30, 31, 32, 33, 34, 35, 187, 188, 189, 190, 191, 192, 193, 194, 195, 196, 197, 198, 199, 42, 43, 44, 45, 46, 47, 48, 49, 50, 51, 52, 53, 54, 55, 56, 57, 58, 59, 36, 37, 38, 39, 40, 41, 162, 163, 164, 165, 166, 167, 168, 169, 170, 171, 172, 173, 174, 175, 176, 177, 178, 179, 142, 143, 144, 145, 146, 147, 148, 149, 150, 151, 152, 153, 154, 155, 156, 157, 158, 159, 160, 161, 180, 181, 182, 183, 184, 185, 186, 137, 138, 139, 140, 141, 0, 1, 2, 3, 4, 5, 6, 7, 8, 63, 64, 65, 66, 67, 68, 69, 70, 71, 72, 73.
- Genomes "MST_6" & "MST_7": The following singleton genes were ignored: 141, 170, 171, 61, 62, 139, 140.
- Genomes "MST_6" & "MST_8": The following singleton genes were ignored: 179, 178, 177, 176, 175, 174, 173, 172, 171, 170, 10, 160, 22, 31, 148, 88, 89, 110, 111, 112, 113, 114, 115, 116, 117, 90, 118, 91, 119, 92, 93, 94, 95, 96, 97, 98, 99, 120, 121, 60, 61, 62, 132, 137, 138, 139, 140, 100, 101, 102, 103, 104, 105, 106, 107, 108, 109, 83, 84, 85, 86, 87.
- Genomes "MST_6" & "MST_9": The following singleton genes were ignored: 161, 160, 159, 158, 157, 156, 155, 154, 153, 152, 151, 150, 149, 148, 147, 146, 145, 144, 143, 142, 169, 170, 72, 73, 74, 75, 162, 163, 164, 165, 166, 167, 168, 77, 78, 79, 80, 13, 14, 15, 16, 17, 18, 19, 20, 23, 24, 25, 31, 32, 33, 34, 27, 28, 29, 180, 181, 182, 183, 184, 185, 10, 11, 12, 194, 195, 196, 197, 198, 199, 187, 191, 192, 193, 0, 9, 82, 188, 88, 89, 110, 111, 112, 113, 114, 115, 116, 117, 90, 118, 91, 119, 92, 93, 94, 95, 96, 97, 98, 99, 120, 121, 122, 123, 124, 125, 126, 127, 129, 60, 61, 62, 130, 132, 137, 138, 139, 140, 100, 101, 102, 103, 105, 106, 107, 108, 109, 83, 84, 85, 86, 87.
- Genomes "MST_6" & "MST_10": The following singleton genes were ignored: 162, 163, 164, 165, 166, 167, 168, 169, 170, 72, 73, 40, 41, 133, 74, 75, 47, 48, 49, 42, 43, 44, 134, 135, 136, 38, 39, 177, 178, 179, 173, 174, 77, 78, 79, 80, 13, 14, 15, 16, 17, 18, 19, 20, 45, 46, 51, 52, 142, 143, 144, 145, 146, 147, 23, 24, 25, 175, 176, 171, 172, 57, 58, 59, 53, 54, 55, 56, 27, 28, 29, 1, 2, 3, 4, 5, 180, 181, 182, 183, 184, 185, 153, 154, 155, 156, 157, 158, 150, 151, 36, 37, 194, 195, 196, 197, 198, 199, 187, 191, 192, 193, 0, 9, 22, 160, 10, 11, 12, 82, 188, 148, 31, 32, 33, 34, 88, 89, 110, 111, 112, 113, 114, 115, 116, 117, 90, 118, 91, 119, 92, 93, 94, 95, 96, 97, 98, 99, 120, 121, 122, 123, 124, 125, 126, 127, 129, 60, 61, 62, 130, 137, 100, 101, 102, 103, 105, 106, 107, 108, 109, 83, 84, 85, 86, 87.
- Genomes "MST_6" & "MST_11": The following singleton genes were ignored: 180, 181, 182, 183, 184, 185, 186, 72, 73, 40, 41, 133, 170, 171, 172, 74, 75, 76, 77, 78, 79, 80, 47, 48, 49, 42, 43, 44, 162, 163, 164, 165, 166, 167, 168, 134, 135, 136, 38, 39, 177, 178, 179, 173, 174, 45, 46, 51, 52, 142, 143, 144, 145, 146, 147, 175, 176, 53, 54, 55, 56, 57, 58, 59, 27, 28, 29, 1, 2, 3, 4, 5, 153, 154, 155, 156, 157, 158, 150, 151, 194, 195, 196, 197, 198, 199, 21, 22, 23, 24, 25, 26, 187, 188, 189, 81, 190, 191, 192, 193, 35, 36, 37, 161, 9, 10, 11, 12, 13, 14, 15, 16, 17, 18, 19, 20, 149, 30, 31, 32, 33, 34, 88, 89, 110, 111, 112, 113, 114, 115, 116, 117, 90, 118, 91, 119, 92, 93, 94, 95, 96, 97, 98, 99, 120, 121, 122, 123, 124, 125, 126, 127, 60, 61, 62, 130, 131, 137, 100, 101, 102, 103, 104, 106, 107, 108, 109, 83, 84, 85, 86, 87.
- Genomes "MST_6" & "MST_12": The following singleton genes were ignored: 199, 198, 197, 196, 195, 194, 193, 192, 191, 190, 189, 188, 187, 72, 73, 40, 41, 133, 74, 75, 76, 77, 78, 79, 80, 81, 47, 48, 49, 50, 42, 43, 44, 162, 163, 164, 165, 166, 167, 168, 134, 135, 136, 38, 39, 173, 174, 45, 46, 51, 52, 53, 54, 55, 56, 57, 58, 59, 142, 143, 144, 145, 146, 147, 175, 176, 177, 178, 179, 27, 28, 29, 180, 181, 182, 183, 184, 185, 153, 154, 155, 156, 157, 158, 150, 151, 21, 22, 23, 24, 25, 26, 148, 149, 30, 31, 32, 33, 34, 0, 1, 2, 3, 4, 5, 6, 7, 82, 9, 10, 11, 12, 13, 14, 15, 16, 17, 18, 19, 20, 169, 170, 171, 172, 35, 36, 37, 88, 89, 110, 111, 112, 113, 114, 115, 116, 117, 90, 118, 91, 119, 92, 93, 94, 95, 96, 97, 98, 99, 120, 121, 122, 123, 124, 125, 126, 127, 129, 60, 61, 62, 130, 131, 137, 100, 101, 102, 103, 104, 105, 106, 107, 108, 109, 83, 84, 85, 86, 87.
- Genomes "MST_6" & "MST_13": The following singleton genes were ignored: 40, 41, 74, 75, 76, 77, 78, 79, 80, 81, 47, 48, 49, 50, 42, 43, 44, 162, 163, 164, 165, 166, 167, 168, 134, 135, 136, 133, 38, 39, 173, 174, 45, 46, 51, 52, 53, 54, 55, 56, 57, 58, 59, 142, 143, 144, 145, 146, 147, 141, 175, 176, 177, 178, 179, 180, 181, 182, 183, 184, 185, 153, 154, 155, 156, 157, 158, 150, 151, 36, 37, 194, 195, 196, 197, 198, 199, 148, 149, 0, 1, 2, 3, 4, 5, 6, 7, 190, 191, 192, 193, 63, 64, 65, 66, 67, 68, 69, 70, 71, 72, 73, 186, 187, 188, 189, 82, 9, 10, 11, 12, 13, 14, 15, 16, 17, 18, 19, 20, 169, 170, 171, 172, 161, 21, 22, 23, 24, 25, 26, 27, 28, 29, 30, 31, 32, 33, 34, 35, 122, 128, 129, 60, 61, 62, 130, 131, 104.
- Genomes "MST_6" & "MST_14": The following singleton genes were ignored: 20, 19, 18, 17, 16, 15, 14, 13, 12, 11, 10, 9, 82, 133, 134, 135, 136, 170, 171, 172, 173, 174, 175, 176, 177, 178, 179, 74, 75, 76, 77, 78, 79, 80, 81, 42, 43, 44, 45, 46, 47, 48, 49, 50, 51, 52, 53, 54, 55, 56, 57, 58, 59, 162, 163, 164, 165, 166, 167, 168, 169, 142, 143, 144, 145, 146, 147, 148, 149, 150, 151, 152, 153, 154, 155, 156, 157, 158, 159, 160, 161, 21, 22, 23, 24, 25, 26, 27, 28, 29, 30, 31, 32, 33, 34, 35, 141, 180, 181, 182, 183, 184, 185, 0, 1, 2, 3, 4, 5, 6, 7, 63, 64, 65, 66, 67, 68, 69, 70, 71, 72, 73, 186, 187, 188, 189, 190, 191, 192, 193, 194, 195, 196, 197, 198, 199, 36, 37, 38, 39, 40, 41, 128, 61, 62, 131, 104.
- Genomes "MST_6" & "MST_15": The following singleton genes were ignored: 74, 75, 76, 77, 78, 79, 80, 81, 82, 133, 134, 135, 136, 141, 170, 171, 172, 173, 174, 175, 176, 177, 178, 179, 42, 43, 44, 45, 46, 47, 48, 49, 50, 51, 52, 53, 54, 55, 56, 57, 58, 59, 162, 163, 164, 165, 166, 167, 168, 169, 142, 143, 144, 145, 146, 147, 148, 149, 150, 151, 152, 153, 154, 155, 156, 157, 158, 159, 160, 161, 9, 10, 11, 12, 13, 14, 15, 16, 17, 18, 19, 20, 21, 22, 23, 24, 25, 26, 27, 28, 29, 30, 31, 32, 33, 34, 35, 180, 181, 182, 183, 184, 185, 0, 1, 2, 3, 4, 5, 6, 7, 8, 63, 64, 65, 66, 67, 68, 69, 70, 71, 72, 73, 186, 187, 188, 189, 190, 191, 192, 193, 194, 195, 196, 197, 198, 199, 36, 37, 38, 39, 40, 41, 128, 62, 131.
- Genomes "MST_6" & "MST_16": The following singleton genes were ignored: 73, 72, 71, 170, 171, 172, 173, 174, 175, 176, 177, 178, 179, 74, 75, 76, 77, 78, 79, 80, 81, 82, 9, 10, 11, 12, 13, 14, 15, 16, 17, 18, 19, 20, 21, 22, 23, 24, 25, 26, 27, 28, 29, 30, 31, 32, 33, 34, 35, 42, 43, 44, 45, 46, 47, 48, 49, 50, 51, 52, 53, 54, 55, 56, 57, 58, 59, 162, 163, 164, 165, 166, 167, 168, 169, 142, 143, 144, 145, 146, 147, 148, 149, 150, 151, 152, 153, 154, 155, 156, 157, 158, 159, 160, 161, 180, 181, 182, 183, 184, 185, 186, 187, 188, 189, 190, 191, 192, 193, 194, 195, 196, 197, 198, 199, 0, 1, 2, 3, 4, 5, 6, 7, 8, 63, 64, 65, 66, 67, 68, 69, 70, 36, 37, 38, 39, 40, 41, 133, 134, 135, 136, 141, 128, 62.
- Genomes "MST_6" & "SEQ_0": The following singleton genes were ignored: 40, 41, 74, 75, 47, 48, 49, 42, 43, 44, 162, 163, 164, 165, 166, 167, 168, 134, 135, 136, 38, 39, 177, 178, 179, 173, 174, 77, 78, 79, 80, 13, 14, 15, 16, 17, 18, 19, 20, 45, 46, 51, 52, 23, 24, 25, 175, 176, 57, 58, 59, 53, 54, 55, 56, 27, 28, 29, 180, 181, 182, 183, 184, 185, 153, 154, 155, 156, 157, 158, 150, 151, 36, 37, 63, 64, 65, 66, 67, 68, 69, 70, 71, 72, 73, 194, 195, 196, 197, 198, 199, 133, 170, 171, 172, 141, 186, 187, 169, 142, 143, 144, 145, 146, 147, 191, 192, 193, 190, 8, 1, 2, 3, 4, 5, 0, 9, 22, 160, 10, 11, 12, 188, 82, 148, 31, 32, 33, 34, 62, 130.
- Genomes "MST_6" & "SEQ_1": The following singleton genes were ignored: 40, 41, 74, 75, 47, 48, 49, 42, 43, 44, 162, 163, 164, 165, 166, 167, 168, 134, 135, 136, 38, 39, 177, 178, 179, 173, 174, 77, 78, 79, 80, 13, 14, 15, 16, 17, 18, 19, 20, 45, 46, 51, 52, 23, 24, 25, 175, 176, 53, 54, 55, 56, 57, 58, 59, 27, 28, 29, 180, 181, 182, 183, 184, 185, 153, 154, 155, 156, 157, 158, 150, 151, 36, 37, 63, 64, 65, 66, 67, 68, 69, 70, 71, 72, 73, 194, 195, 196, 197, 198, 199, 133, 170, 171, 172, 141, 186, 187, 169, 142, 143, 144, 145, 146, 147, 191, 192, 193, 190, 8, 1, 2, 3, 4, 5, 0, 9, 22, 160, 10, 11, 12, 188, 82, 148, 31, 32, 33, 34, 62.
- Genomes "MST_6" & "SEQ_2": The following singleton genes were ignored: 40, 41, 74, 75, 76, 77, 78, 79, 80, 47, 48, 49, 50, 42, 43, 44, 162, 163, 164, 165, 166, 167, 168, 134, 135, 136, 38, 39, 173, 174, 45, 46, 51, 52, 53, 54, 55, 56, 57, 58, 59, 175, 176, 177, 178, 179, 27, 28, 29, 180, 181, 182, 183, 184, 185, 153, 154, 155, 156, 157, 158, 150, 151, 63, 64, 65, 66, 67, 68, 69, 70, 71, 72, 73, 194, 195, 196, 197, 198, 199, 21, 22, 23, 24, 25, 26, 148, 149, 30, 31, 32, 33, 34, 0, 1, 2, 3, 4, 5, 6, 7, 190, 191, 192, 193, 133, 82, 170, 171, 172, 141, 186, 187, 188, 189, 81, 169, 142, 143, 144, 145, 146, 147, 35, 36, 37, 161, 9, 10, 11, 12, 13, 14, 15, 16, 17, 18, 19, 20.
- Genomes "MST_6" & "SEQ_3": The following singleton genes were ignored: 40, 41, 74, 75, 76, 77, 78, 79, 80, 81, 47, 48, 49, 50, 42, 43, 44, 162, 163, 164, 165, 166, 167, 168, 134, 135, 136, 38, 39, 173, 174, 45, 46, 51, 52, 53, 54, 55, 56, 57, 58, 59, 175, 176, 177, 178, 179, 27, 28, 29, 180, 181, 182, 183, 184, 185, 153, 154, 155, 156, 157, 158, 150, 151, 63, 64, 65, 66, 67, 68, 69, 70, 71, 72, 73, 194, 195, 196, 197, 198, 199, 21, 22, 23, 24, 25, 26, 148, 149, 30, 31, 32, 33, 34, 0, 1, 2, 3, 4, 5, 6, 7, 190, 191, 192, 193, 133, 82, 170, 171, 172, 141, 186, 187, 188, 189, 169, 142, 143, 144, 145, 146, 147, 35, 36, 37, 161, 9, 10, 11, 12, 13, 14, 15, 16, 17, 18, 19, 20.
- Genomes "MST_6" & "SEQ_4": The following singleton genes were ignored: 74, 75, 76, 77, 78, 79, 80, 81, 42, 43, 44, 45, 46, 47, 48, 49, 50, 51, 52, 53, 54, 55, 56, 57, 58, 59, 36, 37, 38, 39, 40, 41, 162, 163, 164, 165, 166, 167, 168, 169, 170, 171, 172, 173, 174, 175, 176, 177, 178, 179, 142, 143, 144, 145, 146, 147, 148, 149, 150, 151, 152, 153, 154, 155, 156, 157, 158, 159, 160, 161, 21, 22, 23, 24, 25, 26, 27, 28, 29, 30, 31, 32, 33, 34, 35, 187, 188, 189, 190, 191, 192, 193, 194, 195, 196, 197, 198, 199, 180, 181, 182, 183, 184, 185, 0, 1, 2, 3, 4, 5, 6, 7, 8, 63, 64, 65, 66, 67, 68, 69, 70, 71, 72, 73, 186, 133, 134, 135, 136, 141, 82, 9, 10, 11, 12, 13, 14, 15, 16, 17, 18, 19, 20.
- Genomes "MST_6" & "SEQ_5": The following singleton genes were ignored: 74, 75, 76, 77, 78, 79, 80, 81, 42, 43, 44, 45, 46, 47, 48, 49, 50, 51, 52, 53, 54, 55, 56, 57, 58, 59, 36, 37, 38, 39, 40, 41, 162, 163, 164, 165, 166, 167, 168, 169, 170, 171, 172, 173, 174, 175, 176, 177, 178, 179, 142, 143, 144, 145, 146, 147, 148, 149, 150, 151, 152, 153, 154, 155, 156, 157, 158, 159, 160, 161, 21, 22, 23, 24, 25, 26, 27, 28, 29, 30, 31, 32, 33, 34, 35, 187, 188, 189, 190, 191, 192, 193, 194, 195, 196, 197, 198, 199, 180, 181, 182, 183, 184, 185, 0, 1, 2, 3, 4, 5, 6, 7, 8, 63, 64, 65, 66, 67, 68, 69, 70, 71, 72, 73, 186, 133, 134, 135, 136, 141, 82, 9, 10, 11, 12, 13, 14, 15, 16, 17, 18, 19, 20.
- Genomes "MST_6" & "SEQ_6": The following singleton genes were ignored: 74, 75, 76, 77, 78, 79, 80, 81, 82, 9, 10, 11, 12, 13, 14, 15, 16, 17, 18, 19, 20, 21, 22, 23, 24, 25, 26, 27, 28, 29, 30, 31, 32, 33, 34, 35, 187, 188, 189, 190, 191, 192, 193, 194, 195, 196, 197, 198, 199, 42, 43, 44, 45, 46, 47, 48, 49, 50, 51, 52, 53, 54, 55, 56, 57, 58, 59, 36, 37, 38, 39, 40, 41, 162, 163, 164, 165, 166, 167, 168, 169, 170, 171, 172, 173, 174, 175, 176, 177, 178, 179, 142, 143, 144, 145, 146, 147, 148, 149, 150, 151, 152, 153, 154, 155, 156, 157, 158, 159, 160, 161, 180, 181, 182, 183, 184, 185, 186, 133, 134, 135, 136, 141, 0, 1, 2, 3, 4, 5, 6, 7, 8, 63, 64, 65, 66, 67, 68, 69, 70, 71, 72, 73.
- Genomes "MST_6" & "SEQ_7": The following singleton genes were ignored: 74, 75, 76, 77, 78, 79, 80, 81, 82, 9, 10, 11, 12, 13, 14, 15, 16, 17, 18, 19, 20, 21, 22, 23, 24, 25, 26, 27, 28, 29, 30, 31, 32, 33, 34, 35, 187, 188, 189, 190, 191, 192, 193, 194, 195, 196, 197, 198, 199, 42, 43, 44, 45, 46, 47, 48, 49, 50, 51, 52, 53, 54, 55, 56, 57, 58, 59, 36, 37, 38, 39, 40, 41, 162, 163, 164, 165, 166, 167, 168, 169, 170, 171, 172, 173, 174, 175, 176, 177, 178, 179, 142, 143, 144, 145, 146, 147, 148, 149, 150, 151, 152, 153, 154, 155, 156, 157, 158, 159, 160, 161, 180, 181, 182, 183, 184, 185, 186, 133, 134, 135, 136, 141, 0, 1, 2, 3, 4, 5, 6, 7, 8, 63, 64, 65, 66, 67, 68, 69, 70, 71, 72, 73.
- Genomes "MST_7" & "MST_8": The following singleton genes were ignored: 179, 178, 177, 176, 175, 174, 173, 172, 10, 160, 22, 31, 148, 88, 89, 110, 111, 112, 113, 114, 115, 116, 117, 90, 118, 91, 119, 92, 93, 94, 95, 96, 97, 98, 99, 120, 121, 60, 132, 137, 138, 141, 100, 101, 102, 103, 104, 105, 106, 107, 108, 109, 83, 84, 85, 86, 87.
- Genomes "MST_7" & "MST_9": The following singleton genes were ignored: 161, 160, 159, 158, 157, 156, 155, 154, 153, 152, 151, 150, 149, 148, 147, 146, 145, 144, 143, 142, 169, 72, 73, 74, 75, 162, 163, 164, 165, 166, 167, 168, 77, 78, 79, 80, 13, 14, 15, 16, 17, 18, 19, 20, 23, 24, 25, 31, 32, 33, 34, 27, 28, 29, 180, 181, 182, 183, 184, 185, 10, 11, 12, 194, 195, 196, 197, 198, 199, 187, 191, 192, 193, 0, 9, 82, 188, 88, 89, 110, 111, 112, 113, 114, 115, 116, 117, 90, 118, 91, 119, 92, 93, 94, 95, 96, 97, 98, 99, 120, 121, 122, 123, 124, 125, 126, 127, 129, 60, 171, 130, 132, 137, 138, 141, 100, 101, 102, 103, 105, 106, 107, 108, 109, 83, 84, 85, 86, 87.
- Genomes "MST_7" & "MST_10": The following singleton genes were ignored: 162, 163, 164, 165, 166, 167, 168, 169, 72, 73, 40, 41, 133, 74, 75, 47, 48, 49, 42, 43, 44, 134, 135, 136, 38, 39, 177, 178, 179, 173, 174, 77, 78, 79, 80, 13, 14, 15, 16, 17, 18, 19, 20, 45, 46, 51, 52, 142, 143, 144, 145, 146, 147, 23, 24, 25, 139, 140, 175, 176, 172, 57, 58, 59, 53, 54, 55, 56, 27, 28, 29, 1, 2, 3, 4, 5, 180, 181, 182, 183, 184, 185, 153, 154, 155, 156, 157, 158, 150, 151, 36, 37, 194, 195, 196, 197, 198, 199, 187, 191, 192, 193, 0, 9, 22, 160, 10, 11, 12, 82, 188, 148, 31, 32, 33, 34, 88, 89, 110, 111, 112, 113, 114, 115, 116, 117, 90, 118, 91, 119, 92, 93, 94, 95, 96, 97, 98, 99, 120, 121, 122, 123, 124, 125, 126, 127, 129, 60, 130, 137, 141, 100, 101, 102, 103, 105, 106, 107, 108, 109, 83, 84, 85, 86, 87.
- Genomes "MST_7" & "MST_11": The following singleton genes were ignored: 180, 181, 182, 183, 184, 185, 186, 72, 73, 40, 41, 133, 172, 74, 75, 76, 77, 78, 79, 80, 47, 48, 49, 42, 43, 44, 162, 163, 164, 165, 166, 167, 168, 134, 135, 136, 38, 39, 177, 178, 179, 173, 174, 45, 46, 51, 52, 142, 143, 144, 145, 146, 147, 139, 140, 175, 176, 53, 54, 55, 56, 57, 58, 59, 27, 28, 29, 1, 2, 3, 4, 5, 153, 154, 155, 156, 157, 158, 150, 151, 194, 195, 196, 197, 198, 199, 21, 22, 23, 24, 25, 26, 187, 188, 189, 81, 190, 191, 192, 193, 35, 36, 37, 161, 9, 10, 11, 12, 13, 14, 15, 16, 17, 18, 19, 20, 149, 30, 31, 32, 33, 34, 88, 89, 110, 111, 112, 113, 114, 115, 116, 117, 90, 118, 91, 119, 92, 93, 94, 95, 96, 97, 98, 99, 120, 121, 122, 123, 124, 125, 126, 127, 60, 130, 131, 137, 141, 100, 101, 102, 103, 104, 106, 107, 108, 109, 83, 84, 85, 86, 87.
- Genomes "MST_7" & "MST_12": The following singleton genes were ignored: 199, 198, 197, 196, 195, 194, 193, 192, 191, 190, 189, 188, 187, 72, 73, 40, 41, 133, 74, 75, 76, 77, 78, 79, 80, 81, 47, 48, 49, 50, 42, 43, 44, 162, 163, 164, 165, 166, 167, 168, 134, 135, 136, 38, 39, 173, 174, 45, 46, 51, 52, 53, 54, 55, 56, 57, 58, 59, 142, 143, 144, 145, 146, 147, 139, 140, 175, 176, 177, 178, 179, 27, 28, 29, 180, 181, 182, 183, 184, 185, 153, 154, 155, 156, 157, 158, 150, 151, 21, 22, 23, 24, 25, 26, 148, 149, 30, 31, 32, 33, 34, 0, 1, 2, 3, 4, 5, 6, 7, 82, 9, 10, 11, 12, 13, 14, 15, 16, 17, 18, 19, 20, 169, 172, 35, 36, 37, 88, 89, 110, 111, 112, 113, 114, 115, 116, 117, 90, 118, 91, 119, 92, 93, 94, 95, 96, 97, 98, 99, 120, 121, 122, 123, 124, 125, 126, 127, 129, 60, 130, 131, 137, 141, 100, 101, 102, 103, 104, 105, 106, 107, 108, 109, 83, 84, 85, 86, 87.
- Genomes "MST_7" & "MST_13": The following singleton genes were ignored: 40, 41, 74, 75, 76, 77, 78, 79, 80, 81, 47, 48, 49, 50, 42, 43, 44, 162, 163, 164, 165, 166, 167, 168, 134, 135, 136, 133, 38, 39, 173, 174, 45, 46, 51, 52, 53, 54, 55, 56, 57, 58, 59, 142, 143, 144, 145, 146, 147, 139, 140, 175, 176, 177, 178, 179, 180, 181, 182, 183, 184, 185, 153, 154, 155, 156, 157, 158, 150, 151, 36, 37, 194, 195, 196, 197, 198, 199, 148, 149, 0, 1, 2, 3, 4, 5, 6, 7, 190, 191, 192, 193, 63, 64, 65, 66, 67, 68, 69, 70, 71, 72, 73, 186, 187, 188, 189, 82, 9, 10, 11, 12, 13, 14, 15, 16, 17, 18, 19, 20, 169, 172, 161, 21, 22, 23, 24, 25, 26, 27, 28, 29, 30, 31, 32, 33, 34, 35, 122, 128, 129, 60, 130, 131, 104.
- Genomes "MST_7" & "MST_14": The following singleton genes were ignored: 20, 19, 18, 17, 16, 15, 14, 13, 12, 11, 10, 9, 82, 133, 134, 135, 136, 172, 173, 174, 175, 176, 177, 178, 179, 74, 75, 76, 77, 78, 79, 80, 81, 42, 43, 44, 45, 46, 47, 48, 49, 50, 51, 52, 53, 54, 55, 56, 57, 58, 59, 162, 163, 164, 165, 166, 167, 168, 169, 142, 143, 144, 145, 146, 147, 148, 149, 150, 151, 152, 153, 154, 155, 156, 157, 158, 159, 160, 161, 21, 22, 23, 24, 25, 26, 27, 28, 29, 30, 31, 32, 33, 34, 35, 139, 140, 180, 181, 182, 183, 184, 185, 0, 1, 2, 3, 4, 5, 6, 7, 63, 64, 65, 66, 67, 68, 69, 70, 71, 72, 73, 186, 187, 188, 189, 190, 191, 192, 193, 194, 195, 196, 197, 198, 199, 36, 37, 38, 39, 40, 41, 128, 131, 104.
- Genomes "MST_7" & "MST_15": The following singleton genes were ignored: 74, 75, 76, 77, 78, 79, 80, 81, 82, 133, 134, 135, 136, 139, 140, 172, 173, 174, 175, 176, 177, 178, 179, 42, 43, 44, 45, 46, 47, 48, 49, 50, 51, 52, 53, 54, 55, 56, 57, 58, 59, 162, 163, 164, 165, 166, 167, 168, 169, 142, 143, 144, 145, 146, 147, 148, 149, 150, 151, 152, 153, 154, 155, 156, 157, 158, 159, 160, 161, 9, 10, 11, 12, 13, 14, 15, 16, 17, 18, 19, 20, 21, 22, 23, 24, 25, 26, 27, 28, 29, 30, 31, 32, 33, 34, 35, 180, 181, 182, 183, 184, 185, 0, 1, 2, 3, 4, 5, 6, 7, 8, 61, 63, 64, 65, 66, 67, 68, 69, 70, 71, 72, 73, 186, 187, 188, 189, 190, 191, 192, 193, 194, 195, 196, 197, 198, 199, 36, 37, 38, 39, 40, 41, 128, 131.
- Genomes "MST_7" & "MST_16": The following singleton genes were ignored: 73, 72, 71, 172, 173, 174, 175, 176, 177, 178, 179, 74, 75, 76, 77, 78, 79, 80, 81, 82, 9, 10, 11, 12, 13, 14, 15, 16, 17, 18, 19, 20, 21, 22, 23, 24, 25, 26, 27, 28, 29, 30, 31, 32, 33, 34, 35, 42, 43, 44, 45, 46, 47, 48, 49, 50, 51, 52, 53, 54, 55, 56, 57, 58, 59, 162, 163, 164, 165, 166, 167, 168, 169, 142, 143, 144, 145, 146, 147, 148, 149, 150, 151, 152, 153, 154, 155, 156, 157, 158, 159, 160, 161, 180, 181, 182, 183, 184, 185, 186, 187, 188, 189, 190, 191, 192, 193, 194, 195, 196, 197, 198, 199, 0, 1, 2, 3, 4, 5, 6, 7, 8, 61, 63, 64, 65, 66, 67, 68, 69, 70, 36, 37, 38, 39, 40, 41, 133, 134, 135, 136, 139, 140, 128.
- Genomes "MST_7" & "SEQ_0": The following singleton genes were ignored: 40, 41, 74, 75, 47, 48, 49, 42, 43, 44, 162, 163, 164, 165, 166, 167, 168, 134, 135, 136, 38, 39, 177, 178, 179, 173, 174, 77, 78, 79, 80, 13, 14, 15, 16, 17, 18, 19, 20, 45, 46, 51, 52, 23, 24, 25, 175, 176, 57, 58, 59, 53, 54, 55, 56, 27, 28, 29, 180, 181, 182, 183, 184, 185, 153, 154, 155, 156, 157, 158, 150, 151, 36, 37, 63, 64, 65, 66, 67, 68, 69, 70, 71, 72, 73, 194, 195, 196, 197, 198, 199, 133, 172, 139, 140, 61, 186, 187, 169, 142, 143, 144, 145, 146, 147, 191, 192, 193, 190, 8, 1, 2, 3, 4, 5, 0, 9, 22, 160, 10, 11, 12, 188, 82, 148, 31, 32, 33, 34, 130.
- Genomes "MST_7" & "SEQ_1": The following singleton genes were ignored: 40, 41, 74, 75, 47, 48, 49, 42, 43, 44, 162, 163, 164, 165, 166, 167, 168, 134, 135, 136, 38, 39, 177, 178, 179, 173, 174, 77, 78, 79, 80, 13, 14, 15, 16, 17, 18, 19, 20, 45, 46, 51, 52, 23, 24, 25, 175, 176, 53, 54, 55, 56, 57, 58, 59, 27, 28, 29, 180, 181, 182, 183, 184, 185, 153, 154, 155, 156, 157, 158, 150, 151, 36, 37, 63, 64, 65, 66, 67, 68, 69, 70, 71, 72, 73, 194, 195, 196, 197, 198, 199, 133, 172, 139, 140, 61, 186, 187, 169, 142, 143, 144, 145, 146, 147, 191, 192, 193, 190, 8, 1, 2, 3, 4, 5, 0, 9, 22, 160, 10, 11, 12, 188, 82, 148, 31, 32, 33, 34.
- Genomes "MST_7" & "SEQ_2": The following singleton genes were ignored: 40, 41, 74, 75, 76, 77, 78, 79, 80, 47, 48, 49, 50, 42, 43, 44, 162, 163, 164, 165, 166, 167, 168, 134, 135, 136, 38, 39, 173, 174, 45, 46, 51, 52, 53, 54, 55, 56, 57, 58, 59, 175, 176, 177, 178, 179, 27, 28, 29, 180, 181, 182, 183, 184, 185, 153, 154, 155, 156, 157, 158, 150, 151, 63, 64, 65, 66, 67, 68, 69, 70, 71, 72, 73, 194, 195, 196, 197, 198, 199, 21, 22, 23, 24, 25, 26, 148, 149, 30, 31, 32, 33, 34, 0, 1, 2, 3, 4, 5, 6, 7, 190, 191, 192, 193, 133, 82, 172, 139, 140, 61, 62, 186, 187, 188, 189, 81, 169, 142, 143, 144, 145, 146, 147, 35, 36, 37, 161, 9, 10, 11, 12, 13, 14, 15, 16, 17, 18, 19, 20.
- Genomes "MST_7" & "SEQ_3": The following singleton genes were ignored: 40, 41, 74, 75, 76, 77, 78, 79, 80, 81, 47, 48, 49, 50, 42, 43, 44, 162, 163, 164, 165, 166, 167, 168, 134, 135, 136, 38, 39, 173, 174, 45, 46, 51, 52, 53, 54, 55, 56, 57, 58, 59, 175, 176, 177, 178, 179, 27, 28, 29, 180, 181, 182, 183, 184, 185, 153, 154, 155, 156, 157, 158, 150, 151, 63, 64, 65, 66, 67, 68, 69, 70, 71, 72, 73, 194, 195, 196, 197, 198, 199, 21, 22, 23, 24, 25, 26, 148, 149, 30, 31, 32, 33, 34, 0, 1, 2, 3, 4, 5, 6, 7, 190, 191, 192, 193, 133, 82, 172, 139, 140, 61, 62, 186, 187, 188, 189, 169, 142, 143, 144, 145, 146, 147, 35, 36, 37, 161, 9, 10, 11, 12, 13, 14, 15, 16, 17, 18, 19, 20.
- Genomes "MST_7" & "SEQ_4": The following singleton genes were ignored: 74, 75, 76, 77, 78, 79, 80, 81, 42, 43, 44, 45, 46, 47, 48, 49, 50, 51, 52, 53, 54, 55, 56, 57, 58, 59, 36, 37, 38, 39, 40, 41, 162, 163, 164, 165, 166, 167, 168, 169, 172, 173, 174, 175, 176, 177, 178, 179, 142, 143, 144, 145, 146, 147, 148, 149, 150, 151, 152, 153, 154, 155, 156, 157, 158, 159, 160, 161, 21, 22, 23, 24, 25, 26, 27, 28, 29, 30, 31, 32, 33, 34, 35, 187, 188, 189, 190, 191, 192, 193, 194, 195, 196, 197, 198, 199, 180, 181, 182, 183, 184, 185, 0, 1, 2, 3, 4, 5, 6, 7, 8, 61, 62, 63, 64, 65, 66, 67, 68, 69, 70, 71, 72, 73, 186, 133, 134, 135, 136, 139, 140, 82, 9, 10, 11, 12, 13, 14, 15, 16, 17, 18, 19, 20.
- Genomes "MST_7" & "SEQ_5": The following singleton genes were ignored: 74, 75, 76, 77, 78, 79, 80, 81, 42, 43, 44, 45, 46, 47, 48, 49, 50, 51, 52, 53, 54, 55, 56, 57, 58, 59, 36, 37, 38, 39, 40, 41, 162, 163, 164, 165, 166, 167, 168, 169, 172, 173, 174, 175, 176, 177, 178, 179, 142, 143, 144, 145, 146, 147, 148, 149, 150, 151, 152, 153, 154, 155, 156, 157, 158, 159, 160, 161, 21, 22, 23, 24, 25, 26, 27, 28, 29, 30, 31, 32, 33, 34, 35, 187, 188, 189, 190, 191, 192, 193, 194, 195, 196, 197, 198, 199, 180, 181, 182, 183, 184, 185, 0, 1, 2, 3, 4, 5, 6, 7, 8, 61, 62, 63, 64, 65, 66, 67, 68, 69, 70, 71, 72, 73, 186, 133, 134, 135, 136, 139, 140, 82, 9, 10, 11, 12, 13, 14, 15, 16, 17, 18, 19, 20.
- Genomes "MST_7" & "SEQ_6": The following singleton genes were ignored: 74, 75, 76, 77, 78, 79, 80, 81, 82, 9, 10, 11, 12, 13, 14, 15, 16, 17, 18, 19, 20, 21, 22, 23, 24, 25, 26, 27, 28, 29, 30, 31, 32, 33, 34, 35, 187, 188, 189, 190, 191, 192, 193, 194, 195, 196, 197, 198, 199, 42, 43, 44, 45, 46, 47, 48, 49, 50, 51, 52, 53, 54, 55, 56, 57, 58, 59, 36, 37, 38, 39, 40, 41, 162, 163, 164, 165, 166, 167, 168, 169, 172, 173, 174, 175, 176, 177, 178, 179, 142, 143, 144, 145, 146, 147, 148, 149, 150, 151, 152, 153, 154, 155, 156, 157, 158, 159, 160, 161, 180, 181, 182, 183, 184, 185, 186, 133, 134, 135, 136, 139, 140, 0, 1, 2, 3, 4, 5, 6, 7, 8, 61, 62, 63, 64, 65, 66, 67, 68, 69, 70, 71, 72, 73.
- Genomes "MST_7" & "SEQ_7": The following singleton genes were ignored: 74, 75, 76, 77, 78, 79, 80, 81, 82, 9, 10, 11, 12, 13, 14, 15, 16, 17, 18, 19, 20, 21, 22, 23, 24, 25, 26, 27, 28, 29, 30, 31, 32, 33, 34, 35, 187, 188, 189, 190, 191, 192, 193, 194, 195, 196, 197, 198, 199, 42, 43, 44, 45, 46, 47, 48, 49, 50, 51, 52, 53, 54, 55, 56, 57, 58, 59, 36, 37, 38, 39, 40, 41, 162, 163, 164, 165, 166, 167, 168, 169, 172, 173, 174, 175, 176, 177, 178, 179, 142, 143, 144, 145, 146, 147, 148, 149, 150, 151, 152, 153, 154, 155, 156, 157, 158, 159, 160, 161, 180, 181, 182, 183, 184, 185, 186, 133, 134, 135, 136, 139, 140, 0, 1, 2, 3, 4, 5, 6, 7, 8, 61, 62, 63, 64, 65, 66, 67, 68, 69, 70, 71, 72, 73.
- Genomes "MST_8" & "MST_9": The following singleton genes were ignored: 161, 159, 158, 157, 156, 155, 154, 153, 152, 151, 150, 149, 147, 146, 145, 144, 143, 142, 169, 72, 73, 74, 75, 162, 163, 164, 165, 166, 167, 168, 77, 78, 79, 80, 13, 14, 15, 16, 17, 18, 19, 20, 23, 24, 25, 32, 33, 34, 27, 28, 29, 180, 181, 182, 183, 184, 185, 11, 12, 194, 195, 196, 197, 198, 199, 187, 104, 191, 192, 193, 0, 9, 82, 188, 22, 171, 172, 173, 174, 130, 175, 176, 177, 178, 179, 122, 123, 124, 125, 126, 127, 129.
- Genomes "MST_8" & "MST_10": The following singleton genes were ignored: 162, 163, 164, 165, 166, 167, 168, 169, 72, 73, 40, 41, 132, 133, 74, 75, 47, 48, 49, 42, 43, 44, 134, 135, 136, 38, 39, 77, 78, 79, 80, 13, 14, 15, 16, 17, 18, 19, 20, 45, 46, 51, 52, 142, 143, 144, 145, 146, 147, 23, 24, 25, 138, 139, 140, 57, 58, 59, 53, 54, 55, 56, 27, 28, 29, 1, 2, 3, 4, 5, 180, 181, 182, 183, 184, 185, 153, 154, 155, 156, 157, 158, 150, 151, 36, 37, 194, 195, 196, 197, 198, 199, 187, 104, 191, 192, 193, 0, 9, 11, 12, 82, 188, 32, 33, 34, 130, 122, 123, 124, 125, 126, 127, 129.
- Genomes "MST_8" & "MST_11": The following singleton genes were ignored: 180, 181, 182, 183, 184, 185, 186, 72, 73, 40, 41, 132, 133, 74, 75, 76, 77, 78, 79, 80, 47, 48, 49, 42, 43, 44, 162, 163, 164, 165, 166, 167, 168, 134, 135, 136, 38, 39, 45, 46, 51, 52, 142, 143, 144, 145, 146, 147, 138, 139, 140, 53, 54, 55, 56, 57, 58, 59, 27, 28, 29, 1, 2, 3, 4, 5, 153, 154, 155, 156, 157, 158, 150, 151, 194, 195, 196, 197, 198, 199, 21, 23, 24, 25, 26, 187, 188, 189, 81, 105, 190, 191, 192, 193, 35, 36, 37, 161, 9, 11, 12, 13, 14, 15, 16, 17, 18, 19, 20, 149, 30, 32, 33, 34, 130, 131, 160, 122, 123, 124, 125, 126, 148, 127.
- Genomes "MST_8" & "MST_12": The following singleton genes were ignored: 199, 198, 197, 196, 195, 194, 193, 192, 191, 190, 189, 188, 187, 72, 73, 40, 41, 132, 133, 74, 75, 76, 77, 78, 79, 80, 81, 47, 48, 49, 50, 42, 43, 44, 162, 163, 164, 165, 166, 167, 168, 134, 135, 136, 38, 39, 45, 46, 51, 52, 53, 54, 55, 56, 57, 58, 59, 142, 143, 144, 145, 146, 147, 138, 139, 140, 27, 28, 29, 180, 181, 182, 183, 184, 185, 153, 154, 155, 156, 157, 158, 150, 151, 21, 23, 24, 25, 26, 149, 30, 32, 33, 34, 0, 1, 2, 3, 4, 5, 6, 7, 82, 9, 11, 12, 13, 14, 15, 16, 17, 18, 19, 20, 169, 35, 36, 37, 130, 131, 160, 122, 123, 124, 125, 126, 127, 129.
- Genomes "MST_8" & "MST_13": The following singleton genes were ignored: 40, 41, 74, 75, 76, 77, 78, 79, 80, 81, 47, 48, 49, 50, 42, 43, 44, 162, 163, 164, 165, 166, 167, 168, 134, 135, 136, 137, 132, 133, 38, 39, 45, 46, 51, 52, 53, 54, 55, 56, 57, 58, 59, 142, 143, 144, 145, 146, 147, 138, 139, 140, 141, 180, 181, 182, 183, 184, 185, 153, 154, 155, 156, 157, 158, 150, 151, 36, 37, 194, 195, 196, 197, 198, 199, 149, 0, 1, 2, 3, 4, 5, 6, 7, 190, 191, 192, 193, 105, 106, 107, 108, 109, 110, 111, 112, 113, 114, 83, 84, 85, 86, 87, 88, 89, 90, 115, 116, 119, 120, 121, 117, 118, 91, 92, 93, 94, 95, 96, 97, 63, 64, 101, 102, 103, 65, 66, 67, 68, 69, 70, 71, 72, 73, 98, 99, 100, 186, 187, 188, 189, 82, 9, 11, 12, 13, 14, 15, 16, 17, 18, 19, 20, 169, 161, 21, 23, 24, 25, 26, 27, 28, 29, 30, 32, 33, 34, 35, 130, 131, 160, 122, 128, 129.
- Genomes "MST_8" & "MST_14": The following singleton genes were ignored: 20, 19, 18, 17, 16, 15, 14, 13, 12, 11, 9, 82, 83, 84, 85, 86, 87, 88, 89, 90, 132, 133, 134, 135, 136, 137, 74, 75, 76, 77, 78, 79, 80, 81, 42, 43, 44, 45, 46, 47, 48, 49, 50, 51, 52, 53, 54, 55, 56, 57, 58, 59, 60, 162, 163, 164, 165, 166, 167, 168, 169, 142, 143, 144, 145, 146, 147, 149, 150, 151, 152, 153, 154, 155, 156, 157, 158, 159, 161, 21, 23, 24, 25, 26, 27, 28, 29, 30, 32, 33, 34, 35, 138, 139, 140, 141, 180, 181, 182, 183, 184, 185, 0, 1, 2, 3, 4, 5, 6, 7, 105, 106, 107, 108, 109, 110, 111, 112, 113, 114, 115, 116, 119, 120, 121, 117, 118, 91, 92, 93, 94, 95, 96, 97, 63, 64, 65, 66, 67, 68, 69, 70, 71, 72, 73, 101, 102, 103, 98, 99, 100, 186, 187, 188, 189, 190, 191, 192, 193, 194, 195, 196, 197, 198, 199, 36, 37, 38, 39, 40, 41, 131, 128.
- Genomes "MST_8" & "MST_15": The following singleton genes were ignored: 74, 75, 76, 77, 78, 79, 80, 81, 82, 83, 84, 85, 86, 87, 88, 89, 90, 91, 92, 93, 94, 95, 96, 97, 132, 133, 134, 135, 136, 137, 138, 139, 140, 141, 42, 43, 44, 45, 46, 47, 48, 49, 50, 51, 52, 53, 54, 55, 56, 57, 58, 59, 60, 162, 163, 164, 165, 166, 167, 168, 169, 142, 143, 144, 145, 146, 147, 149, 150, 151, 152, 153, 154, 155, 156, 157, 158, 159, 161, 9, 11, 12, 13, 14, 15, 16, 17, 18, 19, 20, 21, 23, 24, 25, 26, 27, 28, 29, 30, 32, 33, 34, 35, 180, 181, 182, 183, 184, 185, 0, 1, 2, 3, 4, 5, 6, 7, 8, 61, 115, 116, 119, 120, 121, 117, 118, 63, 64, 65, 66, 67, 68, 69, 70, 71, 72, 73, 101, 102, 103, 98, 99, 100, 186, 187, 188, 189, 190, 191, 192, 193, 194, 195, 196, 197, 198, 199, 36, 37, 38, 39, 40, 41, 104, 105, 106, 107, 108, 109, 110, 111, 112, 113, 114, 131, 128.
- Genomes "MST_8" & "MST_16": The following singleton genes were ignored: 73, 72, 71, 74, 75, 76, 77, 78, 79, 80, 81, 82, 9, 11, 12, 13, 14, 15, 16, 17, 18, 19, 20, 21, 23, 24, 25, 26, 27, 28, 29, 30, 32, 33, 34, 35, 42, 43, 44, 45, 46, 47, 48, 49, 50, 51, 52, 53, 54, 55, 56, 57, 58, 59, 60, 162, 163, 164, 165, 166, 167, 168, 169, 142, 143, 144, 145, 146, 147, 149, 150, 151, 152, 153, 154, 155, 156, 157, 158, 159, 161, 180, 181, 182, 183, 184, 185, 186, 187, 188, 189, 190, 191, 192, 193, 194, 195, 196, 197, 198, 199, 0, 1, 2, 3, 4, 5, 6, 7, 8, 61, 83, 84, 85, 86, 87, 88, 89, 90, 91, 92, 93, 94, 95, 96, 97, 115, 116, 119, 120, 121, 117, 118, 63, 64, 65, 66, 67, 68, 69, 70, 101, 102, 103, 98, 99, 100, 36, 37, 38, 39, 40, 41, 104, 105, 106, 107, 108, 109, 110, 111, 112, 113, 114, 132, 133, 134, 135, 136, 137, 138, 139, 140, 141, 128.
- Genomes "MST_8" & "SEQ_0": The following singleton genes were ignored: 40, 41, 74, 75, 47, 48, 49, 42, 43, 44, 162, 163, 164, 165, 166, 167, 168, 134, 135, 136, 38, 39, 77, 78, 79, 80, 13, 14, 15, 16, 17, 18, 19, 20, 45, 46, 51, 52, 23, 24, 25, 115, 116, 57, 58, 59, 53, 54, 55, 56, 27, 28, 29, 119, 120, 121, 180, 181, 182, 183, 184, 185, 153, 154, 155, 156, 157, 158, 117, 118, 150, 151, 91, 92, 93, 94, 95, 96, 97, 36, 37, 63, 64, 101, 102, 103, 65, 66, 67, 68, 69, 70, 71, 72, 73, 194, 195, 196, 197, 198, 199, 98, 99, 100, 137, 132, 133, 141, 138, 139, 140, 60, 61, 186, 187, 169, 142, 143, 144, 145, 146, 147, 104, 191, 192, 193, 190, 105, 106, 107, 108, 109, 110, 111, 112, 113, 114, 8, 1, 2, 3, 4, 5, 0, 9, 11, 12, 188, 82, 83, 84, 85, 86, 87, 88, 89, 90, 32, 33, 34, 130.
- Genomes "MST_8" & "SEQ_1": The following singleton genes were ignored: 40, 41, 74, 75, 47, 48, 49, 42, 43, 44, 162, 163, 164, 165, 166, 167, 168, 134, 135, 136, 38, 39, 77, 78, 79, 80, 13, 14, 15, 16, 17, 18, 19, 20, 45, 46, 51, 52, 23, 24, 25, 115, 116, 53, 54, 55, 56, 57, 58, 59, 27, 28, 29, 119, 120, 121, 180, 181, 182, 183, 184, 185, 153, 154, 155, 156, 157, 158, 117, 118, 150, 151, 91, 92, 93, 94, 95, 96, 97, 36, 37, 63, 64, 65, 66, 67, 68, 69, 70, 71, 72, 73, 101, 102, 103, 194, 195, 196, 197, 198, 199, 98, 99, 100, 137, 132, 133, 141, 138, 139, 140, 60, 61, 186, 187, 169, 142, 143, 144, 145, 146, 147, 104, 191, 192, 193, 190, 105, 106, 107, 108, 109, 110, 111, 112, 113, 114, 8, 1, 2, 3, 4, 5, 0, 9, 11, 12, 188, 82, 83, 84, 85, 86, 87, 88, 89, 90, 32, 33, 34.
- Genomes "MST_8" & "SEQ_2": The following singleton genes were ignored: 40, 41, 74, 75, 76, 77, 78, 79, 80, 47, 48, 49, 50, 42, 43, 44, 162, 163, 164, 165, 166, 167, 168, 134, 135, 136, 38, 39, 45, 46, 51, 52, 53, 54, 55, 56, 57, 58, 59, 115, 116, 27, 28, 29, 119, 120, 121, 180, 181, 182, 183, 184, 185, 153, 154, 155, 156, 157, 158, 117, 118, 150, 151, 63, 64, 65, 66, 67, 68, 69, 70, 71, 72, 73, 101, 102, 103, 194, 195, 196, 197, 198, 199, 98, 99, 100, 104, 105, 106, 107, 108, 109, 110, 111, 112, 113, 114, 21, 23, 24, 25, 26, 149, 30, 32, 33, 34, 0, 1, 2, 3, 4, 5, 6, 7, 190, 191, 192, 193, 137, 132, 133, 82, 83, 84, 85, 86, 87, 88, 89, 90, 91, 92, 93, 94, 95, 96, 97, 141, 138, 139, 140, 60, 61, 62, 186, 187, 188, 189, 81, 169, 142, 143, 144, 145, 146, 147, 35, 36, 37, 161, 9, 11, 12, 13, 14, 15, 16, 17, 18, 19, 20, 160.
- Genomes "MST_8" & "SEQ_3": The following singleton genes were ignored: 40, 41, 74, 75, 76, 77, 78, 79, 80, 81, 47, 48, 49, 50, 42, 43, 44, 162, 163, 164, 165, 166, 167, 168, 134, 135, 136, 38, 39, 45, 46, 51, 52, 53, 54, 55, 56, 57, 58, 59, 115, 116, 27, 28, 29, 119, 120, 121, 180, 181, 182, 183, 184, 185, 153, 154, 155, 156, 157, 158, 117, 118, 150, 151, 63, 64, 65, 66, 67, 68, 69, 70, 71, 72, 73, 101, 102, 103, 194, 195, 196, 197, 198, 199, 98, 99, 100, 104, 105, 106, 107, 108, 109, 110, 111, 112, 113, 114, 21, 23, 24, 25, 26, 149, 30, 32, 33, 34, 0, 1, 2, 3, 4, 5, 6, 7, 190, 191, 192, 193, 137, 132, 133, 82, 83, 84, 85, 86, 87, 88, 89, 90, 91, 92, 93, 94, 95, 96, 97, 141, 138, 139, 140, 60, 61, 62, 186, 187, 188, 189, 169, 142, 143, 144, 145, 146, 147, 35, 36, 37, 161, 9, 11, 12, 13, 14, 15, 16, 17, 18, 19, 20, 160.
- Genomes "MST_8" & "SEQ_4": The following singleton genes were ignored: 74, 75, 76, 77, 78, 79, 80, 81, 42, 43, 44, 45, 46, 47, 48, 49, 50, 51, 52, 53, 54, 55, 56, 57, 58, 59, 60, 83, 84, 85, 86, 87, 88, 89, 90, 91, 92, 93, 94, 95, 96, 97, 98, 99, 100, 101, 102, 103, 104, 105, 106, 107, 108, 109, 110, 111, 112, 113, 114, 115, 116, 117, 118, 119, 120, 121, 36, 37, 38, 39, 40, 41, 162, 163, 164, 165, 166, 167, 168, 169, 142, 143, 144, 145, 146, 147, 149, 150, 151, 152, 153, 154, 155, 156, 157, 158, 159, 161, 21, 23, 24, 25, 26, 27, 28, 29, 30, 32, 33, 34, 35, 187, 188, 189, 190, 191, 192, 193, 194, 195, 196, 197, 198, 199, 180, 181, 182, 183, 184, 185, 0, 1, 2, 3, 4, 5, 6, 7, 8, 61, 62, 63, 64, 65, 66, 67, 68, 69, 70, 71, 72, 73, 186, 132, 133, 134, 135, 136, 137, 138, 139, 140, 141, 82, 9, 11, 12, 13, 14, 15, 16, 17, 18, 19, 20.
- Genomes "MST_8" & "SEQ_5": The following singleton genes were ignored: 74, 75, 76, 77, 78, 79, 80, 81, 42, 43, 44, 45, 46, 47, 48, 49, 50, 51, 52, 53, 54, 55, 56, 57, 58, 59, 60, 83, 84, 85, 86, 87, 88, 89, 90, 91, 92, 93, 94, 95, 96, 97, 98, 99, 100, 101, 102, 103, 104, 105, 106, 107, 108, 109, 110, 111, 112, 113, 114, 115, 116, 117, 118, 119, 120, 121, 36, 37, 38, 39, 40, 41, 162, 163, 164, 165, 166, 167, 168, 169, 142, 143, 144, 145, 146, 147, 149, 150, 151, 152, 153, 154, 155, 156, 157, 158, 159, 161, 21, 23, 24, 25, 26, 27, 28, 29, 30, 32, 33, 34, 35, 187, 188, 189, 190, 191, 192, 193, 194, 195, 196, 197, 198, 199, 180, 181, 182, 183, 184, 185, 0, 1, 2, 3, 4, 5, 6, 7, 8, 61, 62, 63, 64, 65, 66, 67, 68, 69, 70, 71, 72, 73, 186, 132, 133, 134, 135, 136, 137, 138, 139, 140, 141, 82, 9, 11, 12, 13, 14, 15, 16, 17, 18, 19, 20.
- Genomes "MST_8" & "SEQ_6": The following singleton genes were ignored: 74, 75, 76, 77, 78, 79, 80, 81, 82, 9, 11, 12, 13, 14, 15, 16, 17, 18, 19, 20, 21, 23, 24, 25, 26, 27, 28, 29, 30, 32, 33, 34, 35, 187, 188, 189, 190, 191, 192, 193, 194, 195, 196, 197, 198, 199, 42, 43, 44, 45, 46, 47, 48, 49, 50, 51, 52, 53, 54, 55, 56, 57, 58, 59, 60, 83, 84, 85, 86, 87, 88, 89, 90, 91, 92, 93, 94, 95, 96, 97, 98, 99, 100, 101, 102, 103, 104, 105, 106, 107, 108, 109, 110, 111, 112, 113, 114, 115, 116, 117, 118, 119, 120, 121, 36, 37, 38, 39, 40, 41, 162, 163, 164, 165, 166, 167, 168, 169, 142, 143, 144, 145, 146, 147, 149, 150, 151, 152, 153, 154, 155, 156, 157, 158, 159, 161, 180, 181, 182, 183, 184, 185, 186, 132, 133, 134, 135, 136, 137, 138, 139, 140, 141, 0, 1, 2, 3, 4, 5, 6, 7, 8, 61, 62, 63, 64, 65, 66, 67, 68, 69, 70, 71, 72, 73.
- Genomes "MST_8" & "SEQ_7": The following singleton genes were ignored: 74, 75, 76, 77, 78, 79, 80, 81, 82, 9, 11, 12, 13, 14, 15, 16, 17, 18, 19, 20, 21, 23, 24, 25, 26, 27, 28, 29, 30, 32, 33, 34, 35, 187, 188, 189, 190, 191, 192, 193, 194, 195, 196, 197, 198, 199, 42, 43, 44, 45, 46, 47, 48, 49, 50, 51, 52, 53, 54, 55, 56, 57, 58, 59, 60, 83, 84, 85, 86, 87, 88, 89, 90, 91, 92, 93, 94, 95, 96, 97, 98, 99, 100, 101, 102, 103, 104, 105, 106, 107, 108, 109, 110, 111, 112, 113, 114, 115, 116, 117, 118, 119, 120, 121, 36, 37, 38, 39, 40, 41, 162, 163, 164, 165, 166, 167, 168, 169, 142, 143, 144, 145, 146, 147, 149, 150, 151, 152, 153, 154, 155, 156, 157, 158, 159, 161, 180, 181, 182, 183, 184, 185, 186, 132, 133, 134, 135, 136, 137, 138, 139, 140, 141, 0, 1, 2, 3, 4, 5, 6, 7, 8, 61, 62, 63, 64, 65, 66, 67, 68, 69, 70, 71, 72, 73.
- Genomes "MST_9" & "MST_10": The following singleton genes were ignored: 40, 41, 132, 133, 47, 48, 49, 42, 43, 44, 134, 135, 136, 38, 39, 177, 178, 179, 173, 174, 45, 46, 51, 52, 138, 139, 140, 175, 176, 171, 172, 57, 58, 59, 53, 54, 55, 56, 1, 2, 3, 4, 5, 36, 37, 22, 152, 159, 161, 149.
- Genomes "MST_9" & "MST_11": The following singleton genes were ignored: 186, 129, 40, 41, 132, 133, 171, 172, 76, 47, 48, 49, 42, 43, 44, 134, 135, 136, 38, 39, 177, 178, 179, 173, 174, 45, 46, 51, 52, 138, 139, 140, 175, 176, 53, 54, 55, 56, 57, 58, 59, 1, 2, 3, 4, 5, 21, 22, 26, 189, 81, 105, 190, 35, 36, 37, 30, 152, 159, 160, 0, 169, 131, 148, 104, 82.
- Genomes "MST_9" & "MST_12": The following singleton genes were ignored: 190, 189, 40, 41, 132, 133, 76, 81, 47, 48, 49, 50, 42, 43, 44, 134, 135, 136, 38, 39, 173, 174, 45, 46, 51, 52, 53, 54, 55, 56, 57, 58, 59, 138, 139, 140, 175, 176, 177, 178, 179, 21, 22, 26, 30, 1, 2, 3, 4, 5, 6, 7, 171, 172, 35, 36, 37, 152, 159, 160, 161, 131, 104.
- Genomes "MST_9" & "MST_13": The following singleton genes were ignored: 40, 41, 76, 81, 47, 48, 49, 50, 42, 43, 44, 134, 135, 136, 137, 132, 133, 38, 39, 173, 174, 45, 46, 51, 52, 53, 54, 55, 56, 57, 58, 59, 138, 139, 140, 141, 175, 176, 177, 178, 179, 36, 37, 1, 2, 3, 4, 5, 6, 7, 190, 105, 106, 107, 108, 109, 110, 111, 112, 113, 114, 83, 84, 85, 86, 87, 88, 89, 90, 115, 116, 119, 120, 121, 117, 118, 91, 92, 93, 94, 95, 96, 97, 63, 64, 101, 102, 103, 65, 66, 67, 68, 69, 70, 71, 98, 99, 100, 186, 189, 171, 172, 21, 22, 26, 30, 35, 123, 124, 125, 126, 127, 152, 159, 160, 128, 131, 104.
- Genomes "MST_9" & "MST_14": The following singleton genes were ignored: 83, 84, 85, 86, 87, 88, 89, 90, 132, 133, 134, 135, 136, 137, 171, 172, 173, 174, 175, 176, 177, 178, 179, 76, 81, 42, 43, 44, 45, 46, 47, 48, 49, 50, 51, 52, 53, 54, 55, 56, 57, 58, 59, 60, 21, 22, 26, 30, 35, 123, 124, 125, 126, 127, 138, 139, 140, 141, 1, 2, 3, 4, 5, 6, 7, 105, 106, 107, 108, 109, 110, 111, 112, 113, 114, 115, 116, 119, 120, 121, 117, 118, 91, 92, 93, 94, 95, 96, 97, 63, 64, 65, 66, 67, 68, 69, 70, 71, 101, 102, 103, 98, 99, 100, 186, 189, 190, 129, 130, 122, 36, 37, 38, 39, 40, 41, 128, 131, 104.
- Genomes "MST_9" & "MST_15": The following singleton genes were ignored: 76, 81, 83, 84, 85, 86, 87, 88, 89, 90, 91, 92, 93, 94, 95, 96, 97, 132, 133, 134, 135, 136, 137, 138, 139, 140, 141, 171, 172, 173, 174, 175, 176, 177, 178, 179, 42, 43, 44, 45, 46, 47, 48, 49, 50, 51, 52, 53, 54, 55, 56, 57, 58, 59, 60, 21, 22, 26, 30, 35, 123, 124, 125, 126, 127, 1, 2, 3, 4, 5, 6, 7, 8, 61, 115, 116, 119, 120, 121, 117, 118, 63, 64, 65, 66, 67, 68, 69, 70, 71, 101, 102, 103, 98, 99, 100, 186, 189, 190, 129, 130, 122, 36, 37, 38, 39, 40, 41, 105, 106, 107, 108, 109, 110, 111, 112, 113, 114, 128, 131.
- Genomes "MST_9" & "MST_16": The following singleton genes were ignored: 71, 171, 172, 173, 174, 175, 176, 177, 178, 179, 76, 81, 21, 22, 26, 30, 35, 123, 124, 125, 126, 127, 42, 43, 44, 45, 46, 47, 48, 49, 50, 51, 52, 53, 54, 55, 56, 57, 58, 59, 60, 186, 189, 190, 1, 2, 3, 4, 5, 6, 7, 8, 61, 83, 84, 85, 86, 87, 88, 89, 90, 91, 92, 93, 94, 95, 96, 97, 115, 116, 119, 120, 121, 117, 118, 63, 64, 65, 66, 67, 68, 69, 70, 101, 102, 103, 98, 99, 100, 129, 130, 122, 36, 37, 38, 39, 40, 41, 105, 106, 107, 108, 109, 110, 111, 112, 113, 114, 132, 133, 134, 135, 136, 137, 138, 139, 140, 141, 128.
- Genomes "MST_9" & "SEQ_0": The following singleton genes were ignored: 40, 41, 47, 48, 49, 42, 43, 44, 134, 135, 136, 38, 39, 177, 178, 179, 173, 174, 45, 46, 51, 52, 115, 116, 175, 176, 57, 58, 59, 53, 54, 55, 56, 119, 120, 121, 117, 118, 91, 92, 93, 94, 95, 96, 97, 36, 37, 63, 64, 101, 102, 103, 65, 66, 67, 68, 69, 70, 71, 98, 99, 100, 137, 132, 133, 171, 172, 141, 138, 139, 140, 60, 61, 186, 122, 123, 124, 125, 126, 127, 129, 190, 105, 106, 107, 108, 109, 110, 111, 112, 113, 114, 8, 1, 2, 3, 4, 5, 22, 83, 84, 85, 86, 87, 88, 89, 90, 152, 159, 161, 149.
- Genomes "MST_9" & "SEQ_1": The following singleton genes were ignored: 40, 41, 47, 48, 49, 42, 43, 44, 134, 135, 136, 38, 39, 177, 178, 179, 173, 174, 45, 46, 51, 52, 115, 116, 175, 176, 53, 54, 55, 56, 57, 58, 59, 119, 120, 121, 117, 118, 91, 92, 93, 94, 95, 96, 97, 36, 37, 63, 64, 65, 66, 67, 68, 69, 70, 71, 101, 102, 103, 98, 99, 100, 137, 132, 133, 171, 172, 141, 138, 139, 140, 60, 61, 186, 122, 123, 124, 125, 126, 127, 129, 130, 190, 105, 106, 107, 108, 109, 110, 111, 112, 113, 114, 8, 1, 2, 3, 4, 5, 22, 83, 84, 85, 86, 87, 88, 89, 90, 152, 159, 161, 149.
- Genomes "MST_9" & "SEQ_2": The following singleton genes were ignored: 40, 41, 76, 47, 48, 49, 50, 42, 43, 44, 134, 135, 136, 38, 39, 173, 174, 45, 46, 51, 52, 53, 54, 55, 56, 57, 58, 59, 115, 116, 175, 176, 177, 178, 179, 119, 120, 121, 117, 118, 63, 64, 65, 66, 67, 68, 69, 70, 71, 101, 102, 103, 98, 99, 100, 105, 106, 107, 108, 109, 110, 111, 112, 113, 114, 21, 22, 26, 30, 1, 2, 3, 4, 5, 6, 7, 190, 137, 132, 133, 83, 84, 85, 86, 87, 88, 89, 90, 91, 92, 93, 94, 95, 96, 97, 171, 172, 141, 138, 139, 140, 60, 61, 62, 186, 189, 81, 122, 123, 124, 125, 126, 127, 129, 130, 35, 36, 37, 152, 159, 160.
- Genomes "MST_9" & "SEQ_3": The following singleton genes were ignored: 40, 41, 76, 81, 47, 48, 49, 50, 42, 43, 44, 134, 135, 136, 38, 39, 173, 174, 45, 46, 51, 52, 53, 54, 55, 56, 57, 58, 59, 115, 116, 175, 176, 177, 178, 179, 119, 120, 121, 117, 118, 63, 64, 65, 66, 67, 68, 69, 70, 71, 101, 102, 103, 98, 99, 100, 105, 106, 107, 108, 109, 110, 111, 112, 113, 114, 21, 22, 26, 30, 1, 2, 3, 4, 5, 6, 7, 190, 137, 132, 133, 83, 84, 85, 86, 87, 88, 89, 90, 91, 92, 93, 94, 95, 96, 97, 171, 172, 141, 138, 139, 140, 60, 61, 62, 186, 189, 122, 123, 124, 125, 126, 127, 129, 130, 35, 36, 37, 152, 159, 160.
- Genomes "MST_9" & "SEQ_4": The following singleton genes were ignored: 76, 81, 42, 43, 44, 45, 46, 47, 48, 49, 50, 51, 52, 53, 54, 55, 56, 57, 58, 59, 60, 83, 84, 85, 86, 87, 88, 89, 90, 91, 92, 93, 94, 95, 96, 97, 98, 99, 100, 101, 102, 103, 105, 106, 107, 108, 109, 110, 111, 112, 113, 114, 115, 116, 117, 118, 119, 120, 121, 122, 36, 37, 38, 39, 40, 41, 171, 172, 173, 174, 175, 176, 177, 178, 179, 21, 22, 26, 30, 35, 123, 124, 125, 126, 127, 189, 190, 1, 2, 3, 4, 5, 6, 7, 8, 61, 62, 63, 64, 65, 66, 67, 68, 69, 70, 71, 186, 129, 130, 132, 133, 134, 135, 136, 137, 138, 139, 140, 141.
- Genomes "MST_9" & "SEQ_5": The following singleton genes were ignored: 76, 81, 42, 43, 44, 45, 46, 47, 48, 49, 50, 51, 52, 53, 54, 55, 56, 57, 58, 59, 60, 83, 84, 85, 86, 87, 88, 89, 90, 91, 92, 93, 94, 95, 96, 97, 98, 99, 100, 101, 102, 103, 105, 106, 107, 108, 109, 110, 111, 112, 113, 114, 115, 116, 117, 118, 119, 120, 121, 122, 36, 37, 38, 39, 40, 41, 171, 172, 173, 174, 175, 176, 177, 178, 179, 21, 22, 26, 30, 35, 123, 124, 125, 126, 127, 189, 190, 1, 2, 3, 4, 5, 6, 7, 8, 61, 62, 63, 64, 65, 66, 67, 68, 69, 70, 71, 186, 129, 130, 132, 133, 134, 135, 136, 137, 138, 139, 140, 141.
- Genomes "MST_9" & "SEQ_6": The following singleton genes were ignored: 76, 81, 21, 22, 26, 30, 35, 123, 124, 125, 126, 127, 189, 190, 42, 43, 44, 45, 46, 47, 48, 49, 50, 51, 52, 53, 54, 55, 56, 57, 58, 59, 60, 83, 84, 85, 86, 87, 88, 89, 90, 91, 92, 93, 94, 95, 96, 97, 98, 99, 100, 101, 102, 103, 105, 106, 107, 108, 109, 110, 111, 112, 113, 114, 115, 116, 117, 118, 119, 120, 121, 122, 36, 37, 38, 39, 40, 41, 171, 172, 173, 174, 175, 176, 177, 178, 179, 186, 129, 130, 132, 133, 134, 135, 136, 137, 138, 139, 140, 141, 1, 2, 3, 4, 5, 6, 7, 8, 61, 62, 63, 64, 65, 66, 67, 68, 69, 70, 71.
- Genomes "MST_9" & "SEQ_7": The following singleton genes were ignored: 76, 81, 21, 22, 26, 30, 35, 123, 124, 125, 126, 127, 189, 190, 42, 43, 44, 45, 46, 47, 48, 49, 50, 51, 52, 53, 54, 55, 56, 57, 58, 59, 60, 83, 84, 85, 86, 87, 88, 89, 90, 91, 92, 93, 94, 95, 96, 97, 98, 99, 100, 101, 102, 103, 105, 106, 107, 108, 109, 110, 111, 112, 113, 114, 115, 116, 117, 118, 119, 120, 121, 122, 36, 37, 38, 39, 40, 41, 171, 172, 173, 174, 175, 176, 177, 178, 179, 186, 129, 130, 132, 133, 134, 135, 136, 137, 138, 139, 140, 141, 1, 2, 3, 4, 5, 6, 7, 8, 61, 62, 63, 64, 65, 66, 67, 68, 69, 70, 71.
- Genomes "MST_10" & "MST_11": The following singleton genes were ignored: 186, 129, 76, 21, 26, 189, 81, 105, 190, 35, 161, 149, 30, 0, 131, 148, 160, 169, 104, 82.
- Genomes "MST_10" & "MST_12": The following singleton genes were ignored: 190, 189, 76, 81, 50, 21, 26, 149, 30, 6, 7, 35, 131, 160, 104.
- Genomes "MST_10" & "MST_13": The following singleton genes were ignored: 76, 81, 50, 137, 141, 149, 6, 7, 190, 105, 106, 107, 108, 109, 110, 111, 112, 113, 114, 83, 84, 85, 86, 87, 88, 89, 90, 115, 116, 119, 120, 121, 117, 118, 91, 92, 93, 94, 95, 96, 97, 63, 64, 101, 102, 103, 65, 66, 67, 68, 69, 70, 71, 98, 99, 100, 186, 189, 161, 21, 26, 30, 35, 123, 124, 125, 126, 127, 128, 131, 160, 104.
- Genomes "MST_10" & "MST_14": The following singleton genes were ignored: 83, 84, 85, 86, 87, 88, 89, 90, 137, 76, 81, 50, 60, 149, 152, 159, 161, 21, 26, 30, 35, 123, 124, 125, 126, 127, 141, 6, 7, 105, 106, 107, 108, 109, 110, 111, 112, 113, 114, 115, 116, 119, 120, 121, 117, 118, 91, 92, 93, 94, 95, 96, 97, 63, 64, 65, 66, 67, 68, 69, 70, 71, 101, 102, 103, 98, 99, 100, 186, 189, 190, 129, 130, 122, 128, 131, 104.
- Genomes "MST_10" & "MST_15": The following singleton genes were ignored: 76, 81, 83, 84, 85, 86, 87, 88, 89, 90, 91, 92, 93, 94, 95, 96, 97, 137, 141, 50, 60, 149, 152, 159, 161, 21, 26, 30, 35, 123, 124, 125, 126, 127, 6, 7, 8, 61, 115, 116, 119, 120, 121, 117, 118, 63, 64, 65, 66, 67, 68, 69, 70, 71, 101, 102, 103, 98, 99, 100, 186, 189, 190, 129, 130, 122, 105, 106, 107, 108, 109, 110, 111, 112, 113, 114, 128, 131.
- Genomes "MST_10" & "MST_16": The following singleton genes were ignored: 71, 76, 81, 21, 26, 30, 35, 123, 124, 125, 126, 127, 50, 60, 149, 152, 159, 161, 186, 189, 190, 6, 7, 8, 61, 83, 84, 85, 86, 87, 88, 89, 90, 91, 92, 93, 94, 95, 96, 97, 115, 116, 119, 120, 121, 117, 118, 63, 64, 65, 66, 67, 68, 69, 70, 101, 102, 103, 98, 99, 100, 129, 130, 122, 105, 106, 107, 108, 109, 110, 111, 112, 113, 114, 137, 141, 128.
- Genomes "MST_10" & "SEQ_0": The following singleton genes were ignored: 115, 116, 119, 120, 121, 117, 118, 91, 92, 93, 94, 95, 96, 97, 63, 64, 101, 102, 103, 65, 66, 67, 68, 69, 70, 71, 98, 99, 100, 137, 141, 60, 61, 186, 122, 123, 124, 125, 126, 127, 129, 190, 105, 106, 107, 108, 109, 110, 111, 112, 113, 114, 8, 83, 84, 85, 86, 87, 88, 89, 90.
- Genomes "MST_10" & "SEQ_1": The following singleton genes were ignored: 115, 116, 119, 120, 121, 117, 118, 91, 92, 93, 94, 95, 96, 97, 63, 64, 65, 66, 67, 68, 69, 70, 71, 101, 102, 103, 98, 99, 100, 137, 141, 60, 61, 186, 122, 123, 124, 125, 126, 127, 129, 130, 190, 105, 106, 107, 108, 109, 110, 111, 112, 113, 114, 8, 83, 84, 85, 86, 87, 88, 89, 90.
- Genomes "MST_10" & "SEQ_2": The following singleton genes were ignored: 76, 50, 115, 116, 119, 120, 121, 117, 118, 63, 64, 65, 66, 67, 68, 69, 70, 71, 101, 102, 103, 98, 99, 100, 105, 106, 107, 108, 109, 110, 111, 112, 113, 114, 21, 26, 149, 30, 6, 7, 190, 137, 83, 84, 85, 86, 87, 88, 89, 90, 91, 92, 93, 94, 95, 96, 97, 141, 60, 61, 62, 186, 189, 81, 122, 123, 124, 125, 126, 127, 129, 130, 35, 161, 160.
- Genomes "MST_10" & "SEQ_3": The following singleton genes were ignored: 76, 81, 50, 115, 116, 119, 120, 121, 117, 118, 63, 64, 65, 66, 67, 68, 69, 70, 71, 101, 102, 103, 98, 99, 100, 105, 106, 107, 108, 109, 110, 111, 112, 113, 114, 21, 26, 149, 30, 6, 7, 190, 137, 83, 84, 85, 86, 87, 88, 89, 90, 91, 92, 93, 94, 95, 96, 97, 141, 60, 61, 62, 186, 189, 122, 123, 124, 125, 126, 127, 129, 130, 35, 161, 160.
- Genomes "MST_10" & "SEQ_4": The following singleton genes were ignored: 76, 81, 50, 60, 83, 84, 85, 86, 87, 88, 89, 90, 91, 92, 93, 94, 95, 96, 97, 98, 99, 100, 101, 102, 103, 105, 106, 107, 108, 109, 110, 111, 112, 113, 114, 115, 116, 117, 118, 119, 120, 121, 122, 149, 152, 159, 161, 21, 26, 30, 35, 123, 124, 125, 126, 127, 189, 190, 6, 7, 8, 61, 62, 63, 64, 65, 66, 67, 68, 69, 70, 71, 186, 129, 130, 137, 141.
- Genomes "MST_10" & "SEQ_5": The following singleton genes were ignored: 76, 81, 50, 60, 83, 84, 85, 86, 87, 88, 89, 90, 91, 92, 93, 94, 95, 96, 97, 98, 99, 100, 101, 102, 103, 105, 106, 107, 108, 109, 110, 111, 112, 113, 114, 115, 116, 117, 118, 119, 120, 121, 122, 149, 152, 159, 161, 21, 26, 30, 35, 123, 124, 125, 126, 127, 189, 190, 6, 7, 8, 61, 62, 63, 64, 65, 66, 67, 68, 69, 70, 71, 186, 129, 130, 137, 141.
- Genomes "MST_10" & "SEQ_6": The following singleton genes were ignored: 76, 81, 21, 26, 30, 35, 123, 124, 125, 126, 127, 189, 190, 50, 60, 83, 84, 85, 86, 87, 88, 89, 90, 91, 92, 93, 94, 95, 96, 97, 98, 99, 100, 101, 102, 103, 105, 106, 107, 108, 109, 110, 111, 112, 113, 114, 115, 116, 117, 118, 119, 120, 121, 122, 149, 152, 159, 161, 186, 129, 130, 137, 141, 6, 7, 8, 61, 62, 63, 64, 65, 66, 67, 68, 69, 70, 71.
- Genomes "MST_10" & "SEQ_7": The following singleton genes were ignored: 76, 81, 21, 26, 30, 35, 123, 124, 125, 126, 127, 189, 190, 50, 60, 83, 84, 85, 86, 87, 88, 89, 90, 91, 92, 93, 94, 95, 96, 97, 98, 99, 100, 101, 102, 103, 105, 106, 107, 108, 109, 110, 111, 112, 113, 114, 115, 116, 117, 118, 119, 120, 121, 122, 149, 152, 159, 161, 186, 129, 130, 137, 141, 6, 7, 8, 61, 62, 63, 64, 65, 66, 67, 68, 69, 70, 71.
- Genomes "MST_11" & "MST_12": The following singleton genes were ignored: 50, 148, 0, 6, 7, 82, 169, 129, 161, 186, 105.
- Genomes "MST_11" & "MST_13": The following singleton genes were ignored: 50, 137, 141, 148, 0, 6, 7, 106, 107, 108, 109, 110, 111, 112, 113, 114, 83, 84, 85, 86, 87, 88, 89, 90, 115, 116, 119, 120, 121, 117, 118, 91, 92, 93, 94, 95, 96, 97, 63, 64, 101, 102, 103, 65, 66, 67, 68, 69, 70, 71, 98, 99, 100, 82, 169, 123, 124, 125, 126, 127, 128, 129.
- Genomes "MST_11" & "MST_14": The following singleton genes were ignored: 82, 83, 84, 85, 86, 87, 88, 89, 90, 137, 50, 60, 169, 148, 152, 159, 160, 123, 124, 125, 126, 127, 141, 0, 6, 7, 106, 107, 108, 109, 110, 111, 112, 113, 114, 115, 116, 119, 120, 121, 117, 118, 91, 92, 93, 94, 95, 96, 97, 63, 64, 65, 66, 67, 68, 69, 70, 71, 101, 102, 103, 98, 99, 100, 130, 122, 128.
- Genomes "MST_11" & "MST_15": The following singleton genes were ignored: 82, 83, 84, 85, 86, 87, 88, 89, 90, 91, 92, 93, 94, 95, 96, 97, 137, 141, 50, 60, 169, 148, 152, 159, 160, 123, 124, 125, 126, 127, 0, 6, 7, 8, 61, 115, 116, 119, 120, 121, 117, 118, 63, 64, 65, 66, 67, 68, 69, 70, 71, 101, 102, 103, 98, 99, 100, 130, 122, 104, 106, 107, 108, 109, 110, 111, 112, 113, 114, 128.
- Genomes "MST_11" & "MST_16": The following singleton genes were ignored: 71, 82, 123, 124, 125, 126, 127, 50, 60, 169, 148, 152, 159, 160, 0, 6, 7, 8, 61, 83, 84, 85, 86, 87, 88, 89, 90, 91, 92, 93, 94, 95, 96, 97, 115, 116, 119, 120, 121, 117, 118, 63, 64, 65, 66, 67, 68, 69, 70, 101, 102, 103, 98, 99, 100, 130, 122, 104, 106, 107, 108, 109, 110, 111, 112, 113, 114, 131, 137, 141, 128.
- Genomes "MST_11" & "SEQ_0": The following singleton genes were ignored: 115, 116, 119, 120, 121, 117, 118, 91, 92, 93, 94, 95, 96, 97, 63, 64, 101, 102, 103, 65, 66, 67, 68, 69, 70, 71, 98, 99, 100, 137, 131, 141, 60, 61, 122, 123, 124, 125, 126, 127, 169, 104, 106, 107, 108, 109, 110, 111, 112, 113, 114, 8, 0, 160, 82, 83, 84, 85, 86, 87, 88, 89, 90, 148, 21, 26, 30, 35, 149, 161, 76, 189, 81.
- Genomes "MST_11" & "SEQ_1": The following singleton genes were ignored: 115, 116, 119, 120, 121, 117, 118, 91, 92, 93, 94, 95, 96, 97, 63, 64, 65, 66, 67, 68, 69, 70, 71, 101, 102, 103, 98, 99, 100, 137, 131, 141, 60, 61, 122, 123, 124, 125, 126, 127, 130, 169, 104, 106, 107, 108, 109, 110, 111, 112, 113, 114, 8, 0, 160, 82, 83, 84, 85, 86, 87, 88, 89, 90, 148, 21, 26, 30, 35, 149, 161, 76, 189, 81.
- Genomes "MST_11" & "SEQ_2": The following singleton genes were ignored: 50, 115, 116, 119, 120, 121, 117, 118, 63, 64, 65, 66, 67, 68, 69, 70, 71, 101, 102, 103, 98, 99, 100, 104, 106, 107, 108, 109, 110, 111, 112, 113, 114, 148, 0, 6, 7, 137, 82, 83, 84, 85, 86, 87, 88, 89, 90, 91, 92, 93, 94, 95, 96, 97, 131, 141, 60, 61, 62, 122, 123, 124, 125, 126, 127, 130, 169.
- Genomes "MST_11" & "SEQ_3": The following singleton genes were ignored: 50, 115, 116, 119, 120, 121, 117, 118, 63, 64, 65, 66, 67, 68, 69, 70, 71, 101, 102, 103, 98, 99, 100, 104, 106, 107, 108, 109, 110, 111, 112, 113, 114, 148, 0, 6, 7, 137, 82, 83, 84, 85, 86, 87, 88, 89, 90, 91, 92, 93, 94, 95, 96, 97, 131, 141, 60, 61, 62, 122, 123, 124, 125, 126, 127, 130, 169.
- Genomes "MST_11" & "SEQ_4": The following singleton genes were ignored: 50, 60, 83, 84, 85, 86, 87, 88, 89, 90, 91, 92, 93, 94, 95, 96, 97, 98, 99, 100, 101, 102, 103, 104, 106, 107, 108, 109, 110, 111, 112, 113, 114, 115, 116, 117, 118, 119, 120, 121, 122, 169, 148, 152, 159, 160, 123, 124, 125, 126, 127, 0, 6, 7, 8, 61, 62, 63, 64, 65, 66, 67, 68, 69, 70, 71, 130, 131, 137, 141, 82.
- Genomes "MST_11" & "SEQ_5": The following singleton genes were ignored: 50, 60, 83, 84, 85, 86, 87, 88, 89, 90, 91, 92, 93, 94, 95, 96, 97, 98, 99, 100, 101, 102, 103, 104, 106, 107, 108, 109, 110, 111, 112, 113, 114, 115, 116, 117, 118, 119, 120, 121, 122, 169, 148, 152, 159, 160, 123, 124, 125, 126, 127, 0, 6, 7, 8, 61, 62, 63, 64, 65, 66, 67, 68, 69, 70, 71, 130, 131, 137, 141, 82.
- Genomes "MST_11" & "SEQ_6": The following singleton genes were ignored: 82, 123, 124, 125, 126, 127, 50, 60, 83, 84, 85, 86, 87, 88, 89, 90, 91, 92, 93, 94, 95, 96, 97, 98, 99, 100, 101, 102, 103, 104, 106, 107, 108, 109, 110, 111, 112, 113, 114, 115, 116, 117, 118, 119, 120, 121, 122, 169, 148, 152, 159, 160, 130, 131, 137, 141, 0, 6, 7, 8, 61, 62, 63, 64, 65, 66, 67, 68, 69, 70, 71.
- Genomes "MST_11" & "SEQ_7": The following singleton genes were ignored: 82, 123, 124, 125, 126, 127, 50, 60, 83, 84, 85, 86, 87, 88, 89, 90, 91, 92, 93, 94, 95, 96, 97, 98, 99, 100, 101, 102, 103, 104, 106, 107, 108, 109, 110, 111, 112, 113, 114, 115, 116, 117, 118, 119, 120, 121, 122, 169, 148, 152, 159, 160, 130, 131, 137, 141, 0, 6, 7, 8, 61, 62, 63, 64, 65, 66, 67, 68, 69, 70, 71.
- Genomes "MST_12" & "MST_13": The following singleton genes were ignored: 137, 141, 105, 106, 107, 108, 109, 110, 111, 112, 113, 114, 83, 84, 85, 86, 87, 88, 89, 90, 115, 116, 119, 120, 121, 117, 118, 91, 92, 93, 94, 95, 96, 97, 63, 64, 101, 102, 103, 65, 66, 67, 68, 69, 70, 71, 98, 99, 100, 186, 161, 123, 124, 125, 126, 127, 128.
- Genomes "MST_12" & "MST_14": The following singleton genes were ignored: 83, 84, 85, 86, 87, 88, 89, 90, 137, 60, 152, 159, 160, 161, 123, 124, 125, 126, 127, 141, 105, 106, 107, 108, 109, 110, 111, 112, 113, 114, 115, 116, 119, 120, 121, 117, 118, 91, 92, 93, 94, 95, 96, 97, 63, 64, 65, 66, 67, 68, 69, 70, 71, 101, 102, 103, 98, 99, 100, 186, 129, 130, 122, 128.
- Genomes "MST_12" & "MST_15": The following singleton genes were ignored: 83, 84, 85, 86, 87, 88, 89, 90, 91, 92, 93, 94, 95, 96, 97, 137, 141, 60, 152, 159, 160, 161, 123, 124, 125, 126, 127, 8, 61, 115, 116, 119, 120, 121, 117, 118, 63, 64, 65, 66, 67, 68, 69, 70, 71, 101, 102, 103, 98, 99, 100, 186, 129, 130, 122, 104, 105, 106, 107, 108, 109, 110, 111, 112, 113, 114, 128.
- Genomes "MST_12" & "MST_16": The following singleton genes were ignored: 71, 123, 124, 125, 126, 127, 60, 152, 159, 160, 161, 186, 8, 61, 83, 84, 85, 86, 87, 88, 89, 90, 91, 92, 93, 94, 95, 96, 97, 115, 116, 119, 120, 121, 117, 118, 63, 64, 65, 66, 67, 68, 69, 70, 101, 102, 103, 98, 99, 100, 129, 130, 122, 104, 105, 106, 107, 108, 109, 110, 111, 112, 113, 114, 131, 137, 141, 128.
- Genomes "MST_12" & "SEQ_0": The following singleton genes were ignored: 115, 116, 119, 120, 121, 117, 118, 91, 92, 93, 94, 95, 96, 97, 63, 64, 101, 102, 103, 65, 66, 67, 68, 69, 70, 71, 98, 99, 100, 137, 131, 141, 60, 61, 186, 122, 123, 124, 125, 126, 127, 129, 104, 105, 106, 107, 108, 109, 110, 111, 112, 113, 114, 8, 160, 83, 84, 85, 86, 87, 88, 89, 90, 6, 7, 21, 26, 30, 35, 149, 50, 76, 189, 81.
- Genomes "MST_12" & "SEQ_1": The following singleton genes were ignored: 115, 116, 119, 120, 121, 117, 118, 91, 92, 93, 94, 95, 96, 97, 63, 64, 65, 66, 67, 68, 69, 70, 71, 101, 102, 103, 98, 99, 100, 137, 131, 141, 60, 61, 186, 122, 123, 124, 125, 126, 127, 129, 130, 104, 105, 106, 107, 108, 109, 110, 111, 112, 113, 114, 8, 160, 83, 84, 85, 86, 87, 88, 89, 90, 6, 7, 21, 26, 30, 35, 149, 50, 76, 189, 81.
- Genomes "MST_12" & "SEQ_2": The following singleton genes were ignored: 115, 116, 119, 120, 121, 117, 118, 63, 64, 65, 66, 67, 68, 69, 70, 71, 101, 102, 103, 98, 99, 100, 104, 105, 106, 107, 108, 109, 110, 111, 112, 113, 114, 137, 83, 84, 85, 86, 87, 88, 89, 90, 91, 92, 93, 94, 95, 96, 97, 131, 141, 60, 61, 62, 186, 122, 123, 124, 125, 126, 127, 129, 130, 161.
- Genomes "MST_12" & "SEQ_3": The following singleton genes were ignored: 115, 116, 119, 120, 121, 117, 118, 63, 64, 65, 66, 67, 68, 69, 70, 71, 101, 102, 103, 98, 99, 100, 104, 105, 106, 107, 108, 109, 110, 111, 112, 113, 114, 137, 83, 84, 85, 86, 87, 88, 89, 90, 91, 92, 93, 94, 95, 96, 97, 131, 141, 60, 61, 62, 186, 122, 123, 124, 125, 126, 127, 129, 130, 161.
- Genomes "MST_12" & "SEQ_4": The following singleton genes were ignored: 60, 83, 84, 85, 86, 87, 88, 89, 90, 91, 92, 93, 94, 95, 96, 97, 98, 99, 100, 101, 102, 103, 104, 105, 106, 107, 108, 109, 110, 111, 112, 113, 114, 115, 116, 117, 118, 119, 120, 121, 122, 152, 159, 160, 161, 123, 124, 125, 126, 127, 8, 61, 62, 63, 64, 65, 66, 67, 68, 69, 70, 71, 186, 129, 130, 131, 137, 141.
- Genomes "MST_12" & "SEQ_5": The following singleton genes were ignored: 60, 83, 84, 85, 86, 87, 88, 89, 90, 91, 92, 93, 94, 95, 96, 97, 98, 99, 100, 101, 102, 103, 104, 105, 106, 107, 108, 109, 110, 111, 112, 113, 114, 115, 116, 117, 118, 119, 120, 121, 122, 152, 159, 160, 161, 123, 124, 125, 126, 127, 8, 61, 62, 63, 64, 65, 66, 67, 68, 69, 70, 71, 186, 129, 130, 131, 137, 141.
- Genomes "MST_12" & "SEQ_6": The following singleton genes were ignored: 123, 124, 125, 126, 127, 60, 83, 84, 85, 86, 87, 88, 89, 90, 91, 92, 93, 94, 95, 96, 97, 98, 99, 100, 101, 102, 103, 104, 105, 106, 107, 108, 109, 110, 111, 112, 113, 114, 115, 116, 117, 118, 119, 120, 121, 122, 152, 159, 160, 161, 186, 129, 130, 131, 137, 141, 8, 61, 62, 63, 64, 65, 66, 67, 68, 69, 70, 71.
- Genomes "MST_12" & "SEQ_7": The following singleton genes were ignored: 123, 124, 125, 126, 127, 60, 83, 84, 85, 86, 87, 88, 89, 90, 91, 92, 93, 94, 95, 96, 97, 98, 99, 100, 101, 102, 103, 104, 105, 106, 107, 108, 109, 110, 111, 112, 113, 114, 115, 116, 117, 118, 119, 120, 121, 122, 152, 159, 160, 161, 186, 129, 130, 131, 137, 141, 8, 61, 62, 63, 64, 65, 66, 67, 68, 69, 70, 71.
- Genomes "MST_13" & "MST_14": The following singleton genes were ignored: 60, 152, 159, 160, 129, 130, 122.
- Genomes "MST_13" & "MST_15": The following singleton genes were ignored: 60, 152, 159, 160, 8, 61, 129, 130, 122, 104.
- Genomes "MST_13" & "MST_16": The following singleton genes were ignored: 60, 152, 159, 160, 8, 61, 129, 130, 122, 104, 131.
- Genomes "MST_13" & "SEQ_0": The following singleton genes were ignored: 131, 60, 61, 122, 128, 129, 104, 8, 160, 6, 7, 21, 26, 30, 35, 149, 50, 161, 76, 189, 81.
- Genomes "MST_13" & "SEQ_1": The following singleton genes were ignored: 131, 60, 61, 122, 128, 129, 130, 104, 8, 160, 6, 7, 21, 26, 30, 35, 149, 50, 161, 76, 189, 81.
- Genomes "MST_13" & "SEQ_2": The following singleton genes were ignored: 104, 131, 60, 61, 62, 122, 128, 129, 130.
- Genomes "MST_13" & "SEQ_3": The following singleton genes were ignored: 104, 131, 60, 61, 62, 122, 128, 129, 130.
- Genomes "MST_13" & "SEQ_4": The following singleton genes were ignored: 60, 104, 122, 152, 159, 160, 128, 8, 61, 62, 129, 130, 131.
- Genomes "MST_13" & "SEQ_5": The following singleton genes were ignored: 60, 104, 122, 152, 159, 160, 128, 8, 61, 62, 129, 130, 131.
- Genomes "MST_13" & "SEQ_6": The following singleton genes were ignored: 128, 60, 104, 122, 152, 159, 160, 129, 130, 131, 8, 61, 62.
- Genomes "MST_13" & "SEQ_7": The following singleton genes were ignored: 128, 60, 104, 122, 152, 159, 160, 129, 130, 131, 8, 61, 62.
- Genomes "MST_14" & "MST_15": The following singleton genes were ignored: 8, 61, 104.
- Genomes "MST_14" & "MST_16": The following singleton genes were ignored: 8, 61, 104, 131.
- Genomes "MST_14" & "SEQ_0": The following singleton genes were ignored: 131, 61, 128, 104, 8, 6, 7, 21, 26, 130, 30, 35, 149, 152, 159, 50, 161, 76, 189, 81.
- Genomes "MST_14" & "SEQ_1": The following singleton genes were ignored: 131, 61, 128, 104, 8, 6, 7, 21, 26, 30, 35, 149, 152, 159, 50, 161, 76, 189, 81.
- Genomes "MST_14" & "SEQ_2": The following singleton genes were ignored: 104, 131, 61, 62, 128, 152, 159, 160.
- Genomes "MST_14" & "SEQ_3": The following singleton genes were ignored: 104, 131, 61, 62, 128, 152, 159, 160.
- Genomes "MST_14" & "SEQ_4": The following singleton genes were ignored: 104, 128, 8, 61, 62, 131.
- Genomes "MST_14" & "SEQ_5": The following singleton genes were ignored: 104, 128, 8, 61, 62, 131.
- Genomes "MST_14" & "SEQ_6": The following singleton genes were ignored: 128, 104, 131, 8, 61, 62.
- Genomes "MST_14" & "SEQ_7": The following singleton genes were ignored: 128, 104, 131, 8, 61, 62.
- Genomes "MST_15" & "MST_16": The following singleton genes were ignored: 131.
- Genomes "MST_15" & "SEQ_0": The following singleton genes were ignored: 131, 128, 6, 7, 21, 26, 130, 30, 35, 149, 152, 159, 50, 161, 76, 189, 81.
- Genomes "MST_15" & "SEQ_1": The following singleton genes were ignored: 131, 128, 6, 7, 21, 26, 30, 35, 149, 152, 159, 50, 161, 76, 189, 81.
- Genomes "MST_15" & "SEQ_2": The following singleton genes were ignored: 131, 62, 128, 8, 152, 159, 160.
- Genomes "MST_15" & "SEQ_3": The following singleton genes were ignored: 131, 62, 128, 8, 152, 159, 160.
- Genomes "MST_15" & "SEQ_4": The following singleton genes were ignored: 128, 62, 131.
- Genomes "MST_15" & "SEQ_5": The following singleton genes were ignored: 128, 62, 131.
- Genomes "MST_15" & "SEQ_6": The following singleton genes were ignored: 128, 131, 62.
- Genomes "MST_15" & "SEQ_7": The following singleton genes were ignored: 128, 131, 62.
- Genomes "MST_16" & "SEQ_0": The following singleton genes were ignored: 128, 6, 7, 21, 26, 130, 30, 35, 149, 152, 159, 50, 161, 76, 189, 81.
- Genomes "MST_16" & "SEQ_1": The following singleton genes were ignored: 128, 6, 7, 21, 26, 30, 35, 149, 152, 159, 50, 161, 76, 189, 81.
- Genomes "MST_16" & "SEQ_2": The following singleton genes were ignored: 62, 128, 8, 152, 159, 160.
- Genomes "MST_16" & "SEQ_3": The following singleton genes were ignored: 62, 128, 8, 152, 159, 160.
- Genomes "MST_16" & "SEQ_4": The following singleton genes were ignored: 128, 62.
- Genomes "MST_16" & "SEQ_5": The following singleton genes were ignored: 128, 62.
- Genomes "MST_16" & "SEQ_6": The following singleton genes were ignored: 128, 62.
- Genomes "MST_16" & "SEQ_7": The following singleton genes were ignored: 128, 62.
- Genomes "SEQ_0" & "SEQ_1": The following singleton genes were ignored: 130.
- Genomes "SEQ_0" & "SEQ_2": The following singleton genes were ignored: 76, 50, 21, 26, 149, 30, 6, 7, 62, 189, 81, 130, 35, 161, 8, 160.
- Genomes "SEQ_0" & "SEQ_3": The following singleton genes were ignored: 76, 81, 50, 21, 26, 149, 30, 6, 7, 62, 189, 130, 35, 161, 8, 160.
- Genomes "SEQ_0" & "SEQ_4": The following singleton genes were ignored: 76, 81, 50, 149, 152, 159, 161, 21, 26, 30, 35, 189, 6, 7, 62, 130.
- Genomes "SEQ_0" & "SEQ_5": The following singleton genes were ignored: 76, 81, 50, 149, 152, 159, 161, 21, 26, 30, 35, 189, 6, 7, 62, 130.
- Genomes "SEQ_0" & "SEQ_6": The following singleton genes were ignored: 76, 81, 21, 26, 30, 35, 189, 50, 149, 152, 159, 161, 130, 6, 7, 62.
- Genomes "SEQ_0" & "SEQ_7": The following singleton genes were ignored: 76, 81, 21, 26, 30, 35, 189, 50, 149, 152, 159, 161, 130, 6, 7, 62.
- Genomes "SEQ_1" & "SEQ_2": The following singleton genes were ignored: 76, 50, 21, 26, 149, 30, 6, 7, 62, 189, 81, 35, 161, 8, 160.
- Genomes "SEQ_1" & "SEQ_3": The following singleton genes were ignored: 76, 81, 50, 21, 26, 149, 30, 6, 7, 62, 189, 35, 161, 8, 160.
- Genomes "SEQ_1" & "SEQ_4": The following singleton genes were ignored: 76, 81, 50, 149, 152, 159, 161, 21, 26, 30, 35, 189, 6, 7, 62.
- Genomes "SEQ_1" & "SEQ_5": The following singleton genes were ignored: 76, 81, 50, 149, 152, 159, 161, 21, 26, 30, 35, 189, 6, 7, 62.
- Genomes "SEQ_1" & "SEQ_6": The following singleton genes were ignored: 76, 81, 21, 26, 30, 35, 189, 50, 149, 152, 159, 161, 6, 7, 62.
- Genomes "SEQ_1" & "SEQ_7": The following singleton genes were ignored: 76, 81, 21, 26, 30, 35, 189, 50, 149, 152, 159, 161, 6, 7, 62.
- Genomes "SEQ_2" & "SEQ_4": The following singleton genes were ignored: 152, 159, 160, 8.
- Genomes "SEQ_2" & "SEQ_5": The following singleton genes were ignored: 152, 159, 160, 8.
- Genomes "SEQ_2" & "SEQ_6": The following singleton genes were ignored: 152, 159, 160, 8.
- Genomes "SEQ_2" & "SEQ_7": The following singleton genes were ignored: 152, 159, 160, 8.
- Genomes "SEQ_3" & "SEQ_4": The following singleton genes were ignored: 152, 159, 160, 8.
- Genomes "SEQ_3" & "SEQ_5": The following singleton genes were ignored: 152, 159, 160, 8.
- Genomes "SEQ_3" & "SEQ_6": The following singleton genes were ignored: 152, 159, 160, 8.
- Genomes "SEQ_3" & "SEQ_7": The following singleton genes were ignored: 152, 159, 160, 8.

DCJ distance comparisons:
_____________________________________________________________________________________________________________________________________________________________________________________________________________________________________________________________________________________________________________________________________________________________________________________________________________________
|                       | simulated_k8_l200_7 | simulated_k8_l200_8 | simulated_k8_l200_9 | simulated_k8_l200_10 | simulated_k8_l200_11 | simulated_k8_l200_12 | simulated_k8_l200_13 | simulated_k8_l200_14 | MST_1 | MST_2 | MST_3 | MST_4 | MST_5 | MST_6 | MST_7 | MST_8 | MST_9 | MST_10 | MST_11 | MST_12 | MST_13 | MST_14 | MST_15 | MST_16 | SEQ_0 | SEQ_1 | SEQ_2 | SEQ_3 | SEQ_4 | SEQ_5 | SEQ_6 | SEQ_7 | 
| simulated_k8_l200_7   |                   0 |                   3 |                  55 |                   54 |                    4 |                    4 |                   55 |                   55 |     8 |     2 |     7 |    48 |    55 |    55 |    53 |    22 |    28 |     18 |     16 |     23 |     18 |     37 |     26 |     29 |    33 |    33 |    25 |    24 |    20 |    20 |    23 |    23 |
| simulated_k8_l200_8   |                   - |                   0 |                  56 |                   55 |                    5 |                    5 |                   56 |                   56 |     9 |     3 |     7 |    49 |    55 |    55 |    53 |    22 |    28 |     19 |     14 |     22 |     16 |     38 |     27 |     30 |    32 |    34 |    26 |    25 |    21 |    21 |    24 |    24 |
| simulated_k8_l200_9   |                   - |                   - |                   0 |                    1 |                   57 |                   57 |                   22 |                   22 |     8 |     3 |     3 |    47 |    55 |    54 |    51 |    22 |    30 |     21 |     20 |     34 |     29 |     40 |     27 |     32 |    25 |    23 |    29 |    29 |    36 |    36 |    34 |    34 |
| simulated_k8_l200_10  |                   - |                   - |                   - |                    0 |                   56 |                   56 |                   23 |                   23 |     8 |     3 |     3 |    47 |    55 |    54 |    51 |    22 |    31 |     22 |     20 |     33 |     28 |     39 |     26 |     31 |    25 |    23 |    29 |    28 |    35 |    35 |    33 |    33 |
| simulated_k8_l200_11  |                   - |                   - |                   - |                    - |                    0 |                    0 |                   55 |                   55 |     8 |     2 |     6 |    48 |    55 |    55 |    53 |    22 |    27 |     17 |     13 |     22 |     18 |     37 |     28 |     31 |    31 |    29 |    25 |    24 |    22 |    22 |    25 |    25 |
| simulated_k8_l200_12  |                   - |                   - |                   - |                    - |                    - |                    0 |                   55 |                   55 |     8 |     2 |     6 |    48 |    55 |    55 |    53 |    22 |    27 |     17 |     13 |     22 |     18 |     37 |     28 |     31 |    31 |    29 |    25 |    24 |    22 |    22 |    25 |    25 |
| simulated_k8_l200_13  |                   - |                   - |                   - |                    - |                    - |                    - |                    0 |                    0 |     8 |     3 |     0 |    46 |    54 |    53 |    51 |    22 |    28 |     22 |     25 |     36 |     32 |     44 |     34 |     38 |    23 |    21 |    30 |    30 |    37 |    37 |    36 |    36 |
| simulated_k8_l200_14  |                   - |                   - |                   - |                    - |                    - |                    - |                    - |                    0 |     8 |     3 |     0 |    46 |    54 |    53 |    51 |    22 |    28 |     22 |     25 |     36 |     32 |     44 |     34 |     38 |    23 |    21 |    30 |    30 |    37 |    37 |    36 |    36 |
| MST_1                 |                   - |                   - |                   - |                    - |                    - |                    - |                    - |                    - |     0 |     0 |     0 |     0 |     0 |     0 |     - |     - |     0 |      5 |      5 |      7 |      8 |      7 |      7 |      9 |     8 |     7 |     8 |     8 |     7 |     7 |     6 |     6 |
| MST_2                 |                   - |                   - |                   - |                    - |                    - |                    - |                    - |                    - |     - |     0 |     0 |     0 |     0 |     0 |     - |     - |     1 |      2 |      1 |      1 |      2 |      1 |      1 |      3 |     5 |     4 |     2 |     2 |     1 |     1 |     0 |     0 |
| MST_3                 |                   - |                   - |                   - |                    - |                    - |                    - |                    - |                    - |     - |     - |     0 |     0 |     0 |     0 |     0 |     - |     0 |      6 |      5 |      4 |      5 |      1 |      2 |      4 |     8 |     6 |     5 |     5 |     1 |     1 |     1 |     1 |
| MST_4                 |                   - |                   - |                   - |                    - |                    - |                    - |                    - |                    - |     - |     - |     - |     0 |     0 |     0 |     0 |     0 |     1 |      7 |      7 |      6 |     45 |     46 |     48 |     50 |    48 |    47 |    47 |    47 |    47 |    47 |    47 |    47 |
| MST_5                 |                   - |                   - |                   - |                    - |                    - |                    - |                    - |                    - |     - |     - |     - |     - |     0 |     0 |     0 |     0 |     2 |      7 |      7 |      5 |     47 |     51 |     53 |     54 |    53 |    54 |    54 |    54 |    55 |    55 |    55 |    55 |
| MST_6                 |                   - |                   - |                   - |                    - |                    - |                    - |                    - |                    - |     - |     - |     - |     - |     - |     0 |     0 |     0 |     2 |      6 |      6 |      4 |     46 |     51 |     53 |     54 |    52 |    53 |    53 |    53 |    55 |    55 |    55 |    55 |
| MST_7                 |                   - |                   - |                   - |                    - |                    - |                    - |                    - |                    - |     - |     - |     - |     - |     - |     - |     0 |     2 |     3 |      5 |      4 |      2 |     45 |     50 |     51 |     52 |    50 |    51 |    51 |    51 |    53 |    53 |    53 |    53 |
| MST_8                 |                   - |                   - |                   - |                    - |                    - |                    - |                    - |                    - |     - |     - |     - |     - |     - |     - |     - |     0 |     4 |     14 |     12 |     13 |     17 |     20 |     22 |     22 |    22 |    23 |    22 |    22 |    22 |    22 |    23 |    23 |
| MST_9                 |                   - |                   - |                   - |                    - |                    - |                    - |                    - |                    - |     - |     - |     - |     - |     - |     - |     - |     - |     0 |     17 |     20 |     31 |     24 |     40 |     33 |     37 |    21 |    21 |    26 |    26 |    32 |    32 |    35 |    35 |
| MST_10                |                   - |                   - |                   - |                    - |                    - |                    - |                    - |                    - |     - |     - |     - |     - |     - |     - |     - |     - |     - |      0 |      8 |     22 |     15 |     38 |     31 |     35 |     7 |     8 |    15 |    15 |    33 |    33 |    36 |    36 |
| MST_11                |                   - |                   - |                   - |                    - |                    - |                    - |                    - |                    - |     - |     - |     - |     - |     - |     - |     - |     - |     - |      - |      0 |     17 |     12 |     37 |     26 |     28 |    10 |     9 |     5 |     6 |    28 |    28 |    29 |    29 |
| MST_12                |                   - |                   - |                   - |                    - |                    - |                    - |                    - |                    - |     - |     - |     - |     - |     - |     - |     - |     - |     - |      - |      - |      0 |     17 |     43 |     34 |     36 |    22 |    21 |    16 |    15 |    33 |    33 |    36 |    36 |
| MST_13                |                   - |                   - |                   - |                    - |                    - |                    - |                    - |                    - |     - |     - |     - |     - |     - |     - |     - |     - |     - |      - |      - |      - |      0 |     32 |     24 |     26 |    19 |    19 |    13 |    12 |    29 |    29 |    33 |    33 |
| MST_14                |                   - |                   - |                   - |                    - |                    - |                    - |                    - |                    - |     - |     - |     - |     - |     - |     - |     - |     - |     - |      - |      - |      - |      - |      0 |     15 |     21 |    46 |    44 |    40 |    39 |    26 |    26 |    30 |    30 |
| MST_15                |                   - |                   - |                   - |                    - |                    - |                    - |                    - |                    - |     - |     - |     - |     - |     - |     - |     - |     - |     - |      - |      - |      - |      - |      - |      0 |      6 |    41 |    39 |    29 |    28 |    17 |    17 |    15 |    15 |
| MST_16                |                   - |                   - |                   - |                    - |                    - |                    - |                    - |                    - |     - |     - |     - |     - |     - |     - |     - |     - |     - |      - |      - |      - |      - |      - |      - |      0 |    47 |    45 |    36 |    35 |    20 |    20 |    16 |    16 |
| SEQ_0                 |                   - |                   - |                   - |                    - |                    - |                    - |                    - |                    - |     - |     - |     - |     - |     - |     - |     - |     - |     - |      - |      - |      - |      - |      - |      - |      - |     0 |     2 |    13 |    13 |    52 |    52 |    55 |    55 |
| SEQ_1                 |                   - |                   - |                   - |                    - |                    - |                    - |                    - |                    - |     - |     - |     - |     - |     - |     - |     - |     - |     - |      - |      - |      - |      - |      - |      - |      - |     - |     0 |    11 |    11 |    50 |    50 |    53 |    53 |
| SEQ_2                 |                   - |                   - |                   - |                    - |                    - |                    - |                    - |                    - |     - |     - |     - |     - |     - |     - |     - |     - |     - |      - |      - |      - |      - |      - |      - |      - |     - |     - |     0 |     1 |    42 |    42 |    45 |    45 |
| SEQ_3                 |                   - |                   - |                   - |                    - |                    - |                    - |                    - |                    - |     - |     - |     - |     - |     - |     - |     - |     - |     - |      - |      - |      - |      - |      - |      - |      - |     - |     - |     - |     0 |    41 |    41 |    44 |    44 |
| SEQ_4                 |                   - |                   - |                   - |                    - |                    - |                    - |                    - |                    - |     - |     - |     - |     - |     - |     - |     - |     - |     - |      - |      - |      - |      - |      - |      - |      - |     - |     - |     - |     - |     0 |     0 |     4 |     4 |
| SEQ_5                 |                   - |                   - |                   - |                    - |                    - |                    - |                    - |                    - |     - |     - |     - |     - |     - |     - |     - |     - |     - |      - |      - |      - |      - |      - |      - |      - |     - |     - |     - |     - |     - |     0 |     4 |     4 |
| SEQ_6                 |                   - |                   - |                   - |                    - |                    - |                    - |                    - |                    - |     - |     - |     - |     - |     - |     - |     - |     - |     - |      - |      - |      - |      - |      - |      - |      - |     - |     - |     - |     - |     - |     - |     0 |     0 |
| SEQ_7                 |                   - |                   - |                   - |                    - |                    - |                    - |                    - |                    - |     - |     - |     - |     - |     - |     - |     - |     - |     - |      - |      - |      - |      - |      - |      - |      - |     - |     - |     - |     - |     - |     - |     - |     0 |


DCJ distance comparisons as PHYLIP matrix:

32
simulated_
simulated_3 
simulated_55 56 
simulated_54 55 1 
simulated_4 5 57 56 
simulated_4 5 57 56 0 
simulated_55 56 22 23 55 55 
simulated_55 56 22 23 55 55 0 
MST_1     8 9 8 8 8 8 8 8 
MST_2     2 3 3 3 2 2 3 3 0 
MST_3     7 7 3 3 6 6 0 0 0 0 
MST_4     48 49 47 47 48 48 46 46 0 0 0 
MST_5     55 55 55 55 55 55 54 54 0 0 0 0 
MST_6     55 55 54 54 55 55 53 53 0 0 0 0 0 
MST_7     53 53 51 51 53 53 51 51 10000 10000 0 0 0 0 
MST_8     22 22 22 22 22 22 22 22 10000 10000 10000 0 0 0 2 
MST_9     28 28 30 31 27 27 28 28 0 1 0 1 2 2 3 4 
MST_10    18 19 21 22 17 17 22 22 5 2 6 7 7 6 5 14 17 
MST_11    16 14 20 20 13 13 25 25 5 1 5 7 7 6 4 12 20 8 
MST_12    23 22 34 33 22 22 36 36 7 1 4 6 5 4 2 13 31 22 17 
MST_13    18 16 29 28 18 18 32 32 8 2 5 45 47 46 45 17 24 15 12 17 
MST_14    37 38 40 39 37 37 44 44 7 1 1 46 51 51 50 20 40 38 37 43 32 
MST_15    26 27 27 26 28 28 34 34 7 1 2 48 53 53 51 22 33 31 26 34 24 15 
MST_16    29 30 32 31 31 31 38 38 9 3 4 50 54 54 52 22 37 35 28 36 26 21 6 
SEQ_0     33 32 25 25 31 31 23 23 8 5 8 48 53 52 50 22 21 7 10 22 19 46 41 47 
SEQ_1     33 34 23 23 29 29 21 21 7 4 6 47 54 53 51 23 21 8 9 21 19 44 39 45 2 
SEQ_2     25 26 29 29 25 25 30 30 8 2 5 47 54 53 51 22 26 15 5 16 13 40 29 36 13 11 
SEQ_3     24 25 29 28 24 24 30 30 8 2 5 47 54 53 51 22 26 15 6 15 12 39 28 35 13 11 1 
SEQ_4     20 21 36 35 22 22 37 37 7 1 1 47 55 55 53 22 32 33 28 33 29 26 17 20 52 50 42 41 
SEQ_5     20 21 36 35 22 22 37 37 7 1 1 47 55 55 53 22 32 33 28 33 29 26 17 20 52 50 42 41 0 
SEQ_6     23 24 34 33 25 25 36 36 6 0 1 47 55 55 53 23 35 36 29 36 33 30 15 16 55 53 45 44 4 4 
SEQ_7     23 24 34 33 25 25 36 36 6 0 1 47 55 55 53 23 35 36 29 36 33 30 15 16 55 53 45 44 4 4 0 


Adjacencies of each genome comparison after each step:

