simulated_k68_l500_26,simulated_k68_l500_30,simulated_k68_l500_34,simulated_k68_l500_43,simulated_k68_l500_44,simulated_k68_l500_46,simulated_k68_l500_50,simulated_k68_l500_52,simulated_k68_l500_54,simulated_k68_l500_56,simulated_k68_l500_57,simulated_k68_l500_58,simulated_k68_l500_60,simulated_k68_l500_61,simulated_k68_l500_62,simulated_k68_l500_63,simulated_k68_l500_64,simulated_k68_l500_66,simulated_k68_l500_68,simulated_k68_l500_70,simulated_k68_l500_72,simulated_k68_l500_76,simulated_k68_l500_77,simulated_k68_l500_78,simulated_k68_l500_80,simulated_k68_l500_81,simulated_k68_l500_82,simulated_k68_l500_84,simulated_k68_l500_85,simulated_k68_l500_86,simulated_k68_l500_88,simulated_k68_l500_89,simulated_k68_l500_90,simulated_k68_l500_92,simulated_k68_l500_93,simulated_k68_l500_94,simulated_k68_l500_96,simulated_k68_l500_99,simulated_k68_l500_100,simulated_k68_l500_101,simulated_k68_l500_102,simulated_k68_l500_103,simulated_k68_l500_104,simulated_k68_l500_105,simulated_k68_l500_106,simulated_k68_l500_108,simulated_k68_l500_110,simulated_k68_l500_111,simulated_k68_l500_112,simulated_k68_l500_114,simulated_k68_l500_116,simulated_k68_l500_117,simulated_k68_l500_118,simulated_k68_l500_119,simulated_k68_l500_120,simulated_k68_l500_122,simulated_k68_l500_123,simulated_k68_l500_124,simulated_k68_l500_125,simulated_k68_l500_126,simulated_k68_l500_127,simulated_k68_l500_128,simulated_k68_l500_129,simulated_k68_l500_130,simulated_k68_l500_131,simulated_k68_l500_132,simulated_k68_l500_133,simulated_k68_l500_134,MST_1,MST_2,MST_3,MST_4,MST_5,MST_6,MST_7,MST_8,MST_9,MST_10,MST_11,MST_12,MST_13,MST_14,MST_15,MST_16,MST_17,MST_18,MST_19,MST_20,MST_21,MST_22,MST_23,MST_24,MST_25,MST_26,MST_27,MST_28,MST_29,MST_30,MST_31,MST_32,MST_33,MST_34,MST_35,MST_36,MST_37,MST_38,MST_39,MST_40,MST_41,MST_42,MST_43,MST_44,MST_45,MST_46,MST_47,MST_48,MST_49,MST_50,MST_51,MST_52,MST_53,MST_54,MST_55,MST_56,MST_57,MST_58,MST_59,MST_60,MST_61,MST_62,MST_63,MST_64,MST_65,MST_66,MST_67,MST_68,MST_69,MST_70,SEQ_0,SEQ_1,SEQ_2,SEQ_3,SEQ_4,SEQ_5,SEQ_6,SEQ_7,SEQ_8,SEQ_9,SEQ_10,SEQ_11,SEQ_12,SEQ_13,SEQ_14,SEQ_15,SEQ_16,SEQ_17,SEQ_18,SEQ_19,SEQ_20,SEQ_21,SEQ_22,SEQ_23,SEQ_24,SEQ_25,SEQ_26,SEQ_27,SEQ_28,SEQ_29,SEQ_30,SEQ_31,SEQ_32,SEQ_33,SEQ_34,SEQ_35,SEQ_36,SEQ_37,SEQ_38,SEQ_39,SEQ_40,SEQ_41,SEQ_42,SEQ_43,SEQ_44,SEQ_45,SEQ_46,SEQ_47,SEQ_48,SEQ_49,SEQ_50,SEQ_51,SEQ_52,SEQ_53,SEQ_54,SEQ_55,SEQ_56,SEQ_57,SEQ_58,SEQ_59,SEQ_60,SEQ_61,SEQ_62,SEQ_63,SEQ_64,SEQ_65,SEQ_66,SEQ_67,SEQ_68
0.0,44.0,28.0,28.0,24.0,27.0,45.0,29.0,45.0,28.0,24.0,23.0,29.0,48.0,45.0,32.0,30.0,33.0,28.0,36.0,33.0,28.0,28.0,30.0,43.0,43.0,44.0,29.0,30.0,25.0,44.0,44.0,47.0,45.0,27.0,30.0,40.0,48.0,45.0,30.0,31.0,25.0,24.0,46.0,43.0,26.0,37.0,39.0,40.0,41.0,44.0,46.0,45.0,37.0,37.0,26.0,45.0,45.0,43.0,44.0,32.0,32.0,38.0,38.0,42.0,43.0,27.0,27.0,141.0,32.0,102.0,91.0,69.0,56.0,50.0,43.0,41.0,40.0,37.0,34.0,34.0,33.0,31.0,30.0,28.0,28.0,28.0,27.0,27.0,25.0,25.0,25.0,25.0,26.0,27.0,28.0,28.0,28.0,28.0,28.0,27.0,25.0,28.0,27.0,23.0,22.0,22.0,22.0,22.0,22.0,22.0,22.0,22.0,22.0,23.0,23.0,23.0,23.0,23.0,23.0,23.0,23.0,23.0,23.0,23.0,23.0,23.0,23.0,23.0,23.0,23.0,23.0,23.0,23.0,23.0,23.0,54.0,67.0,106.0,107.0,98.0,71.0,58.0,51.0,44.0,41.0,41.0,39.0,34.0,34.0,33.0,31.0,31.0,28.0,28.0,28.0,27.0,27.0,25.0,25.0,25.0,25.0,26.0,27.0,28.0,28.0,28.0,28.0,28.0,27.0,25.0,28.0,27.0,23.0,22.0,22.0,22.0,22.0,22.0,22.0,22.0,22.0,22.0,23.0,23.0,23.0,23.0,23.0,23.0,23.0,23.0,23.0,23.0,23.0,23.0,23.0,23.0,23.0,23.0,23.0,23.0,23.0,23.0,23.0,23.0,23.0,67.0
,0.0,34.0,42.0,38.0,43.0,25.0,43.0,23.0,34.0,42.0,43.0,43.0,18.0,17.0,46.0,44.0,39.0,42.0,14.0,39.0,44.0,34.0,36.0,21.0,13.0,14.0,45.0,44.0,39.0,22.0,22.0,25.0,33.0,43.0,46.0,18.0,26.0,23.0,36.0,35.0,39.0,36.0,32.0,29.0,40.0,15.0,17.0,18.0,19.0,24.0,24.0,23.0,15.0,15.0,40.0,23.0,23.0,23.0,24.0,40.0,40.0,16.0,16.0,20.0,21.0,41.0,41.0,141.0,37.0,96.0,85.0,59.0,46.0,43.0,36.0,33.0,31.0,29.0,26.0,26.0,25.0,23.0,22.0,23.0,22.0,22.0,20.0,21.0,19.0,19.0,19.0,18.0,20.0,19.0,18.0,18.0,18.0,18.0,18.0,17.0,21.0,18.0,17.0,21.0,22.0,22.0,22.0,22.0,22.0,22.0,22.0,22.0,22.0,21.0,21.0,21.0,21.0,21.0,21.0,21.0,21.0,21.0,21.0,21.0,21.0,21.0,21.0,21.0,21.0,21.0,21.0,21.0,21.0,21.0,21.0,56.0,70.0,109.0,100.0,91.0,61.0,46.0,44.0,37.0,33.0,32.0,30.0,26.0,26.0,25.0,23.0,23.0,23.0,22.0,22.0,20.0,21.0,19.0,19.0,19.0,18.0,20.0,19.0,18.0,18.0,18.0,18.0,18.0,17.0,21.0,18.0,17.0,21.0,22.0,22.0,22.0,22.0,22.0,22.0,22.0,22.0,22.0,21.0,21.0,21.0,21.0,21.0,21.0,21.0,21.0,21.0,21.0,21.0,21.0,21.0,21.0,21.0,21.0,21.0,21.0,21.0,21.0,21.0,21.0,21.0,70.0
,,0.0,26.0,20.0,27.0,39.0,27.0,37.0,14.0,28.0,27.0,27.0,38.0,35.0,30.0,28.0,19.0,26.0,28.0,19.0,28.0,14.0,16.0,35.0,33.0,34.0,29.0,26.0,21.0,36.0,36.0,39.0,39.0,27.0,30.0,32.0,40.0,37.0,8.0,9.0,21.0,20.0,38.0,35.0,24.0,29.0,31.0,32.0,33.0,38.0,38.0,37.0,29.0,29.0,24.0,37.0,37.0,37.0,38.0,20.0,20.0,30.0,30.0,34.0,35.0,25.0,25.0,145.0,27.0,94.0,81.0,62.0,48.0,44.0,39.0,33.0,32.0,29.0,27.0,27.0,26.0,25.0,26.0,26.0,26.0,26.0,24.0,25.0,23.0,23.0,23.0,21.0,22.0,21.0,20.0,20.0,20.0,20.0,20.0,19.0,17.0,20.0,19.0,15.0,14.0,14.0,14.0,14.0,14.0,14.0,14.0,14.0,14.0,15.0,15.0,15.0,15.0,15.0,15.0,15.0,15.0,15.0,15.0,15.0,15.0,15.0,15.0,15.0,15.0,15.0,15.0,15.0,15.0,15.0,15.0,56.0,74.0,112.0,99.0,87.0,64.0,49.0,45.0,40.0,33.0,33.0,31.0,27.0,27.0,26.0,25.0,28.0,26.0,26.0,26.0,24.0,25.0,23.0,23.0,23.0,21.0,22.0,21.0,20.0,20.0,20.0,20.0,20.0,19.0,17.0,20.0,19.0,15.0,14.0,14.0,14.0,14.0,14.0,14.0,14.0,14.0,14.0,15.0,15.0,15.0,15.0,15.0,15.0,15.0,15.0,15.0,15.0,15.0,15.0,15.0,15.0,15.0,15.0,15.0,15.0,15.0,15.0,15.0,15.0,15.0,74.0
,,,0.0,16.0,25.0,45.0,23.0,43.0,26.0,28.0,27.0,25.0,46.0,41.0,28.0,26.0,31.0,24.0,34.0,31.0,24.0,26.0,28.0,41.0,41.0,42.0,25.0,24.0,21.0,42.0,42.0,45.0,45.0,23.0,26.0,38.0,46.0,43.0,28.0,29.0,17.0,18.0,44.0,41.0,22.0,35.0,37.0,38.0,39.0,42.0,44.0,43.0,35.0,35.0,22.0,43.0,43.0,41.0,42.0,30.0,30.0,36.0,36.0,40.0,41.0,23.0,23.0,140.0,35.0,100.0,90.0,64.0,51.0,45.0,38.0,35.0,34.0,31.0,28.0,28.0,27.0,25.0,22.0,20.0,22.0,22.0,21.0,21.0,23.0,23.0,23.0,23.0,24.0,25.0,26.0,26.0,26.0,26.0,26.0,25.0,21.0,24.0,25.0,21.0,20.0,20.0,20.0,20.0,20.0,20.0,20.0,20.0,20.0,21.0,21.0,21.0,21.0,21.0,21.0,21.0,21.0,21.0,21.0,21.0,21.0,21.0,21.0,21.0,21.0,21.0,21.0,21.0,21.0,21.0,21.0,55.0,70.0,108.0,105.0,97.0,67.0,52.0,46.0,39.0,35.0,35.0,33.0,28.0,28.0,27.0,25.0,23.0,20.0,22.0,22.0,21.0,21.0,23.0,23.0,23.0,23.0,24.0,25.0,26.0,26.0,26.0,26.0,26.0,25.0,21.0,24.0,25.0,21.0,20.0,20.0,20.0,20.0,20.0,20.0,20.0,20.0,20.0,21.0,21.0,21.0,21.0,21.0,21.0,21.0,21.0,21.0,21.0,21.0,21.0,21.0,21.0,21.0,21.0,21.0,21.0,21.0,21.0,21.0,21.0,21.0,70.0
,,,,0.0,21.0,41.0,19.0,39.0,22.0,22.0,21.0,21.0,38.0,35.0,24.0,22.0,27.0,20.0,30.0,27.0,20.0,22.0,22.0,37.0,37.0,38.0,21.0,20.0,17.0,38.0,38.0,41.0,41.0,19.0,22.0,34.0,42.0,39.0,24.0,25.0,15.0,14.0,40.0,37.0,18.0,31.0,33.0,34.0,35.0,38.0,40.0,39.0,31.0,31.0,18.0,39.0,39.0,37.0,38.0,26.0,26.0,32.0,32.0,36.0,37.0,19.0,19.0,145.0,29.0,93.0,83.0,59.0,46.0,42.0,35.0,31.0,30.0,27.0,24.0,24.0,23.0,21.0,18.0,16.0,18.0,18.0,17.0,17.0,19.0,19.0,19.0,19.0,20.0,21.0,22.0,22.0,22.0,22.0,22.0,21.0,17.0,20.0,21.0,17.0,16.0,16.0,16.0,16.0,16.0,16.0,16.0,16.0,16.0,17.0,17.0,17.0,17.0,17.0,17.0,17.0,17.0,17.0,17.0,17.0,17.0,17.0,17.0,17.0,17.0,17.0,17.0,17.0,17.0,17.0,17.0,56.0,72.0,111.0,98.0,90.0,62.0,47.0,43.0,36.0,31.0,31.0,29.0,24.0,24.0,23.0,21.0,19.0,16.0,18.0,18.0,17.0,17.0,19.0,19.0,19.0,19.0,20.0,21.0,22.0,22.0,22.0,22.0,22.0,21.0,17.0,20.0,21.0,17.0,16.0,16.0,16.0,16.0,16.0,16.0,16.0,16.0,16.0,17.0,17.0,17.0,17.0,17.0,17.0,17.0,17.0,17.0,17.0,17.0,17.0,17.0,17.0,17.0,17.0,17.0,17.0,17.0,17.0,17.0,17.0,17.0,72.0
,,,,,0.0,46.0,22.0,44.0,27.0,29.0,28.0,8.0,47.0,44.0,11.0,9.0,30.0,17.0,33.0,32.0,23.0,27.0,29.0,40.0,42.0,41.0,24.0,23.0,18.0,43.0,43.0,46.0,42.0,22.0,25.0,39.0,47.0,44.0,29.0,30.0,16.0,17.0,43.0,40.0,15.0,32.0,34.0,35.0,40.0,41.0,45.0,44.0,32.0,32.0,15.0,42.0,42.0,40.0,41.0,31.0,31.0,33.0,33.0,41.0,42.0,16.0,16.0,140.0,34.0,90.0,76.0,52.0,39.0,35.0,29.0,25.0,24.0,24.0,25.0,25.0,24.0,22.0,21.0,21.0,21.0,21.0,22.0,22.0,22.0,22.0,22.0,24.0,25.0,26.0,27.0,27.0,27.0,27.0,27.0,26.0,24.0,27.0,26.0,22.0,21.0,21.0,21.0,21.0,21.0,21.0,21.0,21.0,21.0,22.0,22.0,22.0,22.0,22.0,22.0,22.0,22.0,22.0,22.0,22.0,22.0,22.0,22.0,22.0,22.0,22.0,22.0,22.0,22.0,22.0,22.0,54.0,68.0,107.0,94.0,83.0,54.0,41.0,36.0,30.0,25.0,26.0,26.0,25.0,25.0,24.0,22.0,22.0,21.0,21.0,21.0,22.0,22.0,22.0,22.0,22.0,24.0,25.0,26.0,27.0,27.0,27.0,27.0,27.0,26.0,24.0,27.0,26.0,22.0,21.0,21.0,21.0,21.0,21.0,21.0,21.0,21.0,21.0,22.0,22.0,22.0,22.0,22.0,22.0,22.0,22.0,22.0,22.0,22.0,22.0,22.0,22.0,22.0,22.0,22.0,22.0,22.0,22.0,22.0,22.0,22.0,68.0
,,,,,,0.0,46.0,22.0,39.0,43.0,44.0,46.0,29.0,26.0,47.0,47.0,44.0,45.0,17.0,44.0,47.0,39.0,41.0,22.0,24.0,25.0,48.0,47.0,42.0,9.0,9.0,12.0,36.0,46.0,49.0,17.0,25.0,22.0,41.0,40.0,42.0,39.0,35.0,32.0,43.0,18.0,20.0,21.0,18.0,23.0,23.0,22.0,18.0,18.0,43.0,24.0,24.0,22.0,23.0,43.0,43.0,19.0,19.0,19.0,20.0,44.0,44.0,138.0,38.0,86.0,77.0,51.0,46.0,41.0,36.0,34.0,31.0,31.0,28.0,28.0,27.0,27.0,26.0,24.0,23.0,23.0,23.0,24.0,22.0,22.0,22.0,21.0,23.0,22.0,21.0,21.0,21.0,21.0,21.0,20.0,24.0,21.0,20.0,24.0,25.0,25.0,25.0,25.0,25.0,25.0,25.0,25.0,25.0,24.0,24.0,24.0,24.0,24.0,24.0,24.0,24.0,24.0,24.0,24.0,24.0,24.0,24.0,24.0,24.0,24.0,24.0,24.0,24.0,24.0,24.0,56.0,69.0,104.0,91.0,84.0,53.0,46.0,42.0,37.0,34.0,32.0,32.0,28.0,28.0,27.0,27.0,26.0,24.0,23.0,23.0,23.0,24.0,22.0,22.0,22.0,21.0,23.0,22.0,21.0,21.0,21.0,21.0,21.0,20.0,24.0,21.0,20.0,24.0,25.0,25.0,25.0,25.0,25.0,25.0,25.0,25.0,25.0,24.0,24.0,24.0,24.0,24.0,24.0,24.0,24.0,24.0,24.0,24.0,24.0,24.0,24.0,24.0,24.0,24.0,24.0,24.0,24.0,24.0,24.0,24.0,69.0
,,,,,,,0.0,44.0,27.0,29.0,26.0,22.0,45.0,42.0,23.0,23.0,32.0,21.0,35.0,32.0,13.0,27.0,29.0,42.0,42.0,43.0,14.0,21.0,18.0,43.0,43.0,46.0,46.0,12.0,15.0,39.0,47.0,44.0,27.0,30.0,14.0,13.0,45.0,42.0,19.0,36.0,38.0,39.0,40.0,43.0,45.0,44.0,36.0,36.0,19.0,42.0,42.0,42.0,43.0,31.0,31.0,37.0,37.0,41.0,42.0,20.0,20.0,141.0,34.0,96.0,83.0,58.0,45.0,41.0,33.0,33.0,32.0,28.0,27.0,27.0,26.0,24.0,21.0,19.0,21.0,21.0,22.0,22.0,22.0,22.0,22.0,24.0,25.0,26.0,27.0,27.0,27.0,27.0,27.0,26.0,24.0,27.0,26.0,22.0,21.0,21.0,21.0,21.0,21.0,21.0,21.0,21.0,21.0,22.0,22.0,22.0,22.0,22.0,22.0,22.0,22.0,22.0,22.0,22.0,22.0,22.0,22.0,22.0,22.0,22.0,22.0,22.0,22.0,22.0,22.0,55.0,73.0,107.0,101.0,90.0,61.0,46.0,41.0,34.0,33.0,33.0,30.0,27.0,27.0,26.0,24.0,22.0,19.0,21.0,21.0,22.0,22.0,22.0,22.0,22.0,24.0,25.0,26.0,27.0,27.0,27.0,27.0,27.0,26.0,24.0,27.0,26.0,22.0,21.0,21.0,21.0,21.0,21.0,21.0,21.0,21.0,21.0,22.0,22.0,22.0,22.0,22.0,22.0,22.0,22.0,22.0,22.0,22.0,22.0,22.0,22.0,22.0,22.0,22.0,22.0,22.0,22.0,22.0,22.0,22.0,73.0
,,,,,,,,0.0,37.0,45.0,44.0,44.0,27.0,24.0,47.0,45.0,42.0,43.0,15.0,42.0,43.0,37.0,39.0,22.0,22.0,23.0,46.0,45.0,40.0,19.0,19.0,22.0,32.0,44.0,47.0,15.0,17.0,14.0,39.0,38.0,40.0,39.0,31.0,28.0,41.0,16.0,18.0,19.0,16.0,23.0,21.0,20.0,16.0,16.0,41.0,24.0,24.0,22.0,23.0,41.0,41.0,17.0,17.0,17.0,18.0,42.0,42.0,140.0,33.0,96.0,83.0,61.0,48.0,41.0,36.0,33.0,31.0,29.0,26.0,26.0,25.0,25.0,24.0,22.0,21.0,21.0,21.0,22.0,20.0,20.0,20.0,19.0,21.0,20.0,19.0,19.0,19.0,19.0,19.0,18.0,22.0,19.0,18.0,22.0,23.0,23.0,23.0,23.0,23.0,23.0,23.0,23.0,23.0,22.0,22.0,22.0,22.0,22.0,22.0,22.0,22.0,22.0,22.0,22.0,22.0,22.0,22.0,22.0,22.0,22.0,22.0,22.0,22.0,22.0,22.0,57.0,70.0,107.0,101.0,90.0,63.0,48.0,42.0,37.0,33.0,32.0,30.0,26.0,26.0,25.0,25.0,24.0,22.0,21.0,21.0,21.0,22.0,20.0,20.0,20.0,19.0,21.0,20.0,19.0,19.0,19.0,19.0,19.0,18.0,22.0,19.0,18.0,22.0,23.0,23.0,23.0,23.0,23.0,23.0,23.0,23.0,23.0,22.0,22.0,22.0,22.0,22.0,22.0,22.0,22.0,22.0,22.0,22.0,22.0,22.0,22.0,22.0,22.0,22.0,22.0,22.0,22.0,22.0,22.0,22.0,70.0
,,,,,,,,,0.0,28.0,27.0,27.0,38.0,35.0,30.0,28.0,11.0,26.0,28.0,11.0,28.0,4.0,6.0,35.0,33.0,34.0,29.0,28.0,23.0,36.0,36.0,39.0,39.0,27.0,30.0,32.0,40.0,37.0,18.0,19.0,23.0,22.0,38.0,35.0,24.0,29.0,31.0,32.0,33.0,38.0,38.0,37.0,29.0,29.0,24.0,37.0,37.0,37.0,38.0,12.0,12.0,30.0,30.0,34.0,35.0,25.0,25.0,145.0,27.0,96.0,81.0,57.0,44.0,38.0,32.0,29.0,30.0,27.0,26.0,26.0,25.0,25.0,26.0,26.0,26.0,26.0,24.0,25.0,23.0,23.0,23.0,21.0,22.0,21.0,20.0,20.0,20.0,20.0,20.0,19.0,17.0,20.0,19.0,15.0,14.0,14.0,14.0,14.0,14.0,14.0,14.0,14.0,14.0,15.0,15.0,15.0,15.0,15.0,15.0,15.0,15.0,15.0,15.0,15.0,15.0,15.0,15.0,15.0,15.0,15.0,15.0,15.0,15.0,15.0,15.0,56.0,73.0,112.0,101.0,90.0,59.0,45.0,39.0,33.0,29.0,31.0,29.0,26.0,26.0,25.0,25.0,28.0,26.0,26.0,26.0,24.0,25.0,23.0,23.0,23.0,21.0,22.0,21.0,20.0,20.0,20.0,20.0,20.0,19.0,17.0,20.0,19.0,15.0,14.0,14.0,14.0,14.0,14.0,14.0,14.0,14.0,14.0,15.0,15.0,15.0,15.0,15.0,15.0,15.0,15.0,15.0,15.0,15.0,15.0,15.0,15.0,15.0,15.0,15.0,15.0,15.0,15.0,15.0,15.0,15.0,73.0
,,,,,,,,,,0.0,15.0,25.0,44.0,43.0,32.0,30.0,33.0,28.0,36.0,33.0,28.0,28.0,30.0,41.0,43.0,44.0,29.0,30.0,25.0,42.0,42.0,45.0,47.0,27.0,30.0,40.0,48.0,45.0,30.0,31.0,25.0,24.0,46.0,43.0,26.0,37.0,39.0,40.0,41.0,44.0,46.0,45.0,37.0,37.0,26.0,43.0,43.0,43.0,44.0,32.0,32.0,38.0,38.0,42.0,43.0,27.0,27.0,139.0,35.0,93.0,82.0,60.0,47.0,47.0,42.0,41.0,40.0,37.0,34.0,34.0,33.0,31.0,30.0,28.0,28.0,28.0,27.0,27.0,25.0,25.0,25.0,25.0,26.0,27.0,28.0,28.0,28.0,28.0,28.0,27.0,25.0,28.0,27.0,23.0,22.0,22.0,22.0,22.0,22.0,22.0,22.0,22.0,22.0,23.0,23.0,23.0,23.0,23.0,23.0,23.0,23.0,23.0,23.0,23.0,23.0,23.0,23.0,23.0,23.0,23.0,23.0,23.0,23.0,23.0,23.0,54.0,68.0,105.0,98.0,89.0,62.0,49.0,48.0,42.0,41.0,41.0,39.0,34.0,34.0,33.0,31.0,31.0,28.0,28.0,28.0,27.0,27.0,25.0,25.0,25.0,25.0,26.0,27.0,28.0,28.0,28.0,28.0,28.0,27.0,25.0,28.0,27.0,23.0,22.0,22.0,22.0,22.0,22.0,22.0,22.0,22.0,22.0,23.0,23.0,23.0,23.0,23.0,23.0,23.0,23.0,23.0,23.0,23.0,23.0,23.0,23.0,23.0,23.0,23.0,23.0,23.0,23.0,23.0,23.0,23.0,68.0
,,,,,,,,,,,0.0,28.0,43.0,42.0,31.0,29.0,32.0,25.0,35.0,32.0,27.0,27.0,29.0,42.0,42.0,43.0,28.0,29.0,24.0,41.0,41.0,44.0,46.0,26.0,29.0,39.0,47.0,44.0,29.0,30.0,24.0,23.0,45.0,42.0,23.0,36.0,38.0,39.0,40.0,43.0,45.0,44.0,34.0,34.0,23.0,44.0,44.0,42.0,43.0,31.0,31.0,37.0,37.0,41.0,42.0,24.0,24.0,141.0,32.0,93.0,81.0,61.0,48.0,44.0,39.0,38.0,39.0,36.0,33.0,33.0,32.0,30.0,29.0,27.0,27.0,27.0,26.0,26.0,24.0,24.0,24.0,24.0,25.0,26.0,27.0,27.0,27.0,27.0,27.0,26.0,24.0,27.0,26.0,22.0,21.0,21.0,21.0,21.0,21.0,21.0,21.0,21.0,21.0,22.0,22.0,22.0,22.0,22.0,22.0,22.0,22.0,22.0,22.0,22.0,22.0,22.0,22.0,22.0,22.0,22.0,22.0,22.0,22.0,22.0,22.0,56.0,68.0,106.0,98.0,88.0,64.0,50.0,45.0,40.0,38.0,40.0,38.0,33.0,33.0,32.0,30.0,30.0,27.0,27.0,27.0,26.0,26.0,24.0,24.0,24.0,24.0,25.0,26.0,27.0,27.0,27.0,27.0,27.0,26.0,24.0,27.0,26.0,22.0,21.0,21.0,21.0,21.0,21.0,21.0,21.0,21.0,21.0,22.0,22.0,22.0,22.0,22.0,22.0,22.0,22.0,22.0,22.0,22.0,22.0,22.0,22.0,22.0,22.0,22.0,22.0,22.0,22.0,22.0,22.0,22.0,68.0
,,,,,,,,,,,,0.0,47.0,44.0,9.0,7.0,30.0,17.0,33.0,32.0,23.0,27.0,29.0,40.0,42.0,41.0,24.0,23.0,18.0,43.0,43.0,46.0,44.0,22.0,25.0,39.0,47.0,44.0,29.0,30.0,16.0,17.0,43.0,40.0,15.0,32.0,34.0,35.0,40.0,41.0,45.0,44.0,32.0,32.0,15.0,42.0,42.0,40.0,41.0,31.0,31.0,33.0,33.0,41.0,42.0,16.0,16.0,141.0,36.0,90.0,75.0,51.0,38.0,34.0,28.0,25.0,24.0,24.0,25.0,25.0,24.0,22.0,21.0,21.0,21.0,21.0,22.0,22.0,22.0,22.0,22.0,24.0,25.0,26.0,27.0,27.0,27.0,27.0,27.0,26.0,24.0,27.0,26.0,22.0,21.0,21.0,21.0,21.0,21.0,21.0,21.0,21.0,21.0,22.0,22.0,22.0,22.0,22.0,22.0,22.0,22.0,22.0,22.0,22.0,22.0,22.0,22.0,22.0,22.0,22.0,22.0,22.0,22.0,22.0,22.0,53.0,68.0,108.0,94.0,82.0,53.0,39.0,35.0,28.0,25.0,26.0,26.0,25.0,25.0,24.0,22.0,22.0,21.0,21.0,21.0,22.0,22.0,22.0,22.0,22.0,24.0,25.0,26.0,27.0,27.0,27.0,27.0,27.0,26.0,24.0,27.0,26.0,22.0,21.0,21.0,21.0,21.0,21.0,21.0,21.0,21.0,21.0,22.0,22.0,22.0,22.0,22.0,22.0,22.0,22.0,22.0,22.0,22.0,22.0,22.0,22.0,22.0,22.0,22.0,22.0,22.0,22.0,22.0,22.0,22.0,68.0
,,,,,,,,,,,,,0.0,9.0,50.0,48.0,41.0,46.0,18.0,43.0,46.0,38.0,40.0,25.0,15.0,16.0,47.0,48.0,43.0,26.0,26.0,29.0,37.0,45.0,48.0,22.0,30.0,27.0,40.0,39.0,43.0,42.0,36.0,33.0,44.0,19.0,21.0,22.0,23.0,28.0,26.0,25.0,19.0,19.0,44.0,27.0,27.0,27.0,28.0,44.0,44.0,20.0,20.0,24.0,25.0,45.0,45.0,135.0,39.0,91.0,77.0,58.0,46.0,46.0,39.0,37.0,35.0,33.0,30.0,30.0,29.0,27.0,26.0,27.0,26.0,26.0,24.0,25.0,23.0,23.0,23.0,22.0,24.0,23.0,22.0,22.0,22.0,22.0,22.0,21.0,25.0,22.0,21.0,25.0,26.0,26.0,26.0,26.0,26.0,26.0,26.0,26.0,26.0,25.0,25.0,25.0,25.0,25.0,25.0,25.0,25.0,25.0,25.0,25.0,25.0,25.0,25.0,25.0,25.0,25.0,25.0,25.0,25.0,25.0,25.0,56.0,71.0,103.0,95.0,83.0,60.0,47.0,47.0,40.0,37.0,36.0,34.0,30.0,30.0,29.0,27.0,27.0,27.0,26.0,26.0,24.0,25.0,23.0,23.0,23.0,22.0,24.0,23.0,22.0,22.0,22.0,22.0,22.0,21.0,25.0,22.0,21.0,25.0,26.0,26.0,26.0,26.0,26.0,26.0,26.0,26.0,26.0,25.0,25.0,25.0,25.0,25.0,25.0,25.0,25.0,25.0,25.0,25.0,25.0,25.0,25.0,25.0,25.0,25.0,25.0,25.0,25.0,25.0,25.0,25.0,71.0
,,,,,,,,,,,,,,0.0,47.0,45.0,38.0,43.0,15.0,40.0,43.0,35.0,37.0,22.0,12.0,13.0,44.0,45.0,40.0,23.0,23.0,26.0,34.0,42.0,45.0,19.0,27.0,24.0,37.0,36.0,40.0,39.0,33.0,30.0,41.0,16.0,18.0,19.0,20.0,23.0,23.0,22.0,16.0,16.0,41.0,24.0,24.0,22.0,23.0,41.0,41.0,17.0,17.0,21.0,22.0,42.0,42.0,138.0,36.0,88.0,75.0,53.0,44.0,44.0,37.0,35.0,33.0,31.0,28.0,28.0,27.0,25.0,24.0,24.0,23.0,23.0,21.0,22.0,20.0,20.0,20.0,19.0,21.0,20.0,19.0,19.0,19.0,19.0,19.0,18.0,22.0,19.0,18.0,22.0,23.0,23.0,23.0,23.0,23.0,23.0,23.0,23.0,23.0,22.0,22.0,22.0,22.0,22.0,22.0,22.0,22.0,22.0,22.0,22.0,22.0,22.0,22.0,22.0,22.0,22.0,22.0,22.0,22.0,22.0,22.0,55.0,72.0,106.0,93.0,82.0,55.0,45.0,45.0,38.0,35.0,34.0,32.0,28.0,28.0,27.0,25.0,25.0,24.0,23.0,23.0,21.0,22.0,20.0,20.0,20.0,19.0,21.0,20.0,19.0,19.0,19.0,19.0,19.0,18.0,22.0,19.0,18.0,22.0,23.0,23.0,23.0,23.0,23.0,23.0,23.0,23.0,23.0,22.0,22.0,22.0,22.0,22.0,22.0,22.0,22.0,22.0,22.0,22.0,22.0,22.0,22.0,22.0,22.0,22.0,22.0,22.0,22.0,22.0,22.0,22.0,72.0
,,,,,,,,,,,,,,,0.0,10.0,33.0,20.0,36.0,35.0,24.0,30.0,32.0,43.0,45.0,44.0,25.0,26.0,21.0,46.0,46.0,49.0,47.0,23.0,26.0,42.0,50.0,47.0,30.0,33.0,19.0,20.0,46.0,43.0,18.0,35.0,37.0,38.0,43.0,44.0,48.0,47.0,35.0,35.0,18.0,45.0,45.0,43.0,44.0,32.0,32.0,36.0,36.0,44.0,45.0,17.0,17.0,136.0,39.0,89.0,74.0,54.0,41.0,37.0,30.0,28.0,27.0,27.0,28.0,28.0,27.0,25.0,24.0,24.0,24.0,24.0,25.0,25.0,25.0,25.0,25.0,27.0,28.0,29.0,30.0,30.0,30.0,30.0,30.0,29.0,27.0,30.0,29.0,25.0,24.0,24.0,24.0,24.0,24.0,24.0,24.0,24.0,24.0,25.0,25.0,25.0,25.0,25.0,25.0,25.0,25.0,25.0,25.0,25.0,25.0,25.0,25.0,25.0,25.0,25.0,25.0,25.0,25.0,25.0,25.0,53.0,70.0,103.0,93.0,81.0,56.0,42.0,38.0,31.0,28.0,29.0,29.0,28.0,28.0,27.0,25.0,25.0,24.0,24.0,24.0,25.0,25.0,25.0,25.0,25.0,27.0,28.0,29.0,30.0,30.0,30.0,30.0,30.0,29.0,27.0,30.0,29.0,25.0,24.0,24.0,24.0,24.0,24.0,24.0,24.0,24.0,24.0,25.0,25.0,25.0,25.0,25.0,25.0,25.0,25.0,25.0,25.0,25.0,25.0,25.0,25.0,25.0,25.0,25.0,25.0,25.0,25.0,25.0,25.0,25.0,70.0
,,,,,,,,,,,,,,,,0.0,31.0,18.0,34.0,33.0,24.0,28.0,30.0,41.0,43.0,42.0,25.0,24.0,19.0,44.0,44.0,47.0,45.0,23.0,26.0,40.0,48.0,45.0,30.0,31.0,17.0,18.0,44.0,41.0,16.0,33.0,35.0,36.0,41.0,42.0,46.0,45.0,33.0,33.0,16.0,43.0,43.0,41.0,42.0,32.0,32.0,34.0,34.0,42.0,43.0,17.0,17.0,138.0,37.0,93.0,78.0,54.0,41.0,37.0,30.0,26.0,25.0,25.0,26.0,26.0,25.0,23.0,22.0,22.0,22.0,22.0,23.0,23.0,23.0,23.0,23.0,25.0,26.0,27.0,28.0,28.0,28.0,28.0,28.0,27.0,25.0,28.0,27.0,23.0,22.0,22.0,22.0,22.0,22.0,22.0,22.0,22.0,22.0,23.0,23.0,23.0,23.0,23.0,23.0,23.0,23.0,23.0,23.0,23.0,23.0,23.0,23.0,23.0,23.0,23.0,23.0,23.0,23.0,23.0,23.0,54.0,69.0,105.0,97.0,85.0,56.0,42.0,38.0,31.0,26.0,27.0,27.0,26.0,26.0,25.0,23.0,23.0,22.0,22.0,22.0,23.0,23.0,23.0,23.0,23.0,25.0,26.0,27.0,28.0,28.0,28.0,28.0,28.0,27.0,25.0,28.0,27.0,23.0,22.0,22.0,22.0,22.0,22.0,22.0,22.0,22.0,22.0,23.0,23.0,23.0,23.0,23.0,23.0,23.0,23.0,23.0,23.0,23.0,23.0,23.0,23.0,23.0,23.0,23.0,23.0,23.0,23.0,23.0,23.0,23.0,69.0
,,,,,,,,,,,,,,,,,0.0,31.0,33.0,10.0,33.0,11.0,13.0,40.0,38.0,37.0,34.0,33.0,28.0,41.0,41.0,44.0,42.0,32.0,33.0,37.0,45.0,42.0,23.0,24.0,28.0,27.0,41.0,38.0,29.0,34.0,36.0,37.0,38.0,43.0,43.0,42.0,34.0,34.0,29.0,42.0,42.0,42.0,43.0,11.0,11.0,35.0,35.0,39.0,40.0,30.0,30.0,140.0,32.0,93.0,78.0,54.0,45.0,41.0,35.0,32.0,33.0,30.0,31.0,31.0,30.0,30.0,31.0,31.0,31.0,31.0,29.0,30.0,28.0,28.0,28.0,26.0,27.0,26.0,25.0,25.0,25.0,25.0,25.0,24.0,22.0,25.0,24.0,20.0,19.0,19.0,19.0,19.0,19.0,19.0,19.0,19.0,19.0,20.0,20.0,20.0,20.0,20.0,20.0,20.0,20.0,20.0,20.0,20.0,20.0,20.0,20.0,20.0,20.0,20.0,20.0,20.0,20.0,20.0,20.0,54.0,72.0,107.0,98.0,87.0,56.0,46.0,42.0,36.0,32.0,34.0,32.0,31.0,31.0,30.0,30.0,33.0,31.0,31.0,31.0,29.0,30.0,28.0,28.0,28.0,26.0,27.0,26.0,25.0,25.0,25.0,25.0,25.0,24.0,22.0,25.0,24.0,20.0,19.0,19.0,19.0,19.0,19.0,19.0,19.0,19.0,19.0,20.0,20.0,20.0,20.0,20.0,20.0,20.0,20.0,20.0,20.0,20.0,20.0,20.0,20.0,20.0,20.0,20.0,20.0,20.0,20.0,20.0,20.0,20.0,72.0
,,,,,,,,,,,,,,,,,,0.0,34.0,31.0,20.0,26.0,28.0,41.0,41.0,42.0,23.0,22.0,17.0,42.0,42.0,45.0,45.0,21.0,24.0,38.0,46.0,43.0,28.0,29.0,17.0,16.0,44.0,41.0,8.0,35.0,37.0,38.0,39.0,42.0,44.0,43.0,33.0,33.0,8.0,43.0,43.0,41.0,42.0,30.0,30.0,36.0,36.0,40.0,41.0,9.0,9.0,138.0,33.0,94.0,79.0,55.0,42.0,38.0,33.0,29.0,30.0,31.0,28.0,28.0,27.0,25.0,22.0,20.0,20.0,20.0,21.0,21.0,21.0,21.0,21.0,23.0,24.0,25.0,26.0,26.0,26.0,26.0,26.0,25.0,23.0,26.0,25.0,21.0,20.0,20.0,20.0,20.0,20.0,20.0,20.0,20.0,20.0,21.0,21.0,21.0,21.0,21.0,21.0,21.0,21.0,21.0,21.0,21.0,21.0,21.0,21.0,21.0,21.0,21.0,21.0,21.0,21.0,21.0,21.0,53.0,69.0,105.0,99.0,88.0,57.0,43.0,38.0,34.0,29.0,32.0,33.0,28.0,28.0,27.0,25.0,23.0,20.0,20.0,20.0,21.0,21.0,21.0,21.0,21.0,23.0,24.0,25.0,26.0,26.0,26.0,26.0,26.0,25.0,23.0,26.0,25.0,21.0,20.0,20.0,20.0,20.0,20.0,20.0,20.0,20.0,20.0,21.0,21.0,21.0,21.0,21.0,21.0,21.0,21.0,21.0,21.0,21.0,21.0,21.0,21.0,21.0,21.0,21.0,21.0,21.0,21.0,21.0,21.0,21.0,69.0
,,,,,,,,,,,,,,,,,,,0.0,33.0,36.0,28.0,30.0,9.0,13.0,14.0,37.0,36.0,31.0,14.0,14.0,17.0,25.0,35.0,38.0,10.0,18.0,15.0,30.0,29.0,31.0,30.0,24.0,21.0,32.0,3.0,5.0,6.0,11.0,16.0,16.0,15.0,3.0,3.0,32.0,11.0,11.0,15.0,16.0,34.0,34.0,4.0,4.0,12.0,13.0,33.0,33.0,146.0,29.0,97.0,82.0,56.0,43.0,37.0,30.0,25.0,23.0,21.0,18.0,18.0,17.0,15.0,14.0,14.0,14.0,14.0,12.0,13.0,11.0,11.0,11.0,10.0,12.0,11.0,10.0,10.0,10.0,10.0,10.0,9.0,13.0,10.0,9.0,13.0,14.0,14.0,14.0,14.0,14.0,14.0,14.0,14.0,14.0,13.0,13.0,13.0,13.0,13.0,13.0,13.0,13.0,13.0,13.0,13.0,13.0,13.0,13.0,13.0,13.0,13.0,13.0,13.0,13.0,13.0,13.0,60.0,71.0,114.0,102.0,89.0,58.0,44.0,38.0,31.0,25.0,24.0,22.0,18.0,18.0,17.0,15.0,14.0,14.0,14.0,14.0,12.0,13.0,11.0,11.0,11.0,10.0,12.0,11.0,10.0,10.0,10.0,10.0,10.0,9.0,13.0,10.0,9.0,13.0,14.0,14.0,14.0,14.0,14.0,14.0,14.0,14.0,14.0,13.0,13.0,13.0,13.0,13.0,13.0,13.0,13.0,13.0,13.0,13.0,13.0,13.0,13.0,13.0,13.0,13.0,13.0,13.0,13.0,13.0,13.0,13.0,71.0
,,,,,,,,,,,,,,,,,,,,0.0,33.0,11.0,13.0,40.0,38.0,37.0,34.0,33.0,28.0,41.0,41.0,44.0,44.0,32.0,33.0,37.0,45.0,42.0,23.0,24.0,28.0,27.0,43.0,40.0,29.0,34.0,36.0,37.0,38.0,43.0,43.0,42.0,34.0,34.0,29.0,42.0,42.0,42.0,43.0,9.0,9.0,35.0,35.0,39.0,40.0,30.0,30.0,142.0,32.0,93.0,80.0,56.0,47.0,43.0,37.0,34.0,35.0,32.0,31.0,31.0,30.0,30.0,31.0,31.0,31.0,31.0,29.0,30.0,28.0,28.0,28.0,26.0,27.0,26.0,25.0,25.0,25.0,25.0,25.0,24.0,22.0,25.0,24.0,20.0,19.0,19.0,19.0,19.0,19.0,19.0,19.0,19.0,19.0,20.0,20.0,20.0,20.0,20.0,20.0,20.0,20.0,20.0,20.0,20.0,20.0,20.0,20.0,20.0,20.0,20.0,20.0,20.0,20.0,20.0,20.0,56.0,74.0,107.0,98.0,89.0,58.0,48.0,44.0,38.0,34.0,36.0,34.0,31.0,31.0,30.0,30.0,33.0,31.0,31.0,31.0,29.0,30.0,28.0,28.0,28.0,26.0,27.0,26.0,25.0,25.0,25.0,25.0,25.0,24.0,22.0,25.0,24.0,20.0,19.0,19.0,19.0,19.0,19.0,19.0,19.0,19.0,19.0,20.0,20.0,20.0,20.0,20.0,20.0,20.0,20.0,20.0,20.0,20.0,20.0,20.0,20.0,20.0,20.0,20.0,20.0,20.0,20.0,20.0,20.0,20.0,74.0
,,,,,,,,,,,,,,,,,,,,,0.0,28.0,30.0,43.0,43.0,44.0,7.0,22.0,19.0,42.0,42.0,45.0,47.0,5.0,8.0,40.0,48.0,45.0,28.0,31.0,15.0,14.0,46.0,43.0,18.0,37.0,39.0,40.0,41.0,44.0,46.0,45.0,37.0,37.0,18.0,45.0,45.0,43.0,44.0,32.0,32.0,38.0,38.0,42.0,43.0,19.0,19.0,141.0,37.0,90.0,77.0,49.0,36.0,32.0,30.0,34.0,33.0,29.0,28.0,28.0,27.0,25.0,22.0,20.0,22.0,22.0,23.0,23.0,23.0,23.0,23.0,25.0,26.0,27.0,28.0,28.0,28.0,28.0,28.0,27.0,25.0,28.0,27.0,23.0,22.0,22.0,22.0,22.0,22.0,22.0,22.0,22.0,22.0,23.0,23.0,23.0,23.0,23.0,23.0,23.0,23.0,23.0,23.0,23.0,23.0,23.0,23.0,23.0,23.0,23.0,23.0,23.0,23.0,23.0,23.0,53.0,73.0,108.0,95.0,82.0,52.0,37.0,32.0,31.0,34.0,34.0,31.0,28.0,28.0,27.0,25.0,23.0,20.0,22.0,22.0,23.0,23.0,23.0,23.0,23.0,25.0,26.0,27.0,28.0,28.0,28.0,28.0,28.0,27.0,25.0,28.0,27.0,23.0,22.0,22.0,22.0,22.0,22.0,22.0,22.0,22.0,22.0,23.0,23.0,23.0,23.0,23.0,23.0,23.0,23.0,23.0,23.0,23.0,23.0,23.0,23.0,23.0,23.0,23.0,23.0,23.0,23.0,23.0,23.0,23.0,73.0
,,,,,,,,,,,,,,,,,,,,,,0.0,4.0,35.0,33.0,34.0,29.0,28.0,23.0,36.0,36.0,39.0,39.0,27.0,30.0,31.0,40.0,37.0,18.0,19.0,23.0,22.0,38.0,35.0,24.0,29.0,31.0,32.0,32.0,38.0,38.0,37.0,29.0,29.0,24.0,37.0,37.0,37.0,38.0,12.0,12.0,30.0,30.0,33.0,34.0,25.0,25.0,144.0,27.0,95.0,79.0,57.0,42.0,36.0,30.0,27.0,28.0,25.0,25.0,25.0,24.0,23.0,24.0,26.0,26.0,26.0,24.0,25.0,23.0,23.0,23.0,21.0,22.0,21.0,20.0,20.0,20.0,20.0,20.0,19.0,17.0,20.0,19.0,15.0,14.0,14.0,14.0,14.0,14.0,14.0,14.0,14.0,14.0,15.0,15.0,15.0,15.0,15.0,15.0,15.0,15.0,15.0,15.0,15.0,15.0,15.0,15.0,15.0,15.0,15.0,15.0,15.0,15.0,15.0,15.0,56.0,72.0,112.0,99.0,88.0,59.0,43.0,37.0,31.0,27.0,29.0,28.0,25.0,25.0,24.0,23.0,26.0,26.0,26.0,26.0,24.0,25.0,23.0,23.0,23.0,21.0,22.0,21.0,20.0,20.0,20.0,20.0,20.0,19.0,17.0,20.0,19.0,15.0,14.0,14.0,14.0,14.0,14.0,14.0,14.0,14.0,14.0,15.0,15.0,15.0,15.0,15.0,15.0,15.0,15.0,15.0,15.0,15.0,15.0,15.0,15.0,15.0,15.0,15.0,15.0,15.0,15.0,15.0,15.0,15.0,72.0
,,,,,,,,,,,,,,,,,,,,,,,0.0,37.0,35.0,36.0,31.0,30.0,25.0,38.0,38.0,41.0,41.0,29.0,32.0,33.0,42.0,39.0,20.0,21.0,25.0,24.0,40.0,37.0,26.0,31.0,33.0,34.0,34.0,40.0,40.0,39.0,31.0,31.0,26.0,39.0,39.0,39.0,40.0,14.0,14.0,32.0,32.0,35.0,36.0,27.0,27.0,144.0,29.0,95.0,81.0,59.0,44.0,38.0,32.0,29.0,30.0,27.0,27.0,27.0,26.0,25.0,26.0,28.0,28.0,28.0,26.0,27.0,25.0,25.0,25.0,23.0,24.0,23.0,22.0,22.0,22.0,22.0,22.0,21.0,19.0,22.0,21.0,17.0,16.0,16.0,16.0,16.0,16.0,16.0,16.0,16.0,16.0,17.0,17.0,17.0,17.0,17.0,17.0,17.0,17.0,17.0,17.0,17.0,17.0,17.0,17.0,17.0,17.0,17.0,17.0,17.0,17.0,17.0,17.0,56.0,72.0,112.0,99.0,90.0,61.0,45.0,39.0,33.0,29.0,31.0,30.0,27.0,27.0,26.0,25.0,28.0,28.0,28.0,28.0,26.0,27.0,25.0,25.0,25.0,23.0,24.0,23.0,22.0,22.0,22.0,22.0,22.0,21.0,19.0,22.0,21.0,17.0,16.0,16.0,16.0,16.0,16.0,16.0,16.0,16.0,16.0,17.0,17.0,17.0,17.0,17.0,17.0,17.0,17.0,17.0,17.0,17.0,17.0,17.0,17.0,17.0,17.0,17.0,17.0,17.0,17.0,17.0,17.0,17.0,72.0
,,,,,,,,,,,,,,,,,,,,,,,,0.0,20.0,21.0,44.0,43.0,38.0,21.0,21.0,24.0,32.0,42.0,45.0,17.0,25.0,22.0,37.0,36.0,38.0,37.0,31.0,28.0,39.0,10.0,12.0,13.0,18.0,23.0,23.0,22.0,10.0,10.0,39.0,6.0,6.0,22.0,23.0,41.0,41.0,11.0,11.0,19.0,20.0,40.0,40.0,142.0,34.0,92.0,78.0,61.0,48.0,44.0,37.0,32.0,30.0,28.0,25.0,25.0,24.0,22.0,21.0,21.0,21.0,21.0,19.0,20.0,18.0,18.0,18.0,17.0,19.0,18.0,17.0,17.0,17.0,17.0,17.0,16.0,20.0,17.0,16.0,20.0,21.0,21.0,21.0,21.0,21.0,21.0,21.0,21.0,21.0,20.0,20.0,20.0,20.0,20.0,20.0,20.0,20.0,20.0,20.0,20.0,20.0,20.0,20.0,20.0,20.0,20.0,20.0,20.0,20.0,20.0,20.0,60.0,68.0,107.0,97.0,85.0,63.0,49.0,45.0,38.0,32.0,31.0,29.0,25.0,25.0,24.0,22.0,21.0,21.0,21.0,21.0,19.0,20.0,18.0,18.0,18.0,17.0,19.0,18.0,17.0,17.0,17.0,17.0,17.0,16.0,20.0,17.0,16.0,20.0,21.0,21.0,21.0,21.0,21.0,21.0,21.0,21.0,21.0,20.0,20.0,20.0,20.0,20.0,20.0,20.0,20.0,20.0,20.0,20.0,20.0,20.0,20.0,20.0,20.0,20.0,20.0,20.0,20.0,20.0,20.0,20.0,68.0
,,,,,,,,,,,,,,,,,,,,,,,,,0.0,5.0,44.0,43.0,38.0,21.0,21.0,24.0,32.0,42.0,45.0,17.0,25.0,22.0,35.0,34.0,38.0,37.0,31.0,28.0,39.0,14.0,16.0,17.0,18.0,23.0,21.0,20.0,14.0,14.0,39.0,22.0,22.0,22.0,23.0,39.0,39.0,15.0,15.0,19.0,20.0,40.0,40.0,140.0,34.0,93.0,82.0,55.0,45.0,42.0,35.0,33.0,31.0,29.0,26.0,26.0,25.0,23.0,22.0,22.0,21.0,21.0,19.0,20.0,18.0,18.0,18.0,17.0,19.0,18.0,17.0,17.0,17.0,17.0,17.0,16.0,20.0,17.0,16.0,20.0,21.0,21.0,21.0,21.0,21.0,21.0,21.0,21.0,21.0,20.0,20.0,20.0,20.0,20.0,20.0,20.0,20.0,20.0,20.0,20.0,20.0,20.0,20.0,20.0,20.0,20.0,20.0,20.0,20.0,20.0,20.0,56.0,73.0,108.0,98.0,89.0,57.0,45.0,43.0,36.0,33.0,32.0,30.0,26.0,26.0,25.0,23.0,23.0,22.0,21.0,21.0,19.0,20.0,18.0,18.0,18.0,17.0,19.0,18.0,17.0,17.0,17.0,17.0,17.0,16.0,20.0,17.0,16.0,20.0,21.0,21.0,21.0,21.0,21.0,21.0,21.0,21.0,21.0,20.0,20.0,20.0,20.0,20.0,20.0,20.0,20.0,20.0,20.0,20.0,20.0,20.0,20.0,20.0,20.0,20.0,20.0,20.0,20.0,20.0,20.0,20.0,73.0
,,,,,,,,,,,,,,,,,,,,,,,,,,0.0,45.0,44.0,39.0,22.0,22.0,25.0,31.0,43.0,46.0,18.0,26.0,23.0,36.0,35.0,39.0,38.0,30.0,27.0,40.0,15.0,17.0,18.0,19.0,24.0,22.0,21.0,15.0,15.0,40.0,23.0,23.0,23.0,24.0,40.0,40.0,16.0,16.0,20.0,21.0,41.0,41.0,139.0,35.0,90.0,81.0,54.0,44.0,41.0,34.0,32.0,30.0,28.0,27.0,27.0,26.0,24.0,23.0,23.0,22.0,22.0,20.0,21.0,19.0,19.0,19.0,18.0,20.0,19.0,18.0,18.0,18.0,18.0,18.0,17.0,21.0,18.0,17.0,21.0,22.0,22.0,22.0,22.0,22.0,22.0,22.0,22.0,22.0,21.0,21.0,21.0,21.0,21.0,21.0,21.0,21.0,21.0,21.0,21.0,21.0,21.0,21.0,21.0,21.0,21.0,21.0,21.0,21.0,21.0,21.0,56.0,72.0,107.0,95.0,88.0,56.0,44.0,42.0,35.0,32.0,31.0,30.0,27.0,27.0,26.0,24.0,24.0,23.0,22.0,22.0,20.0,21.0,19.0,19.0,19.0,18.0,20.0,19.0,18.0,18.0,18.0,18.0,18.0,17.0,21.0,18.0,17.0,21.0,22.0,22.0,22.0,22.0,22.0,22.0,22.0,22.0,22.0,21.0,21.0,21.0,21.0,21.0,21.0,21.0,21.0,21.0,21.0,21.0,21.0,21.0,21.0,21.0,21.0,21.0,21.0,21.0,21.0,21.0,21.0,21.0,72.0
,,,,,,,,,,,,,,,,,,,,,,,,,,,0.0,23.0,20.0,43.0,43.0,46.0,48.0,4.0,7.0,41.0,49.0,46.0,29.0,32.0,16.0,15.0,47.0,44.0,21.0,38.0,40.0,41.0,40.0,45.0,47.0,46.0,38.0,38.0,21.0,46.0,46.0,44.0,45.0,33.0,33.0,39.0,39.0,41.0,42.0,22.0,22.0,139.0,38.0,91.0,76.0,50.0,39.0,35.0,31.0,35.0,34.0,30.0,29.0,29.0,28.0,26.0,23.0,21.0,23.0,23.0,24.0,24.0,24.0,24.0,24.0,26.0,27.0,28.0,29.0,29.0,29.0,29.0,29.0,28.0,26.0,29.0,28.0,24.0,23.0,23.0,23.0,23.0,23.0,23.0,23.0,23.0,23.0,24.0,24.0,24.0,24.0,24.0,24.0,24.0,24.0,24.0,24.0,24.0,24.0,24.0,24.0,24.0,24.0,24.0,24.0,24.0,24.0,24.0,24.0,52.0,71.0,106.0,96.0,81.0,53.0,40.0,35.0,32.0,35.0,35.0,32.0,29.0,29.0,28.0,26.0,24.0,21.0,23.0,23.0,24.0,24.0,24.0,24.0,24.0,26.0,27.0,28.0,29.0,29.0,29.0,29.0,29.0,28.0,26.0,29.0,28.0,24.0,23.0,23.0,23.0,23.0,23.0,23.0,23.0,23.0,23.0,24.0,24.0,24.0,24.0,24.0,24.0,24.0,24.0,24.0,24.0,24.0,24.0,24.0,24.0,24.0,24.0,24.0,24.0,24.0,24.0,24.0,24.0,24.0,71.0
,,,,,,,,,,,,,,,,,,,,,,,,,,,,0.0,7.0,42.0,42.0,45.0,47.0,19.0,22.0,40.0,48.0,45.0,28.0,29.0,17.0,16.0,46.0,43.0,18.0,37.0,39.0,40.0,41.0,44.0,44.0,43.0,37.0,37.0,18.0,45.0,45.0,43.0,44.0,32.0,32.0,38.0,38.0,42.0,43.0,19.0,19.0,140.0,35.0,94.0,83.0,57.0,45.0,39.0,36.0,35.0,33.0,31.0,28.0,28.0,27.0,25.0,22.0,20.0,22.0,22.0,23.0,23.0,23.0,23.0,23.0,25.0,26.0,27.0,28.0,28.0,28.0,28.0,28.0,27.0,25.0,28.0,27.0,23.0,22.0,22.0,22.0,22.0,22.0,22.0,22.0,22.0,22.0,23.0,23.0,23.0,23.0,23.0,23.0,23.0,23.0,23.0,23.0,23.0,23.0,23.0,23.0,23.0,23.0,23.0,23.0,23.0,23.0,23.0,23.0,56.0,68.0,108.0,99.0,90.0,60.0,47.0,39.0,37.0,35.0,34.0,33.0,28.0,28.0,27.0,25.0,23.0,20.0,22.0,22.0,23.0,23.0,23.0,23.0,23.0,25.0,26.0,27.0,28.0,28.0,28.0,28.0,28.0,27.0,25.0,28.0,27.0,23.0,22.0,22.0,22.0,22.0,22.0,22.0,22.0,22.0,22.0,23.0,23.0,23.0,23.0,23.0,23.0,23.0,23.0,23.0,23.0,23.0,23.0,23.0,23.0,23.0,23.0,23.0,23.0,23.0,23.0,23.0,23.0,23.0,68.0
,,,,,,,,,,,,,,,,,,,,,,,,,,,,,0.0,39.0,39.0,42.0,42.0,16.0,19.0,35.0,43.0,40.0,23.0,24.0,14.0,13.0,41.0,38.0,13.0,32.0,34.0,35.0,36.0,39.0,39.0,38.0,32.0,32.0,13.0,40.0,40.0,38.0,39.0,27.0,27.0,33.0,33.0,37.0,38.0,14.0,14.0,144.0,28.0,93.0,82.0,56.0,42.0,36.0,32.0,31.0,30.0,26.0,24.0,24.0,23.0,22.0,19.0,17.0,17.0,17.0,18.0,18.0,18.0,18.0,18.0,20.0,21.0,22.0,23.0,23.0,23.0,23.0,23.0,22.0,20.0,23.0,22.0,18.0,17.0,17.0,17.0,17.0,17.0,17.0,17.0,17.0,17.0,18.0,18.0,18.0,18.0,18.0,18.0,18.0,18.0,18.0,18.0,18.0,18.0,18.0,18.0,18.0,18.0,18.0,18.0,18.0,18.0,18.0,18.0,56.0,69.0,111.0,98.0,89.0,58.0,43.0,36.0,33.0,31.0,31.0,28.0,24.0,24.0,23.0,22.0,20.0,17.0,17.0,17.0,18.0,18.0,18.0,18.0,18.0,20.0,21.0,22.0,23.0,23.0,23.0,23.0,23.0,22.0,20.0,23.0,22.0,18.0,17.0,17.0,17.0,17.0,17.0,17.0,17.0,17.0,17.0,18.0,18.0,18.0,18.0,18.0,18.0,18.0,18.0,18.0,18.0,18.0,18.0,18.0,18.0,18.0,18.0,18.0,18.0,18.0,18.0,18.0,18.0,18.0,69.0
,,,,,,,,,,,,,,,,,,,,,,,,,,,,,,0.0,0.0,3.0,33.0,41.0,44.0,14.0,22.0,19.0,38.0,37.0,39.0,38.0,32.0,29.0,40.0,15.0,17.0,18.0,15.0,20.0,20.0,19.0,15.0,15.0,40.0,23.0,23.0,19.0,20.0,40.0,40.0,16.0,16.0,16.0,17.0,41.0,41.0,140.0,33.0,86.0,71.0,47.0,44.0,37.0,32.0,32.0,30.0,28.0,25.0,25.0,24.0,24.0,23.0,21.0,20.0,20.0,20.0,21.0,19.0,19.0,19.0,18.0,20.0,19.0,18.0,18.0,18.0,18.0,18.0,17.0,21.0,18.0,17.0,21.0,22.0,22.0,22.0,22.0,22.0,22.0,22.0,22.0,22.0,21.0,21.0,21.0,21.0,21.0,21.0,21.0,21.0,21.0,21.0,21.0,21.0,21.0,21.0,21.0,21.0,21.0,21.0,21.0,21.0,21.0,21.0,57.0,69.0,106.0,91.0,78.0,49.0,44.0,38.0,33.0,32.0,31.0,29.0,25.0,25.0,24.0,24.0,23.0,21.0,20.0,20.0,20.0,21.0,19.0,19.0,19.0,18.0,20.0,19.0,18.0,18.0,18.0,18.0,18.0,17.0,21.0,18.0,17.0,21.0,22.0,22.0,22.0,22.0,22.0,22.0,22.0,22.0,22.0,21.0,21.0,21.0,21.0,21.0,21.0,21.0,21.0,21.0,21.0,21.0,21.0,21.0,21.0,21.0,21.0,21.0,21.0,21.0,21.0,21.0,21.0,21.0,69.0
,,,,,,,,,,,,,,,,,,,,,,,,,,,,,,,0.0,3.0,33.0,41.0,44.0,14.0,22.0,19.0,38.0,37.0,39.0,38.0,32.0,29.0,40.0,15.0,17.0,18.0,15.0,20.0,20.0,19.0,15.0,15.0,40.0,23.0,23.0,19.0,20.0,40.0,40.0,16.0,16.0,16.0,17.0,41.0,41.0,140.0,33.0,86.0,71.0,47.0,44.0,37.0,32.0,32.0,30.0,28.0,25.0,25.0,24.0,24.0,23.0,21.0,20.0,20.0,20.0,21.0,19.0,19.0,19.0,18.0,20.0,19.0,18.0,18.0,18.0,18.0,18.0,17.0,21.0,18.0,17.0,21.0,22.0,22.0,22.0,22.0,22.0,22.0,22.0,22.0,22.0,21.0,21.0,21.0,21.0,21.0,21.0,21.0,21.0,21.0,21.0,21.0,21.0,21.0,21.0,21.0,21.0,21.0,21.0,21.0,21.0,21.0,21.0,57.0,69.0,106.0,91.0,78.0,49.0,44.0,38.0,33.0,32.0,31.0,29.0,25.0,25.0,24.0,24.0,23.0,21.0,20.0,20.0,20.0,21.0,19.0,19.0,19.0,18.0,20.0,19.0,18.0,18.0,18.0,18.0,18.0,17.0,21.0,18.0,17.0,21.0,22.0,22.0,22.0,22.0,22.0,22.0,22.0,22.0,22.0,21.0,21.0,21.0,21.0,21.0,21.0,21.0,21.0,21.0,21.0,21.0,21.0,21.0,21.0,21.0,21.0,21.0,21.0,21.0,21.0,21.0,21.0,21.0,69.0
,,,,,,,,,,,,,,,,,,,,,,,,,,,,,,,,0.0,36.0,44.0,47.0,17.0,25.0,22.0,41.0,40.0,42.0,41.0,35.0,32.0,43.0,18.0,20.0,21.0,18.0,23.0,23.0,22.0,18.0,18.0,43.0,26.0,26.0,22.0,23.0,43.0,43.0,19.0,19.0,19.0,20.0,44.0,44.0,139.0,36.0,87.0,72.0,47.0,46.0,40.0,35.0,33.0,31.0,29.0,28.0,28.0,27.0,27.0,26.0,24.0,23.0,23.0,23.0,24.0,22.0,22.0,22.0,21.0,23.0,22.0,21.0,21.0,21.0,21.0,21.0,20.0,24.0,21.0,20.0,24.0,25.0,25.0,25.0,25.0,25.0,25.0,25.0,25.0,25.0,24.0,24.0,24.0,24.0,24.0,24.0,24.0,24.0,24.0,24.0,24.0,24.0,24.0,24.0,24.0,24.0,24.0,24.0,24.0,24.0,24.0,24.0,56.0,69.0,105.0,92.0,79.0,49.0,47.0,41.0,36.0,33.0,32.0,30.0,28.0,28.0,27.0,27.0,26.0,24.0,23.0,23.0,23.0,24.0,22.0,22.0,22.0,21.0,23.0,22.0,21.0,21.0,21.0,21.0,21.0,20.0,24.0,21.0,20.0,24.0,25.0,25.0,25.0,25.0,25.0,25.0,25.0,25.0,25.0,24.0,24.0,24.0,24.0,24.0,24.0,24.0,24.0,24.0,24.0,24.0,24.0,24.0,24.0,24.0,24.0,24.0,24.0,24.0,24.0,24.0,24.0,24.0,69.0
,,,,,,,,,,,,,,,,,,,,,,,,,,,,,,,,,0.0,46.0,49.0,29.0,35.0,32.0,41.0,38.0,42.0,41.0,9.0,6.0,43.0,26.0,28.0,29.0,30.0,35.0,35.0,34.0,26.0,26.0,43.0,34.0,34.0,34.0,35.0,45.0,45.0,27.0,27.0,31.0,32.0,44.0,44.0,137.0,34.0,93.0,77.0,66.0,58.0,51.0,46.0,42.0,42.0,40.0,39.0,39.0,37.0,35.0,34.0,32.0,31.0,31.0,29.0,30.0,30.0,30.0,30.0,29.0,31.0,30.0,29.0,29.0,29.0,29.0,29.0,28.0,24.0,21.0,20.0,24.0,25.0,25.0,25.0,25.0,25.0,25.0,25.0,25.0,25.0,24.0,24.0,24.0,24.0,24.0,24.0,24.0,24.0,24.0,24.0,24.0,24.0,24.0,24.0,24.0,24.0,24.0,24.0,24.0,24.0,24.0,24.0,53.0,66.0,104.0,97.0,82.0,71.0,58.0,52.0,47.0,42.0,43.0,42.0,39.0,39.0,37.0,35.0,34.0,32.0,31.0,31.0,29.0,30.0,30.0,30.0,30.0,29.0,31.0,30.0,29.0,29.0,29.0,29.0,29.0,28.0,24.0,21.0,20.0,24.0,25.0,25.0,25.0,25.0,25.0,25.0,25.0,25.0,25.0,24.0,24.0,24.0,24.0,24.0,24.0,24.0,24.0,24.0,24.0,24.0,24.0,24.0,24.0,24.0,24.0,24.0,24.0,24.0,24.0,24.0,24.0,24.0,66.0
,,,,,,,,,,,,,,,,,,,,,,,,,,,,,,,,,,0.0,3.0,39.0,47.0,44.0,27.0,30.0,14.0,13.0,45.0,42.0,19.0,36.0,38.0,39.0,40.0,43.0,43.0,42.0,36.0,36.0,19.0,44.0,44.0,42.0,43.0,31.0,31.0,37.0,37.0,41.0,42.0,20.0,20.0,142.0,34.0,89.0,74.0,48.0,35.0,31.0,29.0,33.0,32.0,28.0,27.0,27.0,26.0,24.0,21.0,19.0,21.0,21.0,22.0,22.0,22.0,22.0,22.0,24.0,25.0,26.0,27.0,27.0,27.0,27.0,27.0,26.0,24.0,27.0,26.0,22.0,21.0,21.0,21.0,21.0,21.0,21.0,21.0,21.0,21.0,22.0,22.0,22.0,22.0,22.0,22.0,22.0,22.0,22.0,22.0,22.0,22.0,22.0,22.0,22.0,22.0,22.0,22.0,22.0,22.0,22.0,22.0,52.0,71.0,108.0,94.0,79.0,51.0,36.0,31.0,30.0,33.0,33.0,30.0,27.0,27.0,26.0,24.0,22.0,19.0,21.0,21.0,22.0,22.0,22.0,22.0,22.0,24.0,25.0,26.0,27.0,27.0,27.0,27.0,27.0,26.0,24.0,27.0,26.0,22.0,21.0,21.0,21.0,21.0,21.0,21.0,21.0,21.0,21.0,22.0,22.0,22.0,22.0,22.0,22.0,22.0,22.0,22.0,22.0,22.0,22.0,22.0,22.0,22.0,22.0,22.0,22.0,22.0,22.0,22.0,22.0,22.0,71.0
,,,,,,,,,,,,,,,,,,,,,,,,,,,,,,,,,,,0.0,42.0,50.0,47.0,30.0,33.0,17.0,16.0,48.0,45.0,22.0,39.0,41.0,42.0,43.0,46.0,46.0,45.0,39.0,39.0,22.0,47.0,47.0,45.0,46.0,32.0,32.0,40.0,40.0,44.0,45.0,23.0,23.0,141.0,33.0,90.0,75.0,49.0,36.0,34.0,32.0,36.0,35.0,31.0,30.0,30.0,29.0,27.0,24.0,22.0,24.0,24.0,25.0,25.0,25.0,25.0,25.0,27.0,28.0,29.0,30.0,30.0,30.0,30.0,30.0,29.0,27.0,30.0,29.0,25.0,24.0,24.0,24.0,24.0,24.0,24.0,24.0,24.0,24.0,25.0,25.0,25.0,25.0,25.0,25.0,25.0,25.0,25.0,25.0,25.0,25.0,25.0,25.0,25.0,25.0,25.0,25.0,25.0,25.0,25.0,25.0,52.0,70.0,105.0,95.0,80.0,52.0,37.0,34.0,33.0,36.0,36.0,33.0,30.0,30.0,29.0,27.0,25.0,22.0,24.0,24.0,25.0,25.0,25.0,25.0,25.0,27.0,28.0,29.0,30.0,30.0,30.0,30.0,30.0,29.0,27.0,30.0,29.0,25.0,24.0,24.0,24.0,24.0,24.0,24.0,24.0,24.0,24.0,25.0,25.0,25.0,25.0,25.0,25.0,25.0,25.0,25.0,25.0,25.0,25.0,25.0,25.0,25.0,25.0,25.0,25.0,25.0,25.0,25.0,25.0,25.0,70.0
,,,,,,,,,,,,,,,,,,,,,,,,,,,,,,,,,,,,0.0,14.0,13.0,34.0,33.0,35.0,34.0,28.0,25.0,36.0,11.0,13.0,14.0,3.0,18.0,14.0,13.0,11.0,11.0,36.0,19.0,19.0,17.0,18.0,36.0,36.0,12.0,12.0,4.0,5.0,37.0,37.0,147.0,29.0,95.0,80.0,55.0,41.0,34.0,29.0,25.0,24.0,22.0,18.0,18.0,17.0,19.0,18.0,17.0,16.0,16.0,16.0,17.0,15.0,15.0,15.0,14.0,16.0,15.0,14.0,14.0,14.0,14.0,14.0,13.0,17.0,14.0,13.0,17.0,18.0,18.0,18.0,18.0,18.0,18.0,18.0,18.0,18.0,17.0,17.0,17.0,17.0,17.0,17.0,17.0,17.0,17.0,17.0,17.0,17.0,17.0,17.0,17.0,17.0,17.0,17.0,17.0,17.0,17.0,17.0,58.0,70.0,113.0,100.0,88.0,56.0,41.0,35.0,30.0,24.0,25.0,22.0,18.0,18.0,17.0,19.0,18.0,17.0,16.0,16.0,16.0,17.0,15.0,15.0,15.0,14.0,16.0,15.0,14.0,14.0,14.0,14.0,14.0,13.0,17.0,14.0,13.0,17.0,18.0,18.0,18.0,18.0,18.0,18.0,18.0,18.0,18.0,17.0,17.0,17.0,17.0,17.0,17.0,17.0,17.0,17.0,17.0,17.0,17.0,17.0,17.0,17.0,17.0,17.0,17.0,17.0,17.0,17.0,17.0,17.0,70.0
,,,,,,,,,,,,,,,,,,,,,,,,,,,,,,,,,,,,,0.0,3.0,42.0,41.0,43.0,42.0,34.0,31.0,44.0,19.0,21.0,22.0,15.0,26.0,22.0,21.0,19.0,19.0,44.0,27.0,27.0,25.0,26.0,44.0,44.0,20.0,20.0,16.0,17.0,45.0,45.0,141.0,35.0,88.0,83.0,62.0,49.0,42.0,39.0,35.0,34.0,32.0,29.0,29.0,28.0,28.0,27.0,25.0,24.0,24.0,24.0,25.0,23.0,23.0,23.0,22.0,24.0,23.0,22.0,22.0,22.0,22.0,22.0,21.0,25.0,22.0,21.0,25.0,26.0,26.0,26.0,26.0,26.0,26.0,26.0,26.0,26.0,25.0,25.0,25.0,25.0,25.0,25.0,25.0,25.0,25.0,25.0,25.0,25.0,25.0,25.0,25.0,25.0,25.0,25.0,25.0,25.0,25.0,25.0,55.0,66.0,105.0,92.0,89.0,63.0,49.0,43.0,40.0,34.0,35.0,33.0,29.0,29.0,28.0,28.0,27.0,25.0,24.0,24.0,24.0,25.0,23.0,23.0,23.0,22.0,24.0,23.0,22.0,22.0,22.0,22.0,22.0,21.0,25.0,22.0,21.0,25.0,26.0,26.0,26.0,26.0,26.0,26.0,26.0,26.0,26.0,25.0,25.0,25.0,25.0,25.0,25.0,25.0,25.0,25.0,25.0,25.0,25.0,25.0,25.0,25.0,25.0,25.0,25.0,25.0,25.0,25.0,25.0,25.0,66.0
,,,,,,,,,,,,,,,,,,,,,,,,,,,,,,,,,,,,,,0.0,39.0,38.0,40.0,39.0,31.0,28.0,41.0,16.0,18.0,19.0,14.0,23.0,21.0,20.0,16.0,16.0,41.0,24.0,24.0,22.0,23.0,41.0,41.0,17.0,17.0,15.0,16.0,42.0,42.0,143.0,32.0,88.0,81.0,60.0,47.0,40.0,37.0,33.0,31.0,29.0,26.0,26.0,25.0,25.0,24.0,22.0,21.0,21.0,21.0,22.0,20.0,20.0,20.0,19.0,21.0,20.0,19.0,19.0,19.0,19.0,19.0,18.0,22.0,19.0,18.0,22.0,23.0,23.0,23.0,23.0,23.0,23.0,23.0,23.0,23.0,22.0,22.0,22.0,22.0,22.0,22.0,22.0,22.0,22.0,22.0,22.0,22.0,22.0,22.0,22.0,22.0,22.0,22.0,22.0,22.0,22.0,22.0,56.0,68.0,107.0,92.0,87.0,62.0,47.0,41.0,38.0,33.0,32.0,30.0,26.0,26.0,25.0,25.0,24.0,22.0,21.0,21.0,21.0,22.0,20.0,20.0,20.0,19.0,21.0,20.0,19.0,19.0,19.0,19.0,19.0,18.0,22.0,19.0,18.0,22.0,23.0,23.0,23.0,23.0,23.0,23.0,23.0,23.0,23.0,22.0,22.0,22.0,22.0,22.0,22.0,22.0,22.0,22.0,22.0,22.0,22.0,22.0,22.0,22.0,22.0,22.0,22.0,22.0,22.0,22.0,22.0,22.0,68.0
,,,,,,,,,,,,,,,,,,,,,,,,,,,,,,,,,,,,,,,0.0,3.0,25.0,24.0,40.0,37.0,26.0,31.0,33.0,34.0,35.0,40.0,40.0,39.0,31.0,31.0,26.0,39.0,39.0,39.0,40.0,24.0,24.0,32.0,32.0,36.0,37.0,27.0,27.0,144.0,27.0,92.0,83.0,62.0,48.0,45.0,39.0,37.0,36.0,33.0,31.0,31.0,30.0,29.0,28.0,28.0,28.0,28.0,26.0,27.0,25.0,25.0,25.0,23.0,24.0,23.0,22.0,22.0,22.0,22.0,22.0,21.0,19.0,22.0,21.0,17.0,16.0,16.0,16.0,16.0,16.0,16.0,16.0,16.0,16.0,17.0,17.0,17.0,17.0,17.0,17.0,17.0,17.0,17.0,17.0,17.0,17.0,17.0,17.0,17.0,17.0,17.0,17.0,17.0,17.0,17.0,17.0,55.0,71.0,110.0,97.0,89.0,65.0,50.0,46.0,40.0,37.0,37.0,35.0,31.0,31.0,30.0,29.0,30.0,28.0,28.0,28.0,26.0,27.0,25.0,25.0,25.0,23.0,24.0,23.0,22.0,22.0,22.0,22.0,22.0,21.0,19.0,22.0,21.0,17.0,16.0,16.0,16.0,16.0,16.0,16.0,16.0,16.0,16.0,17.0,17.0,17.0,17.0,17.0,17.0,17.0,17.0,17.0,17.0,17.0,17.0,17.0,17.0,17.0,17.0,17.0,17.0,17.0,17.0,17.0,17.0,17.0,71.0
,,,,,,,,,,,,,,,,,,,,,,,,,,,,,,,,,,,,,,,,0.0,26.0,25.0,37.0,34.0,27.0,30.0,32.0,33.0,34.0,39.0,39.0,38.0,30.0,30.0,27.0,38.0,38.0,38.0,39.0,25.0,25.0,31.0,31.0,35.0,36.0,28.0,28.0,143.0,28.0,91.0,82.0,61.0,49.0,46.0,40.0,36.0,35.0,32.0,30.0,30.0,29.0,28.0,27.0,27.0,27.0,27.0,25.0,26.0,24.0,24.0,24.0,22.0,23.0,22.0,21.0,21.0,21.0,21.0,21.0,20.0,18.0,21.0,20.0,16.0,17.0,17.0,17.0,17.0,17.0,17.0,17.0,17.0,17.0,18.0,18.0,18.0,18.0,18.0,18.0,18.0,18.0,18.0,18.0,18.0,18.0,18.0,18.0,18.0,18.0,18.0,18.0,18.0,18.0,18.0,18.0,55.0,71.0,109.0,96.0,88.0,64.0,51.0,47.0,41.0,36.0,36.0,34.0,30.0,30.0,29.0,28.0,29.0,27.0,27.0,27.0,25.0,26.0,24.0,24.0,24.0,22.0,23.0,22.0,21.0,21.0,21.0,21.0,21.0,20.0,18.0,21.0,20.0,16.0,17.0,17.0,17.0,17.0,17.0,17.0,17.0,17.0,17.0,18.0,18.0,18.0,18.0,18.0,18.0,18.0,18.0,18.0,18.0,18.0,18.0,18.0,18.0,18.0,18.0,18.0,18.0,18.0,18.0,18.0,18.0,18.0,71.0
,,,,,,,,,,,,,,,,,,,,,,,,,,,,,,,,,,,,,,,,,0.0,5.0,41.0,38.0,15.0,32.0,34.0,35.0,36.0,39.0,41.0,40.0,32.0,32.0,15.0,40.0,40.0,38.0,39.0,27.0,27.0,33.0,33.0,37.0,38.0,16.0,16.0,143.0,32.0,94.0,83.0,59.0,46.0,40.0,32.0,28.0,27.0,22.0,23.0,23.0,22.0,20.0,17.0,15.0,17.0,17.0,18.0,18.0,18.0,18.0,18.0,20.0,21.0,22.0,23.0,23.0,23.0,23.0,23.0,22.0,20.0,23.0,22.0,18.0,17.0,17.0,17.0,17.0,17.0,17.0,17.0,17.0,17.0,18.0,18.0,18.0,18.0,18.0,18.0,18.0,18.0,18.0,18.0,18.0,18.0,18.0,18.0,18.0,18.0,18.0,18.0,18.0,18.0,18.0,18.0,56.0,73.0,110.0,99.0,90.0,62.0,47.0,41.0,33.0,28.0,28.0,24.0,23.0,23.0,22.0,20.0,18.0,15.0,17.0,17.0,18.0,18.0,18.0,18.0,18.0,20.0,21.0,22.0,23.0,23.0,23.0,23.0,23.0,22.0,20.0,23.0,22.0,18.0,17.0,17.0,17.0,17.0,17.0,17.0,17.0,17.0,17.0,18.0,18.0,18.0,18.0,18.0,18.0,18.0,18.0,18.0,18.0,18.0,18.0,18.0,18.0,18.0,18.0,18.0,18.0,18.0,18.0,18.0,18.0,18.0,73.0
,,,,,,,,,,,,,,,,,,,,,,,,,,,,,,,,,,,,,,,,,,0.0,40.0,37.0,14.0,31.0,33.0,34.0,35.0,38.0,40.0,39.0,31.0,31.0,14.0,39.0,39.0,37.0,38.0,26.0,26.0,32.0,32.0,36.0,37.0,15.0,15.0,143.0,31.0,92.0,83.0,59.0,46.0,40.0,32.0,28.0,27.0,23.0,22.0,22.0,21.0,19.0,16.0,14.0,16.0,16.0,17.0,17.0,17.0,17.0,17.0,19.0,20.0,21.0,22.0,22.0,22.0,22.0,22.0,21.0,19.0,22.0,21.0,17.0,16.0,16.0,16.0,16.0,16.0,16.0,16.0,16.0,16.0,17.0,17.0,17.0,17.0,17.0,17.0,17.0,17.0,17.0,17.0,17.0,17.0,17.0,17.0,17.0,17.0,17.0,17.0,17.0,17.0,17.0,17.0,56.0,73.0,110.0,97.0,90.0,62.0,47.0,40.0,33.0,28.0,28.0,25.0,22.0,22.0,21.0,19.0,17.0,14.0,16.0,16.0,17.0,17.0,17.0,17.0,17.0,19.0,20.0,21.0,22.0,22.0,22.0,22.0,22.0,21.0,19.0,22.0,21.0,17.0,16.0,16.0,16.0,16.0,16.0,16.0,16.0,16.0,16.0,17.0,17.0,17.0,17.0,17.0,17.0,17.0,17.0,17.0,17.0,17.0,17.0,17.0,17.0,17.0,17.0,17.0,17.0,17.0,17.0,17.0,17.0,17.0,73.0
,,,,,,,,,,,,,,,,,,,,,,,,,,,,,,,,,,,,,,,,,,,0.0,3.0,42.0,25.0,27.0,28.0,29.0,34.0,32.0,31.0,25.0,25.0,42.0,33.0,33.0,33.0,34.0,44.0,44.0,26.0,26.0,30.0,31.0,43.0,43.0,138.0,37.0,91.0,77.0,66.0,57.0,50.0,45.0,40.0,42.0,40.0,39.0,39.0,38.0,36.0,35.0,33.0,32.0,32.0,30.0,31.0,29.0,29.0,29.0,28.0,30.0,29.0,28.0,28.0,28.0,28.0,28.0,27.0,25.0,20.0,19.0,23.0,24.0,24.0,24.0,24.0,24.0,24.0,24.0,24.0,24.0,23.0,23.0,23.0,23.0,23.0,23.0,23.0,23.0,23.0,23.0,23.0,23.0,23.0,23.0,23.0,23.0,23.0,23.0,23.0,23.0,23.0,23.0,52.0,68.0,106.0,95.0,83.0,70.0,57.0,51.0,46.0,41.0,43.0,42.0,39.0,39.0,38.0,36.0,35.0,33.0,32.0,32.0,30.0,31.0,29.0,29.0,29.0,28.0,30.0,29.0,28.0,28.0,28.0,28.0,28.0,27.0,25.0,20.0,19.0,23.0,24.0,24.0,24.0,24.0,24.0,24.0,24.0,24.0,24.0,23.0,23.0,23.0,23.0,23.0,23.0,23.0,23.0,23.0,23.0,23.0,23.0,23.0,23.0,23.0,23.0,23.0,23.0,23.0,23.0,23.0,23.0,23.0,68.0
,,,,,,,,,,,,,,,,,,,,,,,,,,,,,,,,,,,,,,,,,,,,0.0,39.0,22.0,24.0,25.0,26.0,31.0,31.0,30.0,22.0,22.0,39.0,30.0,30.0,30.0,31.0,41.0,41.0,23.0,23.0,27.0,28.0,40.0,40.0,140.0,34.0,91.0,77.0,64.0,55.0,48.0,43.0,39.0,39.0,37.0,36.0,36.0,35.0,33.0,32.0,30.0,29.0,29.0,27.0,28.0,26.0,26.0,26.0,25.0,27.0,26.0,25.0,25.0,25.0,25.0,25.0,24.0,22.0,17.0,16.0,20.0,21.0,21.0,21.0,21.0,21.0,21.0,21.0,21.0,21.0,20.0,20.0,20.0,20.0,20.0,20.0,20.0,20.0,20.0,20.0,20.0,20.0,20.0,20.0,20.0,20.0,20.0,20.0,20.0,20.0,20.0,20.0,53.0,69.0,108.0,95.0,82.0,68.0,55.0,49.0,44.0,39.0,40.0,39.0,36.0,36.0,35.0,33.0,32.0,30.0,29.0,29.0,27.0,28.0,26.0,26.0,26.0,25.0,27.0,26.0,25.0,25.0,25.0,25.0,25.0,24.0,22.0,17.0,16.0,20.0,21.0,21.0,21.0,21.0,21.0,21.0,21.0,21.0,21.0,20.0,20.0,20.0,20.0,20.0,20.0,20.0,20.0,20.0,20.0,20.0,20.0,20.0,20.0,20.0,20.0,20.0,20.0,20.0,20.0,20.0,20.0,20.0,69.0
,,,,,,,,,,,,,,,,,,,,,,,,,,,,,,,,,,,,,,,,,,,,,0.0,33.0,35.0,36.0,37.0,40.0,42.0,41.0,31.0,31.0,0.0,41.0,41.0,39.0,40.0,28.0,28.0,34.0,34.0,38.0,39.0,1.0,1.0,140.0,31.0,89.0,74.0,48.0,37.0,32.0,29.0,27.0,28.0,29.0,26.0,26.0,25.0,23.0,20.0,18.0,18.0,18.0,19.0,19.0,19.0,19.0,19.0,21.0,22.0,23.0,24.0,24.0,24.0,24.0,24.0,23.0,21.0,24.0,23.0,19.0,18.0,18.0,18.0,18.0,18.0,18.0,18.0,18.0,18.0,19.0,19.0,19.0,19.0,19.0,19.0,19.0,19.0,19.0,19.0,19.0,19.0,19.0,19.0,19.0,19.0,19.0,19.0,19.0,19.0,19.0,19.0,55.0,71.0,108.0,94.0,81.0,50.0,38.0,32.0,30.0,27.0,30.0,31.0,26.0,26.0,25.0,23.0,21.0,18.0,18.0,18.0,19.0,19.0,19.0,19.0,19.0,21.0,22.0,23.0,24.0,24.0,24.0,24.0,24.0,23.0,21.0,24.0,23.0,19.0,18.0,18.0,18.0,18.0,18.0,18.0,18.0,18.0,18.0,19.0,19.0,19.0,19.0,19.0,19.0,19.0,19.0,19.0,19.0,19.0,19.0,19.0,19.0,19.0,19.0,19.0,19.0,19.0,19.0,19.0,19.0,19.0,71.0
,,,,,,,,,,,,,,,,,,,,,,,,,,,,,,,,,,,,,,,,,,,,,,0.0,2.0,3.0,12.0,13.0,15.0,14.0,2.0,2.0,33.0,12.0,12.0,12.0,13.0,35.0,35.0,1.0,1.0,13.0,14.0,34.0,34.0,146.0,30.0,95.0,80.0,54.0,40.0,34.0,27.0,22.0,20.0,18.0,15.0,15.0,16.0,14.0,15.0,15.0,15.0,15.0,13.0,14.0,12.0,12.0,12.0,11.0,13.0,12.0,11.0,11.0,11.0,11.0,11.0,10.0,14.0,11.0,10.0,14.0,15.0,15.0,15.0,15.0,15.0,15.0,15.0,15.0,15.0,14.0,14.0,14.0,14.0,14.0,14.0,14.0,14.0,14.0,14.0,14.0,14.0,14.0,14.0,14.0,14.0,14.0,14.0,14.0,14.0,14.0,14.0,60.0,72.0,114.0,100.0,87.0,56.0,41.0,35.0,28.0,22.0,21.0,19.0,15.0,15.0,16.0,14.0,15.0,15.0,15.0,15.0,13.0,14.0,12.0,12.0,12.0,11.0,13.0,12.0,11.0,11.0,11.0,11.0,11.0,10.0,14.0,11.0,10.0,14.0,15.0,15.0,15.0,15.0,15.0,15.0,15.0,15.0,15.0,14.0,14.0,14.0,14.0,14.0,14.0,14.0,14.0,14.0,14.0,14.0,14.0,14.0,14.0,14.0,14.0,14.0,14.0,14.0,14.0,14.0,14.0,14.0,72.0
,,,,,,,,,,,,,,,,,,,,,,,,,,,,,,,,,,,,,,,,,,,,,,,0.0,1.0,14.0,15.0,17.0,16.0,4.0,4.0,35.0,14.0,14.0,14.0,15.0,37.0,37.0,3.0,3.0,15.0,16.0,36.0,36.0,144.0,32.0,93.0,82.0,56.0,42.0,36.0,29.0,24.0,22.0,20.0,17.0,17.0,18.0,16.0,17.0,17.0,17.0,17.0,15.0,16.0,14.0,14.0,14.0,13.0,15.0,14.0,13.0,13.0,13.0,13.0,13.0,12.0,16.0,13.0,12.0,16.0,17.0,17.0,17.0,17.0,17.0,17.0,17.0,17.0,17.0,16.0,16.0,16.0,16.0,16.0,16.0,16.0,16.0,16.0,16.0,16.0,16.0,16.0,16.0,16.0,16.0,16.0,16.0,16.0,16.0,16.0,16.0,59.0,72.0,112.0,98.0,89.0,58.0,43.0,37.0,30.0,24.0,23.0,21.0,17.0,17.0,18.0,16.0,17.0,17.0,17.0,17.0,15.0,16.0,14.0,14.0,14.0,13.0,15.0,14.0,13.0,13.0,13.0,13.0,13.0,12.0,16.0,13.0,12.0,16.0,17.0,17.0,17.0,17.0,17.0,17.0,17.0,17.0,17.0,16.0,16.0,16.0,16.0,16.0,16.0,16.0,16.0,16.0,16.0,16.0,16.0,16.0,16.0,16.0,16.0,16.0,16.0,16.0,16.0,16.0,16.0,16.0,72.0
,,,,,,,,,,,,,,,,,,,,,,,,,,,,,,,,,,,,,,,,,,,,,,,,0.0,15.0,16.0,18.0,17.0,5.0,5.0,36.0,15.0,15.0,15.0,16.0,38.0,38.0,4.0,4.0,16.0,17.0,37.0,37.0,143.0,33.0,94.0,83.0,57.0,43.0,37.0,30.0,25.0,23.0,21.0,18.0,18.0,19.0,17.0,18.0,18.0,18.0,18.0,16.0,17.0,15.0,15.0,15.0,14.0,16.0,15.0,14.0,14.0,14.0,14.0,14.0,13.0,17.0,14.0,13.0,17.0,18.0,18.0,18.0,18.0,18.0,18.0,18.0,18.0,18.0,17.0,17.0,17.0,17.0,17.0,17.0,17.0,17.0,17.0,17.0,17.0,17.0,17.0,17.0,17.0,17.0,17.0,17.0,17.0,17.0,17.0,17.0,59.0,72.0,111.0,99.0,90.0,59.0,44.0,38.0,31.0,25.0,24.0,22.0,18.0,18.0,19.0,17.0,18.0,18.0,18.0,18.0,16.0,17.0,15.0,15.0,15.0,14.0,16.0,15.0,14.0,14.0,14.0,14.0,14.0,13.0,17.0,14.0,13.0,17.0,18.0,18.0,18.0,18.0,18.0,18.0,18.0,18.0,18.0,17.0,17.0,17.0,17.0,17.0,17.0,17.0,17.0,17.0,17.0,17.0,17.0,17.0,17.0,17.0,17.0,17.0,17.0,17.0,17.0,17.0,17.0,17.0,72.0
,,,,,,,,,,,,,,,,,,,,,,,,,,,,,,,,,,,,,,,,,,,,,,,,,0.0,19.0,15.0,14.0,12.0,12.0,37.0,20.0,20.0,18.0,19.0,37.0,37.0,13.0,13.0,1.0,2.0,38.0,38.0,146.0,30.0,92.0,77.0,54.0,42.0,35.0,30.0,26.0,25.0,23.0,19.0,19.0,18.0,20.0,19.0,18.0,17.0,17.0,17.0,18.0,16.0,16.0,16.0,15.0,17.0,16.0,15.0,15.0,15.0,15.0,15.0,14.0,18.0,15.0,14.0,18.0,19.0,19.0,19.0,19.0,19.0,19.0,19.0,19.0,19.0,18.0,18.0,18.0,18.0,18.0,18.0,18.0,18.0,18.0,18.0,18.0,18.0,18.0,18.0,18.0,18.0,18.0,18.0,18.0,18.0,18.0,18.0,57.0,70.0,112.0,97.0,85.0,55.0,42.0,36.0,31.0,25.0,26.0,23.0,19.0,19.0,18.0,20.0,19.0,18.0,17.0,17.0,17.0,18.0,16.0,16.0,16.0,15.0,17.0,16.0,15.0,15.0,15.0,15.0,15.0,14.0,18.0,15.0,14.0,18.0,19.0,19.0,19.0,19.0,19.0,19.0,19.0,19.0,19.0,18.0,18.0,18.0,18.0,18.0,18.0,18.0,18.0,18.0,18.0,18.0,18.0,18.0,18.0,18.0,18.0,18.0,18.0,18.0,18.0,18.0,18.0,18.0,70.0
,,,,,,,,,,,,,,,,,,,,,,,,,,,,,,,,,,,,,,,,,,,,,,,,,,0.0,22.0,21.0,15.0,15.0,40.0,25.0,25.0,1.0,2.0,42.0,42.0,14.0,14.0,20.0,21.0,41.0,41.0,138.0,37.0,87.0,72.0,58.0,46.0,39.0,32.0,30.0,28.0,26.0,23.0,23.0,24.0,22.0,23.0,21.0,20.0,20.0,20.0,21.0,19.0,19.0,19.0,18.0,20.0,19.0,20.0,20.0,20.0,20.0,20.0,19.0,23.0,20.0,19.0,23.0,24.0,24.0,24.0,24.0,24.0,24.0,24.0,24.0,24.0,23.0,23.0,23.0,23.0,23.0,23.0,23.0,23.0,23.0,23.0,23.0,23.0,23.0,23.0,23.0,23.0,23.0,23.0,23.0,23.0,23.0,23.0,54.0,70.0,105.0,91.0,79.0,60.0,46.0,40.0,33.0,30.0,29.0,27.0,23.0,23.0,24.0,22.0,23.0,21.0,20.0,20.0,20.0,21.0,19.0,19.0,19.0,18.0,20.0,19.0,20.0,20.0,20.0,20.0,20.0,19.0,23.0,20.0,19.0,23.0,24.0,24.0,24.0,24.0,24.0,24.0,24.0,24.0,24.0,23.0,23.0,23.0,23.0,23.0,23.0,23.0,23.0,23.0,23.0,23.0,23.0,23.0,23.0,23.0,23.0,23.0,23.0,23.0,23.0,23.0,23.0,23.0,70.0
,,,,,,,,,,,,,,,,,,,,,,,,,,,,,,,,,,,,,,,,,,,,,,,,,,,0.0,1.0,17.0,17.0,42.0,25.0,25.0,21.0,22.0,42.0,42.0,16.0,16.0,16.0,17.0,43.0,43.0,140.0,35.0,90.0,80.0,56.0,43.0,38.0,33.0,29.0,28.0,26.0,25.0,25.0,26.0,26.0,25.0,23.0,22.0,22.0,22.0,23.0,21.0,21.0,21.0,20.0,22.0,21.0,20.0,20.0,20.0,20.0,20.0,19.0,23.0,20.0,19.0,23.0,24.0,24.0,24.0,24.0,24.0,24.0,24.0,24.0,24.0,23.0,23.0,23.0,23.0,23.0,23.0,23.0,23.0,23.0,23.0,23.0,23.0,23.0,23.0,23.0,23.0,23.0,23.0,23.0,23.0,23.0,23.0,56.0,65.0,107.0,95.0,87.0,57.0,43.0,39.0,34.0,28.0,29.0,27.0,25.0,25.0,26.0,26.0,25.0,23.0,22.0,22.0,22.0,23.0,21.0,21.0,21.0,20.0,22.0,21.0,20.0,20.0,20.0,20.0,20.0,19.0,23.0,20.0,19.0,23.0,24.0,24.0,24.0,24.0,24.0,24.0,24.0,24.0,24.0,23.0,23.0,23.0,23.0,23.0,23.0,23.0,23.0,23.0,23.0,23.0,23.0,23.0,23.0,23.0,23.0,23.0,23.0,23.0,23.0,23.0,23.0,23.0,65.0
,,,,,,,,,,,,,,,,,,,,,,,,,,,,,,,,,,,,,,,,,,,,,,,,,,,,0.0,16.0,16.0,41.0,24.0,24.0,20.0,21.0,41.0,41.0,15.0,15.0,15.0,16.0,42.0,42.0,141.0,34.0,89.0,79.0,55.0,42.0,37.0,32.0,28.0,27.0,25.0,24.0,24.0,25.0,25.0,24.0,22.0,21.0,21.0,21.0,22.0,20.0,20.0,20.0,19.0,21.0,20.0,19.0,19.0,19.0,19.0,19.0,18.0,22.0,19.0,18.0,22.0,23.0,23.0,23.0,23.0,23.0,23.0,23.0,23.0,23.0,22.0,22.0,22.0,22.0,22.0,22.0,22.0,22.0,22.0,22.0,22.0,22.0,22.0,22.0,22.0,22.0,22.0,22.0,22.0,22.0,22.0,22.0,56.0,66.0,108.0,94.0,86.0,56.0,42.0,38.0,33.0,27.0,28.0,26.0,24.0,24.0,25.0,25.0,24.0,22.0,21.0,21.0,21.0,22.0,20.0,20.0,20.0,19.0,21.0,20.0,19.0,19.0,19.0,19.0,19.0,18.0,22.0,19.0,18.0,22.0,23.0,23.0,23.0,23.0,23.0,23.0,23.0,23.0,23.0,22.0,22.0,22.0,22.0,22.0,22.0,22.0,22.0,22.0,22.0,22.0,22.0,22.0,22.0,22.0,22.0,22.0,22.0,22.0,22.0,22.0,22.0,22.0,66.0
,,,,,,,,,,,,,,,,,,,,,,,,,,,,,,,,,,,,,,,,,,,,,,,,,,,,,0.0,0.0,31.0,12.0,12.0,14.0,15.0,35.0,35.0,3.0,3.0,13.0,14.0,32.0,32.0,145.0,28.0,94.0,79.0,53.0,40.0,34.0,27.0,22.0,22.0,20.0,17.0,17.0,16.0,14.0,15.0,15.0,15.0,15.0,13.0,14.0,12.0,12.0,12.0,11.0,13.0,12.0,11.0,11.0,11.0,11.0,11.0,10.0,14.0,11.0,10.0,14.0,15.0,15.0,15.0,15.0,15.0,15.0,15.0,15.0,15.0,14.0,14.0,14.0,14.0,14.0,14.0,14.0,14.0,14.0,14.0,14.0,14.0,14.0,14.0,14.0,14.0,14.0,14.0,14.0,14.0,14.0,14.0,59.0,71.0,113.0,99.0,86.0,55.0,41.0,35.0,28.0,22.0,23.0,21.0,17.0,17.0,16.0,14.0,15.0,15.0,15.0,15.0,13.0,14.0,12.0,12.0,12.0,11.0,13.0,12.0,11.0,11.0,11.0,11.0,11.0,10.0,14.0,11.0,10.0,14.0,15.0,15.0,15.0,15.0,15.0,15.0,15.0,15.0,15.0,14.0,14.0,14.0,14.0,14.0,14.0,14.0,14.0,14.0,14.0,14.0,14.0,14.0,14.0,14.0,14.0,14.0,14.0,14.0,14.0,14.0,14.0,14.0,71.0
,,,,,,,,,,,,,,,,,,,,,,,,,,,,,,,,,,,,,,,,,,,,,,,,,,,,,,0.0,31.0,12.0,12.0,14.0,15.0,35.0,35.0,3.0,3.0,13.0,14.0,32.0,32.0,145.0,28.0,94.0,79.0,53.0,40.0,34.0,27.0,22.0,22.0,20.0,17.0,17.0,16.0,14.0,15.0,15.0,15.0,15.0,13.0,14.0,12.0,12.0,12.0,11.0,13.0,12.0,11.0,11.0,11.0,11.0,11.0,10.0,14.0,11.0,10.0,14.0,15.0,15.0,15.0,15.0,15.0,15.0,15.0,15.0,15.0,14.0,14.0,14.0,14.0,14.0,14.0,14.0,14.0,14.0,14.0,14.0,14.0,14.0,14.0,14.0,14.0,14.0,14.0,14.0,14.0,14.0,14.0,59.0,71.0,113.0,99.0,86.0,55.0,41.0,35.0,28.0,22.0,23.0,21.0,17.0,17.0,16.0,14.0,15.0,15.0,15.0,15.0,13.0,14.0,12.0,12.0,12.0,11.0,13.0,12.0,11.0,11.0,11.0,11.0,11.0,10.0,14.0,11.0,10.0,14.0,15.0,15.0,15.0,15.0,15.0,15.0,15.0,15.0,15.0,14.0,14.0,14.0,14.0,14.0,14.0,14.0,14.0,14.0,14.0,14.0,14.0,14.0,14.0,14.0,14.0,14.0,14.0,14.0,14.0,14.0,14.0,14.0,71.0
,,,,,,,,,,,,,,,,,,,,,,,,,,,,,,,,,,,,,,,,,,,,,,,,,,,,,,,0.0,41.0,41.0,39.0,40.0,28.0,28.0,34.0,34.0,38.0,39.0,1.0,1.0,140.0,31.0,89.0,74.0,48.0,37.0,32.0,29.0,27.0,28.0,29.0,26.0,26.0,25.0,23.0,20.0,18.0,18.0,18.0,19.0,19.0,19.0,19.0,19.0,21.0,22.0,23.0,24.0,24.0,24.0,24.0,24.0,23.0,21.0,24.0,23.0,19.0,18.0,18.0,18.0,18.0,18.0,18.0,18.0,18.0,18.0,19.0,19.0,19.0,19.0,19.0,19.0,19.0,19.0,19.0,19.0,19.0,19.0,19.0,19.0,19.0,19.0,19.0,19.0,19.0,19.0,19.0,19.0,55.0,71.0,108.0,94.0,81.0,50.0,38.0,32.0,30.0,27.0,30.0,31.0,26.0,26.0,25.0,23.0,21.0,18.0,18.0,18.0,19.0,19.0,19.0,19.0,19.0,21.0,22.0,23.0,24.0,24.0,24.0,24.0,24.0,23.0,21.0,24.0,23.0,19.0,18.0,18.0,18.0,18.0,18.0,18.0,18.0,18.0,18.0,19.0,19.0,19.0,19.0,19.0,19.0,19.0,19.0,19.0,19.0,19.0,19.0,19.0,19.0,19.0,19.0,19.0,19.0,19.0,19.0,19.0,19.0,19.0,71.0
,,,,,,,,,,,,,,,,,,,,,,,,,,,,,,,,,,,,,,,,,,,,,,,,,,,,,,,,0.0,0.0,24.0,25.0,43.0,43.0,13.0,13.0,21.0,22.0,42.0,42.0,141.0,36.0,88.0,76.0,63.0,50.0,46.0,39.0,34.0,32.0,30.0,27.0,27.0,26.0,24.0,23.0,23.0,23.0,23.0,21.0,22.0,20.0,20.0,20.0,19.0,21.0,20.0,19.0,19.0,19.0,19.0,19.0,18.0,22.0,19.0,18.0,22.0,23.0,23.0,23.0,23.0,23.0,23.0,23.0,23.0,23.0,22.0,22.0,22.0,22.0,22.0,22.0,22.0,22.0,22.0,22.0,22.0,22.0,22.0,22.0,22.0,22.0,22.0,22.0,22.0,22.0,22.0,22.0,59.0,66.0,107.0,93.0,83.0,65.0,51.0,47.0,40.0,34.0,33.0,31.0,27.0,27.0,26.0,24.0,23.0,23.0,23.0,23.0,21.0,22.0,20.0,20.0,20.0,19.0,21.0,20.0,19.0,19.0,19.0,19.0,19.0,18.0,22.0,19.0,18.0,22.0,23.0,23.0,23.0,23.0,23.0,23.0,23.0,23.0,23.0,22.0,22.0,22.0,22.0,22.0,22.0,22.0,22.0,22.0,22.0,22.0,22.0,22.0,22.0,22.0,22.0,22.0,22.0,22.0,22.0,22.0,22.0,22.0,66.0
,,,,,,,,,,,,,,,,,,,,,,,,,,,,,,,,,,,,,,,,,,,,,,,,,,,,,,,,,0.0,24.0,25.0,43.0,43.0,13.0,13.0,21.0,22.0,42.0,42.0,141.0,36.0,88.0,76.0,63.0,50.0,46.0,39.0,34.0,32.0,30.0,27.0,27.0,26.0,24.0,23.0,23.0,23.0,23.0,21.0,22.0,20.0,20.0,20.0,19.0,21.0,20.0,19.0,19.0,19.0,19.0,19.0,18.0,22.0,19.0,18.0,22.0,23.0,23.0,23.0,23.0,23.0,23.0,23.0,23.0,23.0,22.0,22.0,22.0,22.0,22.0,22.0,22.0,22.0,22.0,22.0,22.0,22.0,22.0,22.0,22.0,22.0,22.0,22.0,22.0,22.0,22.0,22.0,59.0,66.0,107.0,93.0,83.0,65.0,51.0,47.0,40.0,34.0,33.0,31.0,27.0,27.0,26.0,24.0,23.0,23.0,23.0,23.0,21.0,22.0,20.0,20.0,20.0,19.0,21.0,20.0,19.0,19.0,19.0,19.0,19.0,18.0,22.0,19.0,18.0,22.0,23.0,23.0,23.0,23.0,23.0,23.0,23.0,23.0,23.0,22.0,22.0,22.0,22.0,22.0,22.0,22.0,22.0,22.0,22.0,22.0,22.0,22.0,22.0,22.0,22.0,22.0,22.0,22.0,22.0,22.0,22.0,22.0,66.0
,,,,,,,,,,,,,,,,,,,,,,,,,,,,,,,,,,,,,,,,,,,,,,,,,,,,,,,,,,0.0,1.0,41.0,41.0,13.0,13.0,19.0,20.0,40.0,40.0,139.0,36.0,87.0,71.0,57.0,45.0,38.0,31.0,29.0,27.0,25.0,22.0,22.0,23.0,21.0,22.0,20.0,19.0,19.0,19.0,20.0,18.0,18.0,18.0,17.0,19.0,18.0,19.0,19.0,19.0,19.0,19.0,18.0,22.0,19.0,18.0,22.0,23.0,23.0,23.0,23.0,23.0,23.0,23.0,23.0,23.0,22.0,22.0,22.0,22.0,22.0,22.0,22.0,22.0,22.0,22.0,22.0,22.0,22.0,22.0,22.0,22.0,22.0,22.0,22.0,22.0,22.0,22.0,55.0,69.0,106.0,91.0,78.0,59.0,45.0,39.0,32.0,29.0,28.0,26.0,22.0,22.0,23.0,21.0,22.0,20.0,19.0,19.0,19.0,20.0,18.0,18.0,18.0,17.0,19.0,18.0,19.0,19.0,19.0,19.0,19.0,18.0,22.0,19.0,18.0,22.0,23.0,23.0,23.0,23.0,23.0,23.0,23.0,23.0,23.0,22.0,22.0,22.0,22.0,22.0,22.0,22.0,22.0,22.0,22.0,22.0,22.0,22.0,22.0,22.0,22.0,22.0,22.0,22.0,22.0,22.0,22.0,22.0,69.0
,,,,,,,,,,,,,,,,,,,,,,,,,,,,,,,,,,,,,,,,,,,,,,,,,,,,,,,,,,,0.0,42.0,42.0,14.0,14.0,20.0,21.0,41.0,41.0,138.0,37.0,88.0,72.0,58.0,46.0,39.0,32.0,30.0,28.0,26.0,23.0,23.0,24.0,22.0,23.0,21.0,20.0,20.0,20.0,21.0,19.0,19.0,19.0,18.0,20.0,19.0,20.0,20.0,20.0,20.0,20.0,19.0,23.0,20.0,19.0,23.0,24.0,24.0,24.0,24.0,24.0,24.0,24.0,24.0,24.0,23.0,23.0,23.0,23.0,23.0,23.0,23.0,23.0,23.0,23.0,23.0,23.0,23.0,23.0,23.0,23.0,23.0,23.0,23.0,23.0,23.0,23.0,55.0,69.0,105.0,92.0,79.0,60.0,46.0,40.0,33.0,30.0,29.0,27.0,23.0,23.0,24.0,22.0,23.0,21.0,20.0,20.0,20.0,21.0,19.0,19.0,19.0,18.0,20.0,19.0,20.0,20.0,20.0,20.0,20.0,19.0,23.0,20.0,19.0,23.0,24.0,24.0,24.0,24.0,24.0,24.0,24.0,24.0,24.0,23.0,23.0,23.0,23.0,23.0,23.0,23.0,23.0,23.0,23.0,23.0,23.0,23.0,23.0,23.0,23.0,23.0,23.0,23.0,23.0,23.0,23.0,23.0,69.0
,,,,,,,,,,,,,,,,,,,,,,,,,,,,,,,,,,,,,,,,,,,,,,,,,,,,,,,,,,,,0.0,0.0,36.0,36.0,38.0,39.0,29.0,29.0,140.0,31.0,86.0,75.0,53.0,44.0,40.0,34.0,31.0,32.0,29.0,28.0,28.0,27.0,27.0,28.0,28.0,28.0,28.0,29.0,29.0,27.0,27.0,27.0,25.0,26.0,27.0,26.0,26.0,26.0,26.0,26.0,25.0,23.0,26.0,25.0,21.0,20.0,20.0,20.0,20.0,20.0,20.0,20.0,20.0,20.0,21.0,21.0,21.0,21.0,21.0,21.0,21.0,21.0,21.0,21.0,21.0,21.0,21.0,21.0,21.0,21.0,21.0,21.0,21.0,21.0,21.0,21.0,54.0,73.0,105.0,91.0,84.0,55.0,45.0,41.0,35.0,31.0,33.0,31.0,28.0,28.0,27.0,27.0,30.0,28.0,28.0,28.0,29.0,29.0,27.0,27.0,27.0,25.0,26.0,27.0,26.0,26.0,26.0,26.0,26.0,25.0,23.0,26.0,25.0,21.0,20.0,20.0,20.0,20.0,20.0,20.0,20.0,20.0,20.0,21.0,21.0,21.0,21.0,21.0,21.0,21.0,21.0,21.0,21.0,21.0,21.0,21.0,21.0,21.0,21.0,21.0,21.0,21.0,21.0,21.0,21.0,21.0,73.0
,,,,,,,,,,,,,,,,,,,,,,,,,,,,,,,,,,,,,,,,,,,,,,,,,,,,,,,,,,,,,0.0,36.0,36.0,38.0,39.0,29.0,29.0,140.0,31.0,86.0,75.0,53.0,44.0,40.0,34.0,31.0,32.0,29.0,28.0,28.0,27.0,27.0,28.0,28.0,28.0,28.0,29.0,29.0,27.0,27.0,27.0,25.0,26.0,27.0,26.0,26.0,26.0,26.0,26.0,25.0,23.0,26.0,25.0,21.0,20.0,20.0,20.0,20.0,20.0,20.0,20.0,20.0,20.0,21.0,21.0,21.0,21.0,21.0,21.0,21.0,21.0,21.0,21.0,21.0,21.0,21.0,21.0,21.0,21.0,21.0,21.0,21.0,21.0,21.0,21.0,54.0,73.0,105.0,91.0,84.0,55.0,45.0,41.0,35.0,31.0,33.0,31.0,28.0,28.0,27.0,27.0,30.0,28.0,28.0,28.0,29.0,29.0,27.0,27.0,27.0,25.0,26.0,27.0,26.0,26.0,26.0,26.0,26.0,25.0,23.0,26.0,25.0,21.0,20.0,20.0,20.0,20.0,20.0,20.0,20.0,20.0,20.0,21.0,21.0,21.0,21.0,21.0,21.0,21.0,21.0,21.0,21.0,21.0,21.0,21.0,21.0,21.0,21.0,21.0,21.0,21.0,21.0,21.0,21.0,21.0,73.0
,,,,,,,,,,,,,,,,,,,,,,,,,,,,,,,,,,,,,,,,,,,,,,,,,,,,,,,,,,,,,,0.0,0.0,14.0,15.0,35.0,35.0,145.0,31.0,94.0,81.0,55.0,41.0,35.0,28.0,23.0,21.0,19.0,16.0,16.0,17.0,15.0,16.0,16.0,16.0,16.0,14.0,15.0,13.0,13.0,13.0,12.0,14.0,13.0,12.0,12.0,12.0,12.0,12.0,11.0,15.0,12.0,11.0,15.0,16.0,16.0,16.0,16.0,16.0,16.0,16.0,16.0,16.0,15.0,15.0,15.0,15.0,15.0,15.0,15.0,15.0,15.0,15.0,15.0,15.0,15.0,15.0,15.0,15.0,15.0,15.0,15.0,15.0,15.0,15.0,60.0,72.0,113.0,99.0,88.0,57.0,42.0,36.0,29.0,23.0,22.0,20.0,16.0,16.0,17.0,15.0,16.0,16.0,16.0,16.0,14.0,15.0,13.0,13.0,13.0,12.0,14.0,13.0,12.0,12.0,12.0,12.0,12.0,11.0,15.0,12.0,11.0,15.0,16.0,16.0,16.0,16.0,16.0,16.0,16.0,16.0,16.0,15.0,15.0,15.0,15.0,15.0,15.0,15.0,15.0,15.0,15.0,15.0,15.0,15.0,15.0,15.0,15.0,15.0,15.0,15.0,15.0,15.0,15.0,15.0,72.0
,,,,,,,,,,,,,,,,,,,,,,,,,,,,,,,,,,,,,,,,,,,,,,,,,,,,,,,,,,,,,,,0.0,14.0,15.0,35.0,35.0,145.0,31.0,94.0,81.0,55.0,41.0,35.0,28.0,23.0,21.0,19.0,16.0,16.0,17.0,15.0,16.0,16.0,16.0,16.0,14.0,15.0,13.0,13.0,13.0,12.0,14.0,13.0,12.0,12.0,12.0,12.0,12.0,11.0,15.0,12.0,11.0,15.0,16.0,16.0,16.0,16.0,16.0,16.0,16.0,16.0,16.0,15.0,15.0,15.0,15.0,15.0,15.0,15.0,15.0,15.0,15.0,15.0,15.0,15.0,15.0,15.0,15.0,15.0,15.0,15.0,15.0,15.0,15.0,60.0,72.0,113.0,99.0,88.0,57.0,42.0,36.0,29.0,23.0,22.0,20.0,16.0,16.0,17.0,15.0,16.0,16.0,16.0,16.0,14.0,15.0,13.0,13.0,13.0,12.0,14.0,13.0,12.0,12.0,12.0,12.0,12.0,11.0,15.0,12.0,11.0,15.0,16.0,16.0,16.0,16.0,16.0,16.0,16.0,16.0,16.0,15.0,15.0,15.0,15.0,15.0,15.0,15.0,15.0,15.0,15.0,15.0,15.0,15.0,15.0,15.0,15.0,15.0,15.0,15.0,15.0,15.0,15.0,15.0,72.0
,,,,,,,,,,,,,,,,,,,,,,,,,,,,,,,,,,,,,,,,,,,,,,,,,,,,,,,,,,,,,,,,0.0,1.0,39.0,39.0,145.0,31.0,91.0,78.0,55.0,43.0,36.0,31.0,27.0,26.0,24.0,20.0,20.0,19.0,21.0,20.0,19.0,18.0,18.0,18.0,19.0,17.0,17.0,17.0,16.0,18.0,17.0,16.0,16.0,16.0,16.0,16.0,15.0,19.0,16.0,15.0,19.0,20.0,20.0,20.0,20.0,20.0,20.0,20.0,20.0,20.0,19.0,19.0,19.0,19.0,19.0,19.0,19.0,19.0,19.0,19.0,19.0,19.0,19.0,19.0,19.0,19.0,19.0,19.0,19.0,19.0,19.0,19.0,57.0,70.0,111.0,96.0,86.0,56.0,43.0,37.0,32.0,26.0,27.0,24.0,20.0,20.0,19.0,21.0,20.0,19.0,18.0,18.0,18.0,19.0,17.0,17.0,17.0,16.0,18.0,17.0,16.0,16.0,16.0,16.0,16.0,15.0,19.0,16.0,15.0,19.0,20.0,20.0,20.0,20.0,20.0,20.0,20.0,20.0,20.0,19.0,19.0,19.0,19.0,19.0,19.0,19.0,19.0,19.0,19.0,19.0,19.0,19.0,19.0,19.0,19.0,19.0,19.0,19.0,19.0,19.0,19.0,19.0,70.0
,,,,,,,,,,,,,,,,,,,,,,,,,,,,,,,,,,,,,,,,,,,,,,,,,,,,,,,,,,,,,,,,,0.0,40.0,40.0,145.0,32.0,92.0,79.0,56.0,44.0,37.0,32.0,28.0,27.0,25.0,21.0,21.0,20.0,22.0,21.0,20.0,19.0,19.0,19.0,20.0,18.0,18.0,18.0,17.0,19.0,18.0,17.0,17.0,17.0,17.0,17.0,16.0,20.0,17.0,16.0,20.0,21.0,21.0,21.0,21.0,21.0,21.0,21.0,21.0,21.0,20.0,20.0,20.0,20.0,20.0,20.0,20.0,20.0,20.0,20.0,20.0,20.0,20.0,20.0,20.0,20.0,20.0,20.0,20.0,20.0,20.0,20.0,57.0,70.0,111.0,97.0,87.0,57.0,44.0,38.0,33.0,27.0,28.0,25.0,21.0,21.0,20.0,22.0,21.0,20.0,19.0,19.0,19.0,20.0,18.0,18.0,18.0,17.0,19.0,18.0,17.0,17.0,17.0,17.0,17.0,16.0,20.0,17.0,16.0,20.0,21.0,21.0,21.0,21.0,21.0,21.0,21.0,21.0,21.0,20.0,20.0,20.0,20.0,20.0,20.0,20.0,20.0,20.0,20.0,20.0,20.0,20.0,20.0,20.0,20.0,20.0,20.0,20.0,20.0,20.0,20.0,20.0,70.0
,,,,,,,,,,,,,,,,,,,,,,,,,,,,,,,,,,,,,,,,,,,,,,,,,,,,,,,,,,,,,,,,,,0.0,0.0,139.0,32.0,88.0,73.0,49.0,38.0,33.0,30.0,28.0,29.0,30.0,27.0,27.0,26.0,24.0,21.0,19.0,19.0,19.0,20.0,20.0,20.0,20.0,20.0,22.0,23.0,24.0,25.0,25.0,25.0,25.0,25.0,24.0,22.0,25.0,24.0,20.0,19.0,19.0,19.0,19.0,19.0,19.0,19.0,19.0,19.0,20.0,20.0,20.0,20.0,20.0,20.0,20.0,20.0,20.0,20.0,20.0,20.0,20.0,20.0,20.0,20.0,20.0,20.0,20.0,20.0,20.0,20.0,55.0,71.0,107.0,93.0,80.0,51.0,39.0,33.0,31.0,28.0,31.0,32.0,27.0,27.0,26.0,24.0,22.0,19.0,19.0,19.0,20.0,20.0,20.0,20.0,20.0,22.0,23.0,24.0,25.0,25.0,25.0,25.0,25.0,24.0,22.0,25.0,24.0,20.0,19.0,19.0,19.0,19.0,19.0,19.0,19.0,19.0,19.0,20.0,20.0,20.0,20.0,20.0,20.0,20.0,20.0,20.0,20.0,20.0,20.0,20.0,20.0,20.0,20.0,20.0,20.0,20.0,20.0,20.0,20.0,20.0,71.0
,,,,,,,,,,,,,,,,,,,,,,,,,,,,,,,,,,,,,,,,,,,,,,,,,,,,,,,,,,,,,,,,,,,0.0,139.0,32.0,88.0,73.0,49.0,38.0,33.0,30.0,28.0,29.0,30.0,27.0,27.0,26.0,24.0,21.0,19.0,19.0,19.0,20.0,20.0,20.0,20.0,20.0,22.0,23.0,24.0,25.0,25.0,25.0,25.0,25.0,24.0,22.0,25.0,24.0,20.0,19.0,19.0,19.0,19.0,19.0,19.0,19.0,19.0,19.0,20.0,20.0,20.0,20.0,20.0,20.0,20.0,20.0,20.0,20.0,20.0,20.0,20.0,20.0,20.0,20.0,20.0,20.0,20.0,20.0,20.0,20.0,55.0,71.0,107.0,93.0,80.0,51.0,39.0,33.0,31.0,28.0,31.0,32.0,27.0,27.0,26.0,24.0,22.0,19.0,19.0,19.0,20.0,20.0,20.0,20.0,20.0,22.0,23.0,24.0,25.0,25.0,25.0,25.0,25.0,24.0,22.0,25.0,24.0,20.0,19.0,19.0,19.0,19.0,19.0,19.0,19.0,19.0,19.0,20.0,20.0,20.0,20.0,20.0,20.0,20.0,20.0,20.0,20.0,20.0,20.0,20.0,20.0,20.0,20.0,20.0,20.0,20.0,20.0,20.0,20.0,20.0,71.0
,,,,,,,,,,,,,,,,,,,,,,,,,,,,,,,,,,,,,,,,,,,,,,,,,,,,,,,,,,,,,,,,,,,,0.0,144.0,75.0,95.0,115.0,123.0,127.0,128.0,133.0,135.0,137.0,139.0,139.0,139.0,139.0,140.0,143.0,143.0,143.0,144.0,144.0,145.0,145.0,145.0,146.0,146.0,146.0,147.0,147.0,147.0,147.0,147.0,147.0,147.0,150.0,151.0,154.0,155.0,155.0,155.0,155.0,155.0,155.0,155.0,155.0,155.0,156.0,156.0,156.0,156.0,156.0,156.0,156.0,156.0,156.0,156.0,156.0,156.0,156.0,156.0,156.0,156.0,156.0,156.0,156.0,156.0,156.0,156.0,7.0,17.0,48.0,77.0,95.0,115.0,123.0,127.0,128.0,133.0,135.0,137.0,139.0,139.0,139.0,139.0,140.0,143.0,143.0,143.0,144.0,144.0,145.0,145.0,145.0,146.0,146.0,146.0,147.0,147.0,147.0,147.0,147.0,147.0,147.0,150.0,151.0,154.0,155.0,155.0,155.0,155.0,155.0,155.0,155.0,155.0,155.0,156.0,156.0,156.0,156.0,156.0,156.0,156.0,156.0,156.0,156.0,156.0,156.0,156.0,156.0,156.0,156.0,156.0,156.0,156.0,156.0,156.0,156.0,156.0,17.0
,,,,,,,,,,,,,,,,,,,,,,,,,,,,,,,,,,,,,,,,,,,,,,,,,,,,,,,,,,,,,,,,,,,,,0.0,97.0,84.0,65.0,54.0,49.0,48.0,43.0,42.0,40.0,39.0,39.0,38.0,36.0,35.0,33.0,33.0,33.0,33.0,34.0,32.0,32.0,32.0,30.0,31.0,30.0,29.0,29.0,29.0,29.0,29.0,28.0,26.0,23.0,22.0,18.0,17.0,17.0,17.0,17.0,17.0,17.0,17.0,17.0,17.0,16.0,16.0,16.0,16.0,16.0,16.0,16.0,16.0,16.0,16.0,16.0,16.0,16.0,16.0,16.0,16.0,16.0,16.0,16.0,16.0,16.0,16.0,58.0,67.0,106.0,102.0,91.0,67.0,56.0,50.0,49.0,43.0,43.0,42.0,39.0,39.0,38.0,36.0,36.0,33.0,33.0,33.0,33.0,34.0,32.0,32.0,32.0,30.0,31.0,30.0,29.0,29.0,29.0,29.0,29.0,28.0,26.0,23.0,22.0,18.0,17.0,17.0,17.0,17.0,17.0,17.0,17.0,17.0,17.0,16.0,16.0,16.0,16.0,16.0,16.0,16.0,16.0,16.0,16.0,16.0,16.0,16.0,16.0,16.0,16.0,16.0,16.0,16.0,16.0,16.0,16.0,16.0,67.0
,,,,,,,,,,,,,,,,,,,,,,,,,,,,,,,,,,,,,,,,,,,,,,,,,,,,,,,,,,,,,,,,,,,,,,0.0,24.0,51.0,59.0,64.0,69.0,76.0,79.0,82.0,83.0,83.0,83.0,84.0,85.0,87.0,88.0,88.0,90.0,90.0,91.0,91.0,91.0,92.0,92.0,92.0,93.0,93.0,93.0,93.0,93.0,94.0,97.0,100.0,101.0,104.0,105.0,105.0,105.0,105.0,105.0,105.0,105.0,105.0,105.0,106.0,106.0,106.0,106.0,106.0,106.0,106.0,106.0,106.0,106.0,106.0,106.0,106.0,106.0,106.0,106.0,106.0,106.0,106.0,106.0,106.0,106.0,15.0,25.0,32.0,0.0,26.0,51.0,59.0,64.0,70.0,75.0,79.0,82.0,83.0,83.0,83.0,84.0,85.0,87.0,88.0,88.0,90.0,90.0,91.0,91.0,91.0,92.0,92.0,92.0,93.0,93.0,93.0,93.0,93.0,94.0,97.0,100.0,101.0,104.0,105.0,105.0,105.0,105.0,105.0,105.0,105.0,105.0,105.0,106.0,106.0,106.0,106.0,106.0,106.0,106.0,106.0,106.0,106.0,106.0,106.0,106.0,106.0,106.0,106.0,106.0,106.0,106.0,106.0,106.0,106.0,106.0,25.0
,,,,,,,,,,,,,,,,,,,,,,,,,,,,,,,,,,,,,,,,,,,,,,,,,,,,,,,,,,,,,,,,,,,,,,,0.0,32.0,41.0,47.0,52.0,59.0,63.0,65.0,67.0,67.0,67.0,68.0,69.0,72.0,73.0,73.0,75.0,75.0,76.0,76.0,76.0,76.0,76.0,76.0,77.0,77.0,77.0,77.0,77.0,79.0,82.0,85.0,86.0,89.0,90.0,90.0,90.0,90.0,90.0,90.0,90.0,90.0,90.0,91.0,91.0,91.0,91.0,91.0,91.0,91.0,91.0,91.0,91.0,91.0,91.0,91.0,91.0,91.0,91.0,91.0,91.0,91.0,91.0,91.0,91.0,20.0,42.0,50.0,27.0,1.0,32.0,41.0,47.0,52.0,59.0,63.0,65.0,67.0,67.0,67.0,68.0,69.0,72.0,73.0,73.0,75.0,75.0,76.0,76.0,76.0,76.0,76.0,76.0,77.0,77.0,77.0,77.0,77.0,79.0,82.0,85.0,86.0,89.0,90.0,90.0,90.0,90.0,90.0,90.0,90.0,90.0,90.0,91.0,91.0,91.0,91.0,91.0,91.0,91.0,91.0,91.0,91.0,91.0,91.0,91.0,91.0,91.0,91.0,91.0,91.0,91.0,91.0,91.0,91.0,91.0,42.0
,,,,,,,,,,,,,,,,,,,,,,,,,,,,,,,,,,,,,,,,,,,,,,,,,,,,,,,,,,,,,,,,,,,,,,,,0.0,11.0,19.0,24.0,34.0,37.0,40.0,41.0,41.0,41.0,43.0,44.0,46.0,47.0,47.0,49.0,49.0,50.0,50.0,50.0,50.0,50.0,50.0,51.0,51.0,51.0,51.0,51.0,53.0,56.0,59.0,60.0,63.0,64.0,64.0,64.0,64.0,64.0,64.0,64.0,64.0,64.0,65.0,65.0,65.0,65.0,65.0,65.0,65.0,65.0,65.0,65.0,65.0,65.0,65.0,65.0,65.0,65.0,65.0,65.0,65.0,65.0,65.0,65.0,24.0,51.0,76.0,54.0,33.0,0.0,11.0,19.0,25.0,33.0,37.0,40.0,41.0,41.0,41.0,43.0,44.0,46.0,47.0,47.0,49.0,49.0,50.0,50.0,50.0,50.0,50.0,50.0,51.0,51.0,51.0,51.0,51.0,53.0,56.0,59.0,60.0,63.0,64.0,64.0,64.0,64.0,64.0,64.0,64.0,64.0,64.0,65.0,65.0,65.0,65.0,65.0,65.0,65.0,65.0,65.0,65.0,65.0,65.0,65.0,65.0,65.0,65.0,65.0,65.0,65.0,65.0,65.0,65.0,65.0,51.0
,,,,,,,,,,,,,,,,,,,,,,,,,,,,,,,,,,,,,,,,,,,,,,,,,,,,,,,,,,,,,,,,,,,,,,,,,0.0,8.0,11.0,20.0,24.0,27.0,28.0,28.0,28.0,30.0,31.0,33.0,32.0,32.0,34.0,35.0,36.0,36.0,37.0,37.0,37.0,37.0,38.0,38.0,38.0,38.0,38.0,40.0,43.0,47.0,47.0,50.0,51.0,51.0,51.0,51.0,51.0,51.0,51.0,51.0,51.0,52.0,52.0,52.0,52.0,52.0,52.0,52.0,52.0,52.0,52.0,52.0,52.0,52.0,52.0,52.0,52.0,52.0,52.0,52.0,52.0,52.0,52.0,28.0,52.0,84.0,62.0,43.0,14.0,0.0,8.0,11.0,20.0,26.0,27.0,28.0,28.0,28.0,30.0,31.0,33.0,32.0,32.0,34.0,35.0,36.0,36.0,37.0,37.0,37.0,37.0,38.0,38.0,38.0,38.0,38.0,40.0,43.0,47.0,47.0,50.0,51.0,51.0,51.0,51.0,51.0,51.0,51.0,51.0,51.0,52.0,52.0,52.0,52.0,52.0,52.0,52.0,52.0,52.0,52.0,52.0,52.0,52.0,52.0,52.0,52.0,52.0,52.0,52.0,52.0,52.0,52.0,52.0,52.0
,,,,,,,,,,,,,,,,,,,,,,,,,,,,,,,,,,,,,,,,,,,,,,,,,,,,,,,,,,,,,,,,,,,,,,,,,,0.0,5.0,14.0,17.0,20.0,21.0,21.0,21.0,23.0,24.0,26.0,25.0,25.0,27.0,28.0,29.0,29.0,30.0,31.0,31.0,31.0,32.0,32.0,32.0,32.0,32.0,33.0,36.0,40.0,40.0,44.0,45.0,45.0,45.0,45.0,45.0,45.0,45.0,45.0,45.0,46.0,46.0,46.0,46.0,46.0,46.0,46.0,46.0,46.0,46.0,46.0,46.0,46.0,46.0,46.0,46.0,46.0,46.0,46.0,46.0,46.0,46.0,31.0,55.0,87.0,68.0,51.0,22.0,8.0,0.0,5.0,14.0,19.0,20.0,21.0,21.0,21.0,23.0,24.0,26.0,25.0,25.0,27.0,28.0,29.0,29.0,30.0,31.0,31.0,31.0,32.0,32.0,32.0,32.0,32.0,33.0,36.0,40.0,40.0,44.0,45.0,45.0,45.0,45.0,45.0,45.0,45.0,45.0,45.0,46.0,46.0,46.0,46.0,46.0,46.0,46.0,46.0,46.0,46.0,46.0,46.0,46.0,46.0,46.0,46.0,46.0,46.0,46.0,46.0,46.0,46.0,46.0,55.0
,,,,,,,,,,,,,,,,,,,,,,,,,,,,,,,,,,,,,,,,,,,,,,,,,,,,,,,,,,,,,,,,,,,,,,,,,,,0.0,7.0,10.0,12.0,15.0,15.0,15.0,16.0,17.0,19.0,19.0,19.0,21.0,22.0,23.0,23.0,23.0,25.0,24.0,24.0,25.0,25.0,25.0,25.0,25.0,26.0,29.0,33.0,33.0,37.0,38.0,38.0,38.0,38.0,38.0,38.0,38.0,38.0,38.0,39.0,39.0,39.0,39.0,39.0,39.0,39.0,39.0,39.0,39.0,39.0,39.0,39.0,39.0,39.0,39.0,39.0,39.0,39.0,39.0,39.0,39.0,35.0,53.0,93.0,72.0,56.0,27.0,12.0,6.0,0.0,7.0,10.0,12.0,15.0,15.0,15.0,16.0,17.0,19.0,19.0,19.0,21.0,22.0,23.0,23.0,23.0,25.0,24.0,24.0,25.0,25.0,25.0,25.0,25.0,26.0,29.0,33.0,33.0,37.0,38.0,38.0,38.0,38.0,38.0,38.0,38.0,38.0,38.0,39.0,39.0,39.0,39.0,39.0,39.0,39.0,39.0,39.0,39.0,39.0,39.0,39.0,39.0,39.0,39.0,39.0,39.0,39.0,39.0,39.0,39.0,39.0,53.0
,,,,,,,,,,,,,,,,,,,,,,,,,,,,,,,,,,,,,,,,,,,,,,,,,,,,,,,,,,,,,,,,,,,,,,,,,,,,0.0,3.0,6.0,9.0,9.0,9.0,10.0,13.0,15.0,15.0,15.0,18.0,19.0,20.0,20.0,20.0,20.0,21.0,21.0,22.0,22.0,22.0,22.0,22.0,22.0,25.0,29.0,29.0,32.0,33.0,33.0,33.0,33.0,33.0,33.0,33.0,33.0,33.0,34.0,34.0,34.0,34.0,34.0,34.0,34.0,34.0,34.0,34.0,34.0,34.0,34.0,34.0,34.0,34.0,34.0,34.0,34.0,34.0,34.0,34.0,43.0,60.0,98.0,80.0,65.0,39.0,21.0,15.0,8.0,0.0,3.0,6.0,9.0,9.0,9.0,10.0,13.0,15.0,15.0,15.0,18.0,19.0,20.0,20.0,20.0,20.0,21.0,21.0,22.0,22.0,22.0,22.0,22.0,22.0,25.0,29.0,29.0,32.0,33.0,33.0,33.0,33.0,33.0,33.0,33.0,33.0,33.0,34.0,34.0,34.0,34.0,34.0,34.0,34.0,34.0,34.0,34.0,34.0,34.0,34.0,34.0,34.0,34.0,34.0,34.0,34.0,34.0,34.0,34.0,34.0,60.0
,,,,,,,,,,,,,,,,,,,,,,,,,,,,,,,,,,,,,,,,,,,,,,,,,,,,,,,,,,,,,,,,,,,,,,,,,,,,,0.0,3.0,6.0,6.0,6.0,7.0,10.0,12.0,12.0,12.0,15.0,16.0,17.0,17.0,17.0,17.0,19.0,19.0,20.0,20.0,20.0,20.0,20.0,20.0,23.0,27.0,27.0,31.0,32.0,32.0,32.0,32.0,32.0,32.0,32.0,32.0,32.0,32.0,32.0,32.0,32.0,32.0,32.0,32.0,32.0,32.0,32.0,32.0,32.0,32.0,32.0,32.0,32.0,32.0,32.0,32.0,32.0,32.0,32.0,46.0,60.0,100.0,83.0,68.0,40.0,24.0,18.0,10.0,3.0,0.0,3.0,6.0,6.0,6.0,7.0,10.0,12.0,12.0,12.0,15.0,16.0,17.0,17.0,17.0,17.0,19.0,19.0,20.0,20.0,20.0,20.0,20.0,20.0,23.0,27.0,27.0,31.0,32.0,32.0,32.0,32.0,32.0,32.0,32.0,32.0,32.0,32.0,32.0,32.0,32.0,32.0,32.0,32.0,32.0,32.0,32.0,32.0,32.0,32.0,32.0,32.0,32.0,32.0,32.0,32.0,32.0,32.0,32.0,32.0,60.0
,,,,,,,,,,,,,,,,,,,,,,,,,,,,,,,,,,,,,,,,,,,,,,,,,,,,,,,,,,,,,,,,,,,,,,,,,,,,,,0.0,4.0,4.0,4.0,5.0,8.0,10.0,10.0,10.0,13.0,14.0,15.0,15.0,16.0,16.0,17.0,17.0,18.0,18.0,18.0,18.0,18.0,18.0,21.0,25.0,25.0,28.0,29.0,29.0,29.0,29.0,29.0,29.0,29.0,29.0,29.0,30.0,30.0,30.0,30.0,30.0,30.0,30.0,30.0,30.0,30.0,30.0,30.0,30.0,30.0,30.0,30.0,30.0,30.0,30.0,30.0,30.0,30.0,50.0,65.0,102.0,86.0,71.0,43.0,27.0,21.0,13.0,5.0,4.0,0.0,4.0,4.0,4.0,5.0,8.0,10.0,10.0,10.0,13.0,14.0,15.0,15.0,16.0,16.0,17.0,17.0,18.0,18.0,18.0,18.0,18.0,18.0,21.0,25.0,25.0,28.0,29.0,29.0,29.0,29.0,29.0,29.0,29.0,29.0,29.0,30.0,30.0,30.0,30.0,30.0,30.0,30.0,30.0,30.0,30.0,30.0,30.0,30.0,30.0,30.0,30.0,30.0,30.0,30.0,30.0,30.0,30.0,30.0,65.0
,,,,,,,,,,,,,,,,,,,,,,,,,,,,,,,,,,,,,,,,,,,,,,,,,,,,,,,,,,,,,,,,,,,,,,,,,,,,,,,0.0,0.0,0.0,2.0,5.0,7.0,7.0,7.0,10.0,11.0,12.0,12.0,13.0,13.0,14.0,14.0,15.0,15.0,15.0,15.0,15.0,15.0,18.0,22.0,22.0,25.0,26.0,26.0,26.0,26.0,26.0,26.0,26.0,26.0,26.0,27.0,27.0,27.0,27.0,27.0,27.0,27.0,27.0,27.0,27.0,27.0,27.0,27.0,27.0,27.0,27.0,27.0,27.0,27.0,27.0,27.0,27.0,50.0,65.0,104.0,87.0,73.0,44.0,28.0,22.0,16.0,8.0,7.0,4.0,0.0,0.0,0.0,2.0,5.0,7.0,7.0,7.0,10.0,11.0,12.0,12.0,13.0,13.0,14.0,14.0,15.0,15.0,15.0,15.0,15.0,15.0,18.0,22.0,22.0,25.0,26.0,26.0,26.0,26.0,26.0,26.0,26.0,26.0,26.0,27.0,27.0,27.0,27.0,27.0,27.0,27.0,27.0,27.0,27.0,27.0,27.0,27.0,27.0,27.0,27.0,27.0,27.0,27.0,27.0,27.0,27.0,27.0,65.0
,,,,,,,,,,,,,,,,,,,,,,,,,,,,,,,,,,,,,,,,,,,,,,,,,,,,,,,,,,,,,,,,,,,,,,,,,,,,,,,,0.0,0.0,2.0,5.0,7.0,7.0,7.0,10.0,11.0,12.0,12.0,13.0,13.0,14.0,14.0,15.0,15.0,15.0,15.0,15.0,15.0,18.0,22.0,22.0,25.0,26.0,26.0,26.0,26.0,26.0,26.0,26.0,26.0,26.0,27.0,27.0,27.0,27.0,27.0,27.0,27.0,27.0,27.0,27.0,27.0,27.0,27.0,27.0,27.0,27.0,27.0,27.0,27.0,27.0,27.0,27.0,50.0,65.0,104.0,87.0,73.0,44.0,28.0,22.0,16.0,8.0,7.0,4.0,0.0,0.0,0.0,2.0,5.0,7.0,7.0,7.0,10.0,11.0,12.0,12.0,13.0,13.0,14.0,14.0,15.0,15.0,15.0,15.0,15.0,15.0,18.0,22.0,22.0,25.0,26.0,26.0,26.0,26.0,26.0,26.0,26.0,26.0,26.0,27.0,27.0,27.0,27.0,27.0,27.0,27.0,27.0,27.0,27.0,27.0,27.0,27.0,27.0,27.0,27.0,27.0,27.0,27.0,27.0,27.0,27.0,27.0,65.0
,,,,,,,,,,,,,,,,,,,,,,,,,,,,,,,,,,,,,,,,,,,,,,,,,,,,,,,,,,,,,,,,,,,,,,,,,,,,,,,,,0.0,2.0,5.0,7.0,7.0,7.0,10.0,9.0,11.0,11.0,12.0,12.0,13.0,13.0,14.0,14.0,14.0,14.0,14.0,14.0,17.0,20.0,21.0,24.0,25.0,25.0,25.0,25.0,25.0,25.0,25.0,25.0,25.0,26.0,26.0,26.0,26.0,26.0,26.0,26.0,26.0,26.0,26.0,26.0,26.0,26.0,26.0,26.0,26.0,26.0,26.0,26.0,26.0,26.0,26.0,50.0,65.0,104.0,87.0,74.0,43.0,28.0,22.0,16.0,9.0,7.0,4.0,0.0,0.0,0.0,2.0,5.0,7.0,7.0,7.0,10.0,9.0,11.0,11.0,12.0,12.0,13.0,13.0,14.0,14.0,14.0,14.0,14.0,14.0,17.0,20.0,21.0,24.0,25.0,25.0,25.0,25.0,25.0,25.0,25.0,25.0,25.0,26.0,26.0,26.0,26.0,26.0,26.0,26.0,26.0,26.0,26.0,26.0,26.0,26.0,26.0,26.0,26.0,26.0,26.0,26.0,26.0,26.0,26.0,26.0,65.0
,,,,,,,,,,,,,,,,,,,,,,,,,,,,,,,,,,,,,,,,,,,,,,,,,,,,,,,,,,,,,,,,,,,,,,,,,,,,,,,,,,0.0,3.0,5.0,5.0,5.0,8.0,7.0,9.0,9.0,10.0,10.0,11.0,11.0,12.0,12.0,12.0,12.0,12.0,12.0,15.0,18.0,19.0,22.0,23.0,23.0,23.0,23.0,23.0,23.0,23.0,23.0,23.0,24.0,24.0,24.0,24.0,24.0,24.0,24.0,24.0,24.0,24.0,24.0,24.0,24.0,24.0,24.0,24.0,24.0,24.0,24.0,24.0,24.0,24.0,52.0,66.0,104.0,88.0,75.0,45.0,30.0,24.0,17.0,10.0,8.0,6.0,2.0,2.0,2.0,0.0,3.0,5.0,5.0,5.0,8.0,7.0,9.0,9.0,10.0,10.0,11.0,11.0,12.0,12.0,12.0,12.0,12.0,12.0,15.0,18.0,19.0,22.0,23.0,23.0,23.0,23.0,23.0,23.0,23.0,23.0,23.0,24.0,24.0,24.0,24.0,24.0,24.0,24.0,24.0,24.0,24.0,24.0,24.0,24.0,24.0,24.0,24.0,24.0,24.0,24.0,24.0,24.0,24.0,24.0,66.0
,,,,,,,,,,,,,,,,,,,,,,,,,,,,,,,,,,,,,,,,,,,,,,,,,,,,,,,,,,,,,,,,,,,,,,,,,,,,,,,,,,,0.0,2.0,2.0,2.0,5.0,4.0,6.0,6.0,7.0,8.0,9.0,9.0,10.0,10.0,10.0,10.0,10.0,11.0,14.0,17.0,18.0,21.0,22.0,22.0,22.0,22.0,22.0,22.0,22.0,22.0,22.0,23.0,23.0,23.0,23.0,23.0,23.0,23.0,23.0,23.0,23.0,23.0,23.0,23.0,23.0,23.0,23.0,23.0,23.0,23.0,23.0,23.0,23.0,52.0,65.0,105.0,89.0,76.0,46.0,31.0,24.0,18.0,13.0,11.0,9.0,5.0,5.0,5.0,3.0,0.0,2.0,2.0,2.0,5.0,4.0,6.0,6.0,7.0,8.0,9.0,9.0,10.0,10.0,10.0,10.0,10.0,11.0,14.0,17.0,18.0,21.0,22.0,22.0,22.0,22.0,22.0,22.0,22.0,22.0,22.0,23.0,23.0,23.0,23.0,23.0,23.0,23.0,23.0,23.0,23.0,23.0,23.0,23.0,23.0,23.0,23.0,23.0,23.0,23.0,23.0,23.0,23.0,23.0,65.0
,,,,,,,,,,,,,,,,,,,,,,,,,,,,,,,,,,,,,,,,,,,,,,,,,,,,,,,,,,,,,,,,,,,,,,,,,,,,,,,,,,,,0.0,0.0,0.0,3.0,2.0,4.0,4.0,5.0,6.0,7.0,7.0,8.0,8.0,8.0,8.0,8.0,9.0,12.0,15.0,16.0,19.0,20.0,20.0,20.0,20.0,20.0,20.0,20.0,20.0,20.0,21.0,21.0,21.0,21.0,21.0,21.0,21.0,21.0,21.0,21.0,21.0,21.0,21.0,21.0,21.0,21.0,21.0,21.0,21.0,21.0,21.0,21.0,54.0,67.0,108.0,92.0,79.0,48.0,33.0,26.0,20.0,15.0,13.0,11.0,7.0,7.0,7.0,5.0,2.0,0.0,0.0,0.0,3.0,2.0,4.0,4.0,5.0,6.0,7.0,7.0,8.0,8.0,8.0,8.0,8.0,9.0,12.0,15.0,16.0,19.0,20.0,20.0,20.0,20.0,20.0,20.0,20.0,20.0,20.0,21.0,21.0,21.0,21.0,21.0,21.0,21.0,21.0,21.0,21.0,21.0,21.0,21.0,21.0,21.0,21.0,21.0,21.0,21.0,21.0,21.0,21.0,21.0,67.0
,,,,,,,,,,,,,,,,,,,,,,,,,,,,,,,,,,,,,,,,,,,,,,,,,,,,,,,,,,,,,,,,,,,,,,,,,,,,,,,,,,,,,0.0,0.0,3.0,2.0,4.0,4.0,4.0,6.0,6.0,6.0,7.0,7.0,7.0,7.0,7.0,8.0,11.0,14.0,15.0,19.0,20.0,20.0,20.0,20.0,20.0,20.0,20.0,20.0,20.0,21.0,21.0,21.0,21.0,21.0,21.0,21.0,21.0,21.0,21.0,21.0,21.0,21.0,21.0,21.0,21.0,21.0,21.0,21.0,21.0,21.0,21.0,55.0,68.0,108.0,93.0,80.0,48.0,32.0,25.0,20.0,15.0,12.0,11.0,7.0,7.0,7.0,5.0,2.0,0.0,0.0,0.0,3.0,2.0,4.0,4.0,4.0,6.0,6.0,6.0,7.0,7.0,7.0,7.0,7.0,8.0,11.0,14.0,15.0,19.0,20.0,20.0,20.0,20.0,20.0,20.0,20.0,20.0,20.0,21.0,21.0,21.0,21.0,21.0,21.0,21.0,21.0,21.0,21.0,21.0,21.0,21.0,21.0,21.0,21.0,21.0,21.0,21.0,21.0,21.0,21.0,21.0,68.0
,,,,,,,,,,,,,,,,,,,,,,,,,,,,,,,,,,,,,,,,,,,,,,,,,,,,,,,,,,,,,,,,,,,,,,,,,,,,,,,,,,,,,,0.0,3.0,2.0,4.0,4.0,4.0,6.0,6.0,6.0,7.0,7.0,7.0,7.0,7.0,8.0,11.0,14.0,15.0,19.0,20.0,20.0,20.0,20.0,20.0,20.0,20.0,20.0,20.0,21.0,21.0,21.0,21.0,21.0,21.0,21.0,21.0,21.0,21.0,21.0,21.0,21.0,21.0,21.0,21.0,21.0,21.0,21.0,21.0,21.0,21.0,55.0,68.0,108.0,93.0,80.0,48.0,32.0,25.0,20.0,15.0,12.0,11.0,7.0,7.0,7.0,5.0,2.0,0.0,0.0,0.0,3.0,2.0,4.0,4.0,4.0,6.0,6.0,6.0,7.0,7.0,7.0,7.0,7.0,8.0,11.0,14.0,15.0,19.0,20.0,20.0,20.0,20.0,20.0,20.0,20.0,20.0,20.0,21.0,21.0,21.0,21.0,21.0,21.0,21.0,21.0,21.0,21.0,21.0,21.0,21.0,21.0,21.0,21.0,21.0,21.0,21.0,21.0,21.0,21.0,21.0,68.0
,,,,,,,,,,,,,,,,,,,,,,,,,,,,,,,,,,,,,,,,,,,,,,,,,,,,,,,,,,,,,,,,,,,,,,,,,,,,,,,,,,,,,,,0.0,1.0,2.0,2.0,2.0,4.0,4.0,4.0,5.0,5.0,5.0,5.0,5.0,6.0,9.0,12.0,13.0,17.0,18.0,18.0,18.0,18.0,18.0,18.0,18.0,18.0,18.0,19.0,19.0,19.0,19.0,19.0,19.0,19.0,19.0,19.0,19.0,19.0,19.0,19.0,19.0,19.0,19.0,19.0,19.0,19.0,19.0,19.0,19.0,55.0,69.0,110.0,95.0,82.0,50.0,34.0,27.0,22.0,18.0,15.0,14.0,10.0,10.0,10.0,8.0,5.0,3.0,3.0,3.0,0.0,1.0,2.0,2.0,2.0,4.0,4.0,4.0,5.0,5.0,5.0,5.0,5.0,6.0,9.0,12.0,13.0,17.0,18.0,18.0,18.0,18.0,18.0,18.0,18.0,18.0,18.0,19.0,19.0,19.0,19.0,19.0,19.0,19.0,19.0,19.0,19.0,19.0,19.0,19.0,19.0,19.0,19.0,19.0,19.0,19.0,19.0,19.0,19.0,19.0,69.0
,,,,,,,,,,,,,,,,,,,,,,,,,,,,,,,,,,,,,,,,,,,,,,,,,,,,,,,,,,,,,,,,,,,,,,,,,,,,,,,,,,,,,,,,0.0,2.0,2.0,2.0,4.0,4.0,5.0,6.0,6.0,6.0,6.0,6.0,7.0,10.0,13.0,14.0,18.0,19.0,19.0,19.0,19.0,19.0,19.0,19.0,19.0,19.0,20.0,20.0,20.0,20.0,20.0,20.0,20.0,20.0,20.0,20.0,20.0,20.0,20.0,20.0,20.0,20.0,20.0,20.0,20.0,20.0,20.0,20.0,55.0,68.0,110.0,95.0,82.0,51.0,35.0,28.0,23.0,19.0,16.0,15.0,11.0,11.0,9.0,7.0,4.0,2.0,2.0,2.0,1.0,0.0,2.0,2.0,2.0,4.0,4.0,5.0,6.0,6.0,6.0,6.0,6.0,7.0,10.0,13.0,14.0,18.0,19.0,19.0,19.0,19.0,19.0,19.0,19.0,19.0,19.0,20.0,20.0,20.0,20.0,20.0,20.0,20.0,20.0,20.0,20.0,20.0,20.0,20.0,20.0,20.0,20.0,20.0,20.0,20.0,20.0,20.0,20.0,20.0,68.0
,,,,,,,,,,,,,,,,,,,,,,,,,,,,,,,,,,,,,,,,,,,,,,,,,,,,,,,,,,,,,,,,,,,,,,,,,,,,,,,,,,,,,,,,,0.0,0.0,0.0,2.0,2.0,3.0,4.0,4.0,4.0,4.0,4.0,5.0,8.0,13.0,12.0,16.0,17.0,17.0,17.0,17.0,17.0,17.0,17.0,17.0,17.0,18.0,18.0,18.0,18.0,18.0,18.0,18.0,18.0,18.0,18.0,18.0,18.0,18.0,18.0,18.0,18.0,18.0,18.0,18.0,18.0,18.0,18.0,57.0,70.0,111.0,96.0,83.0,52.0,36.0,29.0,24.0,20.0,17.0,16.0,12.0,12.0,11.0,9.0,6.0,4.0,4.0,4.0,2.0,2.0,0.0,0.0,0.0,2.0,2.0,3.0,4.0,4.0,4.0,4.0,4.0,5.0,8.0,13.0,12.0,16.0,17.0,17.0,17.0,17.0,17.0,17.0,17.0,17.0,17.0,18.0,18.0,18.0,18.0,18.0,18.0,18.0,18.0,18.0,18.0,18.0,18.0,18.0,18.0,18.0,18.0,18.0,18.0,18.0,18.0,18.0,18.0,18.0,70.0
,,,,,,,,,,,,,,,,,,,,,,,,,,,,,,,,,,,,,,,,,,,,,,,,,,,,,,,,,,,,,,,,,,,,,,,,,,,,,,,,,,,,,,,,,,0.0,0.0,2.0,2.0,3.0,4.0,4.0,4.0,4.0,4.0,5.0,8.0,13.0,12.0,16.0,17.0,17.0,17.0,17.0,17.0,17.0,17.0,17.0,17.0,18.0,18.0,18.0,18.0,18.0,18.0,18.0,18.0,18.0,18.0,18.0,18.0,18.0,18.0,18.0,18.0,18.0,18.0,18.0,18.0,18.0,18.0,57.0,70.0,111.0,96.0,83.0,52.0,36.0,29.0,24.0,20.0,17.0,16.0,12.0,12.0,11.0,9.0,6.0,4.0,4.0,4.0,2.0,2.0,0.0,0.0,0.0,2.0,2.0,3.0,4.0,4.0,4.0,4.0,4.0,5.0,8.0,13.0,12.0,16.0,17.0,17.0,17.0,17.0,17.0,17.0,17.0,17.0,17.0,18.0,18.0,18.0,18.0,18.0,18.0,18.0,18.0,18.0,18.0,18.0,18.0,18.0,18.0,18.0,18.0,18.0,18.0,18.0,18.0,18.0,18.0,18.0,70.0
,,,,,,,,,,,,,,,,,,,,,,,,,,,,,,,,,,,,,,,,,,,,,,,,,,,,,,,,,,,,,,,,,,,,,,,,,,,,,,,,,,,,,,,,,,,0.0,3.0,3.0,4.0,5.0,5.0,5.0,5.0,5.0,5.0,8.0,13.0,12.0,16.0,17.0,17.0,17.0,17.0,17.0,17.0,17.0,17.0,17.0,18.0,18.0,18.0,18.0,18.0,18.0,18.0,18.0,18.0,18.0,18.0,18.0,18.0,18.0,18.0,18.0,18.0,18.0,18.0,18.0,18.0,18.0,58.0,72.0,111.0,96.0,83.0,52.0,37.0,30.0,24.0,20.0,18.0,17.0,13.0,13.0,12.0,10.0,7.0,5.0,4.0,4.0,2.0,2.0,0.0,0.0,0.0,3.0,3.0,4.0,5.0,5.0,5.0,5.0,5.0,5.0,8.0,13.0,12.0,16.0,17.0,17.0,17.0,17.0,17.0,17.0,17.0,17.0,17.0,18.0,18.0,18.0,18.0,18.0,18.0,18.0,18.0,18.0,18.0,18.0,18.0,18.0,18.0,18.0,18.0,18.0,18.0,18.0,18.0,18.0,18.0,18.0,72.0
,,,,,,,,,,,,,,,,,,,,,,,,,,,,,,,,,,,,,,,,,,,,,,,,,,,,,,,,,,,,,,,,,,,,,,,,,,,,,,,,,,,,,,,,,,,,0.0,1.0,2.0,3.0,3.0,3.0,3.0,3.0,4.0,7.0,12.0,11.0,14.0,15.0,15.0,15.0,15.0,15.0,15.0,15.0,15.0,15.0,16.0,16.0,16.0,16.0,16.0,16.0,16.0,16.0,16.0,16.0,16.0,16.0,16.0,16.0,16.0,16.0,16.0,16.0,16.0,16.0,16.0,16.0,56.0,72.0,112.0,96.0,83.0,52.0,38.0,32.0,26.0,20.0,18.0,18.0,13.0,13.0,12.0,10.0,9.0,6.0,6.0,6.0,4.0,4.0,2.0,2.0,3.0,0.0,1.0,2.0,3.0,3.0,3.0,3.0,3.0,4.0,7.0,12.0,11.0,14.0,15.0,15.0,15.0,15.0,15.0,15.0,15.0,15.0,15.0,16.0,16.0,16.0,16.0,16.0,16.0,16.0,16.0,16.0,16.0,16.0,16.0,16.0,16.0,16.0,16.0,16.0,16.0,16.0,16.0,16.0,16.0,16.0,72.0
,,,,,,,,,,,,,,,,,,,,,,,,,,,,,,,,,,,,,,,,,,,,,,,,,,,,,,,,,,,,,,,,,,,,,,,,,,,,,,,,,,,,,,,,,,,,,0.0,1.0,2.0,2.0,2.0,2.0,2.0,4.0,7.0,12.0,11.0,15.0,16.0,16.0,16.0,16.0,16.0,16.0,16.0,16.0,16.0,17.0,17.0,17.0,17.0,17.0,17.0,17.0,17.0,17.0,17.0,17.0,17.0,17.0,17.0,17.0,17.0,17.0,17.0,17.0,17.0,17.0,17.0,58.0,73.0,112.0,96.0,83.0,52.0,38.0,32.0,25.0,21.0,20.0,18.0,14.0,14.0,13.0,11.0,9.0,7.0,6.0,6.0,4.0,4.0,2.0,2.0,3.0,1.0,0.0,1.0,2.0,2.0,2.0,2.0,2.0,4.0,7.0,12.0,11.0,15.0,16.0,16.0,16.0,16.0,16.0,16.0,16.0,16.0,16.0,17.0,17.0,17.0,17.0,17.0,17.0,17.0,17.0,17.0,17.0,17.0,17.0,17.0,17.0,17.0,17.0,17.0,17.0,17.0,17.0,17.0,17.0,17.0,73.0
,,,,,,,,,,,,,,,,,,,,,,,,,,,,,,,,,,,,,,,,,,,,,,,,,,,,,,,,,,,,,,,,,,,,,,,,,,,,,,,,,,,,,,,,,,,,,,0.0,1.0,1.0,1.0,1.0,1.0,3.0,6.0,11.0,10.0,14.0,15.0,15.0,15.0,15.0,15.0,15.0,15.0,15.0,15.0,16.0,16.0,16.0,16.0,16.0,16.0,16.0,16.0,16.0,16.0,16.0,16.0,16.0,16.0,16.0,16.0,16.0,16.0,16.0,16.0,16.0,16.0,57.0,72.0,112.0,96.0,83.0,52.0,38.0,32.0,25.0,21.0,20.0,18.0,14.0,14.0,13.0,11.0,9.0,7.0,6.0,6.0,4.0,5.0,3.0,3.0,4.0,2.0,1.0,0.0,1.0,1.0,1.0,1.0,1.0,3.0,6.0,11.0,10.0,14.0,15.0,15.0,15.0,15.0,15.0,15.0,15.0,15.0,15.0,16.0,16.0,16.0,16.0,16.0,16.0,16.0,16.0,16.0,16.0,16.0,16.0,16.0,16.0,16.0,16.0,16.0,16.0,16.0,16.0,16.0,16.0,16.0,72.0
,,,,,,,,,,,,,,,,,,,,,,,,,,,,,,,,,,,,,,,,,,,,,,,,,,,,,,,,,,,,,,,,,,,,,,,,,,,,,,,,,,,,,,,,,,,,,,,0.0,0.0,0.0,0.0,0.0,2.0,5.0,10.0,9.0,13.0,14.0,14.0,14.0,14.0,14.0,14.0,14.0,14.0,14.0,15.0,15.0,15.0,15.0,15.0,15.0,15.0,15.0,15.0,15.0,15.0,15.0,15.0,15.0,15.0,15.0,15.0,15.0,15.0,15.0,15.0,15.0,58.0,72.0,113.0,97.0,84.0,53.0,39.0,33.0,26.0,22.0,21.0,19.0,15.0,15.0,14.0,12.0,10.0,8.0,7.0,7.0,5.0,6.0,4.0,4.0,5.0,3.0,2.0,1.0,0.0,0.0,0.0,0.0,0.0,2.0,5.0,10.0,9.0,13.0,14.0,14.0,14.0,14.0,14.0,14.0,14.0,14.0,14.0,15.0,15.0,15.0,15.0,15.0,15.0,15.0,15.0,15.0,15.0,15.0,15.0,15.0,15.0,15.0,15.0,15.0,15.0,15.0,15.0,15.0,15.0,15.0,72.0
,,,,,,,,,,,,,,,,,,,,,,,,,,,,,,,,,,,,,,,,,,,,,,,,,,,,,,,,,,,,,,,,,,,,,,,,,,,,,,,,,,,,,,,,,,,,,,,,0.0,0.0,0.0,0.0,2.0,5.0,10.0,9.0,13.0,14.0,14.0,14.0,14.0,14.0,14.0,14.0,14.0,14.0,15.0,15.0,15.0,15.0,15.0,15.0,15.0,15.0,15.0,15.0,15.0,15.0,15.0,15.0,15.0,15.0,15.0,15.0,15.0,15.0,15.0,15.0,58.0,72.0,113.0,97.0,84.0,53.0,39.0,33.0,26.0,22.0,21.0,19.0,15.0,15.0,14.0,12.0,10.0,8.0,7.0,7.0,5.0,6.0,4.0,4.0,5.0,3.0,2.0,1.0,0.0,0.0,0.0,0.0,0.0,2.0,5.0,10.0,9.0,13.0,14.0,14.0,14.0,14.0,14.0,14.0,14.0,14.0,14.0,15.0,15.0,15.0,15.0,15.0,15.0,15.0,15.0,15.0,15.0,15.0,15.0,15.0,15.0,15.0,15.0,15.0,15.0,15.0,15.0,15.0,15.0,15.0,72.0
,,,,,,,,,,,,,,,,,,,,,,,,,,,,,,,,,,,,,,,,,,,,,,,,,,,,,,,,,,,,,,,,,,,,,,,,,,,,,,,,,,,,,,,,,,,,,,,,,0.0,0.0,0.0,2.0,5.0,10.0,9.0,13.0,14.0,14.0,14.0,14.0,14.0,14.0,14.0,14.0,14.0,15.0,15.0,15.0,15.0,15.0,15.0,15.0,15.0,15.0,15.0,15.0,15.0,15.0,15.0,15.0,15.0,15.0,15.0,15.0,15.0,15.0,15.0,58.0,72.0,113.0,97.0,84.0,53.0,39.0,33.0,26.0,22.0,21.0,19.0,15.0,15.0,14.0,12.0,10.0,8.0,7.0,7.0,5.0,6.0,4.0,4.0,5.0,3.0,2.0,1.0,0.0,0.0,0.0,0.0,0.0,2.0,5.0,10.0,9.0,13.0,14.0,14.0,14.0,14.0,14.0,14.0,14.0,14.0,14.0,15.0,15.0,15.0,15.0,15.0,15.0,15.0,15.0,15.0,15.0,15.0,15.0,15.0,15.0,15.0,15.0,15.0,15.0,15.0,15.0,15.0,15.0,15.0,72.0
,,,,,,,,,,,,,,,,,,,,,,,,,,,,,,,,,,,,,,,,,,,,,,,,,,,,,,,,,,,,,,,,,,,,,,,,,,,,,,,,,,,,,,,,,,,,,,,,,,0.0,0.0,2.0,5.0,10.0,9.0,13.0,14.0,14.0,14.0,14.0,14.0,14.0,14.0,14.0,14.0,15.0,15.0,15.0,15.0,15.0,15.0,15.0,15.0,15.0,15.0,15.0,15.0,15.0,15.0,15.0,15.0,15.0,15.0,15.0,15.0,15.0,15.0,58.0,72.0,113.0,97.0,84.0,53.0,39.0,33.0,26.0,22.0,21.0,19.0,15.0,15.0,14.0,12.0,10.0,8.0,7.0,7.0,5.0,6.0,4.0,4.0,5.0,3.0,2.0,1.0,0.0,0.0,0.0,0.0,0.0,2.0,5.0,10.0,9.0,13.0,14.0,14.0,14.0,14.0,14.0,14.0,14.0,14.0,14.0,15.0,15.0,15.0,15.0,15.0,15.0,15.0,15.0,15.0,15.0,15.0,15.0,15.0,15.0,15.0,15.0,15.0,15.0,15.0,15.0,15.0,15.0,15.0,72.0
,,,,,,,,,,,,,,,,,,,,,,,,,,,,,,,,,,,,,,,,,,,,,,,,,,,,,,,,,,,,,,,,,,,,,,,,,,,,,,,,,,,,,,,,,,,,,,,,,,,0.0,2.0,5.0,10.0,9.0,13.0,14.0,14.0,14.0,14.0,14.0,14.0,14.0,14.0,14.0,15.0,15.0,15.0,15.0,15.0,15.0,15.0,15.0,15.0,15.0,15.0,15.0,15.0,15.0,15.0,15.0,15.0,15.0,15.0,15.0,15.0,15.0,58.0,72.0,113.0,97.0,84.0,53.0,39.0,33.0,26.0,22.0,21.0,19.0,15.0,15.0,14.0,12.0,10.0,8.0,7.0,7.0,5.0,6.0,4.0,4.0,5.0,3.0,2.0,1.0,0.0,0.0,0.0,0.0,0.0,2.0,5.0,10.0,9.0,13.0,14.0,14.0,14.0,14.0,14.0,14.0,14.0,14.0,14.0,15.0,15.0,15.0,15.0,15.0,15.0,15.0,15.0,15.0,15.0,15.0,15.0,15.0,15.0,15.0,15.0,15.0,15.0,15.0,15.0,15.0,15.0,15.0,72.0
,,,,,,,,,,,,,,,,,,,,,,,,,,,,,,,,,,,,,,,,,,,,,,,,,,,,,,,,,,,,,,,,,,,,,,,,,,,,,,,,,,,,,,,,,,,,,,,,,,,,0.0,4.0,9.0,8.0,12.0,13.0,13.0,13.0,13.0,13.0,13.0,13.0,13.0,13.0,14.0,14.0,14.0,14.0,14.0,14.0,14.0,14.0,14.0,14.0,14.0,14.0,14.0,14.0,14.0,14.0,14.0,14.0,14.0,14.0,14.0,14.0,58.0,71.0,114.0,99.0,86.0,55.0,40.0,34.0,27.0,22.0,21.0,19.0,15.0,15.0,14.0,12.0,11.0,9.0,8.0,8.0,6.0,7.0,5.0,5.0,5.0,4.0,4.0,3.0,2.0,2.0,2.0,2.0,2.0,0.0,4.0,9.0,8.0,12.0,13.0,13.0,13.0,13.0,13.0,13.0,13.0,13.0,13.0,14.0,14.0,14.0,14.0,14.0,14.0,14.0,14.0,14.0,14.0,14.0,14.0,14.0,14.0,14.0,14.0,14.0,14.0,14.0,14.0,14.0,14.0,14.0,71.0
,,,,,,,,,,,,,,,,,,,,,,,,,,,,,,,,,,,,,,,,,,,,,,,,,,,,,,,,,,,,,,,,,,,,,,,,,,,,,,,,,,,,,,,,,,,,,,,,,,,,,0.0,5.0,6.0,10.0,11.0,11.0,11.0,11.0,11.0,11.0,11.0,11.0,11.0,12.0,12.0,12.0,12.0,12.0,12.0,12.0,12.0,12.0,12.0,12.0,12.0,12.0,12.0,12.0,12.0,12.0,12.0,12.0,12.0,12.0,12.0,59.0,73.0,114.0,102.0,89.0,58.0,43.0,37.0,30.0,25.0,24.0,22.0,18.0,18.0,17.0,15.0,14.0,12.0,11.0,11.0,9.0,10.0,8.0,8.0,8.0,7.0,7.0,6.0,5.0,5.0,5.0,5.0,5.0,4.0,0.0,5.0,6.0,10.0,11.0,11.0,11.0,11.0,11.0,11.0,11.0,11.0,11.0,12.0,12.0,12.0,12.0,12.0,12.0,12.0,12.0,12.0,12.0,12.0,12.0,12.0,12.0,12.0,12.0,12.0,12.0,12.0,12.0,12.0,12.0,12.0,73.0
,,,,,,,,,,,,,,,,,,,,,,,,,,,,,,,,,,,,,,,,,,,,,,,,,,,,,,,,,,,,,,,,,,,,,,,,,,,,,,,,,,,,,,,,,,,,,,,,,,,,,,0.0,1.0,5.0,6.0,6.0,6.0,6.0,6.0,6.0,6.0,6.0,6.0,7.0,7.0,7.0,7.0,7.0,7.0,7.0,7.0,7.0,7.0,7.0,7.0,7.0,7.0,7.0,7.0,7.0,7.0,7.0,7.0,7.0,7.0,61.0,74.0,118.0,105.0,92.0,62.0,47.0,41.0,34.0,29.0,28.0,26.0,22.0,22.0,20.0,18.0,17.0,15.0,14.0,14.0,12.0,13.0,13.0,13.0,13.0,12.0,12.0,11.0,10.0,10.0,10.0,10.0,10.0,9.0,5.0,0.0,1.0,5.0,6.0,6.0,6.0,6.0,6.0,6.0,6.0,6.0,6.0,7.0,7.0,7.0,7.0,7.0,7.0,7.0,7.0,7.0,7.0,7.0,7.0,7.0,7.0,7.0,7.0,7.0,7.0,7.0,7.0,7.0,7.0,7.0,74.0
,,,,,,,,,,,,,,,,,,,,,,,,,,,,,,,,,,,,,,,,,,,,,,,,,,,,,,,,,,,,,,,,,,,,,,,,,,,,,,,,,,,,,,,,,,,,,,,,,,,,,,,0.0,4.0,5.0,5.0,5.0,5.0,5.0,5.0,5.0,5.0,5.0,6.0,6.0,6.0,6.0,6.0,6.0,6.0,6.0,6.0,6.0,6.0,6.0,6.0,6.0,6.0,6.0,6.0,6.0,6.0,6.0,6.0,6.0,61.0,74.0,119.0,106.0,93.0,62.0,47.0,41.0,34.0,29.0,28.0,26.0,22.0,22.0,21.0,19.0,18.0,16.0,15.0,15.0,13.0,14.0,12.0,12.0,12.0,11.0,11.0,10.0,9.0,9.0,9.0,9.0,9.0,8.0,6.0,1.0,0.0,4.0,5.0,5.0,5.0,5.0,5.0,5.0,5.0,5.0,5.0,6.0,6.0,6.0,6.0,6.0,6.0,6.0,6.0,6.0,6.0,6.0,6.0,6.0,6.0,6.0,6.0,6.0,6.0,6.0,6.0,6.0,6.0,6.0,74.0
,,,,,,,,,,,,,,,,,,,,,,,,,,,,,,,,,,,,,,,,,,,,,,,,,,,,,,,,,,,,,,,,,,,,,,,,,,,,,,,,,,,,,,,,,,,,,,,,,,,,,,,,0.0,1.0,1.0,1.0,1.0,1.0,1.0,1.0,1.0,1.0,2.0,2.0,2.0,2.0,2.0,2.0,2.0,2.0,2.0,2.0,2.0,2.0,2.0,2.0,2.0,2.0,2.0,2.0,2.0,2.0,2.0,2.0,64.0,77.0,122.0,109.0,96.0,65.0,51.0,45.0,38.0,32.0,32.0,30.0,25.0,25.0,24.0,22.0,22.0,19.0,19.0,19.0,17.0,18.0,16.0,16.0,16.0,14.0,15.0,14.0,13.0,13.0,13.0,13.0,13.0,12.0,10.0,5.0,4.0,0.0,1.0,1.0,1.0,1.0,1.0,1.0,1.0,1.0,1.0,2.0,2.0,2.0,2.0,2.0,2.0,2.0,2.0,2.0,2.0,2.0,2.0,2.0,2.0,2.0,2.0,2.0,2.0,2.0,2.0,2.0,2.0,2.0,77.0
,,,,,,,,,,,,,,,,,,,,,,,,,,,,,,,,,,,,,,,,,,,,,,,,,,,,,,,,,,,,,,,,,,,,,,,,,,,,,,,,,,,,,,,,,,,,,,,,,,,,,,,,,0.0,0.0,0.0,0.0,0.0,0.0,0.0,0.0,0.0,1.0,1.0,1.0,1.0,1.0,1.0,1.0,1.0,1.0,1.0,1.0,1.0,1.0,1.0,1.0,1.0,1.0,1.0,1.0,1.0,1.0,1.0,63.0,78.0,123.0,110.0,97.0,66.0,52.0,46.0,39.0,33.0,33.0,31.0,26.0,26.0,25.0,23.0,23.0,20.0,20.0,20.0,18.0,19.0,17.0,17.0,17.0,15.0,16.0,15.0,14.0,14.0,14.0,14.0,14.0,13.0,11.0,6.0,5.0,1.0,0.0,0.0,0.0,0.0,0.0,0.0,0.0,0.0,0.0,1.0,1.0,1.0,1.0,1.0,1.0,1.0,1.0,1.0,1.0,1.0,1.0,1.0,1.0,1.0,1.0,1.0,1.0,1.0,1.0,1.0,1.0,1.0,78.0
,,,,,,,,,,,,,,,,,,,,,,,,,,,,,,,,,,,,,,,,,,,,,,,,,,,,,,,,,,,,,,,,,,,,,,,,,,,,,,,,,,,,,,,,,,,,,,,,,,,,,,,,,,0.0,0.0,0.0,0.0,0.0,0.0,0.0,0.0,1.0,1.0,1.0,1.0,1.0,1.0,1.0,1.0,1.0,1.0,1.0,1.0,1.0,1.0,1.0,1.0,1.0,1.0,1.0,1.0,1.0,1.0,63.0,78.0,123.0,110.0,97.0,66.0,52.0,46.0,39.0,33.0,33.0,31.0,26.0,26.0,25.0,23.0,23.0,20.0,20.0,20.0,18.0,19.0,17.0,17.0,17.0,15.0,16.0,15.0,14.0,14.0,14.0,14.0,14.0,13.0,11.0,6.0,5.0,1.0,0.0,0.0,0.0,0.0,0.0,0.0,0.0,0.0,0.0,1.0,1.0,1.0,1.0,1.0,1.0,1.0,1.0,1.0,1.0,1.0,1.0,1.0,1.0,1.0,1.0,1.0,1.0,1.0,1.0,1.0,1.0,1.0,78.0
,,,,,,,,,,,,,,,,,,,,,,,,,,,,,,,,,,,,,,,,,,,,,,,,,,,,,,,,,,,,,,,,,,,,,,,,,,,,,,,,,,,,,,,,,,,,,,,,,,,,,,,,,,,0.0,0.0,0.0,0.0,0.0,0.0,0.0,1.0,1.0,1.0,1.0,1.0,1.0,1.0,1.0,1.0,1.0,1.0,1.0,1.0,1.0,1.0,1.0,1.0,1.0,1.0,1.0,1.0,1.0,63.0,78.0,123.0,110.0,97.0,66.0,52.0,46.0,39.0,33.0,33.0,31.0,26.0,26.0,25.0,23.0,23.0,20.0,20.0,20.0,18.0,19.0,17.0,17.0,17.0,15.0,16.0,15.0,14.0,14.0,14.0,14.0,14.0,13.0,11.0,6.0,5.0,1.0,0.0,0.0,0.0,0.0,0.0,0.0,0.0,0.0,0.0,1.0,1.0,1.0,1.0,1.0,1.0,1.0,1.0,1.0,1.0,1.0,1.0,1.0,1.0,1.0,1.0,1.0,1.0,1.0,1.0,1.0,1.0,1.0,78.0
,,,,,,,,,,,,,,,,,,,,,,,,,,,,,,,,,,,,,,,,,,,,,,,,,,,,,,,,,,,,,,,,,,,,,,,,,,,,,,,,,,,,,,,,,,,,,,,,,,,,,,,,,,,,0.0,0.0,0.0,0.0,0.0,0.0,1.0,1.0,1.0,1.0,1.0,1.0,1.0,1.0,1.0,1.0,1.0,1.0,1.0,1.0,1.0,1.0,1.0,1.0,1.0,1.0,1.0,1.0,63.0,78.0,123.0,110.0,97.0,66.0,52.0,46.0,39.0,33.0,33.0,31.0,26.0,26.0,25.0,23.0,23.0,20.0,20.0,20.0,18.0,19.0,17.0,17.0,17.0,15.0,16.0,15.0,14.0,14.0,14.0,14.0,14.0,13.0,11.0,6.0,5.0,1.0,0.0,0.0,0.0,0.0,0.0,0.0,0.0,0.0,0.0,1.0,1.0,1.0,1.0,1.0,1.0,1.0,1.0,1.0,1.0,1.0,1.0,1.0,1.0,1.0,1.0,1.0,1.0,1.0,1.0,1.0,1.0,1.0,78.0
,,,,,,,,,,,,,,,,,,,,,,,,,,,,,,,,,,,,,,,,,,,,,,,,,,,,,,,,,,,,,,,,,,,,,,,,,,,,,,,,,,,,,,,,,,,,,,,,,,,,,,,,,,,,,0.0,0.0,0.0,0.0,0.0,1.0,1.0,1.0,1.0,1.0,1.0,1.0,1.0,1.0,1.0,1.0,1.0,1.0,1.0,1.0,1.0,1.0,1.0,1.0,1.0,1.0,1.0,63.0,78.0,123.0,110.0,97.0,66.0,52.0,46.0,39.0,33.0,33.0,31.0,26.0,26.0,25.0,23.0,23.0,20.0,20.0,20.0,18.0,19.0,17.0,17.0,17.0,15.0,16.0,15.0,14.0,14.0,14.0,14.0,14.0,13.0,11.0,6.0,5.0,1.0,0.0,0.0,0.0,0.0,0.0,0.0,0.0,0.0,0.0,1.0,1.0,1.0,1.0,1.0,1.0,1.0,1.0,1.0,1.0,1.0,1.0,1.0,1.0,1.0,1.0,1.0,1.0,1.0,1.0,1.0,1.0,1.0,78.0
,,,,,,,,,,,,,,,,,,,,,,,,,,,,,,,,,,,,,,,,,,,,,,,,,,,,,,,,,,,,,,,,,,,,,,,,,,,,,,,,,,,,,,,,,,,,,,,,,,,,,,,,,,,,,,0.0,0.0,0.0,0.0,1.0,1.0,1.0,1.0,1.0,1.0,1.0,1.0,1.0,1.0,1.0,1.0,1.0,1.0,1.0,1.0,1.0,1.0,1.0,1.0,1.0,1.0,63.0,78.0,123.0,110.0,97.0,66.0,52.0,46.0,39.0,33.0,33.0,31.0,26.0,26.0,25.0,23.0,23.0,20.0,20.0,20.0,18.0,19.0,17.0,17.0,17.0,15.0,16.0,15.0,14.0,14.0,14.0,14.0,14.0,13.0,11.0,6.0,5.0,1.0,0.0,0.0,0.0,0.0,0.0,0.0,0.0,0.0,0.0,1.0,1.0,1.0,1.0,1.0,1.0,1.0,1.0,1.0,1.0,1.0,1.0,1.0,1.0,1.0,1.0,1.0,1.0,1.0,1.0,1.0,1.0,1.0,78.0
,,,,,,,,,,,,,,,,,,,,,,,,,,,,,,,,,,,,,,,,,,,,,,,,,,,,,,,,,,,,,,,,,,,,,,,,,,,,,,,,,,,,,,,,,,,,,,,,,,,,,,,,,,,,,,,0.0,0.0,0.0,1.0,1.0,1.0,1.0,1.0,1.0,1.0,1.0,1.0,1.0,1.0,1.0,1.0,1.0,1.0,1.0,1.0,1.0,1.0,1.0,1.0,1.0,63.0,78.0,123.0,110.0,97.0,66.0,52.0,46.0,39.0,33.0,33.0,31.0,26.0,26.0,25.0,23.0,23.0,20.0,20.0,20.0,18.0,19.0,17.0,17.0,17.0,15.0,16.0,15.0,14.0,14.0,14.0,14.0,14.0,13.0,11.0,6.0,5.0,1.0,0.0,0.0,0.0,0.0,0.0,0.0,0.0,0.0,0.0,1.0,1.0,1.0,1.0,1.0,1.0,1.0,1.0,1.0,1.0,1.0,1.0,1.0,1.0,1.0,1.0,1.0,1.0,1.0,1.0,1.0,1.0,1.0,78.0
,,,,,,,,,,,,,,,,,,,,,,,,,,,,,,,,,,,,,,,,,,,,,,,,,,,,,,,,,,,,,,,,,,,,,,,,,,,,,,,,,,,,,,,,,,,,,,,,,,,,,,,,,,,,,,,,0.0,0.0,1.0,1.0,1.0,1.0,1.0,1.0,1.0,1.0,1.0,1.0,1.0,1.0,1.0,1.0,1.0,1.0,1.0,1.0,1.0,1.0,1.0,1.0,63.0,78.0,123.0,110.0,97.0,66.0,52.0,46.0,39.0,33.0,33.0,31.0,26.0,26.0,25.0,23.0,23.0,20.0,20.0,20.0,18.0,19.0,17.0,17.0,17.0,15.0,16.0,15.0,14.0,14.0,14.0,14.0,14.0,13.0,11.0,6.0,5.0,1.0,0.0,0.0,0.0,0.0,0.0,0.0,0.0,0.0,0.0,1.0,1.0,1.0,1.0,1.0,1.0,1.0,1.0,1.0,1.0,1.0,1.0,1.0,1.0,1.0,1.0,1.0,1.0,1.0,1.0,1.0,1.0,1.0,78.0
,,,,,,,,,,,,,,,,,,,,,,,,,,,,,,,,,,,,,,,,,,,,,,,,,,,,,,,,,,,,,,,,,,,,,,,,,,,,,,,,,,,,,,,,,,,,,,,,,,,,,,,,,,,,,,,,,0.0,1.0,1.0,1.0,1.0,1.0,1.0,1.0,1.0,1.0,1.0,1.0,1.0,1.0,1.0,1.0,1.0,1.0,1.0,1.0,1.0,1.0,1.0,63.0,78.0,123.0,110.0,97.0,66.0,52.0,46.0,39.0,33.0,33.0,31.0,26.0,26.0,25.0,23.0,23.0,20.0,20.0,20.0,18.0,19.0,17.0,17.0,17.0,15.0,16.0,15.0,14.0,14.0,14.0,14.0,14.0,13.0,11.0,6.0,5.0,1.0,0.0,0.0,0.0,0.0,0.0,0.0,0.0,0.0,0.0,1.0,1.0,1.0,1.0,1.0,1.0,1.0,1.0,1.0,1.0,1.0,1.0,1.0,1.0,1.0,1.0,1.0,1.0,1.0,1.0,1.0,1.0,1.0,78.0
,,,,,,,,,,,,,,,,,,,,,,,,,,,,,,,,,,,,,,,,,,,,,,,,,,,,,,,,,,,,,,,,,,,,,,,,,,,,,,,,,,,,,,,,,,,,,,,,,,,,,,,,,,,,,,,,,,0.0,0.0,0.0,0.0,0.0,0.0,0.0,0.0,0.0,0.0,0.0,0.0,0.0,0.0,0.0,0.0,0.0,0.0,0.0,0.0,0.0,0.0,64.0,79.0,124.0,111.0,98.0,67.0,53.0,47.0,40.0,34.0,33.0,32.0,27.0,27.0,26.0,24.0,24.0,21.0,21.0,21.0,19.0,20.0,18.0,18.0,18.0,16.0,17.0,16.0,15.0,15.0,15.0,15.0,15.0,14.0,12.0,7.0,6.0,2.0,1.0,1.0,1.0,1.0,1.0,1.0,1.0,1.0,1.0,0.0,0.0,0.0,0.0,0.0,0.0,0.0,0.0,0.0,0.0,0.0,0.0,0.0,0.0,0.0,0.0,0.0,0.0,0.0,0.0,0.0,0.0,0.0,79.0
,,,,,,,,,,,,,,,,,,,,,,,,,,,,,,,,,,,,,,,,,,,,,,,,,,,,,,,,,,,,,,,,,,,,,,,,,,,,,,,,,,,,,,,,,,,,,,,,,,,,,,,,,,,,,,,,,,,0.0,0.0,0.0,0.0,0.0,0.0,0.0,0.0,0.0,0.0,0.0,0.0,0.0,0.0,0.0,0.0,0.0,0.0,0.0,0.0,0.0,64.0,79.0,124.0,111.0,98.0,67.0,53.0,47.0,40.0,34.0,33.0,32.0,27.0,27.0,26.0,24.0,24.0,21.0,21.0,21.0,19.0,20.0,18.0,18.0,18.0,16.0,17.0,16.0,15.0,15.0,15.0,15.0,15.0,14.0,12.0,7.0,6.0,2.0,1.0,1.0,1.0,1.0,1.0,1.0,1.0,1.0,1.0,0.0,0.0,0.0,0.0,0.0,0.0,0.0,0.0,0.0,0.0,0.0,0.0,0.0,0.0,0.0,0.0,0.0,0.0,0.0,0.0,0.0,0.0,0.0,79.0
,,,,,,,,,,,,,,,,,,,,,,,,,,,,,,,,,,,,,,,,,,,,,,,,,,,,,,,,,,,,,,,,,,,,,,,,,,,,,,,,,,,,,,,,,,,,,,,,,,,,,,,,,,,,,,,,,,,,0.0,0.0,0.0,0.0,0.0,0.0,0.0,0.0,0.0,0.0,0.0,0.0,0.0,0.0,0.0,0.0,0.0,0.0,0.0,0.0,64.0,79.0,124.0,111.0,98.0,67.0,53.0,47.0,40.0,34.0,33.0,32.0,27.0,27.0,26.0,24.0,24.0,21.0,21.0,21.0,19.0,20.0,18.0,18.0,18.0,16.0,17.0,16.0,15.0,15.0,15.0,15.0,15.0,14.0,12.0,7.0,6.0,2.0,1.0,1.0,1.0,1.0,1.0,1.0,1.0,1.0,1.0,0.0,0.0,0.0,0.0,0.0,0.0,0.0,0.0,0.0,0.0,0.0,0.0,0.0,0.0,0.0,0.0,0.0,0.0,0.0,0.0,0.0,0.0,0.0,79.0
,,,,,,,,,,,,,,,,,,,,,,,,,,,,,,,,,,,,,,,,,,,,,,,,,,,,,,,,,,,,,,,,,,,,,,,,,,,,,,,,,,,,,,,,,,,,,,,,,,,,,,,,,,,,,,,,,,,,,0.0,0.0,0.0,0.0,0.0,0.0,0.0,0.0,0.0,0.0,0.0,0.0,0.0,0.0,0.0,0.0,0.0,0.0,0.0,64.0,79.0,124.0,111.0,98.0,67.0,53.0,47.0,40.0,34.0,33.0,32.0,27.0,27.0,26.0,24.0,24.0,21.0,21.0,21.0,19.0,20.0,18.0,18.0,18.0,16.0,17.0,16.0,15.0,15.0,15.0,15.0,15.0,14.0,12.0,7.0,6.0,2.0,1.0,1.0,1.0,1.0,1.0,1.0,1.0,1.0,1.0,0.0,0.0,0.0,0.0,0.0,0.0,0.0,0.0,0.0,0.0,0.0,0.0,0.0,0.0,0.0,0.0,0.0,0.0,0.0,0.0,0.0,0.0,0.0,79.0
,,,,,,,,,,,,,,,,,,,,,,,,,,,,,,,,,,,,,,,,,,,,,,,,,,,,,,,,,,,,,,,,,,,,,,,,,,,,,,,,,,,,,,,,,,,,,,,,,,,,,,,,,,,,,,,,,,,,,,0.0,0.0,0.0,0.0,0.0,0.0,0.0,0.0,0.0,0.0,0.0,0.0,0.0,0.0,0.0,0.0,0.0,0.0,64.0,79.0,124.0,111.0,98.0,67.0,53.0,47.0,40.0,34.0,33.0,32.0,27.0,27.0,26.0,24.0,24.0,21.0,21.0,21.0,19.0,20.0,18.0,18.0,18.0,16.0,17.0,16.0,15.0,15.0,15.0,15.0,15.0,14.0,12.0,7.0,6.0,2.0,1.0,1.0,1.0,1.0,1.0,1.0,1.0,1.0,1.0,0.0,0.0,0.0,0.0,0.0,0.0,0.0,0.0,0.0,0.0,0.0,0.0,0.0,0.0,0.0,0.0,0.0,0.0,0.0,0.0,0.0,0.0,0.0,79.0
,,,,,,,,,,,,,,,,,,,,,,,,,,,,,,,,,,,,,,,,,,,,,,,,,,,,,,,,,,,,,,,,,,,,,,,,,,,,,,,,,,,,,,,,,,,,,,,,,,,,,,,,,,,,,,,,,,,,,,,0.0,0.0,0.0,0.0,0.0,0.0,0.0,0.0,0.0,0.0,0.0,0.0,0.0,0.0,0.0,0.0,0.0,64.0,79.0,124.0,111.0,98.0,67.0,53.0,47.0,40.0,34.0,33.0,32.0,27.0,27.0,26.0,24.0,24.0,21.0,21.0,21.0,19.0,20.0,18.0,18.0,18.0,16.0,17.0,16.0,15.0,15.0,15.0,15.0,15.0,14.0,12.0,7.0,6.0,2.0,1.0,1.0,1.0,1.0,1.0,1.0,1.0,1.0,1.0,0.0,0.0,0.0,0.0,0.0,0.0,0.0,0.0,0.0,0.0,0.0,0.0,0.0,0.0,0.0,0.0,0.0,0.0,0.0,0.0,0.0,0.0,0.0,79.0
,,,,,,,,,,,,,,,,,,,,,,,,,,,,,,,,,,,,,,,,,,,,,,,,,,,,,,,,,,,,,,,,,,,,,,,,,,,,,,,,,,,,,,,,,,,,,,,,,,,,,,,,,,,,,,,,,,,,,,,,0.0,0.0,0.0,0.0,0.0,0.0,0.0,0.0,0.0,0.0,0.0,0.0,0.0,0.0,0.0,0.0,64.0,79.0,124.0,111.0,98.0,67.0,53.0,47.0,40.0,34.0,33.0,32.0,27.0,27.0,26.0,24.0,24.0,21.0,21.0,21.0,19.0,20.0,18.0,18.0,18.0,16.0,17.0,16.0,15.0,15.0,15.0,15.0,15.0,14.0,12.0,7.0,6.0,2.0,1.0,1.0,1.0,1.0,1.0,1.0,1.0,1.0,1.0,0.0,0.0,0.0,0.0,0.0,0.0,0.0,0.0,0.0,0.0,0.0,0.0,0.0,0.0,0.0,0.0,0.0,0.0,0.0,0.0,0.0,0.0,0.0,79.0
,,,,,,,,,,,,,,,,,,,,,,,,,,,,,,,,,,,,,,,,,,,,,,,,,,,,,,,,,,,,,,,,,,,,,,,,,,,,,,,,,,,,,,,,,,,,,,,,,,,,,,,,,,,,,,,,,,,,,,,,,0.0,0.0,0.0,0.0,0.0,0.0,0.0,0.0,0.0,0.0,0.0,0.0,0.0,0.0,0.0,64.0,79.0,124.0,111.0,98.0,67.0,53.0,47.0,40.0,34.0,33.0,32.0,27.0,27.0,26.0,24.0,24.0,21.0,21.0,21.0,19.0,20.0,18.0,18.0,18.0,16.0,17.0,16.0,15.0,15.0,15.0,15.0,15.0,14.0,12.0,7.0,6.0,2.0,1.0,1.0,1.0,1.0,1.0,1.0,1.0,1.0,1.0,0.0,0.0,0.0,0.0,0.0,0.0,0.0,0.0,0.0,0.0,0.0,0.0,0.0,0.0,0.0,0.0,0.0,0.0,0.0,0.0,0.0,0.0,0.0,79.0
,,,,,,,,,,,,,,,,,,,,,,,,,,,,,,,,,,,,,,,,,,,,,,,,,,,,,,,,,,,,,,,,,,,,,,,,,,,,,,,,,,,,,,,,,,,,,,,,,,,,,,,,,,,,,,,,,,,,,,,,,,0.0,0.0,0.0,0.0,0.0,0.0,0.0,0.0,0.0,0.0,0.0,0.0,0.0,0.0,64.0,79.0,124.0,111.0,98.0,67.0,53.0,47.0,40.0,34.0,33.0,32.0,27.0,27.0,26.0,24.0,24.0,21.0,21.0,21.0,19.0,20.0,18.0,18.0,18.0,16.0,17.0,16.0,15.0,15.0,15.0,15.0,15.0,14.0,12.0,7.0,6.0,2.0,1.0,1.0,1.0,1.0,1.0,1.0,1.0,1.0,1.0,0.0,0.0,0.0,0.0,0.0,0.0,0.0,0.0,0.0,0.0,0.0,0.0,0.0,0.0,0.0,0.0,0.0,0.0,0.0,0.0,0.0,0.0,0.0,79.0
,,,,,,,,,,,,,,,,,,,,,,,,,,,,,,,,,,,,,,,,,,,,,,,,,,,,,,,,,,,,,,,,,,,,,,,,,,,,,,,,,,,,,,,,,,,,,,,,,,,,,,,,,,,,,,,,,,,,,,,,,,,0.0,0.0,0.0,0.0,0.0,0.0,0.0,0.0,0.0,0.0,0.0,0.0,0.0,64.0,79.0,124.0,111.0,98.0,67.0,53.0,47.0,40.0,34.0,33.0,32.0,27.0,27.0,26.0,24.0,24.0,21.0,21.0,21.0,19.0,20.0,18.0,18.0,18.0,16.0,17.0,16.0,15.0,15.0,15.0,15.0,15.0,14.0,12.0,7.0,6.0,2.0,1.0,1.0,1.0,1.0,1.0,1.0,1.0,1.0,1.0,0.0,0.0,0.0,0.0,0.0,0.0,0.0,0.0,0.0,0.0,0.0,0.0,0.0,0.0,0.0,0.0,0.0,0.0,0.0,0.0,0.0,0.0,0.0,79.0
,,,,,,,,,,,,,,,,,,,,,,,,,,,,,,,,,,,,,,,,,,,,,,,,,,,,,,,,,,,,,,,,,,,,,,,,,,,,,,,,,,,,,,,,,,,,,,,,,,,,,,,,,,,,,,,,,,,,,,,,,,,,0.0,0.0,0.0,0.0,0.0,0.0,0.0,0.0,0.0,0.0,0.0,0.0,64.0,79.0,124.0,111.0,98.0,67.0,53.0,47.0,40.0,34.0,33.0,32.0,27.0,27.0,26.0,24.0,24.0,21.0,21.0,21.0,19.0,20.0,18.0,18.0,18.0,16.0,17.0,16.0,15.0,15.0,15.0,15.0,15.0,14.0,12.0,7.0,6.0,2.0,1.0,1.0,1.0,1.0,1.0,1.0,1.0,1.0,1.0,0.0,0.0,0.0,0.0,0.0,0.0,0.0,0.0,0.0,0.0,0.0,0.0,0.0,0.0,0.0,0.0,0.0,0.0,0.0,0.0,0.0,0.0,0.0,79.0
,,,,,,,,,,,,,,,,,,,,,,,,,,,,,,,,,,,,,,,,,,,,,,,,,,,,,,,,,,,,,,,,,,,,,,,,,,,,,,,,,,,,,,,,,,,,,,,,,,,,,,,,,,,,,,,,,,,,,,,,,,,,,0.0,0.0,0.0,0.0,0.0,0.0,0.0,0.0,0.0,0.0,0.0,64.0,79.0,124.0,111.0,98.0,67.0,53.0,47.0,40.0,34.0,33.0,32.0,27.0,27.0,26.0,24.0,24.0,21.0,21.0,21.0,19.0,20.0,18.0,18.0,18.0,16.0,17.0,16.0,15.0,15.0,15.0,15.0,15.0,14.0,12.0,7.0,6.0,2.0,1.0,1.0,1.0,1.0,1.0,1.0,1.0,1.0,1.0,0.0,0.0,0.0,0.0,0.0,0.0,0.0,0.0,0.0,0.0,0.0,0.0,0.0,0.0,0.0,0.0,0.0,0.0,0.0,0.0,0.0,0.0,0.0,79.0
,,,,,,,,,,,,,,,,,,,,,,,,,,,,,,,,,,,,,,,,,,,,,,,,,,,,,,,,,,,,,,,,,,,,,,,,,,,,,,,,,,,,,,,,,,,,,,,,,,,,,,,,,,,,,,,,,,,,,,,,,,,,,,0.0,0.0,0.0,0.0,0.0,0.0,0.0,0.0,0.0,0.0,64.0,79.0,124.0,111.0,98.0,67.0,53.0,47.0,40.0,34.0,33.0,32.0,27.0,27.0,26.0,24.0,24.0,21.0,21.0,21.0,19.0,20.0,18.0,18.0,18.0,16.0,17.0,16.0,15.0,15.0,15.0,15.0,15.0,14.0,12.0,7.0,6.0,2.0,1.0,1.0,1.0,1.0,1.0,1.0,1.0,1.0,1.0,0.0,0.0,0.0,0.0,0.0,0.0,0.0,0.0,0.0,0.0,0.0,0.0,0.0,0.0,0.0,0.0,0.0,0.0,0.0,0.0,0.0,0.0,0.0,79.0
,,,,,,,,,,,,,,,,,,,,,,,,,,,,,,,,,,,,,,,,,,,,,,,,,,,,,,,,,,,,,,,,,,,,,,,,,,,,,,,,,,,,,,,,,,,,,,,,,,,,,,,,,,,,,,,,,,,,,,,,,,,,,,,0.0,0.0,0.0,0.0,0.0,0.0,0.0,0.0,0.0,64.0,79.0,124.0,111.0,98.0,67.0,53.0,47.0,40.0,34.0,33.0,32.0,27.0,27.0,26.0,24.0,24.0,21.0,21.0,21.0,19.0,20.0,18.0,18.0,18.0,16.0,17.0,16.0,15.0,15.0,15.0,15.0,15.0,14.0,12.0,7.0,6.0,2.0,1.0,1.0,1.0,1.0,1.0,1.0,1.0,1.0,1.0,0.0,0.0,0.0,0.0,0.0,0.0,0.0,0.0,0.0,0.0,0.0,0.0,0.0,0.0,0.0,0.0,0.0,0.0,0.0,0.0,0.0,0.0,0.0,79.0
,,,,,,,,,,,,,,,,,,,,,,,,,,,,,,,,,,,,,,,,,,,,,,,,,,,,,,,,,,,,,,,,,,,,,,,,,,,,,,,,,,,,,,,,,,,,,,,,,,,,,,,,,,,,,,,,,,,,,,,,,,,,,,,,0.0,0.0,0.0,0.0,0.0,0.0,0.0,0.0,64.0,79.0,124.0,111.0,98.0,67.0,53.0,47.0,40.0,34.0,33.0,32.0,27.0,27.0,26.0,24.0,24.0,21.0,21.0,21.0,19.0,20.0,18.0,18.0,18.0,16.0,17.0,16.0,15.0,15.0,15.0,15.0,15.0,14.0,12.0,7.0,6.0,2.0,1.0,1.0,1.0,1.0,1.0,1.0,1.0,1.0,1.0,0.0,0.0,0.0,0.0,0.0,0.0,0.0,0.0,0.0,0.0,0.0,0.0,0.0,0.0,0.0,0.0,0.0,0.0,0.0,0.0,0.0,0.0,0.0,79.0
,,,,,,,,,,,,,,,,,,,,,,,,,,,,,,,,,,,,,,,,,,,,,,,,,,,,,,,,,,,,,,,,,,,,,,,,,,,,,,,,,,,,,,,,,,,,,,,,,,,,,,,,,,,,,,,,,,,,,,,,,,,,,,,,,0.0,0.0,0.0,0.0,0.0,0.0,0.0,64.0,79.0,124.0,111.0,98.0,67.0,53.0,47.0,40.0,34.0,33.0,32.0,27.0,27.0,26.0,24.0,24.0,21.0,21.0,21.0,19.0,20.0,18.0,18.0,18.0,16.0,17.0,16.0,15.0,15.0,15.0,15.0,15.0,14.0,12.0,7.0,6.0,2.0,1.0,1.0,1.0,1.0,1.0,1.0,1.0,1.0,1.0,0.0,0.0,0.0,0.0,0.0,0.0,0.0,0.0,0.0,0.0,0.0,0.0,0.0,0.0,0.0,0.0,0.0,0.0,0.0,0.0,0.0,0.0,0.0,79.0
,,,,,,,,,,,,,,,,,,,,,,,,,,,,,,,,,,,,,,,,,,,,,,,,,,,,,,,,,,,,,,,,,,,,,,,,,,,,,,,,,,,,,,,,,,,,,,,,,,,,,,,,,,,,,,,,,,,,,,,,,,,,,,,,,,0.0,0.0,0.0,0.0,0.0,0.0,64.0,79.0,124.0,111.0,98.0,67.0,53.0,47.0,40.0,34.0,33.0,32.0,27.0,27.0,26.0,24.0,24.0,21.0,21.0,21.0,19.0,20.0,18.0,18.0,18.0,16.0,17.0,16.0,15.0,15.0,15.0,15.0,15.0,14.0,12.0,7.0,6.0,2.0,1.0,1.0,1.0,1.0,1.0,1.0,1.0,1.0,1.0,0.0,0.0,0.0,0.0,0.0,0.0,0.0,0.0,0.0,0.0,0.0,0.0,0.0,0.0,0.0,0.0,0.0,0.0,0.0,0.0,0.0,0.0,0.0,79.0
,,,,,,,,,,,,,,,,,,,,,,,,,,,,,,,,,,,,,,,,,,,,,,,,,,,,,,,,,,,,,,,,,,,,,,,,,,,,,,,,,,,,,,,,,,,,,,,,,,,,,,,,,,,,,,,,,,,,,,,,,,,,,,,,,,,0.0,0.0,0.0,0.0,0.0,64.0,79.0,124.0,111.0,98.0,67.0,53.0,47.0,40.0,34.0,33.0,32.0,27.0,27.0,26.0,24.0,24.0,21.0,21.0,21.0,19.0,20.0,18.0,18.0,18.0,16.0,17.0,16.0,15.0,15.0,15.0,15.0,15.0,14.0,12.0,7.0,6.0,2.0,1.0,1.0,1.0,1.0,1.0,1.0,1.0,1.0,1.0,0.0,0.0,0.0,0.0,0.0,0.0,0.0,0.0,0.0,0.0,0.0,0.0,0.0,0.0,0.0,0.0,0.0,0.0,0.0,0.0,0.0,0.0,0.0,79.0
,,,,,,,,,,,,,,,,,,,,,,,,,,,,,,,,,,,,,,,,,,,,,,,,,,,,,,,,,,,,,,,,,,,,,,,,,,,,,,,,,,,,,,,,,,,,,,,,,,,,,,,,,,,,,,,,,,,,,,,,,,,,,,,,,,,,0.0,0.0,0.0,0.0,64.0,79.0,124.0,111.0,98.0,67.0,53.0,47.0,40.0,34.0,33.0,32.0,27.0,27.0,26.0,24.0,24.0,21.0,21.0,21.0,19.0,20.0,18.0,18.0,18.0,16.0,17.0,16.0,15.0,15.0,15.0,15.0,15.0,14.0,12.0,7.0,6.0,2.0,1.0,1.0,1.0,1.0,1.0,1.0,1.0,1.0,1.0,0.0,0.0,0.0,0.0,0.0,0.0,0.0,0.0,0.0,0.0,0.0,0.0,0.0,0.0,0.0,0.0,0.0,0.0,0.0,0.0,0.0,0.0,0.0,79.0
,,,,,,,,,,,,,,,,,,,,,,,,,,,,,,,,,,,,,,,,,,,,,,,,,,,,,,,,,,,,,,,,,,,,,,,,,,,,,,,,,,,,,,,,,,,,,,,,,,,,,,,,,,,,,,,,,,,,,,,,,,,,,,,,,,,,,0.0,0.0,0.0,64.0,79.0,124.0,111.0,98.0,67.0,53.0,47.0,40.0,34.0,33.0,32.0,27.0,27.0,26.0,24.0,24.0,21.0,21.0,21.0,19.0,20.0,18.0,18.0,18.0,16.0,17.0,16.0,15.0,15.0,15.0,15.0,15.0,14.0,12.0,7.0,6.0,2.0,1.0,1.0,1.0,1.0,1.0,1.0,1.0,1.0,1.0,0.0,0.0,0.0,0.0,0.0,0.0,0.0,0.0,0.0,0.0,0.0,0.0,0.0,0.0,0.0,0.0,0.0,0.0,0.0,0.0,0.0,0.0,0.0,79.0
,,,,,,,,,,,,,,,,,,,,,,,,,,,,,,,,,,,,,,,,,,,,,,,,,,,,,,,,,,,,,,,,,,,,,,,,,,,,,,,,,,,,,,,,,,,,,,,,,,,,,,,,,,,,,,,,,,,,,,,,,,,,,,,,,,,,,,0.0,0.0,64.0,79.0,124.0,111.0,98.0,67.0,53.0,47.0,40.0,34.0,33.0,32.0,27.0,27.0,26.0,24.0,24.0,21.0,21.0,21.0,19.0,20.0,18.0,18.0,18.0,16.0,17.0,16.0,15.0,15.0,15.0,15.0,15.0,14.0,12.0,7.0,6.0,2.0,1.0,1.0,1.0,1.0,1.0,1.0,1.0,1.0,1.0,0.0,0.0,0.0,0.0,0.0,0.0,0.0,0.0,0.0,0.0,0.0,0.0,0.0,0.0,0.0,0.0,0.0,0.0,0.0,0.0,0.0,0.0,0.0,79.0
,,,,,,,,,,,,,,,,,,,,,,,,,,,,,,,,,,,,,,,,,,,,,,,,,,,,,,,,,,,,,,,,,,,,,,,,,,,,,,,,,,,,,,,,,,,,,,,,,,,,,,,,,,,,,,,,,,,,,,,,,,,,,,,,,,,,,,,0.0,64.0,79.0,124.0,111.0,98.0,67.0,53.0,47.0,40.0,34.0,33.0,32.0,27.0,27.0,26.0,24.0,24.0,21.0,21.0,21.0,19.0,20.0,18.0,18.0,18.0,16.0,17.0,16.0,15.0,15.0,15.0,15.0,15.0,14.0,12.0,7.0,6.0,2.0,1.0,1.0,1.0,1.0,1.0,1.0,1.0,1.0,1.0,0.0,0.0,0.0,0.0,0.0,0.0,0.0,0.0,0.0,0.0,0.0,0.0,0.0,0.0,0.0,0.0,0.0,0.0,0.0,0.0,0.0,0.0,0.0,79.0
,,,,,,,,,,,,,,,,,,,,,,,,,,,,,,,,,,,,,,,,,,,,,,,,,,,,,,,,,,,,,,,,,,,,,,,,,,,,,,,,,,,,,,,,,,,,,,,,,,,,,,,,,,,,,,,,,,,,,,,,,,,,,,,,,,,,,,,,0.0,25.0,8.0,20.0,25.0,28.0,28.0,33.0,35.0,42.0,46.0,50.0,50.0,50.0,50.0,52.0,52.0,54.0,55.0,55.0,55.0,55.0,57.0,57.0,58.0,56.0,58.0,57.0,58.0,58.0,58.0,58.0,58.0,58.0,59.0,61.0,61.0,64.0,63.0,63.0,63.0,63.0,63.0,63.0,63.0,63.0,63.0,64.0,64.0,64.0,64.0,64.0,64.0,64.0,64.0,64.0,64.0,64.0,64.0,64.0,64.0,64.0,64.0,64.0,64.0,64.0,64.0,64.0,64.0,64.0,25.0
,,,,,,,,,,,,,,,,,,,,,,,,,,,,,,,,,,,,,,,,,,,,,,,,,,,,,,,,,,,,,,,,,,,,,,,,,,,,,,,,,,,,,,,,,,,,,,,,,,,,,,,,,,,,,,,,,,,,,,,,,,,,,,,,,,,,,,,,,0.0,7.0,33.0,47.0,51.0,54.0,56.0,53.0,59.0,60.0,67.0,65.0,65.0,65.0,66.0,65.0,67.0,68.0,68.0,69.0,68.0,70.0,70.0,72.0,72.0,73.0,72.0,72.0,72.0,72.0,72.0,72.0,71.0,73.0,74.0,74.0,77.0,78.0,78.0,78.0,78.0,78.0,78.0,78.0,78.0,78.0,79.0,79.0,79.0,79.0,79.0,79.0,79.0,79.0,79.0,79.0,79.0,79.0,79.0,79.0,79.0,79.0,79.0,79.0,79.0,79.0,79.0,79.0,79.0,0.0
,,,,,,,,,,,,,,,,,,,,,,,,,,,,,,,,,,,,,,,,,,,,,,,,,,,,,,,,,,,,,,,,,,,,,,,,,,,,,,,,,,,,,,,,,,,,,,,,,,,,,,,,,,,,,,,,,,,,,,,,,,,,,,,,,,,,,,,,,,0.0,33.0,50.0,76.0,84.0,87.0,93.0,98.0,100.0,102.0,104.0,104.0,104.0,104.0,105.0,108.0,108.0,108.0,110.0,110.0,111.0,111.0,111.0,112.0,112.0,112.0,113.0,113.0,113.0,113.0,113.0,114.0,114.0,118.0,119.0,122.0,123.0,123.0,123.0,123.0,123.0,123.0,123.0,123.0,123.0,124.0,124.0,124.0,124.0,124.0,124.0,124.0,124.0,124.0,124.0,124.0,124.0,124.0,124.0,124.0,124.0,124.0,124.0,124.0,124.0,124.0,124.0,124.0,7.0
,,,,,,,,,,,,,,,,,,,,,,,,,,,,,,,,,,,,,,,,,,,,,,,,,,,,,,,,,,,,,,,,,,,,,,,,,,,,,,,,,,,,,,,,,,,,,,,,,,,,,,,,,,,,,,,,,,,,,,,,,,,,,,,,,,,,,,,,,,,0.0,28.0,54.0,62.0,68.0,73.0,79.0,83.0,86.0,87.0,87.0,87.0,88.0,89.0,92.0,93.0,93.0,95.0,95.0,96.0,96.0,96.0,96.0,96.0,96.0,97.0,97.0,97.0,97.0,97.0,99.0,102.0,105.0,106.0,109.0,110.0,110.0,110.0,110.0,110.0,110.0,110.0,110.0,110.0,111.0,111.0,111.0,111.0,111.0,111.0,111.0,111.0,111.0,111.0,111.0,111.0,111.0,111.0,111.0,111.0,111.0,111.0,111.0,111.0,111.0,111.0,111.0,33.0
,,,,,,,,,,,,,,,,,,,,,,,,,,,,,,,,,,,,,,,,,,,,,,,,,,,,,,,,,,,,,,,,,,,,,,,,,,,,,,,,,,,,,,,,,,,,,,,,,,,,,,,,,,,,,,,,,,,,,,,,,,,,,,,,,,,,,,,,,,,,0.0,33.0,43.0,51.0,57.0,65.0,68.0,72.0,73.0,73.0,74.0,75.0,76.0,79.0,80.0,80.0,82.0,82.0,83.0,83.0,83.0,83.0,83.0,83.0,84.0,84.0,84.0,84.0,84.0,86.0,89.0,92.0,93.0,96.0,97.0,97.0,97.0,97.0,97.0,97.0,97.0,97.0,97.0,98.0,98.0,98.0,98.0,98.0,98.0,98.0,98.0,98.0,98.0,98.0,98.0,98.0,98.0,98.0,98.0,98.0,98.0,98.0,98.0,98.0,98.0,98.0,47.0
,,,,,,,,,,,,,,,,,,,,,,,,,,,,,,,,,,,,,,,,,,,,,,,,,,,,,,,,,,,,,,,,,,,,,,,,,,,,,,,,,,,,,,,,,,,,,,,,,,,,,,,,,,,,,,,,,,,,,,,,,,,,,,,,,,,,,,,,,,,,,0.0,14.0,22.0,28.0,38.0,40.0,43.0,44.0,44.0,43.0,45.0,46.0,48.0,48.0,48.0,50.0,51.0,52.0,52.0,52.0,52.0,52.0,52.0,53.0,53.0,53.0,53.0,53.0,55.0,58.0,62.0,62.0,65.0,66.0,66.0,66.0,66.0,66.0,66.0,66.0,66.0,66.0,67.0,67.0,67.0,67.0,67.0,67.0,67.0,67.0,67.0,67.0,67.0,67.0,67.0,67.0,67.0,67.0,67.0,67.0,67.0,67.0,67.0,67.0,67.0,51.0
,,,,,,,,,,,,,,,,,,,,,,,,,,,,,,,,,,,,,,,,,,,,,,,,,,,,,,,,,,,,,,,,,,,,,,,,,,,,,,,,,,,,,,,,,,,,,,,,,,,,,,,,,,,,,,,,,,,,,,,,,,,,,,,,,,,,,,,,,,,,,,0.0,8.0,12.0,21.0,26.0,27.0,28.0,28.0,28.0,30.0,31.0,33.0,32.0,32.0,34.0,35.0,36.0,36.0,37.0,38.0,38.0,38.0,39.0,39.0,39.0,39.0,39.0,40.0,43.0,47.0,47.0,51.0,52.0,52.0,52.0,52.0,52.0,52.0,52.0,52.0,52.0,53.0,53.0,53.0,53.0,53.0,53.0,53.0,53.0,53.0,53.0,53.0,53.0,53.0,53.0,53.0,53.0,53.0,53.0,53.0,53.0,53.0,53.0,53.0,54.0
,,,,,,,,,,,,,,,,,,,,,,,,,,,,,,,,,,,,,,,,,,,,,,,,,,,,,,,,,,,,,,,,,,,,,,,,,,,,,,,,,,,,,,,,,,,,,,,,,,,,,,,,,,,,,,,,,,,,,,,,,,,,,,,,,,,,,,,,,,,,,,,0.0,6.0,15.0,20.0,21.0,22.0,22.0,22.0,24.0,24.0,26.0,25.0,25.0,27.0,28.0,29.0,29.0,30.0,32.0,32.0,32.0,33.0,33.0,33.0,33.0,33.0,34.0,37.0,41.0,41.0,45.0,46.0,46.0,46.0,46.0,46.0,46.0,46.0,46.0,46.0,47.0,47.0,47.0,47.0,47.0,47.0,47.0,47.0,47.0,47.0,47.0,47.0,47.0,47.0,47.0,47.0,47.0,47.0,47.0,47.0,47.0,47.0,47.0,56.0
,,,,,,,,,,,,,,,,,,,,,,,,,,,,,,,,,,,,,,,,,,,,,,,,,,,,,,,,,,,,,,,,,,,,,,,,,,,,,,,,,,,,,,,,,,,,,,,,,,,,,,,,,,,,,,,,,,,,,,,,,,,,,,,,,,,,,,,,,,,,,,,,0.0,7.0,10.0,13.0,16.0,16.0,16.0,17.0,18.0,20.0,20.0,20.0,22.0,23.0,24.0,24.0,24.0,26.0,25.0,25.0,26.0,26.0,26.0,26.0,26.0,27.0,30.0,34.0,34.0,38.0,39.0,39.0,39.0,39.0,39.0,39.0,39.0,39.0,39.0,40.0,40.0,40.0,40.0,40.0,40.0,40.0,40.0,40.0,40.0,40.0,40.0,40.0,40.0,40.0,40.0,40.0,40.0,40.0,40.0,40.0,40.0,40.0,53.0
,,,,,,,,,,,,,,,,,,,,,,,,,,,,,,,,,,,,,,,,,,,,,,,,,,,,,,,,,,,,,,,,,,,,,,,,,,,,,,,,,,,,,,,,,,,,,,,,,,,,,,,,,,,,,,,,,,,,,,,,,,,,,,,,,,,,,,,,,,,,,,,,,0.0,3.0,5.0,8.0,8.0,9.0,10.0,13.0,15.0,15.0,15.0,18.0,19.0,20.0,20.0,20.0,20.0,21.0,21.0,22.0,22.0,22.0,22.0,22.0,22.0,25.0,29.0,29.0,32.0,33.0,33.0,33.0,33.0,33.0,33.0,33.0,33.0,33.0,34.0,34.0,34.0,34.0,34.0,34.0,34.0,34.0,34.0,34.0,34.0,34.0,34.0,34.0,34.0,34.0,34.0,34.0,34.0,34.0,34.0,34.0,34.0,59.0
,,,,,,,,,,,,,,,,,,,,,,,,,,,,,,,,,,,,,,,,,,,,,,,,,,,,,,,,,,,,,,,,,,,,,,,,,,,,,,,,,,,,,,,,,,,,,,,,,,,,,,,,,,,,,,,,,,,,,,,,,,,,,,,,,,,,,,,,,,,,,,,,,,0.0,4.0,7.0,7.0,7.0,8.0,11.0,13.0,12.0,12.0,15.0,16.0,17.0,17.0,18.0,18.0,20.0,20.0,21.0,21.0,21.0,21.0,21.0,21.0,24.0,28.0,28.0,32.0,33.0,33.0,33.0,33.0,33.0,33.0,33.0,33.0,33.0,33.0,33.0,33.0,33.0,33.0,33.0,33.0,33.0,33.0,33.0,33.0,33.0,33.0,33.0,33.0,33.0,33.0,33.0,33.0,33.0,33.0,33.0,33.0,60.0
,,,,,,,,,,,,,,,,,,,,,,,,,,,,,,,,,,,,,,,,,,,,,,,,,,,,,,,,,,,,,,,,,,,,,,,,,,,,,,,,,,,,,,,,,,,,,,,,,,,,,,,,,,,,,,,,,,,,,,,,,,,,,,,,,,,,,,,,,,,,,,,,,,,0.0,4.0,4.0,4.0,6.0,10.0,11.0,11.0,11.0,14.0,15.0,16.0,16.0,17.0,18.0,18.0,18.0,19.0,19.0,19.0,19.0,19.0,19.0,22.0,26.0,26.0,30.0,31.0,31.0,31.0,31.0,31.0,31.0,31.0,31.0,31.0,32.0,32.0,32.0,32.0,32.0,32.0,32.0,32.0,32.0,32.0,32.0,32.0,32.0,32.0,32.0,32.0,32.0,32.0,32.0,32.0,32.0,32.0,32.0,67.0
,,,,,,,,,,,,,,,,,,,,,,,,,,,,,,,,,,,,,,,,,,,,,,,,,,,,,,,,,,,,,,,,,,,,,,,,,,,,,,,,,,,,,,,,,,,,,,,,,,,,,,,,,,,,,,,,,,,,,,,,,,,,,,,,,,,,,,,,,,,,,,,,,,,,0.0,0.0,0.0,2.0,5.0,7.0,7.0,7.0,10.0,11.0,12.0,12.0,13.0,13.0,14.0,14.0,15.0,15.0,15.0,15.0,15.0,15.0,18.0,22.0,22.0,25.0,26.0,26.0,26.0,26.0,26.0,26.0,26.0,26.0,26.0,27.0,27.0,27.0,27.0,27.0,27.0,27.0,27.0,27.0,27.0,27.0,27.0,27.0,27.0,27.0,27.0,27.0,27.0,27.0,27.0,27.0,27.0,27.0,65.0
,,,,,,,,,,,,,,,,,,,,,,,,,,,,,,,,,,,,,,,,,,,,,,,,,,,,,,,,,,,,,,,,,,,,,,,,,,,,,,,,,,,,,,,,,,,,,,,,,,,,,,,,,,,,,,,,,,,,,,,,,,,,,,,,,,,,,,,,,,,,,,,,,,,,,0.0,0.0,2.0,5.0,7.0,7.0,7.0,10.0,11.0,12.0,12.0,13.0,13.0,14.0,14.0,15.0,15.0,15.0,15.0,15.0,15.0,18.0,22.0,22.0,25.0,26.0,26.0,26.0,26.0,26.0,26.0,26.0,26.0,26.0,27.0,27.0,27.0,27.0,27.0,27.0,27.0,27.0,27.0,27.0,27.0,27.0,27.0,27.0,27.0,27.0,27.0,27.0,27.0,27.0,27.0,27.0,27.0,65.0
,,,,,,,,,,,,,,,,,,,,,,,,,,,,,,,,,,,,,,,,,,,,,,,,,,,,,,,,,,,,,,,,,,,,,,,,,,,,,,,,,,,,,,,,,,,,,,,,,,,,,,,,,,,,,,,,,,,,,,,,,,,,,,,,,,,,,,,,,,,,,,,,,,,,,,0.0,2.0,5.0,7.0,7.0,7.0,10.0,9.0,11.0,11.0,12.0,12.0,13.0,13.0,14.0,14.0,14.0,14.0,14.0,14.0,17.0,20.0,21.0,24.0,25.0,25.0,25.0,25.0,25.0,25.0,25.0,25.0,25.0,26.0,26.0,26.0,26.0,26.0,26.0,26.0,26.0,26.0,26.0,26.0,26.0,26.0,26.0,26.0,26.0,26.0,26.0,26.0,26.0,26.0,26.0,26.0,65.0
,,,,,,,,,,,,,,,,,,,,,,,,,,,,,,,,,,,,,,,,,,,,,,,,,,,,,,,,,,,,,,,,,,,,,,,,,,,,,,,,,,,,,,,,,,,,,,,,,,,,,,,,,,,,,,,,,,,,,,,,,,,,,,,,,,,,,,,,,,,,,,,,,,,,,,,0.0,3.0,5.0,5.0,5.0,8.0,7.0,9.0,9.0,10.0,10.0,11.0,11.0,12.0,12.0,12.0,12.0,12.0,12.0,15.0,18.0,19.0,22.0,23.0,23.0,23.0,23.0,23.0,23.0,23.0,23.0,23.0,24.0,24.0,24.0,24.0,24.0,24.0,24.0,24.0,24.0,24.0,24.0,24.0,24.0,24.0,24.0,24.0,24.0,24.0,24.0,24.0,24.0,24.0,24.0,66.0
,,,,,,,,,,,,,,,,,,,,,,,,,,,,,,,,,,,,,,,,,,,,,,,,,,,,,,,,,,,,,,,,,,,,,,,,,,,,,,,,,,,,,,,,,,,,,,,,,,,,,,,,,,,,,,,,,,,,,,,,,,,,,,,,,,,,,,,,,,,,,,,,,,,,,,,,0.0,2.0,2.0,2.0,5.0,4.0,6.0,6.0,7.0,9.0,9.0,9.0,10.0,10.0,10.0,10.0,10.0,11.0,14.0,17.0,18.0,22.0,23.0,23.0,23.0,23.0,23.0,23.0,23.0,23.0,23.0,24.0,24.0,24.0,24.0,24.0,24.0,24.0,24.0,24.0,24.0,24.0,24.0,24.0,24.0,24.0,24.0,24.0,24.0,24.0,24.0,24.0,24.0,24.0,65.0
,,,,,,,,,,,,,,,,,,,,,,,,,,,,,,,,,,,,,,,,,,,,,,,,,,,,,,,,,,,,,,,,,,,,,,,,,,,,,,,,,,,,,,,,,,,,,,,,,,,,,,,,,,,,,,,,,,,,,,,,,,,,,,,,,,,,,,,,,,,,,,,,,,,,,,,,,0.0,0.0,0.0,3.0,2.0,4.0,4.0,5.0,6.0,7.0,7.0,8.0,8.0,8.0,8.0,8.0,9.0,12.0,15.0,16.0,19.0,20.0,20.0,20.0,20.0,20.0,20.0,20.0,20.0,20.0,21.0,21.0,21.0,21.0,21.0,21.0,21.0,21.0,21.0,21.0,21.0,21.0,21.0,21.0,21.0,21.0,21.0,21.0,21.0,21.0,21.0,21.0,21.0,67.0
,,,,,,,,,,,,,,,,,,,,,,,,,,,,,,,,,,,,,,,,,,,,,,,,,,,,,,,,,,,,,,,,,,,,,,,,,,,,,,,,,,,,,,,,,,,,,,,,,,,,,,,,,,,,,,,,,,,,,,,,,,,,,,,,,,,,,,,,,,,,,,,,,,,,,,,,,,0.0,0.0,3.0,2.0,4.0,4.0,4.0,6.0,6.0,6.0,7.0,7.0,7.0,7.0,7.0,8.0,11.0,14.0,15.0,19.0,20.0,20.0,20.0,20.0,20.0,20.0,20.0,20.0,20.0,21.0,21.0,21.0,21.0,21.0,21.0,21.0,21.0,21.0,21.0,21.0,21.0,21.0,21.0,21.0,21.0,21.0,21.0,21.0,21.0,21.0,21.0,21.0,68.0
,,,,,,,,,,,,,,,,,,,,,,,,,,,,,,,,,,,,,,,,,,,,,,,,,,,,,,,,,,,,,,,,,,,,,,,,,,,,,,,,,,,,,,,,,,,,,,,,,,,,,,,,,,,,,,,,,,,,,,,,,,,,,,,,,,,,,,,,,,,,,,,,,,,,,,,,,,,0.0,3.0,2.0,4.0,4.0,4.0,6.0,6.0,6.0,7.0,7.0,7.0,7.0,7.0,8.0,11.0,14.0,15.0,19.0,20.0,20.0,20.0,20.0,20.0,20.0,20.0,20.0,20.0,21.0,21.0,21.0,21.0,21.0,21.0,21.0,21.0,21.0,21.0,21.0,21.0,21.0,21.0,21.0,21.0,21.0,21.0,21.0,21.0,21.0,21.0,21.0,68.0
,,,,,,,,,,,,,,,,,,,,,,,,,,,,,,,,,,,,,,,,,,,,,,,,,,,,,,,,,,,,,,,,,,,,,,,,,,,,,,,,,,,,,,,,,,,,,,,,,,,,,,,,,,,,,,,,,,,,,,,,,,,,,,,,,,,,,,,,,,,,,,,,,,,,,,,,,,,,0.0,1.0,2.0,2.0,2.0,4.0,4.0,4.0,5.0,5.0,5.0,5.0,5.0,6.0,9.0,12.0,13.0,17.0,18.0,18.0,18.0,18.0,18.0,18.0,18.0,18.0,18.0,19.0,19.0,19.0,19.0,19.0,19.0,19.0,19.0,19.0,19.0,19.0,19.0,19.0,19.0,19.0,19.0,19.0,19.0,19.0,19.0,19.0,19.0,19.0,69.0
,,,,,,,,,,,,,,,,,,,,,,,,,,,,,,,,,,,,,,,,,,,,,,,,,,,,,,,,,,,,,,,,,,,,,,,,,,,,,,,,,,,,,,,,,,,,,,,,,,,,,,,,,,,,,,,,,,,,,,,,,,,,,,,,,,,,,,,,,,,,,,,,,,,,,,,,,,,,,0.0,2.0,2.0,2.0,4.0,4.0,5.0,6.0,6.0,6.0,6.0,6.0,7.0,10.0,13.0,14.0,18.0,19.0,19.0,19.0,19.0,19.0,19.0,19.0,19.0,19.0,20.0,20.0,20.0,20.0,20.0,20.0,20.0,20.0,20.0,20.0,20.0,20.0,20.0,20.0,20.0,20.0,20.0,20.0,20.0,20.0,20.0,20.0,20.0,68.0
,,,,,,,,,,,,,,,,,,,,,,,,,,,,,,,,,,,,,,,,,,,,,,,,,,,,,,,,,,,,,,,,,,,,,,,,,,,,,,,,,,,,,,,,,,,,,,,,,,,,,,,,,,,,,,,,,,,,,,,,,,,,,,,,,,,,,,,,,,,,,,,,,,,,,,,,,,,,,,0.0,0.0,0.0,2.0,2.0,3.0,4.0,4.0,4.0,4.0,4.0,5.0,8.0,13.0,12.0,16.0,17.0,17.0,17.0,17.0,17.0,17.0,17.0,17.0,17.0,18.0,18.0,18.0,18.0,18.0,18.0,18.0,18.0,18.0,18.0,18.0,18.0,18.0,18.0,18.0,18.0,18.0,18.0,18.0,18.0,18.0,18.0,18.0,70.0
,,,,,,,,,,,,,,,,,,,,,,,,,,,,,,,,,,,,,,,,,,,,,,,,,,,,,,,,,,,,,,,,,,,,,,,,,,,,,,,,,,,,,,,,,,,,,,,,,,,,,,,,,,,,,,,,,,,,,,,,,,,,,,,,,,,,,,,,,,,,,,,,,,,,,,,,,,,,,,,0.0,0.0,2.0,2.0,3.0,4.0,4.0,4.0,4.0,4.0,5.0,8.0,13.0,12.0,16.0,17.0,17.0,17.0,17.0,17.0,17.0,17.0,17.0,17.0,18.0,18.0,18.0,18.0,18.0,18.0,18.0,18.0,18.0,18.0,18.0,18.0,18.0,18.0,18.0,18.0,18.0,18.0,18.0,18.0,18.0,18.0,18.0,70.0
,,,,,,,,,,,,,,,,,,,,,,,,,,,,,,,,,,,,,,,,,,,,,,,,,,,,,,,,,,,,,,,,,,,,,,,,,,,,,,,,,,,,,,,,,,,,,,,,,,,,,,,,,,,,,,,,,,,,,,,,,,,,,,,,,,,,,,,,,,,,,,,,,,,,,,,,,,,,,,,,0.0,3.0,3.0,4.0,5.0,5.0,5.0,5.0,5.0,5.0,8.0,13.0,12.0,16.0,17.0,17.0,17.0,17.0,17.0,17.0,17.0,17.0,17.0,18.0,18.0,18.0,18.0,18.0,18.0,18.0,18.0,18.0,18.0,18.0,18.0,18.0,18.0,18.0,18.0,18.0,18.0,18.0,18.0,18.0,18.0,18.0,72.0
,,,,,,,,,,,,,,,,,,,,,,,,,,,,,,,,,,,,,,,,,,,,,,,,,,,,,,,,,,,,,,,,,,,,,,,,,,,,,,,,,,,,,,,,,,,,,,,,,,,,,,,,,,,,,,,,,,,,,,,,,,,,,,,,,,,,,,,,,,,,,,,,,,,,,,,,,,,,,,,,,0.0,1.0,2.0,3.0,3.0,3.0,3.0,3.0,4.0,7.0,12.0,11.0,14.0,15.0,15.0,15.0,15.0,15.0,15.0,15.0,15.0,15.0,16.0,16.0,16.0,16.0,16.0,16.0,16.0,16.0,16.0,16.0,16.0,16.0,16.0,16.0,16.0,16.0,16.0,16.0,16.0,16.0,16.0,16.0,16.0,72.0
,,,,,,,,,,,,,,,,,,,,,,,,,,,,,,,,,,,,,,,,,,,,,,,,,,,,,,,,,,,,,,,,,,,,,,,,,,,,,,,,,,,,,,,,,,,,,,,,,,,,,,,,,,,,,,,,,,,,,,,,,,,,,,,,,,,,,,,,,,,,,,,,,,,,,,,,,,,,,,,,,,0.0,1.0,2.0,2.0,2.0,2.0,2.0,4.0,7.0,12.0,11.0,15.0,16.0,16.0,16.0,16.0,16.0,16.0,16.0,16.0,16.0,17.0,17.0,17.0,17.0,17.0,17.0,17.0,17.0,17.0,17.0,17.0,17.0,17.0,17.0,17.0,17.0,17.0,17.0,17.0,17.0,17.0,17.0,17.0,73.0
,,,,,,,,,,,,,,,,,,,,,,,,,,,,,,,,,,,,,,,,,,,,,,,,,,,,,,,,,,,,,,,,,,,,,,,,,,,,,,,,,,,,,,,,,,,,,,,,,,,,,,,,,,,,,,,,,,,,,,,,,,,,,,,,,,,,,,,,,,,,,,,,,,,,,,,,,,,,,,,,,,,0.0,1.0,1.0,1.0,1.0,1.0,3.0,6.0,11.0,10.0,14.0,15.0,15.0,15.0,15.0,15.0,15.0,15.0,15.0,15.0,16.0,16.0,16.0,16.0,16.0,16.0,16.0,16.0,16.0,16.0,16.0,16.0,16.0,16.0,16.0,16.0,16.0,16.0,16.0,16.0,16.0,16.0,16.0,72.0
,,,,,,,,,,,,,,,,,,,,,,,,,,,,,,,,,,,,,,,,,,,,,,,,,,,,,,,,,,,,,,,,,,,,,,,,,,,,,,,,,,,,,,,,,,,,,,,,,,,,,,,,,,,,,,,,,,,,,,,,,,,,,,,,,,,,,,,,,,,,,,,,,,,,,,,,,,,,,,,,,,,,0.0,0.0,0.0,0.0,0.0,2.0,5.0,10.0,9.0,13.0,14.0,14.0,14.0,14.0,14.0,14.0,14.0,14.0,14.0,15.0,15.0,15.0,15.0,15.0,15.0,15.0,15.0,15.0,15.0,15.0,15.0,15.0,15.0,15.0,15.0,15.0,15.0,15.0,15.0,15.0,15.0,15.0,72.0
,,,,,,,,,,,,,,,,,,,,,,,,,,,,,,,,,,,,,,,,,,,,,,,,,,,,,,,,,,,,,,,,,,,,,,,,,,,,,,,,,,,,,,,,,,,,,,,,,,,,,,,,,,,,,,,,,,,,,,,,,,,,,,,,,,,,,,,,,,,,,,,,,,,,,,,,,,,,,,,,,,,,,0.0,0.0,0.0,0.0,2.0,5.0,10.0,9.0,13.0,14.0,14.0,14.0,14.0,14.0,14.0,14.0,14.0,14.0,15.0,15.0,15.0,15.0,15.0,15.0,15.0,15.0,15.0,15.0,15.0,15.0,15.0,15.0,15.0,15.0,15.0,15.0,15.0,15.0,15.0,15.0,15.0,72.0
,,,,,,,,,,,,,,,,,,,,,,,,,,,,,,,,,,,,,,,,,,,,,,,,,,,,,,,,,,,,,,,,,,,,,,,,,,,,,,,,,,,,,,,,,,,,,,,,,,,,,,,,,,,,,,,,,,,,,,,,,,,,,,,,,,,,,,,,,,,,,,,,,,,,,,,,,,,,,,,,,,,,,,0.0,0.0,0.0,2.0,5.0,10.0,9.0,13.0,14.0,14.0,14.0,14.0,14.0,14.0,14.0,14.0,14.0,15.0,15.0,15.0,15.0,15.0,15.0,15.0,15.0,15.0,15.0,15.0,15.0,15.0,15.0,15.0,15.0,15.0,15.0,15.0,15.0,15.0,15.0,15.0,72.0
,,,,,,,,,,,,,,,,,,,,,,,,,,,,,,,,,,,,,,,,,,,,,,,,,,,,,,,,,,,,,,,,,,,,,,,,,,,,,,,,,,,,,,,,,,,,,,,,,,,,,,,,,,,,,,,,,,,,,,,,,,,,,,,,,,,,,,,,,,,,,,,,,,,,,,,,,,,,,,,,,,,,,,,0.0,0.0,2.0,5.0,10.0,9.0,13.0,14.0,14.0,14.0,14.0,14.0,14.0,14.0,14.0,14.0,15.0,15.0,15.0,15.0,15.0,15.0,15.0,15.0,15.0,15.0,15.0,15.0,15.0,15.0,15.0,15.0,15.0,15.0,15.0,15.0,15.0,15.0,15.0,72.0
,,,,,,,,,,,,,,,,,,,,,,,,,,,,,,,,,,,,,,,,,,,,,,,,,,,,,,,,,,,,,,,,,,,,,,,,,,,,,,,,,,,,,,,,,,,,,,,,,,,,,,,,,,,,,,,,,,,,,,,,,,,,,,,,,,,,,,,,,,,,,,,,,,,,,,,,,,,,,,,,,,,,,,,,0.0,2.0,5.0,10.0,9.0,13.0,14.0,14.0,14.0,14.0,14.0,14.0,14.0,14.0,14.0,15.0,15.0,15.0,15.0,15.0,15.0,15.0,15.0,15.0,15.0,15.0,15.0,15.0,15.0,15.0,15.0,15.0,15.0,15.0,15.0,15.0,15.0,15.0,72.0
,,,,,,,,,,,,,,,,,,,,,,,,,,,,,,,,,,,,,,,,,,,,,,,,,,,,,,,,,,,,,,,,,,,,,,,,,,,,,,,,,,,,,,,,,,,,,,,,,,,,,,,,,,,,,,,,,,,,,,,,,,,,,,,,,,,,,,,,,,,,,,,,,,,,,,,,,,,,,,,,,,,,,,,,,0.0,4.0,9.0,8.0,12.0,13.0,13.0,13.0,13.0,13.0,13.0,13.0,13.0,13.0,14.0,14.0,14.0,14.0,14.0,14.0,14.0,14.0,14.0,14.0,14.0,14.0,14.0,14.0,14.0,14.0,14.0,14.0,14.0,14.0,14.0,14.0,14.0,71.0
,,,,,,,,,,,,,,,,,,,,,,,,,,,,,,,,,,,,,,,,,,,,,,,,,,,,,,,,,,,,,,,,,,,,,,,,,,,,,,,,,,,,,,,,,,,,,,,,,,,,,,,,,,,,,,,,,,,,,,,,,,,,,,,,,,,,,,,,,,,,,,,,,,,,,,,,,,,,,,,,,,,,,,,,,,0.0,5.0,6.0,10.0,11.0,11.0,11.0,11.0,11.0,11.0,11.0,11.0,11.0,12.0,12.0,12.0,12.0,12.0,12.0,12.0,12.0,12.0,12.0,12.0,12.0,12.0,12.0,12.0,12.0,12.0,12.0,12.0,12.0,12.0,12.0,12.0,73.0
,,,,,,,,,,,,,,,,,,,,,,,,,,,,,,,,,,,,,,,,,,,,,,,,,,,,,,,,,,,,,,,,,,,,,,,,,,,,,,,,,,,,,,,,,,,,,,,,,,,,,,,,,,,,,,,,,,,,,,,,,,,,,,,,,,,,,,,,,,,,,,,,,,,,,,,,,,,,,,,,,,,,,,,,,,,0.0,1.0,5.0,6.0,6.0,6.0,6.0,6.0,6.0,6.0,6.0,6.0,7.0,7.0,7.0,7.0,7.0,7.0,7.0,7.0,7.0,7.0,7.0,7.0,7.0,7.0,7.0,7.0,7.0,7.0,7.0,7.0,7.0,7.0,7.0,74.0
,,,,,,,,,,,,,,,,,,,,,,,,,,,,,,,,,,,,,,,,,,,,,,,,,,,,,,,,,,,,,,,,,,,,,,,,,,,,,,,,,,,,,,,,,,,,,,,,,,,,,,,,,,,,,,,,,,,,,,,,,,,,,,,,,,,,,,,,,,,,,,,,,,,,,,,,,,,,,,,,,,,,,,,,,,,,0.0,4.0,5.0,5.0,5.0,5.0,5.0,5.0,5.0,5.0,5.0,6.0,6.0,6.0,6.0,6.0,6.0,6.0,6.0,6.0,6.0,6.0,6.0,6.0,6.0,6.0,6.0,6.0,6.0,6.0,6.0,6.0,6.0,6.0,74.0
,,,,,,,,,,,,,,,,,,,,,,,,,,,,,,,,,,,,,,,,,,,,,,,,,,,,,,,,,,,,,,,,,,,,,,,,,,,,,,,,,,,,,,,,,,,,,,,,,,,,,,,,,,,,,,,,,,,,,,,,,,,,,,,,,,,,,,,,,,,,,,,,,,,,,,,,,,,,,,,,,,,,,,,,,,,,,0.0,1.0,1.0,1.0,1.0,1.0,1.0,1.0,1.0,1.0,2.0,2.0,2.0,2.0,2.0,2.0,2.0,2.0,2.0,2.0,2.0,2.0,2.0,2.0,2.0,2.0,2.0,2.0,2.0,2.0,2.0,2.0,2.0,77.0
,,,,,,,,,,,,,,,,,,,,,,,,,,,,,,,,,,,,,,,,,,,,,,,,,,,,,,,,,,,,,,,,,,,,,,,,,,,,,,,,,,,,,,,,,,,,,,,,,,,,,,,,,,,,,,,,,,,,,,,,,,,,,,,,,,,,,,,,,,,,,,,,,,,,,,,,,,,,,,,,,,,,,,,,,,,,,,0.0,0.0,0.0,0.0,0.0,0.0,0.0,0.0,0.0,1.0,1.0,1.0,1.0,1.0,1.0,1.0,1.0,1.0,1.0,1.0,1.0,1.0,1.0,1.0,1.0,1.0,1.0,1.0,1.0,1.0,1.0,1.0,78.0
,,,,,,,,,,,,,,,,,,,,,,,,,,,,,,,,,,,,,,,,,,,,,,,,,,,,,,,,,,,,,,,,,,,,,,,,,,,,,,,,,,,,,,,,,,,,,,,,,,,,,,,,,,,,,,,,,,,,,,,,,,,,,,,,,,,,,,,,,,,,,,,,,,,,,,,,,,,,,,,,,,,,,,,,,,,,,,,0.0,0.0,0.0,0.0,0.0,0.0,0.0,0.0,1.0,1.0,1.0,1.0,1.0,1.0,1.0,1.0,1.0,1.0,1.0,1.0,1.0,1.0,1.0,1.0,1.0,1.0,1.0,1.0,1.0,1.0,1.0,78.0
,,,,,,,,,,,,,,,,,,,,,,,,,,,,,,,,,,,,,,,,,,,,,,,,,,,,,,,,,,,,,,,,,,,,,,,,,,,,,,,,,,,,,,,,,,,,,,,,,,,,,,,,,,,,,,,,,,,,,,,,,,,,,,,,,,,,,,,,,,,,,,,,,,,,,,,,,,,,,,,,,,,,,,,,,,,,,,,,0.0,0.0,0.0,0.0,0.0,0.0,0.0,1.0,1.0,1.0,1.0,1.0,1.0,1.0,1.0,1.0,1.0,1.0,1.0,1.0,1.0,1.0,1.0,1.0,1.0,1.0,1.0,1.0,1.0,1.0,78.0
,,,,,,,,,,,,,,,,,,,,,,,,,,,,,,,,,,,,,,,,,,,,,,,,,,,,,,,,,,,,,,,,,,,,,,,,,,,,,,,,,,,,,,,,,,,,,,,,,,,,,,,,,,,,,,,,,,,,,,,,,,,,,,,,,,,,,,,,,,,,,,,,,,,,,,,,,,,,,,,,,,,,,,,,,,,,,,,,,0.0,0.0,0.0,0.0,0.0,0.0,1.0,1.0,1.0,1.0,1.0,1.0,1.0,1.0,1.0,1.0,1.0,1.0,1.0,1.0,1.0,1.0,1.0,1.0,1.0,1.0,1.0,1.0,1.0,78.0
,,,,,,,,,,,,,,,,,,,,,,,,,,,,,,,,,,,,,,,,,,,,,,,,,,,,,,,,,,,,,,,,,,,,,,,,,,,,,,,,,,,,,,,,,,,,,,,,,,,,,,,,,,,,,,,,,,,,,,,,,,,,,,,,,,,,,,,,,,,,,,,,,,,,,,,,,,,,,,,,,,,,,,,,,,,,,,,,,,0.0,0.0,0.0,0.0,0.0,1.0,1.0,1.0,1.0,1.0,1.0,1.0,1.0,1.0,1.0,1.0,1.0,1.0,1.0,1.0,1.0,1.0,1.0,1.0,1.0,1.0,1.0,1.0,78.0
,,,,,,,,,,,,,,,,,,,,,,,,,,,,,,,,,,,,,,,,,,,,,,,,,,,,,,,,,,,,,,,,,,,,,,,,,,,,,,,,,,,,,,,,,,,,,,,,,,,,,,,,,,,,,,,,,,,,,,,,,,,,,,,,,,,,,,,,,,,,,,,,,,,,,,,,,,,,,,,,,,,,,,,,,,,,,,,,,,,0.0,0.0,0.0,0.0,1.0,1.0,1.0,1.0,1.0,1.0,1.0,1.0,1.0,1.0,1.0,1.0,1.0,1.0,1.0,1.0,1.0,1.0,1.0,1.0,1.0,1.0,1.0,78.0
,,,,,,,,,,,,,,,,,,,,,,,,,,,,,,,,,,,,,,,,,,,,,,,,,,,,,,,,,,,,,,,,,,,,,,,,,,,,,,,,,,,,,,,,,,,,,,,,,,,,,,,,,,,,,,,,,,,,,,,,,,,,,,,,,,,,,,,,,,,,,,,,,,,,,,,,,,,,,,,,,,,,,,,,,,,,,,,,,,,,0.0,0.0,0.0,1.0,1.0,1.0,1.0,1.0,1.0,1.0,1.0,1.0,1.0,1.0,1.0,1.0,1.0,1.0,1.0,1.0,1.0,1.0,1.0,1.0,1.0,1.0,78.0
,,,,,,,,,,,,,,,,,,,,,,,,,,,,,,,,,,,,,,,,,,,,,,,,,,,,,,,,,,,,,,,,,,,,,,,,,,,,,,,,,,,,,,,,,,,,,,,,,,,,,,,,,,,,,,,,,,,,,,,,,,,,,,,,,,,,,,,,,,,,,,,,,,,,,,,,,,,,,,,,,,,,,,,,,,,,,,,,,,,,,0.0,0.0,1.0,1.0,1.0,1.0,1.0,1.0,1.0,1.0,1.0,1.0,1.0,1.0,1.0,1.0,1.0,1.0,1.0,1.0,1.0,1.0,1.0,1.0,1.0,78.0
,,,,,,,,,,,,,,,,,,,,,,,,,,,,,,,,,,,,,,,,,,,,,,,,,,,,,,,,,,,,,,,,,,,,,,,,,,,,,,,,,,,,,,,,,,,,,,,,,,,,,,,,,,,,,,,,,,,,,,,,,,,,,,,,,,,,,,,,,,,,,,,,,,,,,,,,,,,,,,,,,,,,,,,,,,,,,,,,,,,,,,0.0,1.0,1.0,1.0,1.0,1.0,1.0,1.0,1.0,1.0,1.0,1.0,1.0,1.0,1.0,1.0,1.0,1.0,1.0,1.0,1.0,1.0,1.0,1.0,78.0
,,,,,,,,,,,,,,,,,,,,,,,,,,,,,,,,,,,,,,,,,,,,,,,,,,,,,,,,,,,,,,,,,,,,,,,,,,,,,,,,,,,,,,,,,,,,,,,,,,,,,,,,,,,,,,,,,,,,,,,,,,,,,,,,,,,,,,,,,,,,,,,,,,,,,,,,,,,,,,,,,,,,,,,,,,,,,,,,,,,,,,,0.0,0.0,0.0,0.0,0.0,0.0,0.0,0.0,0.0,0.0,0.0,0.0,0.0,0.0,0.0,0.0,0.0,0.0,0.0,0.0,0.0,0.0,0.0,79.0
,,,,,,,,,,,,,,,,,,,,,,,,,,,,,,,,,,,,,,,,,,,,,,,,,,,,,,,,,,,,,,,,,,,,,,,,,,,,,,,,,,,,,,,,,,,,,,,,,,,,,,,,,,,,,,,,,,,,,,,,,,,,,,,,,,,,,,,,,,,,,,,,,,,,,,,,,,,,,,,,,,,,,,,,,,,,,,,,,,,,,,,,0.0,0.0,0.0,0.0,0.0,0.0,0.0,0.0,0.0,0.0,0.0,0.0,0.0,0.0,0.0,0.0,0.0,0.0,0.0,0.0,0.0,0.0,79.0
,,,,,,,,,,,,,,,,,,,,,,,,,,,,,,,,,,,,,,,,,,,,,,,,,,,,,,,,,,,,,,,,,,,,,,,,,,,,,,,,,,,,,,,,,,,,,,,,,,,,,,,,,,,,,,,,,,,,,,,,,,,,,,,,,,,,,,,,,,,,,,,,,,,,,,,,,,,,,,,,,,,,,,,,,,,,,,,,,,,,,,,,,0.0,0.0,0.0,0.0,0.0,0.0,0.0,0.0,0.0,0.0,0.0,0.0,0.0,0.0,0.0,0.0,0.0,0.0,0.0,0.0,0.0,79.0
,,,,,,,,,,,,,,,,,,,,,,,,,,,,,,,,,,,,,,,,,,,,,,,,,,,,,,,,,,,,,,,,,,,,,,,,,,,,,,,,,,,,,,,,,,,,,,,,,,,,,,,,,,,,,,,,,,,,,,,,,,,,,,,,,,,,,,,,,,,,,,,,,,,,,,,,,,,,,,,,,,,,,,,,,,,,,,,,,,,,,,,,,,0.0,0.0,0.0,0.0,0.0,0.0,0.0,0.0,0.0,0.0,0.0,0.0,0.0,0.0,0.0,0.0,0.0,0.0,0.0,0.0,79.0
,,,,,,,,,,,,,,,,,,,,,,,,,,,,,,,,,,,,,,,,,,,,,,,,,,,,,,,,,,,,,,,,,,,,,,,,,,,,,,,,,,,,,,,,,,,,,,,,,,,,,,,,,,,,,,,,,,,,,,,,,,,,,,,,,,,,,,,,,,,,,,,,,,,,,,,,,,,,,,,,,,,,,,,,,,,,,,,,,,,,,,,,,,,0.0,0.0,0.0,0.0,0.0,0.0,0.0,0.0,0.0,0.0,0.0,0.0,0.0,0.0,0.0,0.0,0.0,0.0,0.0,79.0
,,,,,,,,,,,,,,,,,,,,,,,,,,,,,,,,,,,,,,,,,,,,,,,,,,,,,,,,,,,,,,,,,,,,,,,,,,,,,,,,,,,,,,,,,,,,,,,,,,,,,,,,,,,,,,,,,,,,,,,,,,,,,,,,,,,,,,,,,,,,,,,,,,,,,,,,,,,,,,,,,,,,,,,,,,,,,,,,,,,,,,,,,,,,0.0,0.0,0.0,0.0,0.0,0.0,0.0,0.0,0.0,0.0,0.0,0.0,0.0,0.0,0.0,0.0,0.0,0.0,79.0
,,,,,,,,,,,,,,,,,,,,,,,,,,,,,,,,,,,,,,,,,,,,,,,,,,,,,,,,,,,,,,,,,,,,,,,,,,,,,,,,,,,,,,,,,,,,,,,,,,,,,,,,,,,,,,,,,,,,,,,,,,,,,,,,,,,,,,,,,,,,,,,,,,,,,,,,,,,,,,,,,,,,,,,,,,,,,,,,,,,,,,,,,,,,,0.0,0.0,0.0,0.0,0.0,0.0,0.0,0.0,0.0,0.0,0.0,0.0,0.0,0.0,0.0,0.0,0.0,79.0
,,,,,,,,,,,,,,,,,,,,,,,,,,,,,,,,,,,,,,,,,,,,,,,,,,,,,,,,,,,,,,,,,,,,,,,,,,,,,,,,,,,,,,,,,,,,,,,,,,,,,,,,,,,,,,,,,,,,,,,,,,,,,,,,,,,,,,,,,,,,,,,,,,,,,,,,,,,,,,,,,,,,,,,,,,,,,,,,,,,,,,,,,,,,,,0.0,0.0,0.0,0.0,0.0,0.0,0.0,0.0,0.0,0.0,0.0,0.0,0.0,0.0,0.0,0.0,79.0
,,,,,,,,,,,,,,,,,,,,,,,,,,,,,,,,,,,,,,,,,,,,,,,,,,,,,,,,,,,,,,,,,,,,,,,,,,,,,,,,,,,,,,,,,,,,,,,,,,,,,,,,,,,,,,,,,,,,,,,,,,,,,,,,,,,,,,,,,,,,,,,,,,,,,,,,,,,,,,,,,,,,,,,,,,,,,,,,,,,,,,,,,,,,,,,0.0,0.0,0.0,0.0,0.0,0.0,0.0,0.0,0.0,0.0,0.0,0.0,0.0,0.0,0.0,79.0
,,,,,,,,,,,,,,,,,,,,,,,,,,,,,,,,,,,,,,,,,,,,,,,,,,,,,,,,,,,,,,,,,,,,,,,,,,,,,,,,,,,,,,,,,,,,,,,,,,,,,,,,,,,,,,,,,,,,,,,,,,,,,,,,,,,,,,,,,,,,,,,,,,,,,,,,,,,,,,,,,,,,,,,,,,,,,,,,,,,,,,,,,,,,,,,,0.0,0.0,0.0,0.0,0.0,0.0,0.0,0.0,0.0,0.0,0.0,0.0,0.0,0.0,79.0
,,,,,,,,,,,,,,,,,,,,,,,,,,,,,,,,,,,,,,,,,,,,,,,,,,,,,,,,,,,,,,,,,,,,,,,,,,,,,,,,,,,,,,,,,,,,,,,,,,,,,,,,,,,,,,,,,,,,,,,,,,,,,,,,,,,,,,,,,,,,,,,,,,,,,,,,,,,,,,,,,,,,,,,,,,,,,,,,,,,,,,,,,,,,,,,,,0.0,0.0,0.0,0.0,0.0,0.0,0.0,0.0,0.0,0.0,0.0,0.0,0.0,79.0
,,,,,,,,,,,,,,,,,,,,,,,,,,,,,,,,,,,,,,,,,,,,,,,,,,,,,,,,,,,,,,,,,,,,,,,,,,,,,,,,,,,,,,,,,,,,,,,,,,,,,,,,,,,,,,,,,,,,,,,,,,,,,,,,,,,,,,,,,,,,,,,,,,,,,,,,,,,,,,,,,,,,,,,,,,,,,,,,,,,,,,,,,,,,,,,,,,0.0,0.0,0.0,0.0,0.0,0.0,0.0,0.0,0.0,0.0,0.0,0.0,79.0
,,,,,,,,,,,,,,,,,,,,,,,,,,,,,,,,,,,,,,,,,,,,,,,,,,,,,,,,,,,,,,,,,,,,,,,,,,,,,,,,,,,,,,,,,,,,,,,,,,,,,,,,,,,,,,,,,,,,,,,,,,,,,,,,,,,,,,,,,,,,,,,,,,,,,,,,,,,,,,,,,,,,,,,,,,,,,,,,,,,,,,,,,,,,,,,,,,,0.0,0.0,0.0,0.0,0.0,0.0,0.0,0.0,0.0,0.0,0.0,79.0
,,,,,,,,,,,,,,,,,,,,,,,,,,,,,,,,,,,,,,,,,,,,,,,,,,,,,,,,,,,,,,,,,,,,,,,,,,,,,,,,,,,,,,,,,,,,,,,,,,,,,,,,,,,,,,,,,,,,,,,,,,,,,,,,,,,,,,,,,,,,,,,,,,,,,,,,,,,,,,,,,,,,,,,,,,,,,,,,,,,,,,,,,,,,,,,,,,,,0.0,0.0,0.0,0.0,0.0,0.0,0.0,0.0,0.0,0.0,79.0
,,,,,,,,,,,,,,,,,,,,,,,,,,,,,,,,,,,,,,,,,,,,,,,,,,,,,,,,,,,,,,,,,,,,,,,,,,,,,,,,,,,,,,,,,,,,,,,,,,,,,,,,,,,,,,,,,,,,,,,,,,,,,,,,,,,,,,,,,,,,,,,,,,,,,,,,,,,,,,,,,,,,,,,,,,,,,,,,,,,,,,,,,,,,,,,,,,,,,0.0,0.0,0.0,0.0,0.0,0.0,0.0,0.0,0.0,79.0
,,,,,,,,,,,,,,,,,,,,,,,,,,,,,,,,,,,,,,,,,,,,,,,,,,,,,,,,,,,,,,,,,,,,,,,,,,,,,,,,,,,,,,,,,,,,,,,,,,,,,,,,,,,,,,,,,,,,,,,,,,,,,,,,,,,,,,,,,,,,,,,,,,,,,,,,,,,,,,,,,,,,,,,,,,,,,,,,,,,,,,,,,,,,,,,,,,,,,,0.0,0.0,0.0,0.0,0.0,0.0,0.0,0.0,79.0
,,,,,,,,,,,,,,,,,,,,,,,,,,,,,,,,,,,,,,,,,,,,,,,,,,,,,,,,,,,,,,,,,,,,,,,,,,,,,,,,,,,,,,,,,,,,,,,,,,,,,,,,,,,,,,,,,,,,,,,,,,,,,,,,,,,,,,,,,,,,,,,,,,,,,,,,,,,,,,,,,,,,,,,,,,,,,,,,,,,,,,,,,,,,,,,,,,,,,,,0.0,0.0,0.0,0.0,0.0,0.0,0.0,79.0
,,,,,,,,,,,,,,,,,,,,,,,,,,,,,,,,,,,,,,,,,,,,,,,,,,,,,,,,,,,,,,,,,,,,,,,,,,,,,,,,,,,,,,,,,,,,,,,,,,,,,,,,,,,,,,,,,,,,,,,,,,,,,,,,,,,,,,,,,,,,,,,,,,,,,,,,,,,,,,,,,,,,,,,,,,,,,,,,,,,,,,,,,,,,,,,,,,,,,,,,0.0,0.0,0.0,0.0,0.0,0.0,79.0
,,,,,,,,,,,,,,,,,,,,,,,,,,,,,,,,,,,,,,,,,,,,,,,,,,,,,,,,,,,,,,,,,,,,,,,,,,,,,,,,,,,,,,,,,,,,,,,,,,,,,,,,,,,,,,,,,,,,,,,,,,,,,,,,,,,,,,,,,,,,,,,,,,,,,,,,,,,,,,,,,,,,,,,,,,,,,,,,,,,,,,,,,,,,,,,,,,,,,,,,,0.0,0.0,0.0,0.0,0.0,79.0
,,,,,,,,,,,,,,,,,,,,,,,,,,,,,,,,,,,,,,,,,,,,,,,,,,,,,,,,,,,,,,,,,,,,,,,,,,,,,,,,,,,,,,,,,,,,,,,,,,,,,,,,,,,,,,,,,,,,,,,,,,,,,,,,,,,,,,,,,,,,,,,,,,,,,,,,,,,,,,,,,,,,,,,,,,,,,,,,,,,,,,,,,,,,,,,,,,,,,,,,,,0.0,0.0,0.0,0.0,79.0
,,,,,,,,,,,,,,,,,,,,,,,,,,,,,,,,,,,,,,,,,,,,,,,,,,,,,,,,,,,,,,,,,,,,,,,,,,,,,,,,,,,,,,,,,,,,,,,,,,,,,,,,,,,,,,,,,,,,,,,,,,,,,,,,,,,,,,,,,,,,,,,,,,,,,,,,,,,,,,,,,,,,,,,,,,,,,,,,,,,,,,,,,,,,,,,,,,,,,,,,,,,0.0,0.0,0.0,79.0
,,,,,,,,,,,,,,,,,,,,,,,,,,,,,,,,,,,,,,,,,,,,,,,,,,,,,,,,,,,,,,,,,,,,,,,,,,,,,,,,,,,,,,,,,,,,,,,,,,,,,,,,,,,,,,,,,,,,,,,,,,,,,,,,,,,,,,,,,,,,,,,,,,,,,,,,,,,,,,,,,,,,,,,,,,,,,,,,,,,,,,,,,,,,,,,,,,,,,,,,,,,,0.0,0.0,79.0
,,,,,,,,,,,,,,,,,,,,,,,,,,,,,,,,,,,,,,,,,,,,,,,,,,,,,,,,,,,,,,,,,,,,,,,,,,,,,,,,,,,,,,,,,,,,,,,,,,,,,,,,,,,,,,,,,,,,,,,,,,,,,,,,,,,,,,,,,,,,,,,,,,,,,,,,,,,,,,,,,,,,,,,,,,,,,,,,,,,,,,,,,,,,,,,,,,,,,,,,,,,,,0.0,79.0
,,,,,,,,,,,,,,,,,,,,,,,,,,,,,,,,,,,,,,,,,,,,,,,,,,,,,,,,,,,,,,,,,,,,,,,,,,,,,,,,,,,,,,,,,,,,,,,,,,,,,,,,,,,,,,,,,,,,,,,,,,,,,,,,,,,,,,,,,,,,,,,,,,,,,,,,,,,,,,,,,,,,,,,,,,,,,,,,,,,,,,,,,,,,,,,,,,,,,,,,,,,,,,0.0
